0, 0, Header, 1, 3, 480
1, 0, Start_track
1, 0, Time_signature, 4, 2, 24, 8
1, 0, Key_signature, 0, "major"
1, 0, SMPTE_offset, 33, 0, 0, 0, 0
1, 0, Tempo, 443047
1, 0, End_track
2, 0, Start_track
2, 0, Title_t, "Piano RH"
2, 0, Instrument_name_t, "Piano RH"
2, 720, Note_on_c, 0, 60, 113
2, 956, Note_off_c, 0, 60, 64
2, 960, Note_on_c, 0, 60, 112
2, 1196, Note_off_c, 0, 60, 64
2, 1200, Note_on_c, 0, 60, 119
2, 1436, Note_off_c, 0, 60, 64
2, 1440, Note_on_c, 0, 60, 119
2, 1676, Note_off_c, 0, 60, 64
2, 1680, Note_on_c, 0, 61, 119
2, 1916, Note_off_c, 0, 61, 64
2, 1920, Note_on_c, 0, 57, 113
2, 2156, Note_off_c, 0, 57, 64
2, 2160, Note_on_c, 0, 57, 89
2, 2396, Note_off_c, 0, 57, 64
2, 2400, Note_on_c, 0, 57, 119
2, 2636, Note_off_c, 0, 57, 64
2, 2640, Note_on_c, 0, 57, 119
2, 2876, Note_off_c, 0, 57, 64
2, 2880, Note_on_c, 0, 52, 103
2, 3356, Note_off_c, 0, 52, 64
2, 3360, Note_on_c, 0, 57, 106
2, 3596, Note_off_c, 0, 57, 64
2, 3600, Note_on_c, 0, 57, 100
2, 3836, Note_off_c, 0, 57, 64
2, 3840, Note_on_c, 0, 57, 119
2, 4316, Note_off_c, 0, 57, 64
2, 4320, Note_on_c, 0, 61, 119
2, 4796, Note_off_c, 0, 61, 64
2, 4800, Note_on_c, 0, 57, 119
2, 5036, Note_off_c, 0, 57, 64
2, 5040, Note_on_c, 0, 54, 115
2, 5516, Note_off_c, 0, 54, 64
2, 5520, Note_on_c, 0, 57, 113
2, 5756, Note_off_c, 0, 57, 64
2, 5760, Note_on_c, 0, 57, 119
2, 5996, Note_off_c, 0, 57, 64
2, 6000, Note_on_c, 0, 59, 99
2, 6236, Note_off_c, 0, 59, 64
2, 6240, Note_on_c, 0, 59, 105
2, 6476, Note_off_c, 0, 59, 64
2, 6480, Note_on_c, 0, 59, 119
2, 6716, Note_off_c, 0, 59, 64
2, 6720, Note_on_c, 0, 54, 104
2, 7196, Note_off_c, 0, 54, 64
2, 7200, Note_on_c, 0, 59, 116
2, 7436, Note_off_c, 0, 59, 64
2, 7440, Note_on_c, 0, 59, 109
2, 7676, Note_off_c, 0, 59, 64
2, 7680, Note_on_c, 0, 59, 119
2, 8156, Note_off_c, 0, 59, 64
2, 8160, Note_on_c, 0, 61, 119
2, 8636, Note_off_c, 0, 61, 64
2, 8640, Note_on_c, 0, 57, 119
2, 8876, Note_off_c, 0, 57, 64
2, 8880, Note_on_c, 0, 54, 107
2, 9356, Note_off_c, 0, 54, 64
2, 9360, Note_on_c, 0, 57, 111
2, 9596, Note_off_c, 0, 57, 64
2, 9600, Note_on_c, 0, 57, 116
2, 9836, Note_off_c, 0, 57, 64
2, 9840, Note_on_c, 0, 59, 94
2, 10076, Note_off_c, 0, 59, 64
2, 10080, Note_on_c, 0, 59, 96
2, 10316, Note_off_c, 0, 59, 64
2, 10320, Note_on_c, 0, 59, 98
2, 10556, Note_off_c, 0, 59, 64
2, 10560, Note_on_c, 0, 59, 119
2, 11036, Note_off_c, 0, 59, 64
2, 11040, Note_on_c, 0, 59, 119
2, 11276, Note_off_c, 0, 59, 64
2, 11280, Note_on_c, 0, 59, 105
2, 11516, Note_off_c, 0, 59, 64
2, 11520, Note_on_c, 0, 59, 119
2, 11996, Note_off_c, 0, 59, 64
2, 12000, Note_on_c, 0, 61, 119
2, 12476, Note_off_c, 0, 61, 64
2, 12480, Note_on_c, 0, 57, 113
2, 12716, Note_off_c, 0, 57, 64
2, 12720, Note_on_c, 0, 54, 105
2, 13196, Note_off_c, 0, 54, 64
2, 13200, Note_on_c, 0, 52, 93
2, 13436, Note_off_c, 0, 52, 64
2, 13440, Note_on_c, 0, 54, 117
2, 13676, Note_off_c, 0, 54, 64
2, 13680, Note_on_c, 0, 57, 106
2, 13916, Note_off_c, 0, 57, 64
2, 13920, Note_on_c, 0, 57, 110
2, 14156, Note_off_c, 0, 57, 64
2, 14160, Note_on_c, 0, 57, 103
2, 14396, Note_off_c, 0, 57, 64
2, 14400, Note_on_c, 0, 57, 110
2, 14876, Note_off_c, 0, 57, 64
2, 14880, Note_on_c, 0, 57, 115
2, 15116, Note_off_c, 0, 57, 64
2, 15120, Note_on_c, 0, 57, 115
2, 15356, Note_off_c, 0, 57, 64
2, 15360, Note_on_c, 0, 57, 119
2, 15535, Note_off_c, 0, 57, 64
2, 17520, Note_on_c, 0, 57, 119
2, 17996, Note_off_c, 0, 57, 64
2, 18000, Note_on_c, 0, 57, 104
2, 18236, Note_off_c, 0, 57, 64
2, 18240, Note_on_c, 0, 57, 88
2, 18476, Note_off_c, 0, 57, 64
2, 18480, Note_on_c, 0, 57, 105
2, 18716, Note_off_c, 0, 57, 64
2, 18720, Note_on_c, 0, 57, 112
2, 19436, Note_off_c, 0, 57, 64
2, 19440, Note_on_c, 0, 61, 119
2, 19676, Note_off_c, 0, 61, 64
2, 19680, Note_on_c, 0, 59, 105
2, 19916, Note_off_c, 0, 59, 64
2, 19920, Note_on_c, 0, 57, 107
2, 20156, Note_off_c, 0, 57, 64
2, 20160, Note_on_c, 0, 57, 119
2, 20636, Note_off_c, 0, 57, 64
2, 20640, Note_on_c, 0, 57, 110
2, 20876, Note_off_c, 0, 57, 64
2, 20880, Note_on_c, 0, 54, 108
2, 21116, Note_off_c, 0, 54, 64
2, 21360, Note_on_c, 0, 59, 101
2, 21596, Note_off_c, 0, 59, 64
2, 21600, Note_on_c, 0, 59, 107
2, 21836, Note_off_c, 0, 59, 64
2, 21840, Note_on_c, 0, 59, 118
2, 22076, Note_off_c, 0, 59, 64
2, 22080, Note_on_c, 0, 59, 99
2, 22316, Note_off_c, 0, 59, 64
2, 22320, Note_on_c, 0, 59, 103
2, 22556, Note_off_c, 0, 59, 64
2, 22560, Note_on_c, 0, 59, 102
2, 22796, Note_off_c, 0, 59, 64
2, 22800, Note_on_c, 0, 59, 114
2, 23276, Note_off_c, 0, 59, 64
2, 23280, Note_on_c, 0, 59, 98
2, 23516, Note_off_c, 0, 59, 64
2, 23520, Note_on_c, 0, 59, 90
2, 23756, Note_off_c, 0, 59, 64
2, 23760, Note_on_c, 0, 59, 98
2, 23996, Note_off_c, 0, 59, 64
2, 24000, Note_on_c, 0, 61, 117
2, 24356, Note_off_c, 0, 61, 64
2, 24360, Note_on_c, 0, 57, 91
2, 24476, Note_off_c, 0, 57, 64
2, 24480, Note_on_c, 0, 57, 118
2, 24716, Note_off_c, 0, 57, 64
2, 24720, Note_on_c, 0, 54, 107
2, 24956, Note_off_c, 0, 54, 64
2, 25200, Note_on_c, 0, 61, 114
2, 25436, Note_off_c, 0, 61, 64
2, 25440, Note_on_c, 0, 59, 110
2, 25676, Note_off_c, 0, 59, 64
2, 25680, Note_on_c, 0, 57, 101
2, 25916, Note_off_c, 0, 57, 64
2, 25920, Note_on_c, 0, 57, 109
2, 26396, Note_off_c, 0, 57, 64
2, 26400, Note_on_c, 0, 57, 115
2, 26636, Note_off_c, 0, 57, 64
2, 26640, Note_on_c, 0, 54, 85
2, 26876, Note_off_c, 0, 54, 64
2, 26880, Note_on_c, 0, 57, 110
2, 27116, Note_off_c, 0, 57, 64
2, 27120, Note_on_c, 0, 57, 99
2, 27356, Note_off_c, 0, 57, 64
2, 27360, Note_on_c, 0, 57, 117
2, 27836, Note_off_c, 0, 57, 64
2, 27840, Note_on_c, 0, 54, 103
2, 28076, Note_off_c, 0, 54, 64
2, 28080, Note_on_c, 0, 52, 97
2, 28320, Note_off_c, 0, 52, 64
2, 28560, Note_on_c, 0, 57, 119
2, 29036, Note_off_c, 0, 57, 64
2, 29040, Note_on_c, 0, 57, 98
2, 29276, Note_off_c, 0, 57, 64
2, 29280, Note_on_c, 0, 57, 109
2, 29756, Note_off_c, 0, 57, 64
2, 29760, Note_on_c, 0, 54, 110
2, 29996, Note_off_c, 0, 54, 64
2, 30000, Note_on_c, 0, 52, 90
2, 30236, Note_off_c, 0, 52, 64
2, 30240, Note_on_c, 0, 52, 98
2, 30476, Note_off_c, 0, 52, 64
2, 30480, Note_on_c, 0, 57, 109
2, 30956, Note_off_c, 0, 57, 64
2, 30960, Note_on_c, 0, 57, 109
2, 31196, Note_off_c, 0, 57, 64
2, 31200, Note_on_c, 0, 57, 107
2, 31676, Note_off_c, 0, 57, 64
2, 31680, Note_on_c, 0, 54, 110
2, 31916, Note_off_c, 0, 54, 64
2, 31920, Note_on_c, 0, 52, 106
2, 32636, Note_off_c, 0, 52, 64
2, 32905, Note_on_c, 0, 61, 107
2, 33074, Note_off_c, 0, 61, 64
2, 33141, Note_on_c, 0, 61, 105
2, 33291, Note_off_c, 0, 61, 64
2, 33364, Note_on_c, 0, 61, 94
2, 33506, Note_off_c, 0, 61, 64
2, 33615, Note_on_c, 0, 61, 106
2, 33866, Note_on_c, 0, 62, 100
2, 33893, Note_off_c, 0, 61, 64
2, 34090, Note_on_c, 0, 61, 108
2, 34099, Note_off_c, 0, 62, 64
2, 34540, Note_off_c, 0, 61, 64
2, 34814, Note_on_c, 0, 61, 108
2, 34968, Note_off_c, 0, 61, 64
2, 35056, Note_on_c, 0, 61, 97
2, 35208, Note_off_c, 0, 61, 64
2, 35281, Note_on_c, 0, 61, 106
2, 35530, Note_on_c, 0, 64, 99
2, 35604, Note_off_c, 0, 61, 64
2, 35771, Note_on_c, 0, 66, 104
2, 35823, Note_off_c, 0, 64, 64
2, 35993, Note_on_c, 0, 61, 108
2, 36012, Note_off_c, 0, 66, 64
2, 36224, Note_on_c, 0, 59, 84
2, 36246, Note_off_c, 0, 61, 64
2, 36525, Note_off_c, 0, 59, 64
2, 36720, Note_on_c, 0, 59, 98
2, 36956, Note_off_c, 0, 59, 64
2, 36960, Note_on_c, 0, 59, 87
2, 37196, Note_off_c, 0, 59, 64
2, 37200, Note_on_c, 0, 59, 95
2, 37436, Note_off_c, 0, 59, 64
2, 37440, Note_on_c, 0, 59, 97
2, 37796, Note_off_c, 0, 59, 64
2, 37800, Note_on_c, 0, 59, 100
2, 38156, Note_off_c, 0, 59, 64
2, 38160, Note_on_c, 0, 59, 103
2, 38636, Note_off_c, 0, 59, 64
2, 38640, Note_on_c, 0, 57, 95
2, 38876, Note_off_c, 0, 57, 64
2, 38880, Note_on_c, 0, 57, 102
2, 39116, Note_off_c, 0, 57, 64
2, 39120, Note_on_c, 0, 59, 92
2, 39356, Note_off_c, 0, 59, 64
2, 39360, Note_on_c, 0, 61, 115
2, 39596, Note_off_c, 0, 61, 64
2, 39600, Note_on_c, 0, 57, 105
2, 39836, Note_off_c, 0, 57, 64
2, 39840, Note_on_c, 0, 59, 99
2, 40316, Note_off_c, 0, 59, 64
2, 40560, Note_on_c, 0, 59, 104
2, 40796, Note_off_c, 0, 59, 64
2, 40800, Note_on_c, 0, 59, 104
2, 41036, Note_off_c, 0, 59, 64
2, 41040, Note_on_c, 0, 59, 102
2, 41276, Note_off_c, 0, 59, 64
2, 41280, Note_on_c, 0, 59, 99
2, 41516, Note_off_c, 0, 59, 64
2, 41520, Note_on_c, 0, 59, 105
2, 42476, Note_off_c, 0, 59, 64
2, 42480, Note_on_c, 0, 59, 112
2, 42716, Note_off_c, 0, 59, 64
2, 42720, Note_on_c, 0, 59, 98
2, 42956, Note_off_c, 0, 59, 64
2, 42960, Note_on_c, 0, 59, 94
2, 43196, Note_off_c, 0, 59, 64
2, 43200, Note_on_c, 0, 59, 107
2, 43436, Note_off_c, 0, 59, 64
2, 43440, Note_on_c, 0, 57, 85
2, 43676, Note_off_c, 0, 57, 64
2, 43680, Note_on_c, 0, 57, 100
2, 43916, Note_off_c, 0, 57, 64
2, 43920, Note_on_c, 0, 59, 104
2, 44156, Note_off_c, 0, 59, 64
2, 44160, Note_on_c, 0, 61, 119
2, 44396, Note_off_c, 0, 61, 64
2, 44400, Note_on_c, 0, 64, 96
2, 44636, Note_off_c, 0, 64, 64
2, 44640, Note_on_c, 0, 61, 79
2, 44876, Note_off_c, 0, 61, 64
2, 44880, Note_on_c, 0, 57, 57
2, 45116, Note_off_c, 0, 57, 64
2, 45120, Note_on_c, 0, 59, 92
2, 45356, Note_off_c, 0, 59, 64
2, 45360, Note_on_c, 0, 57, 82
2, 45596, Note_off_c, 0, 57, 64
2, 45600, Note_on_c, 0, 54, 105
2, 45836, Note_off_c, 0, 54, 64
2, 45840, Note_on_c, 0, 52, 109
2, 46076, Note_off_c, 0, 52, 64
2, 46080, Note_on_c, 0, 61, 100
2, 46316, Note_off_c, 0, 61, 64
2, 46320, Note_on_c, 0, 64, 104
2, 46556, Note_off_c, 0, 64, 64
2, 46560, Note_on_c, 0, 61, 109
2, 46796, Note_off_c, 0, 61, 64
2, 46800, Note_on_c, 0, 59, 101
2, 47036, Note_off_c, 0, 59, 64
2, 47040, Note_on_c, 0, 57, 118
2, 47520, Note_on_c, 0, 66, 105
2, 47520, Note_off_c, 0, 57, 64
2, 47756, Note_off_c, 0, 66, 64
2, 47760, Note_on_c, 0, 68, 113
2, 47996, Note_off_c, 0, 68, 64
2, 48000, Note_on_c, 0, 69, 112
2, 48316, Note_off_c, 0, 69, 64
2, 48320, Note_on_c, 0, 69, 114
2, 48636, Note_off_c, 0, 69, 64
2, 48640, Note_on_c, 0, 69, 106
2, 48956, Note_off_c, 0, 69, 64
2, 48960, Note_on_c, 0, 68, 111
2, 49276, Note_off_c, 0, 68, 64
2, 49280, Note_on_c, 0, 68, 115
2, 49596, Note_off_c, 0, 68, 64
2, 49600, Note_on_c, 0, 68, 114
2, 49916, Note_off_c, 0, 68, 64
2, 49920, Note_on_c, 0, 66, 103
2, 50236, Note_off_c, 0, 66, 64
2, 50240, Note_on_c, 0, 66, 104
2, 50556, Note_off_c, 0, 66, 64
2, 50560, Note_on_c, 0, 66, 113
2, 50876, Note_off_c, 0, 66, 64
2, 50880, Note_on_c, 0, 64, 107
2, 51356, Note_off_c, 0, 64, 64
2, 51360, Note_on_c, 0, 61, 102
2, 51596, Note_off_c, 0, 61, 64
2, 51600, Note_on_c, 0, 64, 94
2, 51836, Note_off_c, 0, 64, 64
2, 51840, Note_on_c, 0, 62, 108
2, 53756, Note_off_c, 0, 62, 64
2, 55200, Note_on_c, 0, 64, 92
2, 55436, Note_off_c, 0, 64, 64
2, 55440, Note_on_c, 0, 66, 100
2, 55676, Note_off_c, 0, 66, 64
2, 55680, Note_on_c, 0, 68, 105
2, 55996, Note_off_c, 0, 68, 64
2, 56000, Note_on_c, 0, 68, 109
2, 56316, Note_off_c, 0, 68, 64
2, 56320, Note_on_c, 0, 68, 113
2, 56636, Note_off_c, 0, 68, 64
2, 56640, Note_on_c, 0, 66, 117
2, 56956, Note_off_c, 0, 66, 64
2, 56960, Note_on_c, 0, 66, 112
2, 57276, Note_off_c, 0, 66, 64
2, 57280, Note_on_c, 0, 66, 113
2, 57596, Note_off_c, 0, 66, 64
2, 57600, Note_on_c, 0, 64, 106
2, 57916, Note_off_c, 0, 64, 64
2, 57920, Note_on_c, 0, 64, 104
2, 58236, Note_off_c, 0, 64, 64
2, 58240, Note_on_c, 0, 64, 100
2, 58556, Note_off_c, 0, 64, 64
2, 58560, Note_on_c, 0, 62, 109
2, 59036, Note_off_c, 0, 62, 64
2, 59040, Note_on_c, 0, 59, 111
2, 59276, Note_off_c, 0, 59, 64
2, 59280, Note_on_c, 0, 62, 101
2, 59516, Note_off_c, 0, 62, 64
2, 59520, Note_on_c, 0, 61, 106
2, 61436, Note_off_c, 0, 61, 64
2, 62880, Note_on_c, 0, 66, 105
2, 63116, Note_off_c, 0, 66, 64
2, 63120, Note_on_c, 0, 68, 113
2, 63356, Note_off_c, 0, 68, 64
2, 63360, Note_on_c, 0, 69, 112
2, 63676, Note_off_c, 0, 69, 64
2, 63680, Note_on_c, 0, 69, 114
2, 63996, Note_off_c, 0, 69, 64
2, 64000, Note_on_c, 0, 69, 106
2, 64316, Note_off_c, 0, 69, 64
2, 64320, Note_on_c, 0, 68, 111
2, 64636, Note_off_c, 0, 68, 64
2, 64640, Note_on_c, 0, 68, 115
2, 64956, Note_off_c, 0, 68, 64
2, 64960, Note_on_c, 0, 68, 114
2, 65276, Note_off_c, 0, 68, 64
2, 65280, Note_on_c, 0, 66, 103
2, 65596, Note_off_c, 0, 66, 64
2, 65600, Note_on_c, 0, 66, 104
2, 65916, Note_off_c, 0, 66, 64
2, 65920, Note_on_c, 0, 66, 113
2, 66236, Note_off_c, 0, 66, 64
2, 66240, Note_on_c, 0, 64, 107
2, 66716, Note_off_c, 0, 64, 64
2, 66720, Note_on_c, 0, 61, 102
2, 66956, Note_off_c, 0, 61, 64
2, 66960, Note_on_c, 0, 64, 94
2, 67196, Note_off_c, 0, 64, 64
2, 67200, Note_on_c, 0, 62, 108
2, 67920, Note_on_c, 0, 61, 108
2, 67920, Note_off_c, 0, 62, 64
2, 68160, Note_on_c, 0, 59, 108
2, 68160, Note_off_c, 0, 61, 64
2, 69116, Note_off_c, 0, 59, 64
2, 70560, Note_on_c, 0, 64, 92
2, 70796, Note_off_c, 0, 64, 64
2, 70800, Note_on_c, 0, 66, 100
2, 71036, Note_off_c, 0, 66, 64
2, 71040, Note_on_c, 0, 68, 105
2, 71356, Note_off_c, 0, 68, 64
2, 71360, Note_on_c, 0, 68, 109
2, 71676, Note_off_c, 0, 68, 64
2, 71680, Note_on_c, 0, 68, 113
2, 71996, Note_off_c, 0, 68, 64
2, 72000, Note_on_c, 0, 66, 117
2, 72316, Note_off_c, 0, 66, 64
2, 72320, Note_on_c, 0, 66, 112
2, 72636, Note_off_c, 0, 66, 64
2, 72640, Note_on_c, 0, 66, 113
2, 72956, Note_off_c, 0, 66, 64
2, 72960, Note_on_c, 0, 64, 106
2, 73276, Note_off_c, 0, 64, 64
2, 73280, Note_on_c, 0, 64, 104
2, 73596, Note_off_c, 0, 64, 64
2, 73600, Note_on_c, 0, 64, 100
2, 73916, Note_off_c, 0, 64, 64
2, 73920, Note_on_c, 0, 62, 109
2, 74396, Note_off_c, 0, 62, 64
2, 74400, Note_on_c, 0, 59, 111
2, 74636, Note_off_c, 0, 59, 64
2, 74640, Note_on_c, 0, 62, 101
2, 74876, Note_off_c, 0, 62, 64
2, 74880, Note_on_c, 0, 61, 106
2, 75600, Note_on_c, 0, 59, 106
2, 75600, Note_off_c, 0, 61, 64
2, 75840, Note_on_c, 0, 57, 106
2, 75840, Note_off_c, 0, 59, 64
2, 76796, Note_off_c, 0, 57, 64
2, 77520, Note_on_c, 0, 60, 113
2, 77756, Note_off_c, 0, 60, 64
2, 77760, Note_on_c, 0, 60, 112
2, 77996, Note_off_c, 0, 60, 64
2, 78000, Note_on_c, 0, 60, 119
2, 78236, Note_off_c, 0, 60, 64
2, 78240, Note_on_c, 0, 60, 119
2, 78476, Note_off_c, 0, 60, 64
2, 78480, Note_on_c, 0, 61, 119
2, 78716, Note_off_c, 0, 61, 64
2, 78720, Note_on_c, 0, 57, 113
2, 78956, Note_off_c, 0, 57, 64
2, 78960, Note_on_c, 0, 57, 89
2, 79196, Note_off_c, 0, 57, 64
2, 79200, Note_on_c, 0, 57, 119
2, 79436, Note_off_c, 0, 57, 64
2, 79440, Note_on_c, 0, 57, 119
2, 79676, Note_off_c, 0, 57, 64
2, 79680, Note_on_c, 0, 52, 103
2, 80156, Note_off_c, 0, 52, 64
2, 80160, Note_on_c, 0, 57, 106
2, 80396, Note_off_c, 0, 57, 64
2, 80400, Note_on_c, 0, 57, 100
2, 80636, Note_off_c, 0, 57, 64
2, 80640, Note_on_c, 0, 57, 119
2, 81116, Note_off_c, 0, 57, 64
2, 81120, Note_on_c, 0, 61, 119
2, 81596, Note_off_c, 0, 61, 64
2, 81600, Note_on_c, 0, 57, 119
2, 81836, Note_off_c, 0, 57, 64
2, 81840, Note_on_c, 0, 54, 115
2, 82316, Note_off_c, 0, 54, 64
2, 82320, Note_on_c, 0, 57, 113
2, 82556, Note_off_c, 0, 57, 64
2, 82560, Note_on_c, 0, 57, 119
2, 82796, Note_off_c, 0, 57, 64
2, 82800, Note_on_c, 0, 59, 99
2, 83036, Note_off_c, 0, 59, 64
2, 83040, Note_on_c, 0, 59, 105
2, 83276, Note_off_c, 0, 59, 64
2, 83280, Note_on_c, 0, 59, 119
2, 83516, Note_off_c, 0, 59, 64
2, 83520, Note_on_c, 0, 54, 104
2, 83996, Note_off_c, 0, 54, 64
2, 84000, Note_on_c, 0, 59, 116
2, 84236, Note_off_c, 0, 59, 64
2, 84240, Note_on_c, 0, 59, 109
2, 84476, Note_off_c, 0, 59, 64
2, 84480, Note_on_c, 0, 59, 119
2, 84956, Note_off_c, 0, 59, 64
2, 84960, Note_on_c, 0, 61, 119
2, 85436, Note_off_c, 0, 61, 64
2, 85440, Note_on_c, 0, 57, 119
2, 85676, Note_off_c, 0, 57, 64
2, 85680, Note_on_c, 0, 54, 107
2, 86156, Note_off_c, 0, 54, 64
2, 86160, Note_on_c, 0, 57, 111
2, 86396, Note_off_c, 0, 57, 64
2, 86400, Note_on_c, 0, 57, 116
2, 86636, Note_off_c, 0, 57, 64
2, 86640, Note_on_c, 0, 59, 107
2, 86876, Note_off_c, 0, 59, 64
2, 86880, Note_on_c, 0, 59, 109
2, 87116, Note_off_c, 0, 59, 64
2, 87120, Note_on_c, 0, 59, 111
2, 87356, Note_off_c, 0, 59, 64
2, 87360, Note_on_c, 0, 59, 119
2, 87836, Note_off_c, 0, 59, 64
2, 87840, Note_on_c, 0, 59, 119
2, 88076, Note_off_c, 0, 59, 64
2, 88080, Note_on_c, 0, 59, 105
2, 88316, Note_off_c, 0, 59, 64
2, 88320, Note_on_c, 0, 59, 119
2, 88796, Note_off_c, 0, 59, 64
2, 88800, Note_on_c, 0, 61, 119
2, 89276, Note_off_c, 0, 61, 64
2, 89280, Note_on_c, 0, 57, 119
2, 89516, Note_off_c, 0, 57, 64
2, 89520, Note_on_c, 0, 54, 105
2, 89996, Note_off_c, 0, 54, 64
2, 90000, Note_on_c, 0, 52, 109
2, 90236, Note_off_c, 0, 52, 64
2, 90240, Note_on_c, 0, 54, 117
2, 90476, Note_off_c, 0, 54, 64
2, 90480, Note_on_c, 0, 57, 106
2, 90716, Note_off_c, 0, 57, 64
2, 90720, Note_on_c, 0, 57, 110
2, 90956, Note_off_c, 0, 57, 64
2, 90960, Note_on_c, 0, 57, 103
2, 91196, Note_off_c, 0, 57, 64
2, 91200, Note_on_c, 0, 57, 110
2, 91676, Note_off_c, 0, 57, 64
2, 91680, Note_on_c, 0, 57, 115
2, 91916, Note_off_c, 0, 57, 64
2, 91920, Note_on_c, 0, 57, 115
2, 92156, Note_off_c, 0, 57, 64
2, 92160, Note_on_c, 0, 57, 119
2, 92335, Note_off_c, 0, 57, 64
2, 93360, Note_on_c, 0, 64, 91
2, 93596, Note_off_c, 0, 64, 64
2, 93600, Note_on_c, 0, 66, 97
2, 93836, Note_off_c, 0, 66, 64
2, 93840, Note_on_c, 0, 64, 82
2, 94076, Note_off_c, 0, 64, 64
2, 94080, Note_on_c, 0, 73, 113
2, 94080, Note_on_c, 0, 76, 109
2, 94321, Note_off_c, 0, 73, 64
2, 94326, Note_on_c, 0, 72, 97
2, 94559, Note_off_c, 0, 76, 64
2, 94560, Note_on_c, 0, 72, 103
2, 94560, Note_on_c, 0, 76, 119
2, 94560, Note_off_c, 0, 72, 64
2, 94795, Note_off_c, 0, 72, 64
2, 94800, Note_on_c, 0, 73, 108
2, 96000, Note_off_c, 0, 73, 64
2, 96004, Note_off_c, 0, 76, 64
2, 96240, Note_on_c, 0, 73, 115
2, 96476, Note_off_c, 0, 73, 64
2, 96480, Note_on_c, 0, 71, 113
2, 96716, Note_off_c, 0, 71, 64
2, 96720, Note_on_c, 0, 69, 106
2, 96956, Note_off_c, 0, 69, 64
2, 96960, Note_on_c, 0, 68, 101
2, 97196, Note_off_c, 0, 68, 64
2, 97200, Note_on_c, 0, 69, 102
2, 97436, Note_off_c, 0, 69, 64
2, 97440, Note_on_c, 0, 71, 119
2, 97676, Note_off_c, 0, 71, 64
2, 97680, Note_on_c, 0, 68, 101
2, 97916, Note_off_c, 0, 68, 64
2, 97920, Note_on_c, 0, 66, 111
2, 98156, Note_off_c, 0, 66, 64
2, 98160, Note_on_c, 0, 64, 91
2, 98396, Note_off_c, 0, 64, 64
2, 98400, Note_on_c, 0, 66, 115
2, 99836, Note_off_c, 0, 66, 64
2, 100080, Note_on_c, 0, 59, 97
2, 100316, Note_off_c, 0, 59, 64
2, 100320, Note_on_c, 0, 59, 91
2, 100556, Note_off_c, 0, 59, 64
2, 100560, Note_on_c, 0, 59, 103
2, 100796, Note_off_c, 0, 59, 64
2, 100800, Note_on_c, 0, 59, 99
2, 101036, Note_off_c, 0, 59, 64
2, 101040, Note_on_c, 0, 62, 90
2, 101276, Note_off_c, 0, 62, 64
2, 101280, Note_on_c, 0, 64, 109
2, 101516, Note_off_c, 0, 64, 64
2, 101520, Note_on_c, 0, 66, 92
2, 101756, Note_off_c, 0, 66, 64
2, 101760, Note_on_c, 0, 68, 107
2, 101996, Note_off_c, 0, 68, 64
2, 102000, Note_on_c, 0, 66, 97
2, 102236, Note_off_c, 0, 66, 64
2, 102240, Note_on_c, 0, 68, 111
2, 103676, Note_off_c, 0, 68, 64
2, 103920, Note_on_c, 0, 62, 106
2, 104036, Note_off_c, 0, 62, 64
2, 104040, Note_on_c, 0, 62, 109
2, 104156, Note_off_c, 0, 62, 64
2, 104160, Note_on_c, 0, 62, 96
2, 104396, Note_off_c, 0, 62, 64
2, 104400, Note_on_c, 0, 62, 104
2, 104636, Note_off_c, 0, 62, 64
2, 104640, Note_on_c, 0, 62, 108
2, 104876, Note_off_c, 0, 62, 64
2, 104880, Note_on_c, 0, 57, 91
2, 105116, Note_off_c, 0, 57, 64
2, 105120, Note_on_c, 0, 57, 83
2, 105360, Note_on_c, 0, 59, 104
2, 105360, Note_off_c, 0, 57, 64
2, 105596, Note_off_c, 0, 59, 64
2, 105600, Note_on_c, 0, 61, 119
2, 105836, Note_off_c, 0, 61, 64
2, 105840, Note_on_c, 0, 64, 96
2, 106076, Note_off_c, 0, 64, 64
2, 106080, Note_on_c, 0, 61, 87
2, 106316, Note_off_c, 0, 61, 64
2, 106320, Note_on_c, 0, 57, 65
2, 106556, Note_off_c, 0, 57, 64
2, 106560, Note_on_c, 0, 59, 100
2, 106796, Note_off_c, 0, 59, 64
2, 106800, Note_on_c, 0, 57, 90
2, 107036, Note_off_c, 0, 57, 64
2, 107040, Note_on_c, 0, 54, 76
2, 107276, Note_off_c, 0, 54, 64
2, 107280, Note_on_c, 0, 52, 80
2, 107516, Note_off_c, 0, 52, 64
2, 107520, Note_on_c, 0, 61, 108
2, 107756, Note_off_c, 0, 61, 64
2, 107760, Note_on_c, 0, 64, 104
2, 107996, Note_off_c, 0, 64, 64
2, 108000, Note_on_c, 0, 61, 109
2, 108236, Note_off_c, 0, 61, 64
2, 108240, Note_on_c, 0, 59, 101
2, 108476, Note_off_c, 0, 59, 64
2, 108480, Note_on_c, 0, 57, 118
2, 108960, Note_on_c, 0, 66, 105
2, 108960, Note_off_c, 0, 57, 64
2, 109196, Note_off_c, 0, 66, 64
2, 109200, Note_on_c, 0, 68, 113
2, 109436, Note_off_c, 0, 68, 64
2, 109440, Note_on_c, 0, 69, 112
2, 109756, Note_off_c, 0, 69, 64
2, 109760, Note_on_c, 0, 69, 114
2, 110076, Note_off_c, 0, 69, 64
2, 110080, Note_on_c, 0, 69, 106
2, 110396, Note_off_c, 0, 69, 64
2, 110400, Note_on_c, 0, 68, 111
2, 110716, Note_off_c, 0, 68, 64
2, 110720, Note_on_c, 0, 68, 115
2, 111036, Note_off_c, 0, 68, 64
2, 111040, Note_on_c, 0, 68, 114
2, 111356, Note_off_c, 0, 68, 64
2, 111360, Note_on_c, 0, 66, 103
2, 111676, Note_off_c, 0, 66, 64
2, 111680, Note_on_c, 0, 66, 104
2, 111996, Note_off_c, 0, 66, 64
2, 112000, Note_on_c, 0, 66, 113
2, 112316, Note_off_c, 0, 66, 64
2, 112320, Note_on_c, 0, 64, 107
2, 112796, Note_off_c, 0, 64, 64
2, 112800, Note_on_c, 0, 61, 102
2, 113036, Note_off_c, 0, 61, 64
2, 113040, Note_on_c, 0, 64, 94
2, 113276, Note_off_c, 0, 64, 64
2, 113280, Note_on_c, 0, 62, 108
2, 115196, Note_off_c, 0, 62, 64
2, 116640, Note_on_c, 0, 64, 104
2, 116876, Note_off_c, 0, 64, 64
2, 116880, Note_on_c, 0, 66, 100
2, 117116, Note_off_c, 0, 66, 64
2, 117120, Note_on_c, 0, 68, 105
2, 117436, Note_off_c, 0, 68, 64
2, 117440, Note_on_c, 0, 68, 109
2, 117756, Note_off_c, 0, 68, 64
2, 117760, Note_on_c, 0, 68, 113
2, 118076, Note_off_c, 0, 68, 64
2, 118080, Note_on_c, 0, 66, 117
2, 118396, Note_off_c, 0, 66, 64
2, 118400, Note_on_c, 0, 66, 112
2, 118716, Note_off_c, 0, 66, 64
2, 118720, Note_on_c, 0, 66, 113
2, 119036, Note_off_c, 0, 66, 64
2, 119040, Note_on_c, 0, 64, 106
2, 119356, Note_off_c, 0, 64, 64
2, 119360, Note_on_c, 0, 64, 104
2, 119676, Note_off_c, 0, 64, 64
2, 119680, Note_on_c, 0, 64, 100
2, 119996, Note_off_c, 0, 64, 64
2, 120000, Note_on_c, 0, 62, 109
2, 120476, Note_off_c, 0, 62, 64
2, 120480, Note_on_c, 0, 59, 111
2, 120716, Note_off_c, 0, 59, 64
2, 120720, Note_on_c, 0, 62, 101
2, 120956, Note_off_c, 0, 62, 64
2, 120960, Note_on_c, 0, 61, 106
2, 122876, Note_off_c, 0, 61, 64
2, 124320, Note_on_c, 0, 66, 105
2, 124556, Note_off_c, 0, 66, 64
2, 124560, Note_on_c, 0, 68, 113
2, 124796, Note_off_c, 0, 68, 64
2, 124800, Note_on_c, 0, 69, 112
2, 125116, Note_off_c, 0, 69, 64
2, 125120, Note_on_c, 0, 69, 114
2, 125436, Note_off_c, 0, 69, 64
2, 125440, Note_on_c, 0, 69, 106
2, 125756, Note_off_c, 0, 69, 64
2, 125760, Note_on_c, 0, 68, 111
2, 126076, Note_off_c, 0, 68, 64
2, 126080, Note_on_c, 0, 68, 115
2, 126396, Note_off_c, 0, 68, 64
2, 126400, Note_on_c, 0, 68, 114
2, 126716, Note_off_c, 0, 68, 64
2, 126720, Note_on_c, 0, 66, 103
2, 127036, Note_off_c, 0, 66, 64
2, 127040, Note_on_c, 0, 66, 104
2, 127356, Note_off_c, 0, 66, 64
2, 127360, Note_on_c, 0, 66, 113
2, 127676, Note_off_c, 0, 66, 64
2, 127680, Note_on_c, 0, 64, 107
2, 128156, Note_off_c, 0, 64, 64
2, 128160, Note_on_c, 0, 61, 102
2, 128396, Note_off_c, 0, 61, 64
2, 128400, Note_on_c, 0, 64, 94
2, 128636, Note_off_c, 0, 64, 64
2, 128640, Note_on_c, 0, 62, 108
2, 129360, Note_on_c, 0, 61, 108
2, 129360, Note_off_c, 0, 62, 64
2, 129600, Note_on_c, 0, 59, 108
2, 129600, Note_off_c, 0, 61, 64
2, 130556, Note_off_c, 0, 59, 64
2, 132000, Note_on_c, 0, 64, 92
2, 132236, Note_off_c, 0, 64, 64
2, 132240, Note_on_c, 0, 66, 100
2, 132476, Note_off_c, 0, 66, 64
2, 132480, Note_on_c, 0, 68, 105
2, 132796, Note_off_c, 0, 68, 64
2, 132800, Note_on_c, 0, 68, 109
2, 133116, Note_off_c, 0, 68, 64
2, 133120, Note_on_c, 0, 68, 113
2, 133436, Note_off_c, 0, 68, 64
2, 133440, Note_on_c, 0, 66, 117
2, 133756, Note_off_c, 0, 66, 64
2, 133760, Note_on_c, 0, 66, 112
2, 134076, Note_off_c, 0, 66, 64
2, 134080, Note_on_c, 0, 66, 113
2, 134396, Note_off_c, 0, 66, 64
2, 134400, Note_on_c, 0, 64, 106
2, 134716, Note_off_c, 0, 64, 64
2, 134720, Note_on_c, 0, 64, 104
2, 135036, Note_off_c, 0, 64, 64
2, 135040, Note_on_c, 0, 64, 100
2, 135356, Note_off_c, 0, 64, 64
2, 135360, Note_on_c, 0, 62, 109
2, 135836, Note_off_c, 0, 62, 64
2, 135840, Note_on_c, 0, 59, 111
2, 136076, Note_off_c, 0, 59, 64
2, 136080, Note_on_c, 0, 62, 101
2, 136316, Note_off_c, 0, 62, 64
2, 136320, Note_on_c, 0, 61, 106
2, 137040, Note_on_c, 0, 59, 106
2, 137040, Note_off_c, 0, 61, 64
2, 137280, Note_on_c, 0, 57, 106
2, 137280, Note_off_c, 0, 59, 64
2, 138236, Note_off_c, 0, 57, 64
2, 138960, Note_on_c, 0, 60, 113
2, 139196, Note_off_c, 0, 60, 64
2, 139200, Note_on_c, 0, 60, 112
2, 139436, Note_off_c, 0, 60, 64
2, 139440, Note_on_c, 0, 60, 119
2, 139676, Note_off_c, 0, 60, 64
2, 139680, Note_on_c, 0, 60, 119
2, 139916, Note_off_c, 0, 60, 64
2, 139920, Note_on_c, 0, 61, 119
2, 140156, Note_off_c, 0, 61, 64
2, 140160, Note_on_c, 0, 57, 113
2, 140396, Note_off_c, 0, 57, 64
2, 140400, Note_on_c, 0, 57, 89
2, 140636, Note_off_c, 0, 57, 64
2, 140640, Note_on_c, 0, 57, 119
2, 140876, Note_off_c, 0, 57, 64
2, 140880, Note_on_c, 0, 57, 119
2, 141116, Note_off_c, 0, 57, 64
2, 141120, Note_on_c, 0, 52, 103
2, 141596, Note_off_c, 0, 52, 64
2, 141600, Note_on_c, 0, 57, 106
2, 141836, Note_off_c, 0, 57, 64
2, 141840, Note_on_c, 0, 57, 100
2, 142076, Note_off_c, 0, 57, 64
2, 142080, Note_on_c, 0, 57, 118
2, 142556, Note_off_c, 0, 57, 64
2, 142560, Note_on_c, 0, 61, 118
2, 143036, Note_off_c, 0, 61, 64
2, 143040, Note_on_c, 0, 57, 119
2, 143276, Note_off_c, 0, 57, 64
2, 143280, Note_on_c, 0, 54, 115
2, 143756, Note_off_c, 0, 54, 64
2, 143760, Note_on_c, 0, 57, 113
2, 143996, Note_off_c, 0, 57, 64
2, 144000, Note_on_c, 0, 57, 119
2, 144236, Note_off_c, 0, 57, 64
2, 144240, Note_on_c, 0, 59, 99
2, 144476, Note_off_c, 0, 59, 64
2, 144480, Note_on_c, 0, 59, 105
2, 144716, Note_off_c, 0, 59, 64
2, 144720, Note_on_c, 0, 59, 119
2, 144956, Note_off_c, 0, 59, 64
2, 144960, Note_on_c, 0, 54, 104
2, 145436, Note_off_c, 0, 54, 64
2, 145440, Note_on_c, 0, 59, 116
2, 145676, Note_off_c, 0, 59, 64
2, 145680, Note_on_c, 0, 59, 109
2, 145916, Note_off_c, 0, 59, 64
2, 145920, Note_on_c, 0, 59, 119
2, 146396, Note_off_c, 0, 59, 64
2, 146400, Note_on_c, 0, 61, 119
2, 146876, Note_off_c, 0, 61, 64
2, 146880, Note_on_c, 0, 57, 119
2, 147116, Note_off_c, 0, 57, 64
2, 147120, Note_on_c, 0, 54, 107
2, 147596, Note_off_c, 0, 54, 64
2, 147600, Note_on_c, 0, 57, 111
2, 147836, Note_off_c, 0, 57, 64
2, 147840, Note_on_c, 0, 57, 116
2, 148076, Note_off_c, 0, 57, 64
2, 148080, Note_on_c, 0, 59, 94
2, 148316, Note_off_c, 0, 59, 64
2, 148320, Note_on_c, 0, 59, 96
2, 148556, Note_off_c, 0, 59, 64
2, 148560, Note_on_c, 0, 59, 98
2, 148796, Note_off_c, 0, 59, 64
2, 148800, Note_on_c, 0, 59, 119
2, 149276, Note_off_c, 0, 59, 64
2, 149280, Note_on_c, 0, 59, 119
2, 149516, Note_off_c, 0, 59, 64
2, 149520, Note_on_c, 0, 59, 105
2, 149756, Note_off_c, 0, 59, 64
2, 149760, Note_on_c, 0, 59, 119
2, 150236, Note_off_c, 0, 59, 64
2, 150240, Note_on_c, 0, 61, 119
2, 150716, Note_off_c, 0, 61, 64
2, 150720, Note_on_c, 0, 57, 119
2, 150956, Note_off_c, 0, 57, 64
2, 150960, Note_on_c, 0, 54, 105
2, 151436, Note_off_c, 0, 54, 64
2, 151440, Note_on_c, 0, 52, 93
2, 151676, Note_off_c, 0, 52, 64
2, 151680, Note_on_c, 0, 54, 117
2, 151916, Note_off_c, 0, 54, 64
2, 151920, Note_on_c, 0, 57, 106
2, 152156, Note_off_c, 0, 57, 64
2, 152160, Note_on_c, 0, 57, 110
2, 152396, Note_off_c, 0, 57, 64
2, 152400, Note_on_c, 0, 57, 103
2, 152636, Note_off_c, 0, 57, 64
2, 152640, Note_on_c, 0, 57, 110
2, 153116, Note_off_c, 0, 57, 64
2, 153120, Note_on_c, 0, 57, 115
2, 153356, Note_off_c, 0, 57, 64
2, 153360, Note_on_c, 0, 57, 115
2, 153596, Note_off_c, 0, 57, 64
2, 153600, Note_on_c, 0, 57, 119
2, 153775, Note_off_c, 0, 57, 64
2, 154320, Note_on_c, 0, 72, 113
2, 154556, Note_off_c, 0, 72, 64
2, 154560, Note_on_c, 0, 72, 112
2, 154796, Note_off_c, 0, 72, 64
2, 154800, Note_on_c, 0, 72, 119
2, 155036, Note_off_c, 0, 72, 64
2, 155040, Note_on_c, 0, 72, 119
2, 155276, Note_off_c, 0, 72, 64
2, 155280, Note_on_c, 0, 73, 119
2, 155516, Note_off_c, 0, 73, 64
2, 155520, Note_on_c, 0, 69, 113
2, 155756, Note_off_c, 0, 69, 64
2, 155760, Note_on_c, 0, 69, 89
2, 155996, Note_off_c, 0, 69, 64
2, 156000, Note_on_c, 0, 69, 119
2, 156236, Note_off_c, 0, 69, 64
2, 156240, Note_on_c, 0, 69, 119
2, 156476, Note_off_c, 0, 69, 64
2, 156480, Note_on_c, 0, 64, 103
2, 156956, Note_off_c, 0, 64, 64
2, 156960, Note_on_c, 0, 69, 106
2, 157196, Note_off_c, 0, 69, 64
2, 157200, Note_on_c, 0, 69, 100
2, 157436, Note_off_c, 0, 69, 64
2, 157440, Note_on_c, 0, 69, 113
2, 157916, Note_off_c, 0, 69, 64
2, 157920, Note_on_c, 0, 73, 113
2, 158396, Note_off_c, 0, 73, 64
2, 158400, Note_on_c, 0, 69, 119
2, 158636, Note_off_c, 0, 69, 64
2, 158640, Note_on_c, 0, 66, 115
2, 159116, Note_off_c, 0, 66, 64
2, 159120, Note_on_c, 0, 69, 113
2, 159356, Note_off_c, 0, 69, 64
2, 159360, Note_on_c, 0, 69, 119
2, 159596, Note_off_c, 0, 69, 64
2, 159600, Note_on_c, 0, 71, 99
2, 159836, Note_off_c, 0, 71, 64
2, 159840, Note_on_c, 0, 71, 105
2, 160076, Note_off_c, 0, 71, 64
2, 160080, Note_on_c, 0, 71, 119
2, 160316, Note_off_c, 0, 71, 64
2, 160320, Note_on_c, 0, 66, 104
2, 160796, Note_off_c, 0, 66, 64
2, 160800, Note_on_c, 0, 71, 116
2, 161036, Note_off_c, 0, 71, 64
2, 161040, Note_on_c, 0, 71, 109
2, 161276, Note_off_c, 0, 71, 64
2, 161280, Note_on_c, 0, 71, 119
2, 161756, Note_off_c, 0, 71, 64
2, 161760, Note_on_c, 0, 73, 119
2, 162236, Note_off_c, 0, 73, 64
2, 162240, Note_on_c, 0, 69, 119
2, 162476, Note_off_c, 0, 69, 64
2, 162480, Note_on_c, 0, 66, 107
2, 162956, Note_off_c, 0, 66, 64
2, 162960, Note_on_c, 0, 69, 111
2, 163196, Note_off_c, 0, 69, 64
2, 163200, Note_on_c, 0, 69, 116
2, 163436, Note_off_c, 0, 69, 64
2, 163440, Note_on_c, 0, 71, 94
2, 163676, Note_off_c, 0, 71, 64
2, 163680, Note_on_c, 0, 71, 96
2, 163916, Note_off_c, 0, 71, 64
2, 163920, Note_on_c, 0, 71, 98
2, 164156, Note_off_c, 0, 71, 64
2, 164160, Note_on_c, 0, 71, 119
2, 164636, Note_off_c, 0, 71, 64
2, 164640, Note_on_c, 0, 71, 119
2, 164876, Note_off_c, 0, 71, 64
2, 164880, Note_on_c, 0, 71, 105
2, 165116, Note_off_c, 0, 71, 64
2, 165120, Note_on_c, 0, 71, 119
2, 165596, Note_off_c, 0, 71, 64
2, 165600, Note_on_c, 0, 73, 119
2, 166076, Note_off_c, 0, 73, 64
2, 166080, Note_on_c, 0, 69, 119
2, 166316, Note_off_c, 0, 69, 64
2, 166320, Note_on_c, 0, 66, 105
2, 166796, Note_off_c, 0, 66, 64
2, 166800, Note_on_c, 0, 64, 93
2, 167036, Note_off_c, 0, 64, 64
2, 167040, Note_on_c, 0, 66, 117
2, 167276, Note_off_c, 0, 66, 64
2, 167280, Note_on_c, 0, 69, 106
2, 167516, Note_off_c, 0, 69, 64
2, 167520, Note_on_c, 0, 69, 110
2, 167756, Note_off_c, 0, 69, 64
2, 167760, Note_on_c, 0, 69, 103
2, 167996, Note_off_c, 0, 69, 64
2, 168000, Note_on_c, 0, 69, 110
2, 168476, Note_off_c, 0, 69, 64
2, 168480, Note_on_c, 0, 69, 115
2, 168716, Note_off_c, 0, 69, 64
2, 168720, Note_on_c, 0, 69, 115
2, 168956, Note_off_c, 0, 69, 64
2, 168960, Note_on_c, 0, 69, 119
2, 169135, Note_off_c, 0, 69, 64
2, 169680, Note_on_c, 0, 72, 113
2, 169916, Note_off_c, 0, 72, 64
2, 169920, Note_on_c, 0, 72, 112
2, 170156, Note_off_c, 0, 72, 64
2, 170160, Note_on_c, 0, 72, 119
2, 170396, Note_off_c, 0, 72, 64
2, 170400, Note_on_c, 0, 72, 119
2, 170636, Note_off_c, 0, 72, 64
2, 170640, Note_on_c, 0, 73, 119
2, 170876, Note_off_c, 0, 73, 64
2, 170880, Note_on_c, 0, 69, 113
2, 171116, Note_off_c, 0, 69, 64
2, 171120, Note_on_c, 0, 69, 89
2, 171356, Note_off_c, 0, 69, 64
2, 171360, Note_on_c, 0, 69, 119
2, 171596, Note_off_c, 0, 69, 64
2, 171600, Note_on_c, 0, 69, 119
2, 171836, Note_off_c, 0, 69, 64
2, 171840, Note_on_c, 0, 64, 103
2, 172316, Note_off_c, 0, 64, 64
2, 172320, Note_on_c, 0, 69, 106
2, 172556, Note_off_c, 0, 69, 64
2, 172560, Note_on_c, 0, 69, 100
2, 172796, Note_off_c, 0, 69, 64
2, 172800, Note_on_c, 0, 69, 119
2, 173276, Note_off_c, 0, 69, 64
2, 173280, Note_on_c, 0, 73, 119
2, 173756, Note_off_c, 0, 73, 64
2, 173760, Note_on_c, 0, 69, 119
2, 173996, Note_off_c, 0, 69, 64
2, 174000, Note_on_c, 0, 66, 115
2, 174476, Note_off_c, 0, 66, 64
2, 174480, Note_on_c, 0, 69, 113
2, 174716, Note_off_c, 0, 69, 64
2, 174720, Note_on_c, 0, 69, 119
2, 174956, Note_off_c, 0, 69, 64
2, 174960, Note_on_c, 0, 71, 99
2, 175196, Note_off_c, 0, 71, 64
2, 175200, Note_on_c, 0, 71, 105
2, 175436, Note_off_c, 0, 71, 64
2, 175440, Note_on_c, 0, 71, 119
2, 175676, Note_off_c, 0, 71, 64
2, 175680, Note_on_c, 0, 66, 104
2, 176156, Note_off_c, 0, 66, 64
2, 176160, Note_on_c, 0, 71, 116
2, 176396, Note_off_c, 0, 71, 64
2, 176400, Note_on_c, 0, 71, 109
2, 176636, Note_off_c, 0, 71, 64
2, 176640, Note_on_c, 0, 71, 119
2, 177116, Note_off_c, 0, 71, 64
2, 177120, Note_on_c, 0, 73, 119
2, 177596, Note_off_c, 0, 73, 64
2, 177600, Note_on_c, 0, 69, 119
2, 177836, Note_off_c, 0, 69, 64
2, 177840, Note_on_c, 0, 66, 107
2, 178316, Note_off_c, 0, 66, 64
2, 178320, Note_on_c, 0, 69, 111
2, 178556, Note_off_c, 0, 69, 64
2, 178560, Note_on_c, 0, 69, 116
2, 178796, Note_off_c, 0, 69, 64
2, 178800, Note_on_c, 0, 71, 94
2, 179036, Note_off_c, 0, 71, 64
2, 179040, Note_on_c, 0, 71, 96
2, 179276, Note_off_c, 0, 71, 64
2, 179280, Note_on_c, 0, 71, 98
2, 179516, Note_off_c, 0, 71, 64
2, 179520, Note_on_c, 0, 71, 119
2, 179996, Note_off_c, 0, 71, 64
2, 180000, Note_on_c, 0, 71, 119
2, 180236, Note_off_c, 0, 71, 64
2, 180240, Note_on_c, 0, 71, 105
2, 180476, Note_off_c, 0, 71, 64
2, 180480, Note_on_c, 0, 71, 119
2, 180956, Note_off_c, 0, 71, 64
2, 180960, Note_on_c, 0, 73, 119
2, 181436, Note_off_c, 0, 73, 64
2, 181440, Note_on_c, 0, 69, 119
2, 181676, Note_off_c, 0, 69, 64
2, 181680, Note_on_c, 0, 66, 105
2, 182156, Note_off_c, 0, 66, 64
2, 182160, Note_on_c, 0, 64, 93
2, 182396, Note_off_c, 0, 64, 64
2, 182400, Note_on_c, 0, 66, 117
2, 182636, Note_off_c, 0, 66, 64
2, 182640, Note_on_c, 0, 69, 106
2, 182876, Note_off_c, 0, 69, 64
2, 182880, Note_on_c, 0, 69, 110
2, 183116, Note_off_c, 0, 69, 64
2, 183120, Note_on_c, 0, 69, 103
2, 183356, Note_off_c, 0, 69, 64
2, 183360, Note_on_c, 0, 69, 110
2, 183836, Note_off_c, 0, 69, 64
2, 183840, Note_on_c, 0, 69, 115
2, 184076, Note_off_c, 0, 69, 64
2, 184080, Note_on_c, 0, 69, 115
2, 184316, Note_off_c, 0, 69, 64
2, 184320, Note_on_c, 0, 69, 119
2, 184495, Note_off_c, 0, 69, 64
2, 189840, Note_on_c, 0, 69, 100
2, 190076, Note_off_c, 0, 69, 64
2, 190080, Note_on_c, 0, 69, 117
2, 190316, Note_off_c, 0, 69, 64
2, 190320, Note_on_c, 0, 71, 119
2, 190556, Note_off_c, 0, 71, 64
2, 190560, Note_on_c, 0, 71, 117
2, 191040, Note_off_c, 0, 71, 64
2, 191280, Note_on_c, 0, 69, 88
2, 191520, Note_on_c, 0, 76, 112
2, 191520, Note_off_c, 0, 69, 64
2, 191756, Note_off_c, 0, 76, 64
2, 191760, Note_on_c, 0, 73, 109
2, 191996, Note_off_c, 0, 73, 64
2, 192000, Note_on_c, 0, 71, 107
2, 192480, Note_off_c, 0, 71, 64
2, 192707, Note_on_c, 0, 69, 114
2, 192945, Note_off_c, 0, 69, 64
2, 192949, Note_on_c, 0, 69, 111
2, 193187, Note_off_c, 0, 69, 64
2, 193191, Note_on_c, 0, 69, 91
2, 193424, Note_off_c, 0, 69, 64
2, 193428, Note_on_c, 0, 69, 103
2, 193659, Note_off_c, 0, 69, 64
2, 193663, Note_on_c, 0, 69, 102
2, 193921, Note_off_c, 0, 69, 64
2, 193925, Note_on_c, 0, 68, 113
2, 195600, Note_on_c, 0, 69, 106
2, 195600, Note_off_c, 0, 68, 64
2, 195836, Note_off_c, 0, 69, 64
2, 195840, Note_on_c, 0, 68, 103
2, 196076, Note_off_c, 0, 68, 64
2, 196080, Note_on_c, 0, 66, 103
2, 196316, Note_off_c, 0, 66, 64
2, 196320, Note_on_c, 0, 64, 99
2, 196556, Note_off_c, 0, 64, 64
2, 196560, Note_on_c, 0, 66, 105
2, 196796, Note_off_c, 0, 66, 64
2, 196800, Note_on_c, 0, 61, 100
2, 197280, Note_on_c, 0, 59, 106
2, 197280, Note_off_c, 0, 61, 64
2, 197756, Note_off_c, 0, 59, 64
2, 197760, Note_on_c, 0, 57, 112
2, 198240, Note_off_c, 0, 57, 64
2, 198240, End_track
3, 0, Start_track
3, 0, Title_t, "Pianl LH"
3, 0, Instrument_name_t, "Pianl LH"
3, 1920, Note_on_c, 0, 33, 99
3, 2400, Note_off_c, 0, 33, 64
3, 2640, Note_on_c, 0, 36, 97
3, 2876, Note_off_c, 0, 36, 64
3, 2880, Note_on_c, 0, 37, 93
3, 3116, Note_off_c, 0, 37, 64
3, 3120, Note_on_c, 0, 40, 91
3, 3596, Note_off_c, 0, 40, 64
3, 3600, Note_on_c, 0, 37, 93
3, 3836, Note_off_c, 0, 37, 64
3, 3840, Note_on_c, 0, 33, 101
3, 4320, Note_off_c, 0, 33, 64
3, 4560, Note_on_c, 0, 36, 97
3, 4796, Note_off_c, 0, 36, 64
3, 4800, Note_on_c, 0, 37, 79
3, 5036, Note_off_c, 0, 37, 64
3, 5040, Note_on_c, 0, 40, 95
3, 5516, Note_off_c, 0, 40, 64
3, 5520, Note_on_c, 0, 37, 87
3, 5756, Note_off_c, 0, 37, 64
3, 5760, Note_on_c, 0, 35, 97
3, 6240, Note_off_c, 0, 35, 64
3, 6480, Note_on_c, 0, 37, 84
3, 6716, Note_off_c, 0, 37, 64
3, 6720, Note_on_c, 0, 38, 84
3, 6956, Note_off_c, 0, 38, 64
3, 6960, Note_on_c, 0, 42, 91
3, 7436, Note_off_c, 0, 42, 64
3, 7440, Note_on_c, 0, 38, 90
3, 7676, Note_off_c, 0, 38, 64
3, 7680, Note_on_c, 0, 35, 94
3, 8160, Note_off_c, 0, 35, 64
3, 8400, Note_on_c, 0, 37, 89
3, 8636, Note_off_c, 0, 37, 64
3, 8640, Note_on_c, 0, 38, 85
3, 8876, Note_off_c, 0, 38, 64
3, 8880, Note_on_c, 0, 42, 81
3, 9356, Note_off_c, 0, 42, 64
3, 9360, Note_on_c, 0, 38, 89
3, 9596, Note_off_c, 0, 38, 64
3, 9600, Note_on_c, 0, 28, 93
3, 10080, Note_off_c, 0, 28, 64
3, 10320, Note_on_c, 0, 31, 99
3, 10556, Note_off_c, 0, 31, 64
3, 10560, Note_on_c, 0, 32, 93
3, 10796, Note_off_c, 0, 32, 64
3, 10800, Note_on_c, 0, 35, 90
3, 11276, Note_off_c, 0, 35, 64
3, 11280, Note_on_c, 0, 32, 91
3, 11516, Note_off_c, 0, 32, 64
3, 11520, Note_on_c, 0, 28, 90
3, 12000, Note_off_c, 0, 28, 64
3, 12240, Note_on_c, 0, 31, 92
3, 12476, Note_off_c, 0, 31, 64
3, 12480, Note_on_c, 0, 32, 91
3, 12716, Note_off_c, 0, 32, 64
3, 12720, Note_on_c, 0, 35, 93
3, 13196, Note_off_c, 0, 35, 64
3, 13200, Note_on_c, 0, 32, 82
3, 13436, Note_off_c, 0, 32, 64
3, 13440, Note_on_c, 0, 33, 99
3, 13920, Note_off_c, 0, 33, 64
3, 14160, Note_on_c, 0, 36, 97
3, 14396, Note_off_c, 0, 36, 64
3, 14400, Note_on_c, 0, 37, 93
3, 14636, Note_off_c, 0, 37, 64
3, 14640, Note_on_c, 0, 40, 91
3, 15116, Note_off_c, 0, 40, 64
3, 15120, Note_on_c, 0, 37, 93
3, 15356, Note_off_c, 0, 37, 64
3, 15360, Note_on_c, 0, 33, 101
3, 15840, Note_off_c, 0, 33, 64
3, 17280, Note_on_c, 0, 33, 99
3, 17760, Note_off_c, 0, 33, 64
3, 18000, Note_on_c, 0, 36, 97
3, 18236, Note_off_c, 0, 36, 64
3, 18240, Note_on_c, 0, 37, 93
3, 18476, Note_off_c, 0, 37, 64
3, 18480, Note_on_c, 0, 40, 91
3, 18956, Note_off_c, 0, 40, 64
3, 18960, Note_on_c, 0, 37, 93
3, 19196, Note_off_c, 0, 37, 64
3, 19200, Note_on_c, 0, 33, 101
3, 19680, Note_off_c, 0, 33, 64
3, 19920, Note_on_c, 0, 36, 97
3, 20156, Note_off_c, 0, 36, 64
3, 20160, Note_on_c, 0, 37, 79
3, 20396, Note_off_c, 0, 37, 64
3, 20400, Note_on_c, 0, 40, 95
3, 20876, Note_off_c, 0, 40, 64
3, 20880, Note_on_c, 0, 37, 87
3, 21116, Note_off_c, 0, 37, 64
3, 21120, Note_on_c, 0, 35, 97
3, 21600, Note_off_c, 0, 35, 64
3, 21840, Note_on_c, 0, 37, 84
3, 22076, Note_off_c, 0, 37, 64
3, 22080, Note_on_c, 0, 38, 84
3, 22316, Note_off_c, 0, 38, 64
3, 22320, Note_on_c, 0, 42, 91
3, 22796, Note_off_c, 0, 42, 64
3, 22800, Note_on_c, 0, 38, 90
3, 23036, Note_off_c, 0, 38, 64
3, 23040, Note_on_c, 0, 35, 94
3, 23520, Note_off_c, 0, 35, 64
3, 23760, Note_on_c, 0, 37, 89
3, 23996, Note_off_c, 0, 37, 64
3, 24000, Note_on_c, 0, 38, 85
3, 24236, Note_off_c, 0, 38, 64
3, 24240, Note_on_c, 0, 42, 81
3, 24716, Note_off_c, 0, 42, 64
3, 24720, Note_on_c, 0, 38, 89
3, 24956, Note_off_c, 0, 38, 64
3, 24960, Note_on_c, 0, 28, 93
3, 25440, Note_off_c, 0, 28, 64
3, 25680, Note_on_c, 0, 31, 99
3, 25916, Note_off_c, 0, 31, 64
3, 25920, Note_on_c, 0, 32, 93
3, 26156, Note_off_c, 0, 32, 64
3, 26160, Note_on_c, 0, 35, 90
3, 26636, Note_off_c, 0, 35, 64
3, 26640, Note_on_c, 0, 32, 91
3, 26876, Note_off_c, 0, 32, 64
3, 26880, Note_on_c, 0, 28, 90
3, 27360, Note_off_c, 0, 28, 64
3, 27600, Note_on_c, 0, 31, 92
3, 27836, Note_off_c, 0, 31, 64
3, 27840, Note_on_c, 0, 32, 91
3, 28076, Note_off_c, 0, 32, 64
3, 28080, Note_on_c, 0, 35, 93
3, 28556, Note_off_c, 0, 35, 64
3, 28560, Note_on_c, 0, 32, 82
3, 28796, Note_off_c, 0, 32, 64
3, 28800, Note_on_c, 0, 33, 89
3, 29280, Note_off_c, 0, 33, 64
3, 32640, Note_on_c, 0, 33, 99
3, 33120, Note_off_c, 0, 33, 64
3, 33360, Note_on_c, 0, 36, 97
3, 33596, Note_off_c, 0, 36, 64
3, 33600, Note_on_c, 0, 37, 93
3, 33836, Note_off_c, 0, 37, 64
3, 33840, Note_on_c, 0, 40, 91
3, 34316, Note_off_c, 0, 40, 64
3, 34320, Note_on_c, 0, 37, 93
3, 34556, Note_off_c, 0, 37, 64
3, 34560, Note_on_c, 0, 33, 101
3, 35040, Note_off_c, 0, 33, 64
3, 35280, Note_on_c, 0, 36, 97
3, 35516, Note_off_c, 0, 36, 64
3, 35520, Note_on_c, 0, 37, 79
3, 35756, Note_off_c, 0, 37, 64
3, 35760, Note_on_c, 0, 40, 95
3, 36236, Note_off_c, 0, 40, 64
3, 36240, Note_on_c, 0, 37, 87
3, 36476, Note_off_c, 0, 37, 64
3, 36480, Note_on_c, 0, 35, 97
3, 36960, Note_off_c, 0, 35, 64
3, 37200, Note_on_c, 0, 37, 84
3, 37436, Note_off_c, 0, 37, 64
3, 37440, Note_on_c, 0, 38, 84
3, 37676, Note_off_c, 0, 38, 64
3, 37680, Note_on_c, 0, 42, 91
3, 38156, Note_off_c, 0, 42, 64
3, 38160, Note_on_c, 0, 38, 90
3, 38396, Note_off_c, 0, 38, 64
3, 38400, Note_on_c, 0, 35, 94
3, 38880, Note_off_c, 0, 35, 64
3, 39120, Note_on_c, 0, 37, 89
3, 39356, Note_off_c, 0, 37, 64
3, 39360, Note_on_c, 0, 38, 85
3, 39596, Note_off_c, 0, 38, 64
3, 39600, Note_on_c, 0, 42, 81
3, 40076, Note_off_c, 0, 42, 64
3, 40080, Note_on_c, 0, 38, 89
3, 40316, Note_off_c, 0, 38, 64
3, 40320, Note_on_c, 0, 28, 93
3, 40800, Note_off_c, 0, 28, 64
3, 41040, Note_on_c, 0, 31, 99
3, 41276, Note_off_c, 0, 31, 64
3, 41280, Note_on_c, 0, 32, 93
3, 41516, Note_off_c, 0, 32, 64
3, 41520, Note_on_c, 0, 35, 90
3, 41996, Note_off_c, 0, 35, 64
3, 42000, Note_on_c, 0, 32, 91
3, 42236, Note_off_c, 0, 32, 64
3, 42240, Note_on_c, 0, 28, 90
3, 42720, Note_off_c, 0, 28, 64
3, 42960, Note_on_c, 0, 31, 92
3, 43196, Note_off_c, 0, 31, 64
3, 43200, Note_on_c, 0, 32, 91
3, 43436, Note_off_c, 0, 32, 64
3, 43440, Note_on_c, 0, 35, 93
3, 43916, Note_off_c, 0, 35, 64
3, 43920, Note_on_c, 0, 32, 82
3, 44156, Note_off_c, 0, 32, 64
3, 44160, Note_on_c, 0, 33, 99
3, 44640, Note_off_c, 0, 33, 64
3, 48000, Note_on_c, 0, 33, 99
3, 48480, Note_off_c, 0, 33, 64
3, 48720, Note_on_c, 0, 36, 97
3, 48956, Note_off_c, 0, 36, 64
3, 48960, Note_on_c, 0, 37, 93
3, 49196, Note_off_c, 0, 37, 64
3, 49200, Note_on_c, 0, 40, 91
3, 49676, Note_off_c, 0, 40, 64
3, 49680, Note_on_c, 0, 37, 93
3, 49916, Note_off_c, 0, 37, 64
3, 49920, Note_on_c, 0, 33, 101
3, 50400, Note_off_c, 0, 33, 64
3, 50640, Note_on_c, 0, 36, 97
3, 50876, Note_off_c, 0, 36, 64
3, 50880, Note_on_c, 0, 37, 79
3, 51116, Note_off_c, 0, 37, 64
3, 51120, Note_on_c, 0, 40, 95
3, 51596, Note_off_c, 0, 40, 64
3, 51600, Note_on_c, 0, 37, 87
3, 51836, Note_off_c, 0, 37, 64
3, 51840, Note_on_c, 0, 35, 97
3, 52320, Note_off_c, 0, 35, 64
3, 52560, Note_on_c, 0, 37, 84
3, 52796, Note_off_c, 0, 37, 64
3, 52800, Note_on_c, 0, 38, 84
3, 53036, Note_off_c, 0, 38, 64
3, 53040, Note_on_c, 0, 42, 91
3, 53516, Note_off_c, 0, 42, 64
3, 53520, Note_on_c, 0, 38, 90
3, 53756, Note_off_c, 0, 38, 64
3, 53760, Note_on_c, 0, 35, 94
3, 54240, Note_off_c, 0, 35, 64
3, 54480, Note_on_c, 0, 37, 89
3, 54716, Note_off_c, 0, 37, 64
3, 54720, Note_on_c, 0, 38, 85
3, 54956, Note_off_c, 0, 38, 64
3, 54960, Note_on_c, 0, 42, 81
3, 55436, Note_off_c, 0, 42, 64
3, 55440, Note_on_c, 0, 38, 89
3, 55676, Note_off_c, 0, 38, 64
3, 55680, Note_on_c, 0, 28, 93
3, 56160, Note_off_c, 0, 28, 64
3, 56400, Note_on_c, 0, 31, 99
3, 56636, Note_off_c, 0, 31, 64
3, 56640, Note_on_c, 0, 32, 93
3, 56876, Note_off_c, 0, 32, 64
3, 56880, Note_on_c, 0, 35, 90
3, 57356, Note_off_c, 0, 35, 64
3, 57360, Note_on_c, 0, 32, 91
3, 57596, Note_off_c, 0, 32, 64
3, 57600, Note_on_c, 0, 28, 90
3, 58080, Note_off_c, 0, 28, 64
3, 58320, Note_on_c, 0, 31, 92
3, 58556, Note_off_c, 0, 31, 64
3, 58560, Note_on_c, 0, 32, 91
3, 58796, Note_off_c, 0, 32, 64
3, 58800, Note_on_c, 0, 35, 93
3, 59276, Note_off_c, 0, 35, 64
3, 59280, Note_on_c, 0, 32, 82
3, 59516, Note_off_c, 0, 32, 64
3, 59520, Note_on_c, 0, 33, 99
3, 60000, Note_off_c, 0, 33, 64
3, 60240, Note_on_c, 0, 36, 97
3, 60476, Note_off_c, 0, 36, 64
3, 60480, Note_on_c, 0, 37, 93
3, 60716, Note_off_c, 0, 37, 64
3, 60720, Note_on_c, 0, 40, 91
3, 61196, Note_off_c, 0, 40, 64
3, 61200, Note_on_c, 0, 37, 93
3, 61436, Note_off_c, 0, 37, 64
3, 61440, Note_on_c, 0, 33, 99
3, 61920, Note_off_c, 0, 33, 64
3, 62160, Note_on_c, 0, 36, 97
3, 62396, Note_off_c, 0, 36, 64
3, 62400, Note_on_c, 0, 37, 93
3, 62636, Note_off_c, 0, 37, 64
3, 62640, Note_on_c, 0, 40, 91
3, 63116, Note_off_c, 0, 40, 64
3, 63120, Note_on_c, 0, 37, 93
3, 63356, Note_on_c, 0, 33, 99
3, 63356, Note_off_c, 0, 37, 64
3, 63836, Note_off_c, 0, 33, 64
3, 64076, Note_on_c, 0, 36, 97
3, 64312, Note_off_c, 0, 36, 64
3, 64316, Note_on_c, 0, 37, 93
3, 64552, Note_off_c, 0, 37, 64
3, 64556, Note_on_c, 0, 40, 91
3, 65032, Note_off_c, 0, 40, 64
3, 65036, Note_on_c, 0, 37, 93
3, 65272, Note_off_c, 0, 37, 64
3, 65276, Note_on_c, 0, 33, 101
3, 65756, Note_off_c, 0, 33, 64
3, 65996, Note_on_c, 0, 36, 97
3, 66232, Note_off_c, 0, 36, 64
3, 66236, Note_on_c, 0, 37, 79
3, 66472, Note_off_c, 0, 37, 64
3, 66476, Note_on_c, 0, 40, 95
3, 66952, Note_off_c, 0, 40, 64
3, 66956, Note_on_c, 0, 37, 87
3, 67192, Note_off_c, 0, 37, 64
3, 67196, Note_on_c, 0, 35, 97
3, 67676, Note_off_c, 0, 35, 64
3, 67916, Note_on_c, 0, 37, 84
3, 68152, Note_off_c, 0, 37, 64
3, 68156, Note_on_c, 0, 38, 84
3, 68392, Note_off_c, 0, 38, 64
3, 68396, Note_on_c, 0, 42, 91
3, 68872, Note_off_c, 0, 42, 64
3, 68876, Note_on_c, 0, 38, 90
3, 69112, Note_off_c, 0, 38, 64
3, 69116, Note_on_c, 0, 35, 94
3, 69596, Note_off_c, 0, 35, 64
3, 69836, Note_on_c, 0, 37, 89
3, 70072, Note_off_c, 0, 37, 64
3, 70076, Note_on_c, 0, 38, 85
3, 70312, Note_off_c, 0, 38, 64
3, 70316, Note_on_c, 0, 42, 81
3, 70792, Note_off_c, 0, 42, 64
3, 70796, Note_on_c, 0, 38, 89
3, 71032, Note_off_c, 0, 38, 64
3, 71036, Note_on_c, 0, 28, 93
3, 71516, Note_off_c, 0, 28, 64
3, 71756, Note_on_c, 0, 31, 99
3, 71992, Note_off_c, 0, 31, 64
3, 71996, Note_on_c, 0, 32, 93
3, 72232, Note_off_c, 0, 32, 64
3, 72236, Note_on_c, 0, 35, 90
3, 72712, Note_off_c, 0, 35, 64
3, 72716, Note_on_c, 0, 32, 91
3, 72952, Note_off_c, 0, 32, 64
3, 72956, Note_on_c, 0, 28, 90
3, 73436, Note_off_c, 0, 28, 64
3, 73676, Note_on_c, 0, 31, 92
3, 73912, Note_off_c, 0, 31, 64
3, 73916, Note_on_c, 0, 32, 91
3, 74152, Note_off_c, 0, 32, 64
3, 74156, Note_on_c, 0, 35, 93
3, 74632, Note_off_c, 0, 35, 64
3, 74636, Note_on_c, 0, 32, 82
3, 74872, Note_off_c, 0, 32, 64
3, 74876, Note_on_c, 0, 33, 99
3, 75356, Note_off_c, 0, 33, 64
3, 75596, Note_on_c, 0, 36, 97
3, 75832, Note_off_c, 0, 36, 64
3, 75836, Note_on_c, 0, 37, 93
3, 76072, Note_off_c, 0, 37, 64
3, 76076, Note_on_c, 0, 40, 91
3, 76552, Note_off_c, 0, 40, 64
3, 76556, Note_on_c, 0, 37, 93
3, 76792, Note_off_c, 0, 37, 64
3, 76796, Note_on_c, 0, 33, 99
3, 77276, Note_off_c, 0, 33, 64
3, 78720, Note_on_c, 0, 33, 99
3, 79200, Note_off_c, 0, 33, 64
3, 79440, Note_on_c, 0, 36, 97
3, 79676, Note_off_c, 0, 36, 64
3, 79680, Note_on_c, 0, 37, 93
3, 79916, Note_off_c, 0, 37, 64
3, 79920, Note_on_c, 0, 40, 91
3, 80396, Note_off_c, 0, 40, 64
3, 80400, Note_on_c, 0, 37, 93
3, 80636, Note_off_c, 0, 37, 64
3, 80640, Note_on_c, 0, 33, 101
3, 81120, Note_off_c, 0, 33, 64
3, 81360, Note_on_c, 0, 36, 97
3, 81596, Note_off_c, 0, 36, 64
3, 81600, Note_on_c, 0, 37, 79
3, 81836, Note_off_c, 0, 37, 64
3, 81840, Note_on_c, 0, 40, 95
3, 82316, Note_off_c, 0, 40, 64
3, 82320, Note_on_c, 0, 37, 87
3, 82556, Note_off_c, 0, 37, 64
3, 82560, Note_on_c, 0, 35, 97
3, 83040, Note_off_c, 0, 35, 64
3, 83280, Note_on_c, 0, 37, 84
3, 83516, Note_off_c, 0, 37, 64
3, 83520, Note_on_c, 0, 38, 84
3, 83756, Note_off_c, 0, 38, 64
3, 83760, Note_on_c, 0, 42, 91
3, 84236, Note_off_c, 0, 42, 64
3, 84240, Note_on_c, 0, 38, 90
3, 84476, Note_off_c, 0, 38, 64
3, 84480, Note_on_c, 0, 35, 94
3, 84960, Note_off_c, 0, 35, 64
3, 85200, Note_on_c, 0, 37, 89
3, 85436, Note_off_c, 0, 37, 64
3, 85440, Note_on_c, 0, 38, 85
3, 85676, Note_off_c, 0, 38, 64
3, 85680, Note_on_c, 0, 42, 81
3, 86156, Note_off_c, 0, 42, 64
3, 86160, Note_on_c, 0, 38, 89
3, 86396, Note_off_c, 0, 38, 64
3, 86400, Note_on_c, 0, 28, 93
3, 86880, Note_off_c, 0, 28, 64
3, 87120, Note_on_c, 0, 31, 99
3, 87356, Note_off_c, 0, 31, 64
3, 87360, Note_on_c, 0, 32, 93
3, 87596, Note_off_c, 0, 32, 64
3, 87600, Note_on_c, 0, 35, 90
3, 88076, Note_off_c, 0, 35, 64
3, 88080, Note_on_c, 0, 32, 91
3, 88316, Note_off_c, 0, 32, 64
3, 88320, Note_on_c, 0, 28, 90
3, 88800, Note_off_c, 0, 28, 64
3, 89040, Note_on_c, 0, 31, 92
3, 89276, Note_off_c, 0, 31, 64
3, 89280, Note_on_c, 0, 32, 91
3, 89516, Note_off_c, 0, 32, 64
3, 89520, Note_on_c, 0, 35, 93
3, 89996, Note_off_c, 0, 35, 64
3, 90000, Note_on_c, 0, 32, 82
3, 90236, Note_off_c, 0, 32, 64
3, 90240, Note_on_c, 0, 33, 99
3, 90720, Note_off_c, 0, 33, 64
3, 90960, Note_on_c, 0, 36, 97
3, 91196, Note_off_c, 0, 36, 64
3, 91200, Note_on_c, 0, 37, 93
3, 91436, Note_off_c, 0, 37, 64
3, 91440, Note_on_c, 0, 40, 91
3, 91916, Note_off_c, 0, 40, 64
3, 91920, Note_on_c, 0, 37, 93
3, 92156, Note_off_c, 0, 37, 64
3, 92160, Note_on_c, 0, 33, 101
3, 92640, Note_off_c, 0, 33, 64
3, 94080, Note_on_c, 0, 33, 99
3, 94560, Note_off_c, 0, 33, 64
3, 96000, Note_on_c, 0, 33, 101
3, 96480, Note_off_c, 0, 33, 64
3, 96720, Note_on_c, 0, 36, 97
3, 96956, Note_off_c, 0, 36, 64
3, 96960, Note_on_c, 0, 37, 79
3, 97196, Note_off_c, 0, 37, 64
3, 97200, Note_on_c, 0, 40, 95
3, 97676, Note_off_c, 0, 40, 64
3, 97680, Note_on_c, 0, 37, 87
3, 97916, Note_off_c, 0, 37, 64
3, 97920, Note_on_c, 0, 35, 97
3, 98400, Note_off_c, 0, 35, 64
3, 98640, Note_on_c, 0, 37, 84
3, 98876, Note_off_c, 0, 37, 64
3, 98880, Note_on_c, 0, 38, 84
3, 99116, Note_off_c, 0, 38, 64
3, 99120, Note_on_c, 0, 42, 91
3, 99596, Note_off_c, 0, 42, 64
3, 99600, Note_on_c, 0, 38, 90
3, 99836, Note_off_c, 0, 38, 64
3, 99840, Note_on_c, 0, 35, 94
3, 100320, Note_off_c, 0, 35, 64
3, 100560, Note_on_c, 0, 37, 89
3, 100796, Note_off_c, 0, 37, 64
3, 100800, Note_on_c, 0, 38, 85
3, 101036, Note_off_c, 0, 38, 64
3, 101040, Note_on_c, 0, 42, 81
3, 101516, Note_off_c, 0, 42, 64
3, 101520, Note_on_c, 0, 38, 89
3, 101756, Note_off_c, 0, 38, 64
3, 101760, Note_on_c, 0, 28, 93
3, 102240, Note_off_c, 0, 28, 64
3, 102480, Note_on_c, 0, 31, 99
3, 102716, Note_off_c, 0, 31, 64
3, 102720, Note_on_c, 0, 32, 93
3, 102956, Note_off_c, 0, 32, 64
3, 102960, Note_on_c, 0, 35, 90
3, 103436, Note_off_c, 0, 35, 64
3, 103440, Note_on_c, 0, 32, 91
3, 103676, Note_off_c, 0, 32, 64
3, 103680, Note_on_c, 0, 28, 90
3, 104160, Note_off_c, 0, 28, 64
3, 104400, Note_on_c, 0, 31, 92
3, 104636, Note_off_c, 0, 31, 64
3, 104640, Note_on_c, 0, 32, 91
3, 104876, Note_off_c, 0, 32, 64
3, 104880, Note_on_c, 0, 35, 93
3, 105356, Note_off_c, 0, 35, 64
3, 105360, Note_on_c, 0, 32, 82
3, 105596, Note_off_c, 0, 32, 64
3, 105600, Note_on_c, 0, 33, 89
3, 106080, Note_off_c, 0, 33, 64
3, 109440, Note_on_c, 0, 33, 99
3, 109920, Note_off_c, 0, 33, 64
3, 110160, Note_on_c, 0, 36, 97
3, 110396, Note_off_c, 0, 36, 64
3, 110400, Note_on_c, 0, 37, 93
3, 110636, Note_off_c, 0, 37, 64
3, 110640, Note_on_c, 0, 40, 91
3, 111116, Note_off_c, 0, 40, 64
3, 111120, Note_on_c, 0, 37, 93
3, 111356, Note_off_c, 0, 37, 64
3, 111360, Note_on_c, 0, 33, 101
3, 111840, Note_off_c, 0, 33, 64
3, 112080, Note_on_c, 0, 36, 97
3, 112316, Note_off_c, 0, 36, 64
3, 112320, Note_on_c, 0, 37, 79
3, 112556, Note_off_c, 0, 37, 64
3, 112560, Note_on_c, 0, 40, 95
3, 113036, Note_off_c, 0, 40, 64
3, 113040, Note_on_c, 0, 37, 87
3, 113276, Note_off_c, 0, 37, 64
3, 113280, Note_on_c, 0, 35, 97
3, 113760, Note_off_c, 0, 35, 64
3, 114000, Note_on_c, 0, 37, 84
3, 114236, Note_off_c, 0, 37, 64
3, 114240, Note_on_c, 0, 38, 84
3, 114476, Note_off_c, 0, 38, 64
3, 114480, Note_on_c, 0, 42, 91
3, 114956, Note_off_c, 0, 42, 64
3, 114960, Note_on_c, 0, 38, 90
3, 115196, Note_off_c, 0, 38, 64
3, 115200, Note_on_c, 0, 35, 94
3, 115680, Note_off_c, 0, 35, 64
3, 115920, Note_on_c, 0, 37, 89
3, 116156, Note_off_c, 0, 37, 64
3, 116160, Note_on_c, 0, 38, 85
3, 116396, Note_off_c, 0, 38, 64
3, 116400, Note_on_c, 0, 42, 81
3, 116876, Note_off_c, 0, 42, 64
3, 116880, Note_on_c, 0, 38, 89
3, 117116, Note_off_c, 0, 38, 64
3, 117120, Note_on_c, 0, 28, 93
3, 117600, Note_off_c, 0, 28, 64
3, 117840, Note_on_c, 0, 31, 99
3, 118076, Note_off_c, 0, 31, 64
3, 118080, Note_on_c, 0, 32, 93
3, 118316, Note_off_c, 0, 32, 64
3, 118320, Note_on_c, 0, 35, 90
3, 118796, Note_off_c, 0, 35, 64
3, 118800, Note_on_c, 0, 32, 91
3, 119036, Note_off_c, 0, 32, 64
3, 119040, Note_on_c, 0, 28, 90
3, 119520, Note_off_c, 0, 28, 64
3, 119760, Note_on_c, 0, 31, 92
3, 119996, Note_off_c, 0, 31, 64
3, 120000, Note_on_c, 0, 32, 91
3, 120236, Note_off_c, 0, 32, 64
3, 120240, Note_on_c, 0, 35, 93
3, 120716, Note_off_c, 0, 35, 64
3, 120720, Note_on_c, 0, 32, 82
3, 120956, Note_off_c, 0, 32, 64
3, 120960, Note_on_c, 0, 33, 99
3, 121440, Note_off_c, 0, 33, 64
3, 121680, Note_on_c, 0, 36, 97
3, 121916, Note_off_c, 0, 36, 64
3, 121920, Note_on_c, 0, 37, 93
3, 122156, Note_off_c, 0, 37, 64
3, 122160, Note_on_c, 0, 40, 91
3, 122636, Note_off_c, 0, 40, 64
3, 122640, Note_on_c, 0, 37, 93
3, 122876, Note_off_c, 0, 37, 64
3, 122880, Note_on_c, 0, 33, 99
3, 123360, Note_off_c, 0, 33, 64
3, 123600, Note_on_c, 0, 36, 97
3, 123836, Note_off_c, 0, 36, 64
3, 123840, Note_on_c, 0, 37, 93
3, 124076, Note_off_c, 0, 37, 64
3, 124080, Note_on_c, 0, 40, 91
3, 124556, Note_off_c, 0, 40, 64
3, 124560, Note_on_c, 0, 37, 93
3, 124796, Note_on_c, 0, 33, 99
3, 124796, Note_off_c, 0, 37, 64
3, 125276, Note_off_c, 0, 33, 64
3, 125516, Note_on_c, 0, 36, 97
3, 125752, Note_off_c, 0, 36, 64
3, 125756, Note_on_c, 0, 37, 93
3, 125992, Note_off_c, 0, 37, 64
3, 125996, Note_on_c, 0, 40, 91
3, 126472, Note_off_c, 0, 40, 64
3, 126476, Note_on_c, 0, 37, 93
3, 126712, Note_off_c, 0, 37, 64
3, 126716, Note_on_c, 0, 33, 101
3, 127196, Note_off_c, 0, 33, 64
3, 127436, Note_on_c, 0, 36, 97
3, 127672, Note_off_c, 0, 36, 64
3, 127676, Note_on_c, 0, 37, 79
3, 127912, Note_off_c, 0, 37, 64
3, 127916, Note_on_c, 0, 40, 95
3, 128392, Note_off_c, 0, 40, 64
3, 128396, Note_on_c, 0, 37, 87
3, 128632, Note_off_c, 0, 37, 64
3, 128636, Note_on_c, 0, 35, 97
3, 129116, Note_off_c, 0, 35, 64
3, 129356, Note_on_c, 0, 37, 84
3, 129592, Note_off_c, 0, 37, 64
3, 129596, Note_on_c, 0, 38, 84
3, 129832, Note_off_c, 0, 38, 64
3, 129836, Note_on_c, 0, 42, 91
3, 130312, Note_off_c, 0, 42, 64
3, 130316, Note_on_c, 0, 38, 90
3, 130552, Note_off_c, 0, 38, 64
3, 130556, Note_on_c, 0, 35, 94
3, 131036, Note_off_c, 0, 35, 64
3, 131276, Note_on_c, 0, 37, 89
3, 131512, Note_off_c, 0, 37, 64
3, 131516, Note_on_c, 0, 38, 85
3, 131752, Note_off_c, 0, 38, 64
3, 131756, Note_on_c, 0, 42, 81
3, 132232, Note_off_c, 0, 42, 64
3, 132236, Note_on_c, 0, 38, 89
3, 132472, Note_off_c, 0, 38, 64
3, 132476, Note_on_c, 0, 28, 93
3, 132956, Note_off_c, 0, 28, 64
3, 133196, Note_on_c, 0, 31, 99
3, 133432, Note_off_c, 0, 31, 64
3, 133436, Note_on_c, 0, 32, 93
3, 133672, Note_off_c, 0, 32, 64
3, 133676, Note_on_c, 0, 35, 90
3, 134152, Note_off_c, 0, 35, 64
3, 134156, Note_on_c, 0, 32, 91
3, 134392, Note_off_c, 0, 32, 64
3, 134396, Note_on_c, 0, 28, 90
3, 134876, Note_off_c, 0, 28, 64
3, 135116, Note_on_c, 0, 31, 92
3, 135352, Note_off_c, 0, 31, 64
3, 135356, Note_on_c, 0, 32, 91
3, 135592, Note_off_c, 0, 32, 64
3, 135596, Note_on_c, 0, 35, 93
3, 136072, Note_off_c, 0, 35, 64
3, 136076, Note_on_c, 0, 32, 82
3, 136312, Note_off_c, 0, 32, 64
3, 136316, Note_on_c, 0, 33, 99
3, 136796, Note_off_c, 0, 33, 64
3, 137036, Note_on_c, 0, 36, 97
3, 137272, Note_off_c, 0, 36, 64
3, 137276, Note_on_c, 0, 37, 93
3, 137512, Note_off_c, 0, 37, 64
3, 137516, Note_on_c, 0, 40, 91
3, 137992, Note_off_c, 0, 40, 64
3, 137996, Note_on_c, 0, 37, 93
3, 138232, Note_off_c, 0, 37, 64
3, 138236, Note_on_c, 0, 33, 99
3, 138716, Note_off_c, 0, 33, 64
3, 140160, Note_on_c, 0, 33, 99
3, 140640, Note_off_c, 0, 33, 64
3, 140880, Note_on_c, 0, 36, 97
3, 141116, Note_off_c, 0, 36, 64
3, 141120, Note_on_c, 0, 37, 93
3, 141356, Note_off_c, 0, 37, 64
3, 141360, Note_on_c, 0, 40, 91
3, 141836, Note_off_c, 0, 40, 64
3, 141840, Note_on_c, 0, 37, 93
3, 142076, Note_off_c, 0, 37, 64
3, 142080, Note_on_c, 0, 33, 101
3, 142560, Note_off_c, 0, 33, 64
3, 142800, Note_on_c, 0, 36, 97
3, 143036, Note_off_c, 0, 36, 64
3, 143040, Note_on_c, 0, 37, 79
3, 143276, Note_off_c, 0, 37, 64
3, 143280, Note_on_c, 0, 40, 95
3, 143756, Note_off_c, 0, 40, 64
3, 143760, Note_on_c, 0, 37, 87
3, 143996, Note_off_c, 0, 37, 64
3, 144000, Note_on_c, 0, 35, 97
3, 144480, Note_off_c, 0, 35, 64
3, 144720, Note_on_c, 0, 37, 84
3, 144956, Note_off_c, 0, 37, 64
3, 144960, Note_on_c, 0, 38, 84
3, 145196, Note_off_c, 0, 38, 64
3, 145200, Note_on_c, 0, 42, 91
3, 145676, Note_off_c, 0, 42, 64
3, 145680, Note_on_c, 0, 38, 90
3, 145916, Note_off_c, 0, 38, 64
3, 145920, Note_on_c, 0, 35, 94
3, 146400, Note_off_c, 0, 35, 64
3, 146640, Note_on_c, 0, 37, 89
3, 146876, Note_off_c, 0, 37, 64
3, 146880, Note_on_c, 0, 38, 85
3, 147116, Note_off_c, 0, 38, 64
3, 147120, Note_on_c, 0, 42, 81
3, 147596, Note_off_c, 0, 42, 64
3, 147600, Note_on_c, 0, 38, 89
3, 147836, Note_off_c, 0, 38, 64
3, 147840, Note_on_c, 0, 28, 93
3, 148320, Note_off_c, 0, 28, 64
3, 148560, Note_on_c, 0, 31, 99
3, 148796, Note_off_c, 0, 31, 64
3, 148800, Note_on_c, 0, 32, 93
3, 149036, Note_off_c, 0, 32, 64
3, 149040, Note_on_c, 0, 35, 90
3, 149516, Note_off_c, 0, 35, 64
3, 149520, Note_on_c, 0, 32, 91
3, 149756, Note_off_c, 0, 32, 64
3, 149760, Note_on_c, 0, 28, 90
3, 150240, Note_off_c, 0, 28, 64
3, 150480, Note_on_c, 0, 31, 92
3, 150716, Note_off_c, 0, 31, 64
3, 150720, Note_on_c, 0, 32, 91
3, 150956, Note_off_c, 0, 32, 64
3, 150960, Note_on_c, 0, 35, 93
3, 151436, Note_off_c, 0, 35, 64
3, 151440, Note_on_c, 0, 32, 82
3, 151676, Note_off_c, 0, 32, 64
3, 151680, Note_on_c, 0, 33, 99
3, 152160, Note_off_c, 0, 33, 64
3, 152400, Note_on_c, 0, 36, 97
3, 152636, Note_off_c, 0, 36, 64
3, 152640, Note_on_c, 0, 37, 93
3, 152876, Note_off_c, 0, 37, 64
3, 152880, Note_on_c, 0, 40, 91
3, 153356, Note_off_c, 0, 40, 64
3, 153360, Note_on_c, 0, 37, 93
3, 153596, Note_off_c, 0, 37, 64
3, 153600, Note_on_c, 0, 33, 101
3, 154080, Note_off_c, 0, 33, 64
3, 155520, Note_on_c, 0, 33, 99
3, 156000, Note_off_c, 0, 33, 64
3, 156240, Note_on_c, 0, 36, 97
3, 156476, Note_off_c, 0, 36, 64
3, 156480, Note_on_c, 0, 37, 93
3, 156716, Note_off_c, 0, 37, 64
3, 156720, Note_on_c, 0, 40, 91
3, 157196, Note_off_c, 0, 40, 64
3, 157200, Note_on_c, 0, 37, 93
3, 157436, Note_off_c, 0, 37, 64
3, 157440, Note_on_c, 0, 33, 101
3, 157920, Note_off_c, 0, 33, 64
3, 158160, Note_on_c, 0, 36, 97
3, 158396, Note_off_c, 0, 36, 64
3, 158400, Note_on_c, 0, 37, 79
3, 158636, Note_off_c, 0, 37, 64
3, 158640, Note_on_c, 0, 40, 95
3, 159116, Note_off_c, 0, 40, 64
3, 159120, Note_on_c, 0, 37, 87
3, 159356, Note_off_c, 0, 37, 64
3, 159360, Note_on_c, 0, 35, 97
3, 159840, Note_off_c, 0, 35, 64
3, 160080, Note_on_c, 0, 37, 84
3, 160316, Note_off_c, 0, 37, 64
3, 160320, Note_on_c, 0, 38, 84
3, 160556, Note_off_c, 0, 38, 64
3, 160560, Note_on_c, 0, 42, 91
3, 161036, Note_off_c, 0, 42, 64
3, 161040, Note_on_c, 0, 38, 90
3, 161276, Note_off_c, 0, 38, 64
3, 161280, Note_on_c, 0, 35, 94
3, 161760, Note_off_c, 0, 35, 64
3, 162000, Note_on_c, 0, 37, 89
3, 162236, Note_off_c, 0, 37, 64
3, 162240, Note_on_c, 0, 38, 85
3, 162476, Note_off_c, 0, 38, 64
3, 162480, Note_on_c, 0, 42, 81
3, 162956, Note_off_c, 0, 42, 64
3, 162960, Note_on_c, 0, 38, 89
3, 163196, Note_off_c, 0, 38, 64
3, 163200, Note_on_c, 0, 28, 93
3, 163680, Note_off_c, 0, 28, 64
3, 163920, Note_on_c, 0, 31, 99
3, 164156, Note_off_c, 0, 31, 64
3, 164160, Note_on_c, 0, 32, 93
3, 164396, Note_off_c, 0, 32, 64
3, 164400, Note_on_c, 0, 35, 90
3, 164876, Note_off_c, 0, 35, 64
3, 164880, Note_on_c, 0, 32, 91
3, 165116, Note_off_c, 0, 32, 64
3, 165120, Note_on_c, 0, 28, 90
3, 165600, Note_off_c, 0, 28, 64
3, 165840, Note_on_c, 0, 31, 92
3, 166076, Note_off_c, 0, 31, 64
3, 166080, Note_on_c, 0, 32, 91
3, 166316, Note_off_c, 0, 32, 64
3, 166320, Note_on_c, 0, 35, 93
3, 166796, Note_off_c, 0, 35, 64
3, 166800, Note_on_c, 0, 32, 82
3, 167036, Note_off_c, 0, 32, 64
3, 167040, Note_on_c, 0, 33, 99
3, 167520, Note_off_c, 0, 33, 64
3, 167760, Note_on_c, 0, 36, 97
3, 167996, Note_off_c, 0, 36, 64
3, 168000, Note_on_c, 0, 37, 93
3, 168236, Note_off_c, 0, 37, 64
3, 168240, Note_on_c, 0, 40, 91
3, 168716, Note_off_c, 0, 40, 64
3, 168720, Note_on_c, 0, 37, 93
3, 168956, Note_off_c, 0, 37, 64
3, 168960, Note_on_c, 0, 33, 101
3, 169440, Note_off_c, 0, 33, 64
3, 170880, Note_on_c, 0, 33, 99
3, 171360, Note_off_c, 0, 33, 64
3, 171600, Note_on_c, 0, 36, 97
3, 171836, Note_off_c, 0, 36, 64
3, 171840, Note_on_c, 0, 37, 93
3, 172076, Note_off_c, 0, 37, 64
3, 172080, Note_on_c, 0, 40, 91
3, 172556, Note_off_c, 0, 40, 64
3, 172560, Note_on_c, 0, 37, 93
3, 172796, Note_off_c, 0, 37, 64
3, 172800, Note_on_c, 0, 33, 101
3, 173280, Note_off_c, 0, 33, 64
3, 173520, Note_on_c, 0, 36, 97
3, 173756, Note_off_c, 0, 36, 64
3, 173760, Note_on_c, 0, 37, 79
3, 173996, Note_off_c, 0, 37, 64
3, 174000, Note_on_c, 0, 40, 95
3, 174476, Note_off_c, 0, 40, 64
3, 174480, Note_on_c, 0, 37, 87
3, 174716, Note_off_c, 0, 37, 64
3, 174720, Note_on_c, 0, 35, 97
3, 175200, Note_off_c, 0, 35, 64
3, 175440, Note_on_c, 0, 37, 84
3, 175676, Note_off_c, 0, 37, 64
3, 175680, Note_on_c, 0, 38, 84
3, 175916, Note_off_c, 0, 38, 64
3, 175920, Note_on_c, 0, 42, 91
3, 176396, Note_off_c, 0, 42, 64
3, 176400, Note_on_c, 0, 38, 90
3, 176636, Note_off_c, 0, 38, 64
3, 176640, Note_on_c, 0, 35, 94
3, 177120, Note_off_c, 0, 35, 64
3, 177360, Note_on_c, 0, 37, 89
3, 177596, Note_off_c, 0, 37, 64
3, 177600, Note_on_c, 0, 38, 85
3, 177836, Note_off_c, 0, 38, 64
3, 177840, Note_on_c, 0, 42, 81
3, 178316, Note_off_c, 0, 42, 64
3, 178320, Note_on_c, 0, 38, 89
3, 178556, Note_off_c, 0, 38, 64
3, 178560, Note_on_c, 0, 28, 93
3, 179040, Note_off_c, 0, 28, 64
3, 179280, Note_on_c, 0, 31, 99
3, 179516, Note_off_c, 0, 31, 64
3, 179520, Note_on_c, 0, 32, 93
3, 179756, Note_off_c, 0, 32, 64
3, 179760, Note_on_c, 0, 35, 90
3, 180236, Note_off_c, 0, 35, 64
3, 180240, Note_on_c, 0, 32, 91
3, 180476, Note_off_c, 0, 32, 64
3, 180480, Note_on_c, 0, 28, 90
3, 180960, Note_off_c, 0, 28, 64
3, 181200, Note_on_c, 0, 31, 92
3, 181436, Note_off_c, 0, 31, 64
3, 181440, Note_on_c, 0, 32, 91
3, 181676, Note_off_c, 0, 32, 64
3, 181680, Note_on_c, 0, 35, 93
3, 182156, Note_off_c, 0, 35, 64
3, 182160, Note_on_c, 0, 32, 82
3, 182396, Note_off_c, 0, 32, 64
3, 182400, Note_on_c, 0, 33, 99
3, 182880, Note_off_c, 0, 33, 64
3, 183120, Note_on_c, 0, 36, 97
3, 183356, Note_off_c, 0, 36, 64
3, 183360, Note_on_c, 0, 37, 93
3, 183596, Note_off_c, 0, 37, 64
3, 183600, Note_on_c, 0, 40, 91
3, 184076, Note_off_c, 0, 40, 64
3, 184080, Note_on_c, 0, 37, 93
3, 184316, Note_off_c, 0, 37, 64
3, 184320, Note_on_c, 0, 33, 101
3, 184800, Note_off_c, 0, 33, 64
3, 186240, Note_on_c, 0, 33, 99
3, 186720, Note_off_c, 0, 33, 64
3, 186960, Note_on_c, 0, 36, 97
3, 187196, Note_off_c, 0, 36, 64
3, 187200, Note_on_c, 0, 37, 93
3, 187436, Note_off_c, 0, 37, 64
3, 187440, Note_on_c, 0, 40, 91
3, 187916, Note_off_c, 0, 40, 64
3, 187920, Note_on_c, 0, 37, 93
3, 188156, Note_off_c, 0, 37, 64
3, 188160, Note_on_c, 0, 33, 101
3, 188640, Note_off_c, 0, 33, 64
3, 188880, Note_on_c, 0, 36, 97
3, 189116, Note_off_c, 0, 36, 64
3, 189120, Note_on_c, 0, 37, 79
3, 189356, Note_off_c, 0, 37, 64
3, 189360, Note_on_c, 0, 40, 95
3, 189836, Note_off_c, 0, 40, 64
3, 189840, Note_on_c, 0, 37, 87
3, 190076, Note_off_c, 0, 37, 64
3, 190080, Note_on_c, 0, 35, 97
3, 190560, Note_off_c, 0, 35, 64
3, 190800, Note_on_c, 0, 37, 84
3, 191036, Note_off_c, 0, 37, 64
3, 191040, Note_on_c, 0, 38, 84
3, 191276, Note_off_c, 0, 38, 64
3, 191280, Note_on_c, 0, 42, 91
3, 191756, Note_off_c, 0, 42, 64
3, 191760, Note_on_c, 0, 38, 90
3, 191996, Note_off_c, 0, 38, 64
3, 192000, Note_on_c, 0, 35, 94
3, 192480, Note_off_c, 0, 35, 64
3, 192720, Note_on_c, 0, 37, 89
3, 192956, Note_off_c, 0, 37, 64
3, 192960, Note_on_c, 0, 38, 85
3, 193196, Note_off_c, 0, 38, 64
3, 193200, Note_on_c, 0, 42, 81
3, 193676, Note_off_c, 0, 42, 64
3, 193680, Note_on_c, 0, 38, 89
3, 193916, Note_off_c, 0, 38, 64
3, 193920, Note_on_c, 0, 28, 93
3, 194400, Note_off_c, 0, 28, 64
3, 194640, Note_on_c, 0, 31, 99
3, 194876, Note_off_c, 0, 31, 64
3, 194880, Note_on_c, 0, 32, 93
3, 195116, Note_off_c, 0, 32, 64
3, 195120, Note_on_c, 0, 35, 90
3, 195596, Note_off_c, 0, 35, 64
3, 195600, Note_on_c, 0, 32, 91
3, 195836, Note_off_c, 0, 32, 64
3, 195840, Note_on_c, 0, 28, 90
3, 196320, Note_off_c, 0, 28, 64
3, 196560, Note_on_c, 0, 31, 92
3, 196796, Note_off_c, 0, 31, 64
3, 196800, Note_on_c, 0, 32, 91
3, 197036, Note_off_c, 0, 32, 64
3, 197040, Note_on_c, 0, 35, 93
3, 197516, Note_off_c, 0, 35, 64
3, 197520, Note_on_c, 0, 32, 82
3, 197756, Note_off_c, 0, 32, 64
3, 197760, Note_on_c, 0, 33, 99
3, 198240, Note_off_c, 0, 33, 64
3, 198480, Note_on_c, 0, 36, 113
3, 198716, Note_off_c, 0, 36, 64
3, 198720, Note_on_c, 0, 37, 109
3, 198956, Note_off_c, 0, 37, 64
3, 198960, Note_on_c, 0, 40, 107
3, 199436, Note_off_c, 0, 40, 64
3, 199440, Note_on_c, 0, 37, 109
3, 199676, Note_off_c, 0, 37, 64
3, 199680, Note_on_c, 0, 33, 117
3, 199920, Note_off_c, 0, 33, 64
3, 199920, End_track
0, 0, End_of_file
