0, 0, Header, 1, 3, 240
1, 0, Start_track
1, 0, Time_signature, 4, 2, 24, 8
1, 0, Tempo, 600000
1, 0, End_track
2, 0, Start_track
2, 0, Control_c, 1, 0, 54
2, 0, Control_c, 1, 32, 0
2, 0, Program_c, 1, 53
2, 0, Control_c, 1, 7, 127
2, 3600, Note_on_c, 1, 60, 104
2, 3696, Note_off_c, 1, 60, 64
2, 3720, Note_on_c, 1, 59, 104
2, 3936, Note_off_c, 1, 59, 64
2, 3960, Note_on_c, 1, 60, 104
2, 4056, Note_off_c, 1, 60, 64
2, 4560, Note_on_c, 1, 60, 104
2, 4656, Note_off_c, 1, 60, 64
2, 4680, Note_on_c, 1, 59, 104
2, 4992, Note_off_c, 1, 59, 64
2, 5520, Note_on_c, 1, 59, 104
2, 5616, Note_off_c, 1, 59, 64
2, 5640, Note_on_c, 1, 60, 104
2, 5808, Note_off_c, 1, 60, 64
2, 5820, Note_on_c, 1, 59, 104
2, 5868, Note_off_c, 1, 59, 64
2, 5880, Note_on_c, 1, 57, 104
2, 6048, Note_off_c, 1, 57, 64
2, 6060, Note_on_c, 1, 55, 104
2, 6108, Note_off_c, 1, 55, 64
2, 6120, Note_on_c, 1, 53, 104
2, 6432, Note_off_c, 1, 53, 64
2, 7440, Note_on_c, 1, 60, 104
2, 7536, Note_off_c, 1, 60, 64
2, 7560, Note_on_c, 1, 59, 104
2, 7776, Note_off_c, 1, 59, 64
2, 7800, Note_on_c, 1, 60, 104
2, 7896, Note_off_c, 1, 60, 64
2, 8400, Note_on_c, 1, 60, 104
2, 8496, Note_off_c, 1, 60, 64
2, 8520, Note_on_c, 1, 59, 104
2, 8832, Note_off_c, 1, 59, 64
2, 9360, Note_on_c, 1, 59, 104
2, 9456, Note_off_c, 1, 59, 64
2, 9480, Note_on_c, 1, 60, 104
2, 9648, Note_off_c, 1, 60, 64
2, 9660, Note_on_c, 1, 59, 104
2, 9708, Note_off_c, 1, 59, 64
2, 9720, Note_on_c, 1, 57, 104
2, 9888, Note_off_c, 1, 57, 64
2, 9900, Note_on_c, 1, 55, 104
2, 9948, Note_off_c, 1, 55, 64
2, 9960, Note_on_c, 1, 53, 104
2, 10272, Note_off_c, 1, 53, 64
2, 11280, Note_on_c, 1, 62, 104
2, 11472, Note_off_c, 1, 62, 64
2, 11520, Note_on_c, 1, 57, 104
2, 11712, Note_off_c, 1, 57, 64
2, 77520, Note_on_c, 1, 73, 104
2, 77616, Note_off_c, 1, 73, 64
2, 77640, Note_on_c, 1, 80, 104
2, 80064, Note_off_c, 1, 80, 64
2, 80160, Note_on_c, 1, 78, 104
2, 80208, Note_off_c, 1, 78, 64
2, 80220, Note_on_c, 1, 75, 104
2, 80268, Note_off_c, 1, 75, 64
2, 80280, Note_on_c, 1, 73, 104
2, 80376, Note_off_c, 1, 73, 64
2, 80400, Note_on_c, 1, 72, 104
2, 80496, Note_off_c, 1, 72, 64
2, 87744, Note_off_c, 1, 80, 64
2, 87840, Note_on_c, 1, 78, 104
2, 87888, Note_off_c, 1, 78, 64
2, 87900, Note_on_c, 1, 75, 104
2, 87948, Note_off_c, 1, 75, 64
2, 87960, Note_on_c, 1, 73, 104
2, 88056, Note_off_c, 1, 73, 64
2, 88080, Note_on_c, 1, 72, 104
2, 88176, Note_off_c, 1, 72, 64
2, 88176, End_track
3, 0, Start_track
3, 0, Control_c, 0, 0, 1
3, 0, Control_c, 0, 32, 0
3, 0, Program_c, 0, 0
3, 0, Control_c, 0, 7, 123
3, 0, Note_on_c, 0, 45, 91
3, 0, Note_on_c, 0, 69, 91
3, 288, Note_off_c, 0, 45, 64
3, 360, Note_on_c, 0, 45, 91
3, 480, Note_on_c, 0, 72, 91
3, 576, Note_off_c, 0, 45, 64
3, 600, Note_on_c, 0, 57, 91
3, 672, Note_off_c, 0, 72, 64
3, 720, Note_on_c, 0, 71, 91
3, 768, Note_off_c, 0, 69, 64
3, 888, Note_off_c, 0, 57, 64
3, 912, Note_off_c, 0, 71, 64
3, 960, Note_on_c, 0, 45, 91
3, 960, Note_on_c, 0, 69, 91
3, 1248, Note_off_c, 0, 45, 64
3, 1320, Note_on_c, 0, 45, 91
3, 1440, Note_on_c, 0, 72, 91
3, 1632, Note_off_c, 0, 72, 64
3, 1680, Note_on_c, 0, 71, 91
3, 1728, Note_off_c, 0, 69, 64
3, 1824, Note_off_c, 0, 45, 64
3, 1872, Note_off_c, 0, 71, 64
3, 1920, Note_on_c, 0, 45, 91
3, 1920, Note_on_c, 0, 69, 91
3, 2208, Note_off_c, 0, 45, 64
3, 2280, Note_on_c, 0, 45, 91
3, 2400, Note_on_c, 0, 72, 91
3, 2496, Note_off_c, 0, 45, 64
3, 2520, Note_on_c, 0, 57, 91
3, 2592, Note_off_c, 0, 72, 64
3, 2640, Note_on_c, 0, 71, 91
3, 2688, Note_off_c, 0, 69, 64
3, 2808, Note_off_c, 0, 57, 64
3, 2832, Note_off_c, 0, 71, 64
3, 2880, Note_on_c, 0, 45, 91
3, 2880, Note_on_c, 0, 69, 91
3, 3168, Note_off_c, 0, 45, 64
3, 3240, Note_on_c, 0, 45, 91
3, 3456, Note_off_c, 0, 69, 64
3, 3600, Note_on_c, 0, 72, 91
3, 3600, Note_on_c, 0, 64, 91
3, 3696, Note_off_c, 0, 64, 64
3, 3696, Note_off_c, 0, 72, 64
3, 3720, Note_on_c, 0, 71, 91
3, 3720, Note_on_c, 0, 62, 91
3, 3744, Note_off_c, 0, 45, 64
3, 3840, Note_on_c, 0, 45, 91
3, 3936, Note_off_c, 0, 62, 64
3, 3936, Note_off_c, 0, 71, 64
3, 3960, Note_on_c, 0, 72, 91
3, 3960, Note_on_c, 0, 64, 91
3, 3960, Note_on_c, 0, 67, 91
3, 4128, Note_off_c, 0, 45, 64
3, 4200, Note_on_c, 0, 45, 91
3, 4296, Note_off_c, 0, 45, 64
3, 4320, Note_on_c, 0, 52, 91
3, 4464, Note_off_c, 0, 64, 64
3, 4464, Note_off_c, 0, 67, 64
3, 4464, Note_off_c, 0, 72, 64
3, 4512, Note_off_c, 0, 52, 64
3, 4560, Note_on_c, 0, 67, 91
3, 4560, Note_on_c, 0, 64, 91
3, 4560, Note_on_c, 0, 72, 91
3, 4560, Note_on_c, 0, 45, 91
3, 4656, Note_off_c, 0, 72, 64
3, 4656, Note_off_c, 0, 64, 64
3, 4656, Note_off_c, 0, 67, 64
3, 4680, Note_on_c, 0, 62, 91
3, 4680, Note_on_c, 0, 67, 91
3, 4680, Note_on_c, 0, 71, 91
3, 4752, Note_off_c, 0, 45, 64
3, 4800, Note_on_c, 0, 40, 91
3, 5088, Note_off_c, 0, 40, 64
3, 5160, Note_on_c, 0, 40, 91
3, 5256, Note_off_c, 0, 40, 64
3, 5280, Note_on_c, 0, 43, 91
3, 5376, Note_off_c, 0, 62, 64
3, 5376, Note_off_c, 0, 67, 64
3, 5376, Note_off_c, 0, 71, 64
3, 5472, Note_off_c, 0, 43, 64
3, 5520, Note_on_c, 0, 62, 91
3, 5520, Note_on_c, 0, 67, 91
3, 5520, Note_on_c, 0, 45, 91
3, 5520, Note_on_c, 0, 71, 91
3, 5616, Note_off_c, 0, 71, 64
3, 5616, Note_off_c, 0, 67, 64
3, 5616, Note_off_c, 0, 62, 64
3, 5640, Note_on_c, 0, 72, 91
3, 5640, Note_on_c, 0, 64, 91
3, 5640, Note_on_c, 0, 69, 91
3, 5712, Note_off_c, 0, 45, 64
3, 5760, Note_on_c, 0, 38, 91
3, 5808, Note_off_c, 0, 72, 64
3, 5808, Note_off_c, 0, 69, 64
3, 5808, Note_off_c, 0, 64, 64
3, 5820, Note_on_c, 0, 71, 91
3, 5820, Note_on_c, 0, 62, 91
3, 5868, Note_off_c, 0, 62, 64
3, 5868, Note_off_c, 0, 71, 64
3, 5880, Note_on_c, 0, 60, 91
3, 5880, Note_on_c, 0, 69, 91
3, 6048, Note_off_c, 0, 69, 64
3, 6048, Note_off_c, 0, 60, 64
3, 6048, Note_off_c, 0, 38, 64
3, 6060, Note_on_c, 0, 59, 91
3, 6060, Note_on_c, 0, 67, 91
3, 6108, Note_off_c, 0, 67, 64
3, 6108, Note_off_c, 0, 59, 64
3, 6120, Note_on_c, 0, 60, 91
3, 6120, Note_on_c, 0, 57, 91
3, 6120, Note_on_c, 0, 65, 91
3, 6120, Note_on_c, 0, 38, 91
3, 6216, Note_off_c, 0, 38, 64
3, 6240, Note_on_c, 0, 45, 91
3, 6432, Note_off_c, 0, 65, 64
3, 6432, Note_off_c, 0, 60, 64
3, 6432, Note_off_c, 0, 57, 64
3, 6480, Note_on_c, 0, 64, 91
3, 6528, Note_off_c, 0, 45, 64
3, 6600, Note_on_c, 0, 45, 91
3, 6672, Note_off_c, 0, 64, 64
3, 6696, Note_off_c, 0, 45, 64
3, 6720, Note_on_c, 0, 57, 91
3, 6720, Note_on_c, 0, 60, 91
3, 6720, Note_on_c, 0, 43, 91
3, 6720, Note_on_c, 0, 53, 91
3, 7008, Note_off_c, 0, 43, 64
3, 7080, Note_on_c, 0, 43, 91
3, 7176, Note_off_c, 0, 43, 64
3, 7200, Note_on_c, 0, 43, 91
3, 7296, Note_off_c, 0, 53, 64
3, 7296, Note_off_c, 0, 60, 64
3, 7296, Note_off_c, 0, 57, 64
3, 7392, Note_off_c, 0, 43, 64
3, 7440, Note_on_c, 0, 64, 91
3, 7440, Note_on_c, 0, 44, 91
3, 7440, Note_on_c, 0, 72, 91
3, 7536, Note_off_c, 0, 72, 64
3, 7536, Note_off_c, 0, 64, 64
3, 7560, Note_on_c, 0, 62, 91
3, 7560, Note_on_c, 0, 71, 91
3, 7632, Note_off_c, 0, 44, 64
3, 7680, Note_on_c, 0, 45, 91
3, 7776, Note_off_c, 0, 62, 64
3, 7776, Note_off_c, 0, 71, 64
3, 7800, Note_on_c, 0, 64, 91
3, 7800, Note_on_c, 0, 72, 91
3, 7800, Note_on_c, 0, 67, 91
3, 7968, Note_off_c, 0, 45, 64
3, 8040, Note_on_c, 0, 45, 91
3, 8136, Note_off_c, 0, 45, 64
3, 8160, Note_on_c, 0, 52, 91
3, 8304, Note_off_c, 0, 72, 64
3, 8304, Note_off_c, 0, 64, 64
3, 8304, Note_off_c, 0, 67, 64
3, 8352, Note_off_c, 0, 52, 64
3, 8400, Note_on_c, 0, 64, 91
3, 8400, Note_on_c, 0, 72, 91
3, 8400, Note_on_c, 0, 67, 91
3, 8400, Note_on_c, 0, 45, 91
3, 8496, Note_off_c, 0, 67, 64
3, 8496, Note_off_c, 0, 72, 64
3, 8496, Note_off_c, 0, 64, 64
3, 8520, Note_on_c, 0, 62, 91
3, 8520, Note_on_c, 0, 67, 91
3, 8520, Note_on_c, 0, 71, 91
3, 8592, Note_off_c, 0, 45, 64
3, 8640, Note_on_c, 0, 40, 91
3, 8928, Note_off_c, 0, 40, 64
3, 9000, Note_on_c, 0, 40, 91
3, 9096, Note_off_c, 0, 40, 64
3, 9120, Note_on_c, 0, 43, 91
3, 9216, Note_off_c, 0, 71, 64
3, 9216, Note_off_c, 0, 67, 64
3, 9216, Note_off_c, 0, 62, 64
3, 9312, Note_off_c, 0, 43, 64
3, 9360, Note_on_c, 0, 45, 91
3, 9360, Note_on_c, 0, 62, 91
3, 9360, Note_on_c, 0, 71, 91
3, 9360, Note_on_c, 0, 67, 91
3, 9456, Note_off_c, 0, 67, 64
3, 9456, Note_off_c, 0, 71, 64
3, 9456, Note_off_c, 0, 62, 64
3, 9480, Note_on_c, 0, 64, 91
3, 9480, Note_on_c, 0, 69, 91
3, 9480, Note_on_c, 0, 72, 91
3, 9552, Note_off_c, 0, 45, 64
3, 9576, Note_off_c, 0, 69, 64
3, 9600, Note_on_c, 0, 67, 91
3, 9600, Note_on_c, 0, 38, 91
3, 9648, Note_off_c, 0, 64, 64
3, 9648, Note_off_c, 0, 67, 64
3, 9648, Note_off_c, 0, 72, 64
3, 9660, Note_on_c, 0, 62, 91
3, 9660, Note_on_c, 0, 71, 91
3, 9708, Note_off_c, 0, 71, 64
3, 9708, Note_off_c, 0, 62, 64
3, 9720, Note_on_c, 0, 69, 91
3, 9720, Note_on_c, 0, 60, 91
3, 9888, Note_off_c, 0, 69, 64
3, 9888, Note_off_c, 0, 60, 64
3, 9888, Note_off_c, 0, 38, 64
3, 9900, Note_on_c, 0, 67, 91
3, 9900, Note_on_c, 0, 59, 91
3, 9948, Note_off_c, 0, 59, 64
3, 9948, Note_off_c, 0, 67, 64
3, 9960, Note_on_c, 0, 57, 91
3, 9960, Note_on_c, 0, 65, 91
3, 9960, Note_on_c, 0, 38, 91
3, 9960, Note_on_c, 0, 60, 91
3, 10056, Note_off_c, 0, 38, 64
3, 10080, Note_on_c, 0, 45, 91
3, 10272, Note_off_c, 0, 65, 64
3, 10272, Note_off_c, 0, 57, 64
3, 10272, Note_off_c, 0, 60, 64
3, 10320, Note_on_c, 0, 57, 91
3, 10368, Note_off_c, 0, 45, 64
3, 10416, Note_off_c, 0, 57, 64
3, 10440, Note_on_c, 0, 59, 91
3, 10440, Note_on_c, 0, 45, 91
3, 10536, Note_off_c, 0, 45, 64
3, 10536, Note_off_c, 0, 59, 64
3, 10560, Note_on_c, 0, 60, 91
3, 10560, Note_on_c, 0, 43, 91
3, 10560, Note_on_c, 0, 57, 91
3, 10560, Note_on_c, 0, 53, 91
3, 10752, Note_off_c, 0, 60, 64
3, 10800, Note_on_c, 0, 59, 91
3, 10848, Note_off_c, 0, 43, 64
3, 10920, Note_on_c, 0, 43, 91
3, 10944, Note_off_c, 0, 53, 64
3, 10944, Note_off_c, 0, 57, 64
3, 10992, Note_off_c, 0, 59, 64
3, 11016, Note_off_c, 0, 43, 64
3, 11040, Note_on_c, 0, 43, 91
3, 11040, Note_on_c, 0, 57, 91
3, 11232, Note_off_c, 0, 57, 64
3, 11232, Note_off_c, 0, 43, 64
3, 11280, Note_on_c, 0, 44, 91
3, 11280, Note_on_c, 0, 62, 91
3, 11472, Note_off_c, 0, 62, 64
3, 11472, Note_off_c, 0, 44, 64
3, 11520, Note_on_c, 0, 57, 91
3, 11520, Note_on_c, 0, 45, 91
3, 11808, Note_off_c, 0, 45, 64
3, 11880, Note_on_c, 0, 45, 91
3, 12096, Note_off_c, 0, 45, 64
3, 12120, Note_on_c, 0, 45, 91
3, 12408, Note_off_c, 0, 45, 64
3, 12480, Note_on_c, 0, 45, 91
3, 12768, Note_off_c, 0, 45, 64
3, 12840, Note_on_c, 0, 45, 91
3, 13248, Note_off_c, 0, 57, 64
3, 13344, Note_off_c, 0, 45, 64
3, 13440, Note_on_c, 0, 45, 91
3, 13440, Note_on_c, 0, 60, 91
3, 13440, Note_on_c, 0, 55, 91
3, 13560, Note_on_c, 0, 64, 91
3, 13656, Note_off_c, 0, 64, 64
3, 13680, Note_on_c, 0, 64, 91
3, 13728, Note_off_c, 0, 45, 64
3, 13776, Note_off_c, 0, 64, 64
3, 13800, Note_on_c, 0, 64, 91
3, 13800, Note_on_c, 0, 45, 91
3, 13896, Note_off_c, 0, 64, 64
3, 13920, Note_on_c, 0, 64, 91
3, 14016, Note_off_c, 0, 45, 64
3, 14040, Note_on_c, 0, 45, 91
3, 14112, Note_off_c, 0, 60, 64
3, 14112, Note_off_c, 0, 64, 64
3, 14112, Note_off_c, 0, 55, 64
3, 14160, Note_on_c, 0, 62, 91
3, 14256, Note_off_c, 0, 62, 64
3, 14280, Note_on_c, 0, 60, 91
3, 14328, Note_off_c, 0, 45, 64
3, 14376, Note_off_c, 0, 60, 64
3, 14400, Note_on_c, 0, 62, 91
3, 14400, Note_on_c, 0, 59, 91
3, 14400, Note_on_c, 0, 55, 91
3, 14400, Note_on_c, 0, 40, 91
3, 14496, Note_off_c, 0, 62, 64
3, 14520, Note_on_c, 0, 62, 91
3, 14616, Note_off_c, 0, 62, 64
3, 14640, Note_on_c, 0, 62, 91
3, 14688, Note_off_c, 0, 40, 64
3, 14736, Note_off_c, 0, 62, 64
3, 14760, Note_on_c, 0, 40, 91
3, 14760, Note_on_c, 0, 62, 91
3, 14856, Note_off_c, 0, 40, 64
3, 14880, Note_on_c, 0, 43, 91
3, 15072, Note_off_c, 0, 62, 64
3, 15120, Note_on_c, 0, 64, 91
3, 15168, Note_off_c, 0, 55, 64
3, 15168, Note_off_c, 0, 59, 64
3, 15216, Note_off_c, 0, 64, 64
3, 15240, Note_on_c, 0, 62, 91
3, 15264, Note_off_c, 0, 43, 64
3, 15336, Note_off_c, 0, 62, 64
3, 15360, Note_on_c, 0, 53, 91
3, 15360, Note_on_c, 0, 38, 91
3, 15360, Note_on_c, 0, 57, 91
3, 15456, Note_off_c, 0, 57, 64
3, 15480, Note_on_c, 0, 57, 91
3, 15648, Note_off_c, 0, 38, 64
3, 15720, Note_on_c, 0, 38, 91
3, 15816, Note_off_c, 0, 38, 64
3, 15840, Note_on_c, 0, 45, 91
3, 15984, Note_off_c, 0, 57, 64
3, 16080, Note_on_c, 0, 57, 91
3, 16128, Note_off_c, 0, 45, 64
3, 16128, Note_off_c, 0, 53, 64
3, 16176, Note_off_c, 0, 57, 64
3, 16200, Note_on_c, 0, 59, 91
3, 16200, Note_on_c, 0, 45, 91
3, 16296, Note_off_c, 0, 45, 64
3, 16296, Note_off_c, 0, 59, 64
3, 16320, Note_on_c, 0, 60, 91
3, 16320, Note_on_c, 0, 43, 91
3, 16320, Note_on_c, 0, 57, 91
3, 16320, Note_on_c, 0, 53, 91
3, 16512, Note_off_c, 0, 60, 64
3, 16560, Note_on_c, 0, 62, 91
3, 16608, Note_off_c, 0, 43, 64
3, 16680, Note_on_c, 0, 43, 91
3, 16752, Note_off_c, 0, 62, 64
3, 16776, Note_off_c, 0, 43, 64
3, 16800, Note_on_c, 0, 62, 91
3, 16800, Note_on_c, 0, 43, 91
3, 16896, Note_off_c, 0, 43, 64
3, 16896, Note_off_c, 0, 53, 64
3, 16896, Note_off_c, 0, 57, 64
3, 16920, Note_on_c, 0, 43, 91
3, 16992, Note_off_c, 0, 62, 64
3, 17016, Note_off_c, 0, 43, 64
3, 17040, Note_on_c, 0, 44, 91
3, 17232, Note_off_c, 0, 44, 64
3, 17280, Note_on_c, 0, 45, 91
3, 17280, Note_on_c, 0, 60, 91
3, 17280, Note_on_c, 0, 55, 91
3, 17400, Note_on_c, 0, 64, 91
3, 17496, Note_off_c, 0, 64, 64
3, 17520, Note_on_c, 0, 64, 91
3, 17568, Note_off_c, 0, 45, 64
3, 17616, Note_off_c, 0, 64, 64
3, 17640, Note_on_c, 0, 45, 91
3, 17640, Note_on_c, 0, 64, 91
3, 17736, Note_off_c, 0, 64, 64
3, 17760, Note_on_c, 0, 64, 91
3, 17856, Note_off_c, 0, 45, 64
3, 17880, Note_on_c, 0, 45, 91
3, 17952, Note_off_c, 0, 55, 64
3, 17952, Note_off_c, 0, 60, 64
3, 17952, Note_off_c, 0, 64, 64
3, 18000, Note_on_c, 0, 62, 91
3, 18096, Note_off_c, 0, 62, 64
3, 18120, Note_on_c, 0, 60, 91
3, 18168, Note_off_c, 0, 45, 64
3, 18216, Note_off_c, 0, 60, 64
3, 18240, Note_on_c, 0, 62, 91
3, 18240, Note_on_c, 0, 40, 91
3, 18240, Note_on_c, 0, 59, 91
3, 18240, Note_on_c, 0, 55, 91
3, 18336, Note_off_c, 0, 62, 64
3, 18360, Note_on_c, 0, 62, 91
3, 18456, Note_off_c, 0, 62, 64
3, 18480, Note_on_c, 0, 62, 91
3, 18528, Note_off_c, 0, 40, 64
3, 18600, Note_on_c, 0, 40, 91
3, 18696, Note_off_c, 0, 40, 64
3, 18720, Note_on_c, 0, 43, 91
3, 18816, Note_off_c, 0, 62, 64
3, 18840, Note_on_c, 0, 62, 91
3, 18936, Note_off_c, 0, 62, 64
3, 18960, Note_on_c, 0, 64, 91
3, 19008, Note_off_c, 0, 55, 64
3, 19008, Note_off_c, 0, 59, 64
3, 19056, Note_off_c, 0, 64, 64
3, 19080, Note_on_c, 0, 62, 91
3, 19104, Note_off_c, 0, 43, 64
3, 19176, Note_off_c, 0, 62, 64
3, 19200, Note_on_c, 0, 38, 91
3, 19200, Note_on_c, 0, 53, 91
3, 19200, Note_on_c, 0, 57, 91
3, 19296, Note_off_c, 0, 57, 64
3, 19320, Note_on_c, 0, 57, 91
3, 19488, Note_off_c, 0, 38, 64
3, 19560, Note_on_c, 0, 38, 91
3, 19656, Note_off_c, 0, 38, 64
3, 19680, Note_on_c, 0, 45, 91
3, 19776, Note_off_c, 0, 53, 64
3, 19776, Note_off_c, 0, 57, 64
3, 19800, Note_on_c, 0, 57, 91
3, 19896, Note_off_c, 0, 57, 64
3, 19920, Note_on_c, 0, 57, 91
3, 19968, Note_off_c, 0, 45, 64
3, 20016, Note_off_c, 0, 57, 64
3, 20040, Note_on_c, 0, 45, 91
3, 20040, Note_on_c, 0, 59, 91
3, 20136, Note_off_c, 0, 59, 64
3, 20136, Note_off_c, 0, 45, 64
3, 20160, Note_on_c, 0, 60, 91
3, 20160, Note_on_c, 0, 43, 91
3, 20160, Note_on_c, 0, 57, 91
3, 20160, Note_on_c, 0, 53, 91
3, 20352, Note_off_c, 0, 60, 64
3, 20400, Note_on_c, 0, 62, 91
3, 20448, Note_off_c, 0, 43, 64
3, 20520, Note_on_c, 0, 43, 91
3, 20592, Note_off_c, 0, 62, 64
3, 20616, Note_off_c, 0, 43, 64
3, 20640, Note_on_c, 0, 64, 91
3, 20640, Note_on_c, 0, 43, 91
3, 20736, Note_off_c, 0, 43, 64
3, 20736, Note_off_c, 0, 64, 64
3, 20760, Note_on_c, 0, 43, 91
3, 20760, Note_on_c, 0, 64, 91
3, 20856, Note_off_c, 0, 64, 64
3, 20856, Note_off_c, 0, 43, 64
3, 20880, Note_on_c, 0, 41, 91
3, 20880, Note_on_c, 0, 60, 91
3, 20928, Note_off_c, 0, 53, 64
3, 20928, Note_off_c, 0, 57, 64
3, 20976, Note_off_c, 0, 60, 64
3, 21000, Note_on_c, 0, 60, 91
3, 21072, Note_off_c, 0, 41, 64
3, 21096, Note_off_c, 0, 60, 64
3, 21120, Note_on_c, 0, 40, 91
3, 21240, Note_on_c, 0, 57, 91
3, 21336, Note_off_c, 0, 57, 64
3, 21360, Note_on_c, 0, 59, 91
3, 21360, Note_on_c, 0, 67, 91
3, 21360, Note_on_c, 0, 62, 91
3, 21408, Note_off_c, 0, 40, 64
3, 21456, Note_off_c, 0, 67, 64
3, 21480, Note_on_c, 0, 40, 91
3, 21480, Note_on_c, 0, 67, 91
3, 21576, Note_off_c, 0, 67, 64
3, 21576, Note_off_c, 0, 40, 64
3, 21600, Note_on_c, 0, 40, 91
3, 21600, Note_on_c, 0, 67, 91
3, 21696, Note_off_c, 0, 40, 64
3, 21720, Note_on_c, 0, 52, 91
3, 21816, Note_off_c, 0, 52, 64
3, 21840, Note_on_c, 0, 52, 91
3, 21888, Note_off_c, 0, 67, 64
3, 21936, Note_off_c, 0, 62, 64
3, 21936, Note_off_c, 0, 59, 64
3, 21960, Note_on_c, 0, 67, 91
3, 22032, Note_off_c, 0, 52, 64
3, 22080, Note_on_c, 0, 40, 91
3, 22080, Note_on_c, 0, 59, 91
3, 22080, Note_on_c, 0, 61, 91
3, 22128, Note_off_c, 0, 67, 64
3, 22140, Note_on_c, 0, 67, 91
3, 22284, Note_off_c, 0, 67, 64
3, 22320, Note_on_c, 0, 65, 91
3, 22368, Note_off_c, 0, 40, 64
3, 22416, Note_off_c, 0, 65, 64
3, 22440, Note_on_c, 0, 40, 91
3, 22440, Note_on_c, 0, 64, 91
3, 22536, Note_off_c, 0, 64, 64
3, 22536, Note_off_c, 0, 40, 64
3, 22560, Note_on_c, 0, 67, 91
3, 22560, Note_on_c, 0, 40, 91
3, 22656, Note_off_c, 0, 40, 64
3, 22680, Note_on_c, 0, 51, 91
3, 22776, Note_off_c, 0, 51, 64
3, 22800, Note_on_c, 0, 51, 91
3, 22848, Note_off_c, 0, 67, 64
3, 22848, Note_off_c, 0, 61, 64
3, 22848, Note_off_c, 0, 59, 64
3, 22920, Note_on_c, 0, 67, 91
3, 22992, Note_off_c, 0, 51, 64
3, 23016, Note_off_c, 0, 67, 64
3, 23040, Note_on_c, 0, 67, 91
3, 23040, Note_on_c, 0, 38, 91
3, 23040, Note_on_c, 0, 60, 91
3, 23040, Note_on_c, 0, 57, 91
3, 23232, Note_off_c, 0, 67, 64
3, 23280, Note_on_c, 0, 67, 91
3, 23328, Note_off_c, 0, 38, 64
3, 23400, Note_on_c, 0, 38, 91
3, 23472, Note_off_c, 0, 67, 64
3, 23496, Note_off_c, 0, 38, 64
3, 23520, Note_on_c, 0, 67, 91
3, 23520, Note_on_c, 0, 38, 91
3, 23616, Note_off_c, 0, 38, 64
3, 23640, Note_on_c, 0, 50, 91
3, 23712, Note_off_c, 0, 67, 64
3, 23736, Note_off_c, 0, 50, 64
3, 23760, Note_on_c, 0, 50, 91
3, 23760, Note_on_c, 0, 67, 91
3, 23808, Note_off_c, 0, 57, 64
3, 23808, Note_off_c, 0, 60, 64
3, 23856, Note_off_c, 0, 67, 64
3, 23880, Note_on_c, 0, 67, 91
3, 23952, Note_off_c, 0, 50, 64
3, 24000, Note_on_c, 0, 60, 91
3, 24000, Note_on_c, 0, 65, 91
3, 24000, Note_on_c, 0, 43, 91
3, 24192, Note_off_c, 0, 65, 64
3, 24192, Note_off_c, 0, 67, 64
3, 24240, Note_on_c, 0, 64, 91
3, 24288, Note_off_c, 0, 43, 64
3, 24336, Note_off_c, 0, 64, 64
3, 24360, Note_on_c, 0, 43, 91
3, 24360, Note_on_c, 0, 69, 91
3, 24384, Note_off_c, 0, 60, 64
3, 24456, Note_off_c, 0, 69, 64
3, 24456, Note_off_c, 0, 43, 64
3, 24480, Note_on_c, 0, 43, 91
3, 24480, Note_on_c, 0, 69, 91
3, 24480, Note_on_c, 0, 65, 91
3, 24480, Note_on_c, 0, 60, 91
3, 24576, Note_off_c, 0, 69, 64
3, 24576, Note_off_c, 0, 43, 64
3, 24600, Note_on_c, 0, 43, 91
3, 24600, Note_on_c, 0, 67, 91
3, 24696, Note_off_c, 0, 43, 64
3, 24720, Note_on_c, 0, 41, 91
3, 24864, Note_off_c, 0, 60, 64
3, 24864, Note_off_c, 0, 65, 64
3, 24888, Note_off_c, 0, 67, 64
3, 24912, Note_off_c, 0, 41, 64
3, 24960, Note_on_c, 0, 40, 91
3, 25080, Note_on_c, 0, 55, 91
3, 25176, Note_off_c, 0, 55, 64
3, 25200, Note_on_c, 0, 67, 91
3, 25200, Note_on_c, 0, 62, 91
3, 25200, Note_on_c, 0, 59, 91
3, 25248, Note_off_c, 0, 40, 64
3, 25296, Note_off_c, 0, 67, 64
3, 25320, Note_on_c, 0, 67, 91
3, 25320, Note_on_c, 0, 40, 91
3, 25416, Note_off_c, 0, 40, 64
3, 25416, Note_off_c, 0, 67, 64
3, 25440, Note_on_c, 0, 67, 91
3, 25440, Note_on_c, 0, 40, 91
3, 25536, Note_off_c, 0, 40, 64
3, 25560, Note_on_c, 0, 52, 91
3, 25656, Note_off_c, 0, 52, 64
3, 25680, Note_on_c, 0, 52, 91
3, 25728, Note_off_c, 0, 67, 64
3, 25776, Note_off_c, 0, 59, 64
3, 25776, Note_off_c, 0, 62, 64
3, 25800, Note_on_c, 0, 67, 91
3, 25872, Note_off_c, 0, 52, 64
3, 25896, Note_off_c, 0, 67, 64
3, 25920, Note_on_c, 0, 59, 91
3, 25920, Note_on_c, 0, 67, 91
3, 25920, Note_on_c, 0, 61, 91
3, 25920, Note_on_c, 0, 39, 91
3, 25968, Note_off_c, 0, 67, 64
3, 25980, Note_on_c, 0, 67, 91
3, 26124, Note_off_c, 0, 67, 64
3, 26160, Note_on_c, 0, 65, 91
3, 26208, Note_off_c, 0, 39, 64
3, 26256, Note_off_c, 0, 65, 64
3, 26280, Note_on_c, 0, 39, 91
3, 26280, Note_on_c, 0, 63, 91
3, 26376, Note_off_c, 0, 63, 64
3, 26376, Note_off_c, 0, 39, 64
3, 26400, Note_on_c, 0, 39, 91
3, 26400, Note_on_c, 0, 63, 91
3, 26496, Note_off_c, 0, 39, 64
3, 26520, Note_on_c, 0, 51, 91
3, 26616, Note_off_c, 0, 51, 64
3, 26640, Note_on_c, 0, 51, 91
3, 26688, Note_off_c, 0, 63, 64
3, 26688, Note_off_c, 0, 61, 64
3, 26688, Note_off_c, 0, 59, 64
3, 26760, Note_on_c, 0, 65, 91
3, 26832, Note_off_c, 0, 51, 64
3, 26856, Note_off_c, 0, 65, 64
3, 26880, Note_on_c, 0, 44, 91
3, 26880, Note_on_c, 0, 60, 91
3, 26880, Note_on_c, 0, 63, 91
3, 26880, Note_on_c, 0, 67, 91
3, 27072, Note_off_c, 0, 67, 64
3, 27120, Note_on_c, 0, 67, 91
3, 27168, Note_off_c, 0, 44, 64
3, 27240, Note_on_c, 0, 44, 91
3, 27312, Note_off_c, 0, 67, 64
3, 27336, Note_off_c, 0, 44, 64
3, 27360, Note_on_c, 0, 67, 91
3, 27360, Note_on_c, 0, 44, 91
3, 27552, Note_off_c, 0, 67, 64
3, 27600, Note_on_c, 0, 67, 91
3, 27648, Note_off_c, 0, 63, 64
3, 27648, Note_off_c, 0, 60, 64
3, 27696, Note_off_c, 0, 67, 64
3, 27720, Note_on_c, 0, 65, 91
3, 27744, Note_off_c, 0, 44, 64
3, 27816, Note_off_c, 0, 65, 64
3, 27840, Note_on_c, 0, 43, 91
3, 27840, Note_on_c, 0, 67, 91
3, 27840, Note_on_c, 0, 60, 91
3, 27840, Note_on_c, 0, 64, 91
3, 27840, Note_on_c, 0, 57, 91
3, 27936, Note_off_c, 0, 43, 64
3, 27960, Note_on_c, 0, 43, 91
3, 28032, Note_off_c, 0, 67, 64
3, 28056, Note_off_c, 0, 43, 64
3, 28080, Note_on_c, 0, 67, 91
3, 28080, Note_on_c, 0, 43, 91
3, 28224, Note_off_c, 0, 57, 64
3, 28224, Note_off_c, 0, 64, 64
3, 28224, Note_off_c, 0, 60, 64
3, 28272, Note_off_c, 0, 43, 64
3, 28272, Note_off_c, 0, 67, 64
3, 28320, Note_on_c, 0, 43, 91
3, 28320, Note_on_c, 0, 69, 91
3, 28416, Note_off_c, 0, 69, 64
3, 28416, Note_off_c, 0, 43, 64
3, 28440, Note_on_c, 0, 60, 91
3, 28536, Note_off_c, 0, 60, 64
3, 28560, Note_on_c, 0, 60, 91
3, 28656, Note_off_c, 0, 60, 64
3, 28680, Note_on_c, 0, 64, 91
3, 28776, Note_off_c, 0, 64, 64
3, 28800, Note_on_c, 0, 45, 91
3, 28800, Note_on_c, 0, 64, 91
3, 28800, Note_on_c, 0, 60, 91
3, 28800, Note_on_c, 0, 55, 91
3, 28896, Note_off_c, 0, 64, 64
3, 28920, Note_on_c, 0, 64, 91
3, 29016, Note_off_c, 0, 64, 64
3, 29040, Note_on_c, 0, 64, 91
3, 29088, Note_off_c, 0, 45, 64
3, 29160, Note_on_c, 0, 45, 91
3, 29184, Note_off_c, 0, 55, 64
3, 29184, Note_off_c, 0, 60, 64
3, 29232, Note_off_c, 0, 64, 64
3, 29256, Note_off_c, 0, 45, 64
3, 29280, Note_on_c, 0, 64, 91
3, 29280, Note_on_c, 0, 52, 91
3, 29280, Note_on_c, 0, 69, 91
3, 29280, Note_on_c, 0, 60, 91
3, 29472, Note_off_c, 0, 69, 64
3, 29472, Note_off_c, 0, 52, 64
3, 29472, Note_off_c, 0, 64, 64
3, 29520, Note_on_c, 0, 45, 91
3, 29520, Note_on_c, 0, 64, 91
3, 29664, Note_off_c, 0, 60, 64
3, 29712, Note_off_c, 0, 64, 64
3, 29712, Note_off_c, 0, 45, 64
3, 29760, Note_on_c, 0, 40, 91
3, 29760, Note_on_c, 0, 62, 91
3, 29760, Note_on_c, 0, 59, 91
3, 29760, Note_on_c, 0, 55, 91
3, 29856, Note_off_c, 0, 62, 64
3, 29880, Note_on_c, 0, 62, 91
3, 29976, Note_off_c, 0, 62, 64
3, 30000, Note_on_c, 0, 62, 91
3, 30048, Note_off_c, 0, 40, 64
3, 30096, Note_off_c, 0, 62, 64
3, 30120, Note_on_c, 0, 67, 91
3, 30120, Note_on_c, 0, 40, 91
3, 30216, Note_off_c, 0, 40, 64
3, 30216, Note_off_c, 0, 67, 64
3, 30240, Note_on_c, 0, 43, 91
3, 30240, Note_on_c, 0, 67, 91
3, 30432, Note_off_c, 0, 55, 64
3, 30432, Note_off_c, 0, 59, 64
3, 30432, Note_off_c, 0, 67, 64
3, 30432, Note_off_c, 0, 43, 64
3, 30480, Note_on_c, 0, 59, 91
3, 30480, Note_on_c, 0, 45, 91
3, 30576, Note_off_c, 0, 59, 64
3, 30600, Note_on_c, 0, 62, 91
3, 30672, Note_off_c, 0, 45, 64
3, 30696, Note_off_c, 0, 62, 64
3, 30720, Note_on_c, 0, 62, 91
3, 30720, Note_on_c, 0, 38, 91
3, 30720, Note_on_c, 0, 53, 91
3, 30816, Note_off_c, 0, 62, 64
3, 30840, Note_on_c, 0, 57, 91
3, 31008, Note_off_c, 0, 38, 64
3, 31080, Note_on_c, 0, 38, 91
3, 31176, Note_off_c, 0, 38, 64
3, 31200, Note_on_c, 0, 45, 91
3, 31344, Note_off_c, 0, 57, 64
3, 31440, Note_on_c, 0, 57, 91
3, 31488, Note_off_c, 0, 45, 64
3, 31488, Note_off_c, 0, 53, 64
3, 31536, Note_off_c, 0, 57, 64
3, 31560, Note_on_c, 0, 59, 91
3, 31560, Note_on_c, 0, 45, 91
3, 31656, Note_off_c, 0, 45, 64
3, 31656, Note_off_c, 0, 59, 64
3, 31680, Note_on_c, 0, 60, 91
3, 31680, Note_on_c, 0, 43, 91
3, 31680, Note_on_c, 0, 57, 91
3, 31680, Note_on_c, 0, 53, 91
3, 31872, Note_off_c, 0, 60, 64
3, 31920, Note_on_c, 0, 62, 91
3, 31968, Note_off_c, 0, 43, 64
3, 32040, Note_on_c, 0, 43, 91
3, 32112, Note_off_c, 0, 62, 64
3, 32136, Note_off_c, 0, 43, 64
3, 32160, Note_on_c, 0, 64, 91
3, 32160, Note_on_c, 0, 43, 91
3, 32352, Note_off_c, 0, 43, 64
3, 32352, Note_off_c, 0, 64, 64
3, 32400, Note_on_c, 0, 60, 91
3, 32400, Note_on_c, 0, 44, 91
3, 32448, Note_off_c, 0, 53, 64
3, 32448, Note_off_c, 0, 57, 64
3, 32496, Note_off_c, 0, 60, 64
3, 32520, Note_on_c, 0, 62, 91
3, 32592, Note_off_c, 0, 44, 64
3, 32616, Note_off_c, 0, 62, 64
3, 32640, Note_on_c, 0, 45, 91
3, 32640, Note_on_c, 0, 64, 91
3, 32640, Note_on_c, 0, 60, 91
3, 32640, Note_on_c, 0, 55, 91
3, 32832, Note_off_c, 0, 64, 64
3, 32880, Note_on_c, 0, 64, 91
3, 32928, Note_off_c, 0, 45, 64
3, 33000, Note_on_c, 0, 45, 91
3, 33024, Note_off_c, 0, 55, 64
3, 33024, Note_off_c, 0, 60, 64
3, 33072, Note_off_c, 0, 64, 64
3, 33096, Note_off_c, 0, 45, 64
3, 33120, Note_on_c, 0, 69, 91
3, 33120, Note_on_c, 0, 52, 91
3, 33120, Note_on_c, 0, 64, 91
3, 33120, Note_on_c, 0, 60, 91
3, 33312, Note_off_c, 0, 52, 64
3, 33360, Note_on_c, 0, 45, 91
3, 33408, Note_off_c, 0, 60, 64
3, 33408, Note_off_c, 0, 64, 64
3, 33408, Note_off_c, 0, 69, 64
3, 33480, Note_on_c, 0, 64, 91
3, 33552, Note_off_c, 0, 45, 64
3, 33576, Note_off_c, 0, 64, 64
3, 33600, Note_on_c, 0, 40, 91
3, 33600, Note_on_c, 0, 62, 91
3, 33600, Note_on_c, 0, 59, 91
3, 33600, Note_on_c, 0, 55, 91
3, 33696, Note_off_c, 0, 62, 64
3, 33720, Note_on_c, 0, 62, 91
3, 33816, Note_off_c, 0, 62, 64
3, 33840, Note_on_c, 0, 62, 91
3, 33888, Note_off_c, 0, 40, 64
3, 33936, Note_off_c, 0, 62, 64
3, 33960, Note_on_c, 0, 40, 91
3, 33960, Note_on_c, 0, 67, 91
3, 34056, Note_off_c, 0, 40, 64
3, 34080, Note_on_c, 0, 43, 91
3, 34272, Note_off_c, 0, 55, 64
3, 34272, Note_off_c, 0, 59, 64
3, 34272, Note_off_c, 0, 67, 64
3, 34272, Note_off_c, 0, 43, 64
3, 34320, Note_on_c, 0, 45, 91
3, 34320, Note_on_c, 0, 59, 91
3, 34416, Note_off_c, 0, 59, 64
3, 34440, Note_on_c, 0, 62, 91
3, 34512, Note_off_c, 0, 45, 64
3, 34560, Note_on_c, 0, 38, 91
3, 34560, Note_on_c, 0, 53, 91
3, 34656, Note_off_c, 0, 62, 64
3, 34680, Note_on_c, 0, 57, 91
3, 34848, Note_off_c, 0, 38, 64
3, 34920, Note_on_c, 0, 45, 91
3, 35016, Note_off_c, 0, 45, 64
3, 35040, Note_on_c, 0, 45, 91
3, 35184, Note_off_c, 0, 57, 64
3, 35232, Note_off_c, 0, 45, 64
3, 35280, Note_on_c, 0, 57, 91
3, 35280, Note_on_c, 0, 45, 91
3, 35328, Note_off_c, 0, 53, 64
3, 35376, Note_off_c, 0, 45, 64
3, 35376, Note_off_c, 0, 57, 64
3, 35400, Note_on_c, 0, 59, 91
3, 35496, Note_off_c, 0, 59, 64
3, 35520, Note_on_c, 0, 43, 91
3, 35520, Note_on_c, 0, 60, 91
3, 35520, Note_on_c, 0, 57, 91
3, 35520, Note_on_c, 0, 53, 91
3, 35712, Note_off_c, 0, 60, 64
3, 35760, Note_on_c, 0, 59, 91
3, 35808, Note_off_c, 0, 43, 64
3, 35880, Note_on_c, 0, 43, 91
3, 35904, Note_off_c, 0, 53, 64
3, 35904, Note_off_c, 0, 57, 64
3, 35952, Note_off_c, 0, 59, 64
3, 35976, Note_off_c, 0, 43, 64
3, 36000, Note_on_c, 0, 57, 91
3, 36000, Note_on_c, 0, 43, 91
3, 36192, Note_off_c, 0, 43, 64
3, 36192, Note_off_c, 0, 57, 64
3, 36240, Note_on_c, 0, 55, 91
3, 36240, Note_on_c, 0, 44, 91
3, 36336, Note_off_c, 0, 55, 64
3, 36360, Note_on_c, 0, 59, 91
3, 36432, Note_off_c, 0, 44, 64
3, 36480, Note_on_c, 0, 45, 91
3, 36672, Note_off_c, 0, 59, 64
3, 36720, Note_on_c, 0, 57, 91
3, 36768, Note_off_c, 0, 45, 64
3, 36840, Note_on_c, 0, 45, 91
3, 37008, Note_off_c, 0, 57, 64
3, 37020, Note_on_c, 0, 57, 91
3, 37056, Note_off_c, 0, 45, 64
3, 37068, Note_off_c, 0, 57, 64
3, 37080, Note_on_c, 0, 45, 91
3, 37080, Note_on_c, 0, 52, 91
3, 37176, Note_off_c, 0, 52, 64
3, 37368, Note_off_c, 0, 45, 64
3, 37440, Note_on_c, 0, 45, 91
3, 37560, Note_on_c, 0, 69, 91
3, 37656, Note_off_c, 0, 69, 64
3, 37728, Note_off_c, 0, 45, 64
3, 37800, Note_on_c, 0, 45, 91
3, 38304, Note_off_c, 0, 45, 64
3, 38400, Note_on_c, 0, 45, 91
3, 38400, Note_on_c, 0, 60, 91
3, 38400, Note_on_c, 0, 55, 91
3, 38520, Note_on_c, 0, 64, 91
3, 38616, Note_off_c, 0, 64, 64
3, 38640, Note_on_c, 0, 64, 91
3, 38688, Note_off_c, 0, 45, 64
3, 38736, Note_off_c, 0, 64, 64
3, 38760, Note_on_c, 0, 64, 91
3, 38760, Note_on_c, 0, 45, 91
3, 38856, Note_off_c, 0, 64, 64
3, 38880, Note_on_c, 0, 64, 91
3, 38976, Note_off_c, 0, 45, 64
3, 39000, Note_on_c, 0, 45, 91
3, 39072, Note_off_c, 0, 60, 64
3, 39072, Note_off_c, 0, 64, 64
3, 39072, Note_off_c, 0, 55, 64
3, 39120, Note_on_c, 0, 62, 91
3, 39216, Note_off_c, 0, 62, 64
3, 39240, Note_on_c, 0, 60, 91
3, 39288, Note_off_c, 0, 45, 64
3, 39336, Note_off_c, 0, 60, 64
3, 39360, Note_on_c, 0, 62, 91
3, 39360, Note_on_c, 0, 59, 91
3, 39360, Note_on_c, 0, 55, 91
3, 39360, Note_on_c, 0, 40, 91
3, 39456, Note_off_c, 0, 62, 64
3, 39480, Note_on_c, 0, 62, 91
3, 39576, Note_off_c, 0, 62, 64
3, 39600, Note_on_c, 0, 62, 91
3, 39648, Note_off_c, 0, 40, 64
3, 39696, Note_off_c, 0, 62, 64
3, 39720, Note_on_c, 0, 40, 91
3, 39720, Note_on_c, 0, 62, 91
3, 39816, Note_off_c, 0, 40, 64
3, 39840, Note_on_c, 0, 43, 91
3, 40032, Note_off_c, 0, 62, 64
3, 40080, Note_on_c, 0, 64, 91
3, 40128, Note_off_c, 0, 55, 64
3, 40128, Note_off_c, 0, 59, 64
3, 40176, Note_off_c, 0, 64, 64
3, 40200, Note_on_c, 0, 62, 91
3, 40224, Note_off_c, 0, 43, 64
3, 40296, Note_off_c, 0, 62, 64
3, 40320, Note_on_c, 0, 53, 91
3, 40320, Note_on_c, 0, 38, 91
3, 40320, Note_on_c, 0, 57, 91
3, 40416, Note_off_c, 0, 57, 64
3, 40440, Note_on_c, 0, 57, 91
3, 40608, Note_off_c, 0, 38, 64
3, 40680, Note_on_c, 0, 38, 91
3, 40776, Note_off_c, 0, 38, 64
3, 40800, Note_on_c, 0, 45, 91
3, 40944, Note_off_c, 0, 57, 64
3, 41040, Note_on_c, 0, 57, 91
3, 41088, Note_off_c, 0, 45, 64
3, 41088, Note_off_c, 0, 53, 64
3, 41136, Note_off_c, 0, 57, 64
3, 41160, Note_on_c, 0, 59, 91
3, 41160, Note_on_c, 0, 45, 91
3, 41256, Note_off_c, 0, 45, 64
3, 41256, Note_off_c, 0, 59, 64
3, 41280, Note_on_c, 0, 60, 91
3, 41280, Note_on_c, 0, 43, 91
3, 41280, Note_on_c, 0, 57, 91
3, 41280, Note_on_c, 0, 53, 91
3, 41472, Note_off_c, 0, 60, 64
3, 41520, Note_on_c, 0, 62, 91
3, 41568, Note_off_c, 0, 43, 64
3, 41640, Note_on_c, 0, 43, 91
3, 41712, Note_off_c, 0, 62, 64
3, 41736, Note_off_c, 0, 43, 64
3, 41760, Note_on_c, 0, 62, 91
3, 41760, Note_on_c, 0, 43, 91
3, 41856, Note_off_c, 0, 43, 64
3, 41856, Note_off_c, 0, 53, 64
3, 41856, Note_off_c, 0, 57, 64
3, 41880, Note_on_c, 0, 43, 91
3, 41952, Note_off_c, 0, 62, 64
3, 41976, Note_off_c, 0, 43, 64
3, 42000, Note_on_c, 0, 44, 91
3, 42192, Note_off_c, 0, 44, 64
3, 42240, Note_on_c, 0, 45, 91
3, 42240, Note_on_c, 0, 60, 91
3, 42240, Note_on_c, 0, 55, 91
3, 42360, Note_on_c, 0, 64, 91
3, 42456, Note_off_c, 0, 64, 64
3, 42480, Note_on_c, 0, 64, 91
3, 42528, Note_off_c, 0, 45, 64
3, 42576, Note_off_c, 0, 64, 64
3, 42600, Note_on_c, 0, 45, 91
3, 42600, Note_on_c, 0, 64, 91
3, 42696, Note_off_c, 0, 64, 64
3, 42720, Note_on_c, 0, 64, 91
3, 42816, Note_off_c, 0, 45, 64
3, 42840, Note_on_c, 0, 45, 91
3, 42912, Note_off_c, 0, 55, 64
3, 42912, Note_off_c, 0, 60, 64
3, 42912, Note_off_c, 0, 64, 64
3, 42960, Note_on_c, 0, 62, 91
3, 43056, Note_off_c, 0, 62, 64
3, 43080, Note_on_c, 0, 60, 91
3, 43128, Note_off_c, 0, 45, 64
3, 43176, Note_off_c, 0, 60, 64
3, 43200, Note_on_c, 0, 62, 91
3, 43200, Note_on_c, 0, 40, 91
3, 43200, Note_on_c, 0, 59, 91
3, 43200, Note_on_c, 0, 55, 91
3, 43296, Note_off_c, 0, 62, 64
3, 43320, Note_on_c, 0, 62, 91
3, 43416, Note_off_c, 0, 62, 64
3, 43440, Note_on_c, 0, 62, 91
3, 43488, Note_off_c, 0, 40, 64
3, 43560, Note_on_c, 0, 40, 91
3, 43656, Note_off_c, 0, 40, 64
3, 43680, Note_on_c, 0, 43, 91
3, 43776, Note_off_c, 0, 62, 64
3, 43800, Note_on_c, 0, 62, 91
3, 43896, Note_off_c, 0, 62, 64
3, 43920, Note_on_c, 0, 64, 91
3, 43968, Note_off_c, 0, 55, 64
3, 43968, Note_off_c, 0, 59, 64
3, 44016, Note_off_c, 0, 64, 64
3, 44040, Note_on_c, 0, 62, 91
3, 44064, Note_off_c, 0, 43, 64
3, 44136, Note_off_c, 0, 62, 64
3, 44160, Note_on_c, 0, 38, 91
3, 44160, Note_on_c, 0, 53, 91
3, 44160, Note_on_c, 0, 57, 91
3, 44256, Note_off_c, 0, 57, 64
3, 44280, Note_on_c, 0, 57, 91
3, 44448, Note_off_c, 0, 38, 64
3, 44520, Note_on_c, 0, 38, 91
3, 44616, Note_off_c, 0, 38, 64
3, 44640, Note_on_c, 0, 45, 91
3, 44736, Note_off_c, 0, 53, 64
3, 44736, Note_off_c, 0, 57, 64
3, 44760, Note_on_c, 0, 57, 91
3, 44856, Note_off_c, 0, 57, 64
3, 44880, Note_on_c, 0, 57, 91
3, 44928, Note_off_c, 0, 45, 64
3, 44976, Note_off_c, 0, 57, 64
3, 45000, Note_on_c, 0, 45, 91
3, 45000, Note_on_c, 0, 59, 91
3, 45096, Note_off_c, 0, 59, 64
3, 45096, Note_off_c, 0, 45, 64
3, 45120, Note_on_c, 0, 60, 91
3, 45120, Note_on_c, 0, 43, 91
3, 45120, Note_on_c, 0, 57, 91
3, 45120, Note_on_c, 0, 53, 91
3, 45312, Note_off_c, 0, 60, 64
3, 45360, Note_on_c, 0, 62, 91
3, 45408, Note_off_c, 0, 43, 64
3, 45480, Note_on_c, 0, 43, 91
3, 45552, Note_off_c, 0, 62, 64
3, 45576, Note_off_c, 0, 43, 64
3, 45600, Note_on_c, 0, 64, 91
3, 45600, Note_on_c, 0, 43, 91
3, 45696, Note_off_c, 0, 43, 64
3, 45696, Note_off_c, 0, 64, 64
3, 45720, Note_on_c, 0, 43, 91
3, 45720, Note_on_c, 0, 64, 91
3, 45816, Note_off_c, 0, 64, 64
3, 45816, Note_off_c, 0, 43, 64
3, 45840, Note_on_c, 0, 41, 91
3, 45840, Note_on_c, 0, 60, 91
3, 45888, Note_off_c, 0, 53, 64
3, 45888, Note_off_c, 0, 57, 64
3, 45936, Note_off_c, 0, 60, 64
3, 45960, Note_on_c, 0, 60, 91
3, 46032, Note_off_c, 0, 41, 64
3, 46056, Note_off_c, 0, 60, 64
3, 46080, Note_on_c, 0, 40, 91
3, 46200, Note_on_c, 0, 57, 91
3, 46296, Note_off_c, 0, 57, 64
3, 46320, Note_on_c, 0, 59, 91
3, 46320, Note_on_c, 0, 67, 91
3, 46320, Note_on_c, 0, 62, 91
3, 46368, Note_off_c, 0, 40, 64
3, 46416, Note_off_c, 0, 67, 64
3, 46440, Note_on_c, 0, 40, 91
3, 46440, Note_on_c, 0, 67, 91
3, 46536, Note_off_c, 0, 67, 64
3, 46536, Note_off_c, 0, 40, 64
3, 46560, Note_on_c, 0, 40, 91
3, 46560, Note_on_c, 0, 67, 91
3, 46656, Note_off_c, 0, 40, 64
3, 46680, Note_on_c, 0, 52, 91
3, 46776, Note_off_c, 0, 52, 64
3, 46800, Note_on_c, 0, 52, 91
3, 46848, Note_off_c, 0, 67, 64
3, 46896, Note_off_c, 0, 62, 64
3, 46896, Note_off_c, 0, 59, 64
3, 46920, Note_on_c, 0, 67, 91
3, 46992, Note_off_c, 0, 52, 64
3, 47040, Note_on_c, 0, 40, 91
3, 47040, Note_on_c, 0, 59, 91
3, 47040, Note_on_c, 0, 61, 91
3, 47088, Note_off_c, 0, 67, 64
3, 47100, Note_on_c, 0, 67, 91
3, 47244, Note_off_c, 0, 67, 64
3, 47280, Note_on_c, 0, 65, 91
3, 47328, Note_off_c, 0, 40, 64
3, 47376, Note_off_c, 0, 65, 64
3, 47400, Note_on_c, 0, 40, 91
3, 47400, Note_on_c, 0, 64, 91
3, 47496, Note_off_c, 0, 64, 64
3, 47496, Note_off_c, 0, 40, 64
3, 47520, Note_on_c, 0, 67, 91
3, 47520, Note_on_c, 0, 40, 91
3, 47616, Note_off_c, 0, 40, 64
3, 47640, Note_on_c, 0, 51, 91
3, 47736, Note_off_c, 0, 51, 64
3, 47760, Note_on_c, 0, 51, 91
3, 47808, Note_off_c, 0, 67, 64
3, 47808, Note_off_c, 0, 61, 64
3, 47808, Note_off_c, 0, 59, 64
3, 47880, Note_on_c, 0, 67, 91
3, 47952, Note_off_c, 0, 51, 64
3, 47976, Note_off_c, 0, 67, 64
3, 48000, Note_on_c, 0, 67, 91
3, 48000, Note_on_c, 0, 38, 91
3, 48000, Note_on_c, 0, 60, 91
3, 48000, Note_on_c, 0, 57, 91
3, 48192, Note_off_c, 0, 67, 64
3, 48240, Note_on_c, 0, 67, 91
3, 48288, Note_off_c, 0, 38, 64
3, 48360, Note_on_c, 0, 38, 91
3, 48432, Note_off_c, 0, 67, 64
3, 48456, Note_off_c, 0, 38, 64
3, 48480, Note_on_c, 0, 67, 91
3, 48480, Note_on_c, 0, 38, 91
3, 48576, Note_off_c, 0, 38, 64
3, 48600, Note_on_c, 0, 50, 91
3, 48672, Note_off_c, 0, 67, 64
3, 48696, Note_off_c, 0, 50, 64
3, 48720, Note_on_c, 0, 50, 91
3, 48720, Note_on_c, 0, 67, 91
3, 48768, Note_off_c, 0, 57, 64
3, 48768, Note_off_c, 0, 60, 64
3, 48816, Note_off_c, 0, 67, 64
3, 48840, Note_on_c, 0, 67, 91
3, 48912, Note_off_c, 0, 50, 64
3, 48960, Note_on_c, 0, 60, 91
3, 48960, Note_on_c, 0, 65, 91
3, 48960, Note_on_c, 0, 43, 91
3, 49152, Note_off_c, 0, 65, 64
3, 49152, Note_off_c, 0, 67, 64
3, 49200, Note_on_c, 0, 64, 91
3, 49248, Note_off_c, 0, 43, 64
3, 49296, Note_off_c, 0, 64, 64
3, 49320, Note_on_c, 0, 43, 91
3, 49320, Note_on_c, 0, 69, 91
3, 49344, Note_off_c, 0, 60, 64
3, 49416, Note_off_c, 0, 69, 64
3, 49416, Note_off_c, 0, 43, 64
3, 49440, Note_on_c, 0, 43, 91
3, 49440, Note_on_c, 0, 69, 91
3, 49440, Note_on_c, 0, 65, 91
3, 49440, Note_on_c, 0, 60, 91
3, 49536, Note_off_c, 0, 69, 64
3, 49536, Note_off_c, 0, 43, 64
3, 49560, Note_on_c, 0, 43, 91
3, 49560, Note_on_c, 0, 67, 91
3, 49656, Note_off_c, 0, 43, 64
3, 49680, Note_on_c, 0, 41, 91
3, 49824, Note_off_c, 0, 60, 64
3, 49824, Note_off_c, 0, 65, 64
3, 49848, Note_off_c, 0, 67, 64
3, 49872, Note_off_c, 0, 41, 64
3, 49920, Note_on_c, 0, 40, 91
3, 50040, Note_on_c, 0, 55, 91
3, 50136, Note_off_c, 0, 55, 64
3, 50160, Note_on_c, 0, 67, 91
3, 50160, Note_on_c, 0, 62, 91
3, 50160, Note_on_c, 0, 59, 91
3, 50208, Note_off_c, 0, 40, 64
3, 50256, Note_off_c, 0, 67, 64
3, 50280, Note_on_c, 0, 67, 91
3, 50280, Note_on_c, 0, 40, 91
3, 50376, Note_off_c, 0, 40, 64
3, 50376, Note_off_c, 0, 67, 64
3, 50400, Note_on_c, 0, 67, 91
3, 50400, Note_on_c, 0, 40, 91
3, 50496, Note_off_c, 0, 40, 64
3, 50520, Note_on_c, 0, 52, 91
3, 50616, Note_off_c, 0, 52, 64
3, 50640, Note_on_c, 0, 52, 91
3, 50688, Note_off_c, 0, 67, 64
3, 50736, Note_off_c, 0, 59, 64
3, 50736, Note_off_c, 0, 62, 64
3, 50760, Note_on_c, 0, 67, 91
3, 50832, Note_off_c, 0, 52, 64
3, 50856, Note_off_c, 0, 67, 64
3, 50880, Note_on_c, 0, 59, 91
3, 50880, Note_on_c, 0, 67, 91
3, 50880, Note_on_c, 0, 61, 91
3, 50880, Note_on_c, 0, 39, 91
3, 50928, Note_off_c, 0, 67, 64
3, 50940, Note_on_c, 0, 67, 91
3, 51084, Note_off_c, 0, 67, 64
3, 51120, Note_on_c, 0, 65, 91
3, 51168, Note_off_c, 0, 39, 64
3, 51216, Note_off_c, 0, 65, 64
3, 51240, Note_on_c, 0, 39, 91
3, 51240, Note_on_c, 0, 63, 91
3, 51336, Note_off_c, 0, 63, 64
3, 51336, Note_off_c, 0, 39, 64
3, 51360, Note_on_c, 0, 39, 91
3, 51360, Note_on_c, 0, 63, 91
3, 51456, Note_off_c, 0, 39, 64
3, 51480, Note_on_c, 0, 51, 91
3, 51576, Note_off_c, 0, 51, 64
3, 51600, Note_on_c, 0, 51, 91
3, 51648, Note_off_c, 0, 63, 64
3, 51648, Note_off_c, 0, 61, 64
3, 51648, Note_off_c, 0, 59, 64
3, 51720, Note_on_c, 0, 65, 91
3, 51792, Note_off_c, 0, 51, 64
3, 51816, Note_off_c, 0, 65, 64
3, 51840, Note_on_c, 0, 44, 91
3, 51840, Note_on_c, 0, 60, 91
3, 51840, Note_on_c, 0, 63, 91
3, 51840, Note_on_c, 0, 67, 91
3, 52032, Note_off_c, 0, 67, 64
3, 52080, Note_on_c, 0, 67, 91
3, 52128, Note_off_c, 0, 44, 64
3, 52200, Note_on_c, 0, 44, 91
3, 52272, Note_off_c, 0, 67, 64
3, 52296, Note_off_c, 0, 44, 64
3, 52320, Note_on_c, 0, 67, 91
3, 52320, Note_on_c, 0, 44, 91
3, 52512, Note_off_c, 0, 67, 64
3, 52560, Note_on_c, 0, 67, 91
3, 52608, Note_off_c, 0, 63, 64
3, 52608, Note_off_c, 0, 60, 64
3, 52656, Note_off_c, 0, 67, 64
3, 52680, Note_on_c, 0, 65, 91
3, 52704, Note_off_c, 0, 44, 64
3, 52776, Note_off_c, 0, 65, 64
3, 52800, Note_on_c, 0, 43, 91
3, 52800, Note_on_c, 0, 67, 91
3, 52800, Note_on_c, 0, 60, 91
3, 52800, Note_on_c, 0, 64, 91
3, 52800, Note_on_c, 0, 57, 91
3, 52896, Note_off_c, 0, 43, 64
3, 52920, Note_on_c, 0, 43, 91
3, 52992, Note_off_c, 0, 67, 64
3, 53016, Note_off_c, 0, 43, 64
3, 53040, Note_on_c, 0, 67, 91
3, 53040, Note_on_c, 0, 43, 91
3, 53184, Note_off_c, 0, 57, 64
3, 53184, Note_off_c, 0, 64, 64
3, 53184, Note_off_c, 0, 60, 64
3, 53232, Note_off_c, 0, 43, 64
3, 53232, Note_off_c, 0, 67, 64
3, 53280, Note_on_c, 0, 43, 91
3, 53280, Note_on_c, 0, 69, 91
3, 53376, Note_off_c, 0, 69, 64
3, 53376, Note_off_c, 0, 43, 64
3, 53400, Note_on_c, 0, 60, 91
3, 53496, Note_off_c, 0, 60, 64
3, 53520, Note_on_c, 0, 60, 91
3, 53616, Note_off_c, 0, 60, 64
3, 53640, Note_on_c, 0, 64, 91
3, 53736, Note_off_c, 0, 64, 64
3, 53760, Note_on_c, 0, 45, 91
3, 53760, Note_on_c, 0, 64, 91
3, 53760, Note_on_c, 0, 60, 91
3, 53760, Note_on_c, 0, 55, 91
3, 53856, Note_off_c, 0, 64, 64
3, 53880, Note_on_c, 0, 64, 91
3, 53976, Note_off_c, 0, 64, 64
3, 54000, Note_on_c, 0, 64, 91
3, 54048, Note_off_c, 0, 45, 64
3, 54120, Note_on_c, 0, 45, 91
3, 54144, Note_off_c, 0, 55, 64
3, 54144, Note_off_c, 0, 60, 64
3, 54192, Note_off_c, 0, 64, 64
3, 54216, Note_off_c, 0, 45, 64
3, 54240, Note_on_c, 0, 64, 91
3, 54240, Note_on_c, 0, 52, 91
3, 54240, Note_on_c, 0, 69, 91
3, 54240, Note_on_c, 0, 60, 91
3, 54432, Note_off_c, 0, 69, 64
3, 54432, Note_off_c, 0, 52, 64
3, 54432, Note_off_c, 0, 64, 64
3, 54480, Note_on_c, 0, 45, 91
3, 54480, Note_on_c, 0, 64, 91
3, 54624, Note_off_c, 0, 60, 64
3, 54672, Note_off_c, 0, 64, 64
3, 54672, Note_off_c, 0, 45, 64
3, 54720, Note_on_c, 0, 40, 91
3, 54720, Note_on_c, 0, 62, 91
3, 54720, Note_on_c, 0, 59, 91
3, 54720, Note_on_c, 0, 55, 91
3, 54816, Note_off_c, 0, 62, 64
3, 54840, Note_on_c, 0, 62, 91
3, 54936, Note_off_c, 0, 62, 64
3, 54960, Note_on_c, 0, 62, 91
3, 55008, Note_off_c, 0, 40, 64
3, 55056, Note_off_c, 0, 62, 64
3, 55080, Note_on_c, 0, 67, 91
3, 55080, Note_on_c, 0, 40, 91
3, 55176, Note_off_c, 0, 40, 64
3, 55176, Note_off_c, 0, 67, 64
3, 55200, Note_on_c, 0, 43, 91
3, 55200, Note_on_c, 0, 67, 91
3, 55392, Note_off_c, 0, 55, 64
3, 55392, Note_off_c, 0, 59, 64
3, 55392, Note_off_c, 0, 67, 64
3, 55392, Note_off_c, 0, 43, 64
3, 55440, Note_on_c, 0, 59, 91
3, 55440, Note_on_c, 0, 45, 91
3, 55536, Note_off_c, 0, 59, 64
3, 55560, Note_on_c, 0, 62, 91
3, 55632, Note_off_c, 0, 45, 64
3, 55656, Note_off_c, 0, 62, 64
3, 55680, Note_on_c, 0, 62, 91
3, 55680, Note_on_c, 0, 38, 91
3, 55680, Note_on_c, 0, 53, 91
3, 55776, Note_off_c, 0, 62, 64
3, 55800, Note_on_c, 0, 57, 91
3, 55968, Note_off_c, 0, 38, 64
3, 56040, Note_on_c, 0, 38, 91
3, 56136, Note_off_c, 0, 38, 64
3, 56160, Note_on_c, 0, 45, 91
3, 56304, Note_off_c, 0, 57, 64
3, 56400, Note_on_c, 0, 57, 91
3, 56448, Note_off_c, 0, 45, 64
3, 56448, Note_off_c, 0, 53, 64
3, 56496, Note_off_c, 0, 57, 64
3, 56520, Note_on_c, 0, 59, 91
3, 56520, Note_on_c, 0, 45, 91
3, 56616, Note_off_c, 0, 45, 64
3, 56616, Note_off_c, 0, 59, 64
3, 56640, Note_on_c, 0, 60, 91
3, 56640, Note_on_c, 0, 43, 91
3, 56640, Note_on_c, 0, 57, 91
3, 56640, Note_on_c, 0, 53, 91
3, 56832, Note_off_c, 0, 60, 64
3, 56880, Note_on_c, 0, 62, 91
3, 56928, Note_off_c, 0, 43, 64
3, 57000, Note_on_c, 0, 43, 91
3, 57072, Note_off_c, 0, 62, 64
3, 57096, Note_off_c, 0, 43, 64
3, 57120, Note_on_c, 0, 64, 91
3, 57120, Note_on_c, 0, 43, 91
3, 57312, Note_off_c, 0, 43, 64
3, 57312, Note_off_c, 0, 64, 64
3, 57360, Note_on_c, 0, 60, 91
3, 57360, Note_on_c, 0, 44, 91
3, 57408, Note_off_c, 0, 53, 64
3, 57408, Note_off_c, 0, 57, 64
3, 57456, Note_off_c, 0, 60, 64
3, 57480, Note_on_c, 0, 62, 91
3, 57552, Note_off_c, 0, 44, 64
3, 57576, Note_off_c, 0, 62, 64
3, 57600, Note_on_c, 0, 45, 91
3, 57600, Note_on_c, 0, 64, 91
3, 57600, Note_on_c, 0, 60, 91
3, 57600, Note_on_c, 0, 55, 91
3, 57792, Note_off_c, 0, 64, 64
3, 57840, Note_on_c, 0, 64, 91
3, 57888, Note_off_c, 0, 45, 64
3, 57960, Note_on_c, 0, 45, 91
3, 57984, Note_off_c, 0, 55, 64
3, 57984, Note_off_c, 0, 60, 64
3, 58032, Note_off_c, 0, 64, 64
3, 58056, Note_off_c, 0, 45, 64
3, 58080, Note_on_c, 0, 69, 91
3, 58080, Note_on_c, 0, 52, 91
3, 58080, Note_on_c, 0, 64, 91
3, 58080, Note_on_c, 0, 60, 91
3, 58272, Note_off_c, 0, 52, 64
3, 58320, Note_on_c, 0, 45, 91
3, 58368, Note_off_c, 0, 60, 64
3, 58368, Note_off_c, 0, 64, 64
3, 58368, Note_off_c, 0, 69, 64
3, 58440, Note_on_c, 0, 64, 91
3, 58512, Note_off_c, 0, 45, 64
3, 58536, Note_off_c, 0, 64, 64
3, 58560, Note_on_c, 0, 40, 91
3, 58560, Note_on_c, 0, 62, 91
3, 58560, Note_on_c, 0, 59, 91
3, 58560, Note_on_c, 0, 55, 91
3, 58656, Note_off_c, 0, 62, 64
3, 58680, Note_on_c, 0, 62, 91
3, 58776, Note_off_c, 0, 62, 64
3, 58800, Note_on_c, 0, 62, 91
3, 58848, Note_off_c, 0, 40, 64
3, 58896, Note_off_c, 0, 62, 64
3, 58920, Note_on_c, 0, 40, 91
3, 58920, Note_on_c, 0, 67, 91
3, 59016, Note_off_c, 0, 40, 64
3, 59040, Note_on_c, 0, 43, 91
3, 59232, Note_off_c, 0, 55, 64
3, 59232, Note_off_c, 0, 59, 64
3, 59232, Note_off_c, 0, 67, 64
3, 59232, Note_off_c, 0, 43, 64
3, 59280, Note_on_c, 0, 45, 91
3, 59280, Note_on_c, 0, 59, 91
3, 59376, Note_off_c, 0, 59, 64
3, 59400, Note_on_c, 0, 62, 91
3, 59472, Note_off_c, 0, 45, 64
3, 59520, Note_on_c, 0, 62, 91
3, 59520, Note_on_c, 0, 38, 91
3, 59520, Note_on_c, 0, 53, 91
3, 59616, Note_off_c, 0, 62, 64
3, 59640, Note_on_c, 0, 57, 91
3, 59808, Note_off_c, 0, 38, 64
3, 59880, Note_on_c, 0, 38, 91
3, 59904, Note_off_c, 0, 53, 64
3, 59928, Note_off_c, 0, 57, 64
3, 59976, Note_off_c, 0, 38, 64
3, 60000, Note_on_c, 0, 45, 91
3, 60000, Note_on_c, 0, 65, 91
3, 60000, Note_on_c, 0, 60, 91
3, 60120, Note_on_c, 0, 67, 91
3, 60216, Note_off_c, 0, 67, 64
3, 60240, Note_on_c, 0, 67, 91
3, 60288, Note_off_c, 0, 60, 64
3, 60288, Note_off_c, 0, 65, 64
3, 60288, Note_off_c, 0, 45, 64
3, 60336, Note_off_c, 0, 67, 64
3, 60360, Note_on_c, 0, 45, 91
3, 60360, Note_on_c, 0, 67, 91
3, 60456, Note_off_c, 0, 67, 64
3, 60456, Note_off_c, 0, 45, 64
3, 60480, Note_on_c, 0, 43, 91
3, 60480, Note_on_c, 0, 72, 91
3, 60480, Note_on_c, 0, 69, 91
3, 60480, Note_on_c, 0, 65, 91
3, 60672, Note_off_c, 0, 72, 64
3, 60720, Note_on_c, 0, 71, 91
3, 60768, Note_off_c, 0, 43, 64
3, 60840, Note_on_c, 0, 43, 91
3, 60864, Note_off_c, 0, 65, 64
3, 60864, Note_off_c, 0, 69, 64
3, 60912, Note_off_c, 0, 71, 64
3, 60936, Note_off_c, 0, 43, 64
3, 60960, Note_on_c, 0, 69, 91
3, 60960, Note_on_c, 0, 43, 91
3, 61056, Note_off_c, 0, 43, 64
3, 61080, Note_on_c, 0, 43, 91
3, 61080, Note_on_c, 0, 60, 91
3, 61152, Note_off_c, 0, 69, 64
3, 61176, Note_off_c, 0, 60, 64
3, 61176, Note_off_c, 0, 43, 64
3, 61200, Note_on_c, 0, 67, 91
3, 61200, Note_on_c, 0, 43, 91
3, 61200, Note_on_c, 0, 60, 91
3, 61296, Note_off_c, 0, 60, 64
3, 61296, Note_off_c, 0, 67, 64
3, 61320, Note_on_c, 0, 71, 91
3, 61320, Note_on_c, 0, 64, 91
3, 61392, Note_off_c, 0, 43, 64
3, 61416, Note_off_c, 0, 64, 64
3, 61440, Note_on_c, 0, 45, 91
3, 61440, Note_on_c, 0, 60, 91
3, 61440, Note_on_c, 0, 55, 91
3, 61440, Note_on_c, 0, 64, 91
3, 61536, Note_off_c, 0, 64, 64
3, 61560, Note_on_c, 0, 64, 91
3, 61632, Note_off_c, 0, 71, 64
3, 61656, Note_off_c, 0, 64, 64
3, 61680, Note_on_c, 0, 69, 91
3, 61680, Note_on_c, 0, 64, 91
3, 61728, Note_off_c, 0, 45, 64
3, 61800, Note_on_c, 0, 45, 91
3, 61824, Note_off_c, 0, 55, 64
3, 61824, Note_off_c, 0, 60, 64
3, 61872, Note_off_c, 0, 64, 64
3, 61896, Note_off_c, 0, 45, 64
3, 61920, Note_on_c, 0, 60, 91
3, 61920, Note_on_c, 0, 52, 91
3, 61920, Note_on_c, 0, 69, 91
3, 61920, Note_on_c, 0, 64, 91
3, 62016, Note_off_c, 0, 69, 64
3, 62040, Note_on_c, 0, 67, 91
3, 62112, Note_off_c, 0, 64, 64
3, 62112, Note_off_c, 0, 69, 64
3, 62112, Note_off_c, 0, 52, 64
3, 62160, Note_on_c, 0, 45, 91
3, 62160, Note_on_c, 0, 64, 91
3, 62304, Note_off_c, 0, 60, 64
3, 62328, Note_off_c, 0, 67, 64
3, 62352, Note_off_c, 0, 64, 64
3, 62352, Note_off_c, 0, 45, 64
3, 62400, Note_on_c, 0, 40, 91
3, 62400, Note_on_c, 0, 62, 91
3, 62400, Note_on_c, 0, 59, 91
3, 62400, Note_on_c, 0, 55, 91
3, 62496, Note_off_c, 0, 62, 64
3, 62520, Note_on_c, 0, 62, 91
3, 62616, Note_off_c, 0, 62, 64
3, 62640, Note_on_c, 0, 62, 91
3, 62688, Note_off_c, 0, 40, 64
3, 62736, Note_off_c, 0, 62, 64
3, 62760, Note_on_c, 0, 67, 91
3, 62760, Note_on_c, 0, 40, 91
3, 62856, Note_off_c, 0, 40, 64
3, 62880, Note_on_c, 0, 43, 91
3, 63072, Note_off_c, 0, 55, 64
3, 63072, Note_off_c, 0, 59, 64
3, 63072, Note_off_c, 0, 67, 64
3, 63072, Note_off_c, 0, 43, 64
3, 63120, Note_on_c, 0, 59, 91
3, 63120, Note_on_c, 0, 45, 91
3, 63216, Note_off_c, 0, 59, 64
3, 63240, Note_on_c, 0, 62, 91
3, 63312, Note_off_c, 0, 45, 64
3, 63360, Note_on_c, 0, 38, 91
3, 63360, Note_on_c, 0, 53, 91
3, 63456, Note_off_c, 0, 62, 64
3, 63480, Note_on_c, 0, 57, 91
3, 63648, Note_off_c, 0, 38, 64
3, 63720, Note_on_c, 0, 38, 91
3, 63816, Note_off_c, 0, 38, 64
3, 63840, Note_on_c, 0, 45, 91
3, 63984, Note_off_c, 0, 57, 64
3, 64080, Note_on_c, 0, 57, 91
3, 64128, Note_off_c, 0, 45, 64
3, 64128, Note_off_c, 0, 53, 64
3, 64176, Note_off_c, 0, 57, 64
3, 64200, Note_on_c, 0, 59, 91
3, 64200, Note_on_c, 0, 45, 91
3, 64296, Note_off_c, 0, 45, 64
3, 64296, Note_off_c, 0, 59, 64
3, 64320, Note_on_c, 0, 60, 91
3, 64320, Note_on_c, 0, 43, 91
3, 64320, Note_on_c, 0, 57, 91
3, 64320, Note_on_c, 0, 53, 91
3, 64512, Note_off_c, 0, 60, 64
3, 64560, Note_on_c, 0, 62, 91
3, 64608, Note_off_c, 0, 43, 64
3, 64704, Note_off_c, 0, 53, 64
3, 64704, Note_off_c, 0, 57, 64
3, 64752, Note_off_c, 0, 62, 64
3, 64800, Note_on_c, 0, 62, 91
3, 64800, Note_on_c, 0, 43, 91
3, 64896, Note_off_c, 0, 43, 64
3, 64920, Note_on_c, 0, 43, 91
3, 64992, Note_off_c, 0, 62, 64
3, 65016, Note_off_c, 0, 43, 64
3, 65040, Note_on_c, 0, 44, 91
3, 65040, Note_on_c, 0, 60, 91
3, 65136, Note_off_c, 0, 60, 64
3, 65160, Note_on_c, 0, 62, 91
3, 65232, Note_off_c, 0, 44, 64
3, 65256, Note_off_c, 0, 62, 64
3, 65280, Note_on_c, 0, 45, 91
3, 65280, Note_on_c, 0, 64, 91
3, 65280, Note_on_c, 0, 60, 91
3, 65280, Note_on_c, 0, 55, 91
3, 65472, Note_off_c, 0, 64, 64
3, 65520, Note_on_c, 0, 64, 91
3, 65568, Note_off_c, 0, 45, 64
3, 65640, Note_on_c, 0, 45, 91
3, 65664, Note_off_c, 0, 55, 64
3, 65664, Note_off_c, 0, 60, 64
3, 65712, Note_off_c, 0, 64, 64
3, 65736, Note_off_c, 0, 45, 64
3, 65760, Note_on_c, 0, 69, 91
3, 65760, Note_on_c, 0, 52, 91
3, 65760, Note_on_c, 0, 64, 91
3, 65760, Note_on_c, 0, 60, 91
3, 65952, Note_off_c, 0, 52, 64
3, 66000, Note_on_c, 0, 45, 91
3, 66048, Note_off_c, 0, 60, 64
3, 66048, Note_off_c, 0, 64, 64
3, 66048, Note_off_c, 0, 69, 64
3, 66120, Note_on_c, 0, 64, 91
3, 66192, Note_off_c, 0, 45, 64
3, 66216, Note_off_c, 0, 64, 64
3, 66240, Note_on_c, 0, 40, 91
3, 66240, Note_on_c, 0, 62, 91
3, 66240, Note_on_c, 0, 59, 91
3, 66240, Note_on_c, 0, 55, 91
3, 66336, Note_off_c, 0, 62, 64
3, 66360, Note_on_c, 0, 62, 91
3, 66456, Note_off_c, 0, 62, 64
3, 66480, Note_on_c, 0, 62, 91
3, 66528, Note_off_c, 0, 40, 64
3, 66576, Note_off_c, 0, 62, 64
3, 66600, Note_on_c, 0, 40, 91
3, 66600, Note_on_c, 0, 67, 91
3, 66696, Note_off_c, 0, 40, 64
3, 66720, Note_on_c, 0, 43, 91
3, 66912, Note_off_c, 0, 55, 64
3, 66912, Note_off_c, 0, 59, 64
3, 66912, Note_off_c, 0, 43, 64
3, 66912, Note_off_c, 0, 67, 64
3, 66960, Note_on_c, 0, 59, 91
3, 66960, Note_on_c, 0, 45, 91
3, 67056, Note_off_c, 0, 59, 64
3, 67080, Note_on_c, 0, 62, 91
3, 67152, Note_off_c, 0, 45, 64
3, 67200, Note_on_c, 0, 38, 91
3, 67200, Note_on_c, 0, 53, 91
3, 67296, Note_off_c, 0, 62, 64
3, 67320, Note_on_c, 0, 57, 91
3, 67488, Note_off_c, 0, 38, 64
3, 67560, Note_on_c, 0, 45, 91
3, 67656, Note_off_c, 0, 45, 64
3, 67680, Note_on_c, 0, 45, 91
3, 67776, Note_off_c, 0, 53, 64
3, 67824, Note_off_c, 0, 57, 64
3, 67920, Note_on_c, 0, 64, 91
3, 67968, Note_off_c, 0, 45, 64
3, 68016, Note_off_c, 0, 64, 64
3, 68040, Note_on_c, 0, 67, 91
3, 68040, Note_on_c, 0, 45, 91
3, 68088, Note_off_c, 0, 67, 64
3, 68100, Note_on_c, 0, 69, 91
3, 68136, Note_off_c, 0, 45, 64
3, 68148, Note_off_c, 0, 69, 64
3, 68160, Note_on_c, 0, 43, 91
3, 68160, Note_on_c, 0, 69, 91
3, 68160, Note_on_c, 0, 65, 91
3, 68160, Note_on_c, 0, 60, 91
3, 68448, Note_off_c, 0, 69, 64
3, 68448, Note_off_c, 0, 43, 64
3, 68460, Note_on_c, 0, 67, 91
3, 68508, Note_off_c, 0, 67, 64
3, 68520, Note_on_c, 0, 43, 91
3, 68520, Note_on_c, 0, 69, 91
3, 68544, Note_off_c, 0, 60, 64
3, 68544, Note_off_c, 0, 65, 64
3, 68568, Note_off_c, 0, 69, 64
3, 68580, Note_on_c, 0, 67, 91
3, 68616, Note_off_c, 0, 43, 64
3, 68628, Note_off_c, 0, 67, 64
3, 68640, Note_on_c, 0, 72, 91
3, 68640, Note_on_c, 0, 43, 91
3, 68832, Note_off_c, 0, 43, 64
3, 68832, Note_off_c, 0, 72, 64
3, 68880, Note_on_c, 0, 69, 91
3, 68880, Note_on_c, 0, 43, 91
3, 68976, Note_off_c, 0, 43, 64
3, 68976, Note_off_c, 0, 69, 64
3, 69000, Note_on_c, 0, 43, 91
3, 69000, Note_on_c, 0, 69, 91
3, 69096, Note_off_c, 0, 69, 64
3, 69096, Note_off_c, 0, 43, 64
3, 69120, Note_on_c, 0, 40, 91
3, 69120, Note_on_c, 0, 58, 91
3, 69120, Note_on_c, 0, 62, 91
3, 69240, Note_on_c, 0, 67, 91
3, 69336, Note_off_c, 0, 67, 64
3, 69360, Note_on_c, 0, 67, 91
3, 69408, Note_off_c, 0, 40, 64
3, 69456, Note_off_c, 0, 67, 64
3, 69480, Note_on_c, 0, 40, 91
3, 69480, Note_on_c, 0, 69, 91
3, 69576, Note_off_c, 0, 69, 64
3, 69576, Note_off_c, 0, 40, 64
3, 69600, Note_on_c, 0, 40, 91
3, 69600, Note_on_c, 0, 69, 91
3, 69792, Note_off_c, 0, 40, 64
3, 69840, Note_on_c, 0, 40, 91
3, 69888, Note_off_c, 0, 69, 64
3, 69888, Note_off_c, 0, 62, 64
3, 69888, Note_off_c, 0, 58, 64
3, 69960, Note_on_c, 0, 67, 91
3, 70032, Note_off_c, 0, 40, 64
3, 70080, Note_on_c, 0, 45, 91
3, 70080, Note_on_c, 0, 61, 91
3, 70080, Note_on_c, 0, 64, 91
3, 70128, Note_off_c, 0, 67, 64
3, 70140, Note_on_c, 0, 67, 91
3, 70284, Note_off_c, 0, 67, 64
3, 70320, Note_on_c, 0, 67, 91
3, 70368, Note_off_c, 0, 45, 64
3, 70416, Note_off_c, 0, 67, 64
3, 70440, Note_on_c, 0, 69, 91
3, 70440, Note_on_c, 0, 45, 91
3, 70536, Note_off_c, 0, 45, 64
3, 70536, Note_off_c, 0, 69, 64
3, 70560, Note_on_c, 0, 69, 91
3, 70560, Note_on_c, 0, 45, 91
3, 70656, Note_off_c, 0, 45, 64
3, 70680, Note_on_c, 0, 45, 91
3, 70848, Note_off_c, 0, 69, 64
3, 70848, Note_off_c, 0, 64, 64
3, 70848, Note_off_c, 0, 61, 64
3, 70920, Note_on_c, 0, 69, 91
3, 70968, Note_off_c, 0, 45, 64
3, 71040, Note_on_c, 0, 38, 91
3, 71040, Note_on_c, 0, 65, 91
3, 71040, Note_on_c, 0, 60, 91
3, 71088, Note_off_c, 0, 69, 64
3, 71100, Note_on_c, 0, 69, 91
3, 71244, Note_off_c, 0, 69, 64
3, 71280, Note_on_c, 0, 69, 91
3, 71328, Note_off_c, 0, 38, 64
3, 71376, Note_off_c, 0, 69, 64
3, 71400, Note_on_c, 0, 38, 91
3, 71400, Note_on_c, 0, 67, 91
3, 71496, Note_off_c, 0, 67, 64
3, 71496, Note_off_c, 0, 38, 64
3, 71520, Note_on_c, 0, 38, 91
3, 71520, Note_on_c, 0, 67, 91
3, 71712, Note_off_c, 0, 60, 64
3, 71712, Note_off_c, 0, 65, 64
3, 71712, Note_off_c, 0, 67, 64
3, 71712, Note_off_c, 0, 38, 64
3, 71760, Note_on_c, 0, 38, 91
3, 71880, Note_on_c, 0, 72, 91
3, 71952, Note_off_c, 0, 38, 64
3, 71976, Note_off_c, 0, 72, 64
3, 72000, Note_on_c, 0, 43, 91
3, 72000, Note_on_c, 0, 72, 91
3, 72000, Note_on_c, 0, 69, 91
3, 72000, Note_on_c, 0, 65, 91
3, 72048, Note_off_c, 0, 72, 64
3, 72060, Note_on_c, 0, 71, 91
3, 72108, Note_off_c, 0, 71, 64
3, 72120, Note_on_c, 0, 71, 91
3, 72216, Note_off_c, 0, 71, 64
3, 72240, Note_on_c, 0, 71, 91
3, 72288, Note_off_c, 0, 43, 64
3, 72336, Note_off_c, 0, 71, 64
3, 72360, Note_on_c, 0, 43, 91
3, 72360, Note_on_c, 0, 72, 91
3, 72384, Note_off_c, 0, 65, 64
3, 72384, Note_off_c, 0, 69, 64
3, 72456, Note_off_c, 0, 72, 64
3, 72456, Note_off_c, 0, 43, 64
3, 72480, Note_on_c, 0, 69, 91
3, 72480, Note_on_c, 0, 43, 91
3, 72480, Note_on_c, 0, 65, 91
3, 72480, Note_on_c, 0, 60, 91
3, 72624, Note_off_c, 0, 69, 64
3, 72660, Note_on_c, 0, 67, 91
3, 72672, Note_off_c, 0, 43, 64
3, 72720, Note_on_c, 0, 41, 91
3, 72768, Note_off_c, 0, 67, 64
3, 72780, Note_on_c, 0, 69, 91
3, 72852, Note_off_c, 0, 69, 64
3, 72864, Note_off_c, 0, 60, 64
3, 72864, Note_off_c, 0, 65, 64
3, 72912, Note_off_c, 0, 41, 64
3, 72960, Note_on_c, 0, 40, 91
3, 72960, Note_on_c, 0, 58, 91
3, 72960, Note_on_c, 0, 62, 91
3, 73020, Note_on_c, 0, 69, 91
3, 73116, Note_off_c, 0, 69, 64
3, 73140, Note_on_c, 0, 69, 91
3, 73188, Note_off_c, 0, 69, 64
3, 73200, Note_on_c, 0, 69, 91
3, 73248, Note_off_c, 0, 40, 64
3, 73296, Note_off_c, 0, 69, 64
3, 73320, Note_on_c, 0, 40, 91
3, 73320, Note_on_c, 0, 69, 91
3, 73416, Note_off_c, 0, 69, 64
3, 73416, Note_off_c, 0, 40, 64
3, 73440, Note_on_c, 0, 40, 91
3, 73440, Note_on_c, 0, 69, 91
3, 73536, Note_off_c, 0, 69, 64
3, 73560, Note_on_c, 0, 69, 91
3, 73632, Note_off_c, 0, 40, 64
3, 73656, Note_off_c, 0, 69, 64
3, 73680, Note_on_c, 0, 69, 91
3, 73680, Note_on_c, 0, 40, 91
3, 73728, Note_off_c, 0, 62, 64
3, 73728, Note_off_c, 0, 58, 64
3, 73776, Note_off_c, 0, 69, 64
3, 73800, Note_on_c, 0, 69, 91
3, 73872, Note_off_c, 0, 40, 64
3, 73896, Note_off_c, 0, 69, 64
3, 73920, Note_on_c, 0, 64, 91
3, 73920, Note_on_c, 0, 45, 91
3, 73920, Note_on_c, 0, 72, 91
3, 73920, Note_on_c, 0, 61, 91
3, 74016, Note_off_c, 0, 72, 64
3, 74040, Note_on_c, 0, 69, 91
3, 74136, Note_off_c, 0, 69, 64
3, 74160, Note_on_c, 0, 72, 91
3, 74208, Note_off_c, 0, 45, 64
3, 74256, Note_off_c, 0, 72, 64
3, 74280, Note_on_c, 0, 72, 91
3, 74280, Note_on_c, 0, 45, 91
3, 74376, Note_off_c, 0, 45, 64
3, 74376, Note_off_c, 0, 72, 64
3, 74400, Note_on_c, 0, 45, 91
3, 74400, Note_on_c, 0, 69, 91
3, 74496, Note_off_c, 0, 69, 64
3, 74496, Note_off_c, 0, 45, 64
3, 74520, Note_on_c, 0, 67, 91
3, 74520, Note_on_c, 0, 45, 91
3, 74616, Note_off_c, 0, 67, 64
3, 74640, Note_on_c, 0, 67, 91
3, 74688, Note_off_c, 0, 61, 64
3, 74688, Note_off_c, 0, 64, 64
3, 74736, Note_off_c, 0, 67, 64
3, 74760, Note_on_c, 0, 69, 91
3, 74808, Note_off_c, 0, 45, 64
3, 74856, Note_off_c, 0, 69, 64
3, 74880, Note_on_c, 0, 65, 91
3, 74880, Note_on_c, 0, 69, 91
3, 74880, Note_on_c, 0, 72, 91
3, 74880, Note_on_c, 0, 38, 91
3, 74976, Note_off_c, 0, 38, 64
3, 74976, Note_off_c, 0, 72, 64
3, 74976, Note_off_c, 0, 69, 64
3, 74976, Note_off_c, 0, 65, 64
3, 75000, Note_on_c, 0, 67, 91
3, 75096, Note_off_c, 0, 67, 64
3, 75120, Note_on_c, 0, 69, 91
3, 75216, Note_off_c, 0, 69, 64
3, 75240, Note_on_c, 0, 38, 91
3, 75336, Note_off_c, 0, 38, 64
3, 75360, Note_on_c, 0, 40, 91
3, 75360, Note_on_c, 0, 62, 91
3, 75360, Note_on_c, 0, 67, 91
3, 75360, Note_on_c, 0, 72, 91
3, 75456, Note_off_c, 0, 72, 64
3, 75456, Note_off_c, 0, 67, 64
3, 75456, Note_off_c, 0, 62, 64
3, 75456, Note_off_c, 0, 40, 64
3, 75480, Note_on_c, 0, 67, 91
3, 75576, Note_off_c, 0, 67, 64
3, 75600, Note_on_c, 0, 69, 91
3, 75696, Note_off_c, 0, 69, 64
3, 75840, Note_on_c, 0, 43, 91
3, 75840, Note_on_c, 0, 74, 91
3, 75840, Note_on_c, 0, 65, 91
3, 75840, Note_on_c, 0, 64, 91
3, 75840, Note_on_c, 0, 69, 91
3, 76032, Note_off_c, 0, 74, 64
3, 76032, Note_off_c, 0, 43, 64
3, 76080, Note_on_c, 0, 72, 91
3, 76080, Note_on_c, 0, 43, 91
3, 76272, Note_off_c, 0, 43, 64
3, 76320, Note_on_c, 0, 43, 91
3, 76512, Note_off_c, 0, 43, 64
3, 76560, Note_on_c, 0, 43, 91
3, 76608, Note_off_c, 0, 69, 64
3, 76608, Note_off_c, 0, 64, 64
3, 76608, Note_off_c, 0, 65, 64
3, 76656, Note_off_c, 0, 72, 64
3, 76752, Note_off_c, 0, 43, 64
3, 76800, Note_on_c, 0, 44, 91
3, 76800, Note_on_c, 0, 66, 91
3, 76800, Note_on_c, 0, 70, 91
3, 76800, Note_on_c, 0, 73, 91
3, 76800, Note_on_c, 0, 65, 91
3, 76992, Note_off_c, 0, 44, 64
3, 77040, Note_on_c, 0, 44, 91
3, 77232, Note_off_c, 0, 44, 64
3, 77280, Note_on_c, 0, 44, 91
3, 77376, Note_off_c, 0, 65, 64
3, 77376, Note_off_c, 0, 44, 64
3, 77376, Note_off_c, 0, 73, 64
3, 77376, Note_off_c, 0, 66, 64
3, 77376, Note_off_c, 0, 70, 64
3, 77400, Note_on_c, 0, 61, 91
3, 77496, Note_off_c, 0, 61, 64
3, 77520, Note_on_c, 0, 61, 91
3, 77616, Note_off_c, 0, 61, 64
3, 77640, Note_on_c, 0, 65, 91
3, 77736, Note_off_c, 0, 65, 64
3, 77760, Note_on_c, 0, 46, 91
3, 77760, Note_on_c, 0, 65, 91
3, 77760, Note_on_c, 0, 61, 91
3, 77760, Note_on_c, 0, 56, 91
3, 77856, Note_off_c, 0, 65, 64
3, 77880, Note_on_c, 0, 65, 91
3, 77976, Note_off_c, 0, 65, 64
3, 78000, Note_on_c, 0, 65, 91
3, 78048, Note_off_c, 0, 46, 64
3, 78120, Note_on_c, 0, 46, 91
3, 78144, Note_off_c, 0, 56, 64
3, 78144, Note_off_c, 0, 61, 64
3, 78192, Note_off_c, 0, 65, 64
3, 78216, Note_off_c, 0, 46, 64
3, 78240, Note_on_c, 0, 65, 91
3, 78240, Note_on_c, 0, 53, 91
3, 78240, Note_on_c, 0, 70, 91
3, 78240, Note_on_c, 0, 61, 91
3, 78432, Note_off_c, 0, 70, 64
3, 78432, Note_off_c, 0, 53, 64
3, 78432, Note_off_c, 0, 65, 64
3, 78480, Note_on_c, 0, 46, 91
3, 78480, Note_on_c, 0, 65, 91
3, 78624, Note_off_c, 0, 61, 64
3, 78672, Note_off_c, 0, 65, 64
3, 78672, Note_off_c, 0, 46, 64
3, 78720, Note_on_c, 0, 63, 91
3, 78720, Note_on_c, 0, 41, 91
3, 78720, Note_on_c, 0, 60, 91
3, 78720, Note_on_c, 0, 56, 91
3, 78816, Note_off_c, 0, 63, 64
3, 78840, Note_on_c, 0, 63, 91
3, 78936, Note_off_c, 0, 63, 64
3, 78960, Note_on_c, 0, 63, 91
3, 79008, Note_off_c, 0, 41, 64
3, 79056, Note_off_c, 0, 63, 64
3, 79080, Note_on_c, 0, 68, 91
3, 79080, Note_on_c, 0, 41, 91
3, 79176, Note_off_c, 0, 41, 64
3, 79200, Note_on_c, 0, 44, 91
3, 79392, Note_off_c, 0, 56, 64
3, 79392, Note_off_c, 0, 60, 64
3, 79392, Note_off_c, 0, 44, 64
3, 79392, Note_off_c, 0, 68, 64
3, 79440, Note_on_c, 0, 46, 91
3, 79440, Note_on_c, 0, 60, 91
3, 79536, Note_off_c, 0, 60, 64
3, 79560, Note_on_c, 0, 63, 91
3, 79632, Note_off_c, 0, 46, 64
3, 79680, Note_on_c, 0, 39, 91
3, 79680, Note_on_c, 0, 56, 91
3, 79776, Note_off_c, 0, 63, 64
3, 79800, Note_on_c, 0, 58, 91
3, 79968, Note_off_c, 0, 39, 64
3, 80040, Note_on_c, 0, 39, 91
3, 80136, Note_off_c, 0, 39, 64
3, 80160, Note_on_c, 0, 46, 91
3, 80304, Note_off_c, 0, 58, 64
3, 80400, Note_on_c, 0, 58, 91
3, 80448, Note_off_c, 0, 46, 64
3, 80448, Note_off_c, 0, 56, 64
3, 80496, Note_off_c, 0, 58, 64
3, 80520, Note_on_c, 0, 46, 91
3, 80520, Note_on_c, 0, 60, 91
3, 80616, Note_off_c, 0, 60, 64
3, 80616, Note_off_c, 0, 46, 64
3, 80640, Note_on_c, 0, 54, 91
3, 80640, Note_on_c, 0, 44, 91
3, 80640, Note_on_c, 0, 61, 91
3, 80640, Note_on_c, 0, 58, 91
3, 80832, Note_off_c, 0, 61, 64
3, 80880, Note_on_c, 0, 63, 91
3, 80928, Note_off_c, 0, 44, 64
3, 81000, Note_on_c, 0, 44, 91
3, 81072, Note_off_c, 0, 63, 64
3, 81096, Note_off_c, 0, 44, 64
3, 81120, Note_on_c, 0, 63, 91
3, 81120, Note_on_c, 0, 44, 91
3, 81312, Note_off_c, 0, 44, 64
3, 81312, Note_off_c, 0, 63, 64
3, 81360, Note_on_c, 0, 61, 91
3, 81360, Note_on_c, 0, 45, 91
3, 81408, Note_off_c, 0, 58, 64
3, 81408, Note_off_c, 0, 54, 64
3, 81456, Note_off_c, 0, 61, 64
3, 81480, Note_on_c, 0, 63, 91
3, 81552, Note_off_c, 0, 45, 64
3, 81576, Note_off_c, 0, 63, 64
3, 81600, Note_on_c, 0, 46, 91
3, 81600, Note_on_c, 0, 65, 91
3, 81600, Note_on_c, 0, 61, 91
3, 81600, Note_on_c, 0, 56, 91
3, 81792, Note_off_c, 0, 65, 64
3, 81840, Note_on_c, 0, 65, 91
3, 81888, Note_off_c, 0, 46, 64
3, 81960, Note_on_c, 0, 46, 91
3, 81984, Note_off_c, 0, 56, 64
3, 81984, Note_off_c, 0, 61, 64
3, 82032, Note_off_c, 0, 65, 64
3, 82056, Note_off_c, 0, 46, 64
3, 82080, Note_on_c, 0, 53, 91
3, 82080, Note_on_c, 0, 61, 91
3, 82080, Note_on_c, 0, 70, 91
3, 82080, Note_on_c, 0, 65, 91
3, 82272, Note_off_c, 0, 53, 64
3, 82320, Note_on_c, 0, 46, 91
3, 82368, Note_off_c, 0, 65, 64
3, 82368, Note_off_c, 0, 70, 64
3, 82368, Note_off_c, 0, 61, 64
3, 82440, Note_on_c, 0, 65, 91
3, 82512, Note_off_c, 0, 46, 64
3, 82536, Note_off_c, 0, 65, 64
3, 82560, Note_on_c, 0, 41, 91
3, 82560, Note_on_c, 0, 60, 91
3, 82560, Note_on_c, 0, 56, 91
3, 82560, Note_on_c, 0, 63, 91
3, 82656, Note_off_c, 0, 63, 64
3, 82680, Note_on_c, 0, 63, 91
3, 82776, Note_off_c, 0, 63, 64
3, 82800, Note_on_c, 0, 63, 91
3, 82848, Note_off_c, 0, 41, 64
3, 82896, Note_off_c, 0, 63, 64
3, 82920, Note_on_c, 0, 68, 91
3, 82920, Note_on_c, 0, 41, 91
3, 83016, Note_off_c, 0, 41, 64
3, 83040, Note_on_c, 0, 44, 91
3, 83232, Note_off_c, 0, 60, 64
3, 83232, Note_off_c, 0, 56, 64
3, 83232, Note_off_c, 0, 44, 64
3, 83232, Note_off_c, 0, 68, 64
3, 83280, Note_on_c, 0, 60, 91
3, 83280, Note_on_c, 0, 46, 91
3, 83376, Note_off_c, 0, 60, 64
3, 83400, Note_on_c, 0, 63, 91
3, 83472, Note_off_c, 0, 46, 64
3, 83520, Note_on_c, 0, 39, 91
3, 83520, Note_on_c, 0, 54, 91
3, 83616, Note_off_c, 0, 63, 64
3, 83640, Note_on_c, 0, 58, 91
3, 83808, Note_off_c, 0, 39, 64
3, 83880, Note_on_c, 0, 39, 91
3, 83904, Note_off_c, 0, 54, 64
3, 83928, Note_off_c, 0, 58, 64
3, 83976, Note_off_c, 0, 39, 64
3, 84000, Note_on_c, 0, 46, 91
3, 84000, Note_on_c, 0, 66, 91
3, 84000, Note_on_c, 0, 61, 91
3, 84120, Note_on_c, 0, 68, 91
3, 84216, Note_off_c, 0, 68, 64
3, 84240, Note_on_c, 0, 68, 91
3, 84288, Note_off_c, 0, 61, 64
3, 84288, Note_off_c, 0, 66, 64
3, 84288, Note_off_c, 0, 46, 64
3, 84336, Note_off_c, 0, 68, 64
3, 84360, Note_on_c, 0, 66, 91
3, 84360, Note_on_c, 0, 46, 91
3, 84456, Note_off_c, 0, 46, 64
3, 84456, Note_off_c, 0, 66, 64
3, 84480, Note_on_c, 0, 66, 91
3, 84480, Note_on_c, 0, 44, 91
3, 84480, Note_on_c, 0, 73, 91
3, 84480, Note_on_c, 0, 70, 91
3, 84672, Note_off_c, 0, 73, 64
3, 84720, Note_on_c, 0, 72, 91
3, 84768, Note_off_c, 0, 44, 64
3, 84840, Note_on_c, 0, 44, 91
3, 84864, Note_off_c, 0, 70, 64
3, 84864, Note_off_c, 0, 66, 64
3, 84912, Note_off_c, 0, 72, 64
3, 84936, Note_off_c, 0, 44, 64
3, 84960, Note_on_c, 0, 44, 91
3, 84960, Note_on_c, 0, 70, 91
3, 84960, Note_on_c, 0, 66, 91
3, 84960, Note_on_c, 0, 61, 91
3, 85056, Note_off_c, 0, 70, 64
3, 85080, Note_on_c, 0, 68, 91
3, 85080, Note_on_c, 0, 61, 91
3, 85152, Note_off_c, 0, 44, 64
3, 85176, Note_off_c, 0, 61, 64
3, 85176, Note_off_c, 0, 68, 64
3, 85200, Note_on_c, 0, 45, 91
3, 85200, Note_on_c, 0, 61, 91
3, 85200, Note_on_c, 0, 72, 91
3, 85296, Note_off_c, 0, 72, 64
3, 85296, Note_off_c, 0, 61, 64
3, 85320, Note_on_c, 0, 65, 91
3, 85344, Note_off_c, 0, 61, 64
3, 85344, Note_off_c, 0, 66, 64
3, 85392, Note_off_c, 0, 45, 64
3, 85416, Note_off_c, 0, 65, 64
3, 85440, Note_on_c, 0, 46, 91
3, 85440, Note_on_c, 0, 65, 91
3, 85440, Note_on_c, 0, 61, 91
3, 85440, Note_on_c, 0, 56, 91
3, 85536, Note_off_c, 0, 65, 64
3, 85560, Note_on_c, 0, 65, 91
3, 85656, Note_off_c, 0, 65, 64
3, 85680, Note_on_c, 0, 65, 91
3, 85728, Note_off_c, 0, 46, 64
3, 85800, Note_on_c, 0, 46, 91
3, 85824, Note_off_c, 0, 56, 64
3, 85824, Note_off_c, 0, 61, 64
3, 85872, Note_off_c, 0, 65, 64
3, 85896, Note_off_c, 0, 46, 64
3, 85920, Note_on_c, 0, 65, 91
3, 85920, Note_on_c, 0, 53, 91
3, 85920, Note_on_c, 0, 70, 91
3, 85920, Note_on_c, 0, 61, 91
3, 86112, Note_off_c, 0, 70, 64
3, 86112, Note_off_c, 0, 53, 64
3, 86112, Note_off_c, 0, 65, 64
3, 86160, Note_on_c, 0, 46, 91
3, 86160, Note_on_c, 0, 65, 91
3, 86304, Note_off_c, 0, 61, 64
3, 86352, Note_off_c, 0, 65, 64
3, 86352, Note_off_c, 0, 46, 64
3, 86400, Note_on_c, 0, 63, 91
3, 86400, Note_on_c, 0, 41, 91
3, 86400, Note_on_c, 0, 60, 91
3, 86400, Note_on_c, 0, 56, 91
3, 86496, Note_off_c, 0, 63, 64
3, 86520, Note_on_c, 0, 63, 91
3, 86616, Note_off_c, 0, 63, 64
3, 86640, Note_on_c, 0, 63, 91
3, 86688, Note_off_c, 0, 41, 64
3, 86736, Note_off_c, 0, 63, 64
3, 86760, Note_on_c, 0, 68, 91
3, 86760, Note_on_c, 0, 41, 91
3, 86856, Note_off_c, 0, 41, 64
3, 86880, Note_on_c, 0, 44, 91
3, 87072, Note_off_c, 0, 56, 64
3, 87072, Note_off_c, 0, 60, 64
3, 87072, Note_off_c, 0, 44, 64
3, 87072, Note_off_c, 0, 68, 64
3, 87120, Note_on_c, 0, 46, 91
3, 87120, Note_on_c, 0, 60, 91
3, 87216, Note_off_c, 0, 60, 64
3, 87240, Note_on_c, 0, 63, 91
3, 87312, Note_off_c, 0, 46, 64
3, 87360, Note_on_c, 0, 39, 91
3, 87360, Note_on_c, 0, 56, 91
3, 87456, Note_off_c, 0, 63, 64
3, 87480, Note_on_c, 0, 58, 91
3, 87648, Note_off_c, 0, 39, 64
3, 87720, Note_on_c, 0, 39, 91
3, 87816, Note_off_c, 0, 39, 64
3, 87840, Note_on_c, 0, 46, 91
3, 87984, Note_off_c, 0, 58, 64
3, 88080, Note_on_c, 0, 58, 91
3, 88128, Note_off_c, 0, 46, 64
3, 88128, Note_off_c, 0, 56, 64
3, 88176, Note_off_c, 0, 58, 64
3, 88200, Note_on_c, 0, 46, 91
3, 88200, Note_on_c, 0, 60, 91
3, 88296, Note_off_c, 0, 60, 64
3, 88296, Note_off_c, 0, 46, 64
3, 88320, Note_on_c, 0, 54, 91
3, 88320, Note_on_c, 0, 44, 91
3, 88320, Note_on_c, 0, 61, 91
3, 88320, Note_on_c, 0, 58, 91
3, 88512, Note_off_c, 0, 61, 64
3, 88560, Note_on_c, 0, 63, 91
3, 88608, Note_off_c, 0, 44, 64
3, 88680, Note_on_c, 0, 44, 91
3, 88752, Note_off_c, 0, 63, 64
3, 88776, Note_off_c, 0, 44, 64
3, 88800, Note_on_c, 0, 63, 91
3, 88800, Note_on_c, 0, 44, 91
3, 88992, Note_off_c, 0, 44, 64
3, 88992, Note_off_c, 0, 63, 64
3, 89040, Note_on_c, 0, 61, 91
3, 89040, Note_on_c, 0, 45, 91
3, 89088, Note_off_c, 0, 58, 64
3, 89088, Note_off_c, 0, 54, 64
3, 89136, Note_off_c, 0, 61, 64
3, 89160, Note_on_c, 0, 63, 91
3, 89232, Note_off_c, 0, 45, 64
3, 89256, Note_off_c, 0, 63, 64
3, 89280, Note_on_c, 0, 46, 91
3, 89280, Note_on_c, 0, 65, 91
3, 89280, Note_on_c, 0, 61, 91
3, 89280, Note_on_c, 0, 56, 91
3, 89472, Note_off_c, 0, 65, 64
3, 89520, Note_on_c, 0, 65, 91
3, 89568, Note_off_c, 0, 46, 64
3, 89640, Note_on_c, 0, 46, 91
3, 89664, Note_off_c, 0, 56, 64
3, 89664, Note_off_c, 0, 61, 64
3, 89712, Note_off_c, 0, 65, 64
3, 89736, Note_off_c, 0, 46, 64
3, 89760, Note_on_c, 0, 53, 91
3, 89760, Note_on_c, 0, 61, 91
3, 89760, Note_on_c, 0, 70, 91
3, 89760, Note_on_c, 0, 65, 91
3, 89952, Note_off_c, 0, 53, 64
3, 90000, Note_on_c, 0, 46, 91
3, 90048, Note_off_c, 0, 65, 64
3, 90048, Note_off_c, 0, 70, 64
3, 90048, Note_off_c, 0, 61, 64
3, 90120, Note_on_c, 0, 65, 91
3, 90192, Note_off_c, 0, 46, 64
3, 90216, Note_off_c, 0, 65, 64
3, 90240, Note_on_c, 0, 41, 91
3, 90240, Note_on_c, 0, 60, 91
3, 90240, Note_on_c, 0, 56, 91
3, 90240, Note_on_c, 0, 63, 91
3, 90336, Note_off_c, 0, 63, 64
3, 90360, Note_on_c, 0, 63, 91
3, 90456, Note_off_c, 0, 63, 64
3, 90480, Note_on_c, 0, 63, 91
3, 90528, Note_off_c, 0, 41, 64
3, 90576, Note_off_c, 0, 63, 64
3, 90600, Note_on_c, 0, 68, 91
3, 90600, Note_on_c, 0, 41, 91
3, 90696, Note_off_c, 0, 41, 64
3, 90720, Note_on_c, 0, 44, 91
3, 90912, Note_off_c, 0, 60, 64
3, 90912, Note_off_c, 0, 56, 64
3, 90912, Note_off_c, 0, 44, 64
3, 90912, Note_off_c, 0, 68, 64
3, 90960, Note_on_c, 0, 60, 91
3, 90960, Note_on_c, 0, 46, 91
3, 91056, Note_off_c, 0, 60, 64
3, 91080, Note_on_c, 0, 63, 91
3, 91152, Note_off_c, 0, 46, 64
3, 91200, Note_on_c, 0, 39, 91
3, 91200, Note_on_c, 0, 54, 91
3, 91296, Note_off_c, 0, 63, 64
3, 91320, Note_on_c, 0, 58, 91
3, 91488, Note_off_c, 0, 39, 64
3, 91560, Note_on_c, 0, 39, 91
3, 91584, Note_off_c, 0, 54, 64
3, 91608, Note_off_c, 0, 58, 64
3, 91656, Note_off_c, 0, 39, 64
3, 91680, Note_on_c, 0, 46, 91
3, 91680, Note_on_c, 0, 66, 91
3, 91680, Note_on_c, 0, 61, 91
3, 91800, Note_on_c, 0, 68, 91
3, 91896, Note_off_c, 0, 68, 64
3, 91920, Note_on_c, 0, 68, 91
3, 91968, Note_off_c, 0, 61, 64
3, 91968, Note_off_c, 0, 66, 64
3, 91968, Note_off_c, 0, 46, 64
3, 92016, Note_off_c, 0, 68, 64
3, 92040, Note_on_c, 0, 66, 91
3, 92040, Note_on_c, 0, 46, 91
3, 92136, Note_off_c, 0, 46, 64
3, 92136, Note_off_c, 0, 66, 64
3, 92160, Note_on_c, 0, 44, 91
3, 92160, Note_on_c, 0, 61, 91
3, 92352, Note_off_c, 0, 61, 64
3, 92400, Note_on_c, 0, 60, 91
3, 92448, Note_off_c, 0, 44, 64
3, 92520, Note_on_c, 0, 44, 91
3, 92592, Note_off_c, 0, 60, 64
3, 92616, Note_off_c, 0, 44, 64
3, 92640, Note_on_c, 0, 58, 91
3, 92640, Note_on_c, 0, 44, 91
3, 92832, Note_off_c, 0, 44, 64
3, 92832, Note_off_c, 0, 58, 64
3, 92880, Note_on_c, 0, 45, 91
3, 92880, Note_on_c, 0, 58, 91
3, 92976, Note_off_c, 0, 58, 64
3, 93000, Note_on_c, 0, 60, 91
3, 93072, Note_off_c, 0, 45, 64
3, 93120, Note_on_c, 0, 46, 91
3, 93216, Note_off_c, 0, 60, 64
3, 93240, Note_on_c, 0, 56, 91
3, 93336, Note_off_c, 0, 56, 64
3, 93360, Note_on_c, 0, 58, 91
3, 93408, Note_off_c, 0, 46, 64
3, 93456, Note_off_c, 0, 58, 64
3, 93480, Note_on_c, 0, 60, 91
3, 93480, Note_on_c, 0, 46, 91
3, 93576, Note_off_c, 0, 60, 64
3, 93600, Note_on_c, 0, 61, 91
3, 93696, Note_off_c, 0, 61, 64
3, 93696, Note_off_c, 0, 46, 64
3, 93720, Note_on_c, 0, 46, 91
3, 93720, Note_on_c, 0, 63, 91
3, 94008, Note_off_c, 0, 46, 64
3, 94224, Note_off_c, 0, 63, 64
3, 94224, End_track
0, 0, End_of_file
