0, 0, Header, 1, 18, 384
1, 0, Start_track
1, 0, Time_signature, 3, 2, 96, 8
1, 0, Sequencer_specific, 3, 0, 0, 65
1, 0, Tempo, 526315
1, 0, End_track
2, 0, Start_track
2, 0, Title_t, "Music Box"
2, 0, Control_c, 0, 0, 0
2, 0, Program_c, 0, 10
2, 0, Control_c, 0, 91, 127
2, 0, Note_on_c, 0, 66, 100
2, 128, Note_off_c, 0, 66, 100
2, 192, Note_on_c, 0, 64, 100
2, 320, Note_off_c, 0, 64, 100
2, 384, Note_on_c, 0, 66, 100
2, 512, Note_off_c, 0, 66, 100
2, 576, Note_on_c, 0, 69, 100
2, 704, Note_off_c, 0, 69, 100
2, 768, Note_on_c, 0, 66, 100
2, 896, Note_off_c, 0, 66, 100
2, 960, Note_on_c, 0, 64, 100
2, 1088, Note_off_c, 0, 64, 100
2, 1152, Note_on_c, 0, 66, 100
2, 1280, Note_off_c, 0, 66, 100
2, 1344, Note_on_c, 0, 64, 100
2, 1472, Note_off_c, 0, 64, 100
2, 1536, Note_on_c, 0, 66, 100
2, 1664, Note_off_c, 0, 66, 100
2, 1728, Note_on_c, 0, 69, 100
2, 1856, Note_off_c, 0, 69, 100
2, 1920, Note_on_c, 0, 66, 100
2, 2048, Note_off_c, 0, 66, 100
2, 2112, Note_on_c, 0, 64, 100
2, 2240, Note_off_c, 0, 64, 100
2, 2304, Note_on_c, 0, 73, 100
2, 2432, Note_off_c, 0, 73, 100
2, 2496, Note_on_c, 0, 71, 100
2, 2624, Note_off_c, 0, 71, 100
2, 2688, Note_on_c, 0, 69, 100
2, 2816, Note_off_c, 0, 69, 100
2, 2880, Note_on_c, 0, 71, 100
2, 3008, Note_off_c, 0, 71, 100
2, 3072, Note_on_c, 0, 69, 100
2, 3200, Note_off_c, 0, 69, 100
2, 3264, Note_on_c, 0, 67, 100
2, 3392, Note_off_c, 0, 67, 100
2, 3456, Note_on_c, 0, 73, 100
2, 3584, Note_off_c, 0, 73, 100
2, 3648, Note_on_c, 0, 71, 100
2, 3776, Note_off_c, 0, 71, 100
2, 3840, Note_on_c, 0, 69, 100
2, 3968, Note_off_c, 0, 69, 100
2, 4032, Note_on_c, 0, 71, 100
2, 4160, Note_off_c, 0, 71, 100
2, 4224, Note_on_c, 0, 69, 100
2, 4352, Note_off_c, 0, 69, 100
2, 4416, Note_on_c, 0, 67, 100
2, 4544, Note_off_c, 0, 67, 100
2, 4608, Note_on_c, 0, 73, 100
2, 4736, Note_off_c, 0, 73, 100
2, 4800, Note_on_c, 0, 71, 100
2, 4928, Note_off_c, 0, 71, 100
2, 4992, Note_on_c, 0, 69, 100
2, 5120, Note_off_c, 0, 69, 100
2, 5184, Note_on_c, 0, 71, 100
2, 5312, Note_off_c, 0, 71, 100
2, 5376, Note_on_c, 0, 69, 100
2, 5504, Note_off_c, 0, 69, 100
2, 5568, Note_on_c, 0, 67, 100
2, 5696, Note_off_c, 0, 67, 100
2, 5760, Note_on_c, 0, 66, 100
2, 5888, Note_off_c, 0, 66, 100
2, 5952, Note_on_c, 0, 67, 100
2, 6080, Note_off_c, 0, 67, 100
2, 6144, Note_on_c, 0, 69, 100
2, 6272, Note_off_c, 0, 69, 100
2, 6336, Note_on_c, 0, 71, 100
2, 6464, Note_off_c, 0, 71, 100
2, 6528, Note_on_c, 0, 73, 100
2, 6656, Note_off_c, 0, 73, 100
2, 6720, Note_on_c, 0, 76, 100
2, 6848, Note_off_c, 0, 76, 100
2, 6912, Note_on_c, 0, 74, 100
2, 7940, Note_off_c, 0, 74, 100
2, 8064, Note_on_c, 0, 64, 100
2, 8192, Note_off_c, 0, 64, 100
2, 8256, Note_on_c, 0, 66, 100
2, 8384, Note_off_c, 0, 66, 100
2, 8448, Note_on_c, 0, 67, 100
2, 8576, Note_off_c, 0, 67, 100
2, 8640, Note_on_c, 0, 69, 100
2, 8768, Note_off_c, 0, 69, 100
2, 8832, Note_on_c, 0, 71, 100
2, 8960, Note_off_c, 0, 71, 100
2, 9024, Note_on_c, 0, 73, 100
2, 9152, Note_off_c, 0, 73, 100
2, 9216, Note_on_c, 0, 66, 100
2, 9216, Note_on_c, 0, 69, 100
2, 9344, Note_off_c, 0, 66, 100
2, 9344, Note_off_c, 0, 69, 100
2, 9408, Note_on_c, 0, 64, 100
2, 9408, Note_on_c, 0, 67, 100
2, 9536, Note_off_c, 0, 64, 100
2, 9536, Note_off_c, 0, 67, 100
2, 9600, Note_on_c, 0, 69, 100
2, 9600, Note_on_c, 0, 66, 100
2, 9728, Note_off_c, 0, 69, 100
2, 9728, Note_off_c, 0, 66, 100
2, 9792, Note_on_c, 0, 73, 100
2, 9792, Note_on_c, 0, 69, 100
2, 9920, Note_off_c, 0, 73, 100
2, 9920, Note_off_c, 0, 69, 100
2, 9984, Note_on_c, 0, 66, 100
2, 9984, Note_on_c, 0, 69, 100
2, 10112, Note_off_c, 0, 66, 100
2, 10112, Note_off_c, 0, 69, 100
2, 10176, Note_on_c, 0, 64, 100
2, 10176, Note_on_c, 0, 67, 100
2, 10304, Note_off_c, 0, 64, 100
2, 10304, Note_off_c, 0, 67, 100
2, 10368, Note_on_c, 0, 66, 100
2, 10368, Note_on_c, 0, 69, 100
2, 10496, Note_off_c, 0, 66, 100
2, 10496, Note_off_c, 0, 69, 100
2, 10560, Note_on_c, 0, 64, 100
2, 10560, Note_on_c, 0, 67, 100
2, 10688, Note_off_c, 0, 64, 100
2, 10688, Note_off_c, 0, 67, 100
2, 10752, Note_on_c, 0, 69, 100
2, 10752, Note_on_c, 0, 66, 100
2, 10880, Note_off_c, 0, 69, 100
2, 10880, Note_off_c, 0, 66, 100
2, 10944, Note_on_c, 0, 73, 100
2, 10944, Note_on_c, 0, 69, 100
2, 11072, Note_off_c, 0, 73, 100
2, 11072, Note_off_c, 0, 69, 100
2, 11136, Note_on_c, 0, 66, 100
2, 11136, Note_on_c, 0, 69, 100
2, 11264, Note_off_c, 0, 66, 100
2, 11264, Note_off_c, 0, 69, 100
2, 11328, Note_on_c, 0, 64, 100
2, 11328, Note_on_c, 0, 67, 100
2, 11456, Note_off_c, 0, 64, 100
2, 11456, Note_off_c, 0, 67, 100
2, 11520, Note_on_c, 0, 76, 100
2, 11520, Note_on_c, 0, 73, 100
2, 11648, Note_off_c, 0, 76, 100
2, 11648, Note_off_c, 0, 73, 100
2, 11712, Note_on_c, 0, 74, 100
2, 11712, Note_on_c, 0, 71, 100
2, 11840, Note_off_c, 0, 74, 100
2, 11840, Note_off_c, 0, 71, 100
2, 11904, Note_on_c, 0, 73, 100
2, 11904, Note_on_c, 0, 69, 100
2, 12032, Note_off_c, 0, 73, 100
2, 12032, Note_off_c, 0, 69, 100
2, 12096, Note_on_c, 0, 74, 100
2, 12096, Note_on_c, 0, 71, 100
2, 12224, Note_off_c, 0, 74, 100
2, 12224, Note_off_c, 0, 71, 100
2, 12288, Note_on_c, 0, 73, 100
2, 12288, Note_on_c, 0, 69, 100
2, 12416, Note_off_c, 0, 73, 100
2, 12416, Note_off_c, 0, 69, 100
2, 12480, Note_on_c, 0, 71, 100
2, 12480, Note_on_c, 0, 67, 100
2, 12608, Note_off_c, 0, 71, 100
2, 12608, Note_off_c, 0, 67, 100
2, 12672, Note_on_c, 0, 76, 100
2, 12672, Note_on_c, 0, 73, 100
2, 12800, Note_off_c, 0, 76, 100
2, 12800, Note_off_c, 0, 73, 100
2, 12864, Note_on_c, 0, 74, 100
2, 12864, Note_on_c, 0, 71, 100
2, 12992, Note_off_c, 0, 74, 100
2, 12992, Note_off_c, 0, 71, 100
2, 13056, Note_on_c, 0, 73, 100
2, 13056, Note_on_c, 0, 69, 100
2, 13184, Note_off_c, 0, 73, 100
2, 13184, Note_off_c, 0, 69, 100
2, 13248, Note_on_c, 0, 74, 100
2, 13248, Note_on_c, 0, 71, 100
2, 13376, Note_off_c, 0, 74, 100
2, 13376, Note_off_c, 0, 71, 100
2, 13440, Note_on_c, 0, 73, 100
2, 13440, Note_on_c, 0, 69, 100
2, 13568, Note_off_c, 0, 73, 100
2, 13568, Note_off_c, 0, 69, 100
2, 13632, Note_on_c, 0, 71, 100
2, 13632, Note_on_c, 0, 67, 100
2, 13760, Note_off_c, 0, 71, 100
2, 13760, Note_off_c, 0, 67, 100
2, 13824, Note_on_c, 0, 76, 100
2, 13824, Note_on_c, 0, 73, 100
2, 13952, Note_off_c, 0, 76, 100
2, 13952, Note_off_c, 0, 73, 100
2, 14016, Note_on_c, 0, 74, 100
2, 14016, Note_on_c, 0, 71, 100
2, 14144, Note_off_c, 0, 74, 100
2, 14144, Note_off_c, 0, 71, 100
2, 14208, Note_on_c, 0, 73, 100
2, 14208, Note_on_c, 0, 69, 100
2, 14336, Note_off_c, 0, 73, 100
2, 14336, Note_off_c, 0, 69, 100
2, 14400, Note_on_c, 0, 74, 100
2, 14400, Note_on_c, 0, 71, 100
2, 14528, Note_off_c, 0, 74, 100
2, 14528, Note_off_c, 0, 71, 100
2, 14592, Note_on_c, 0, 73, 100
2, 14592, Note_on_c, 0, 69, 100
2, 14720, Note_off_c, 0, 73, 100
2, 14720, Note_off_c, 0, 69, 100
2, 14784, Note_on_c, 0, 71, 100
2, 14784, Note_on_c, 0, 67, 100
2, 14912, Note_off_c, 0, 71, 100
2, 14912, Note_off_c, 0, 67, 100
2, 14976, Note_on_c, 0, 69, 100
2, 15104, Note_off_c, 0, 69, 100
2, 15168, Note_on_c, 0, 71, 100
2, 15296, Note_off_c, 0, 71, 100
2, 15360, Note_on_c, 0, 73, 100
2, 15488, Note_off_c, 0, 73, 100
2, 15552, Note_on_c, 0, 69, 100
2, 15680, Note_off_c, 0, 69, 100
2, 15744, Note_on_c, 0, 73, 100
2, 15872, Note_off_c, 0, 73, 100
2, 15936, Note_on_c, 0, 76, 100
2, 16064, Note_off_c, 0, 76, 100
2, 16128, Note_on_c, 0, 74, 100
2, 17668, Note_off_c, 0, 74, 100
2, 18432, Note_on_c, 0, 71, 100
2, 18944, Note_off_c, 0, 71, 100
2, 19200, Note_on_c, 0, 69, 100
2, 19328, Note_off_c, 0, 69, 100
2, 19392, Note_on_c, 0, 66, 100
2, 19520, Note_off_c, 0, 66, 100
2, 19584, Note_on_c, 0, 65, 100
2, 19840, Note_off_c, 0, 65, 100
2, 19968, Note_on_c, 0, 61, 100
2, 20480, Note_off_c, 0, 61, 100
2, 20544, Note_on_c, 0, 57, 100
2, 20672, Note_off_c, 0, 57, 100
2, 20736, Note_on_c, 0, 59, 100
2, 21764, Note_off_c, 0, 59, 100
2, 22080, Note_on_c, 0, 59, 100
2, 22208, Note_off_c, 0, 59, 100
2, 22272, Note_on_c, 0, 61, 100
2, 22400, Note_off_c, 0, 61, 100
2, 22464, Note_on_c, 0, 62, 100
2, 22592, Note_off_c, 0, 62, 100
2, 22656, Note_on_c, 0, 64, 100
2, 22784, Note_off_c, 0, 64, 100
2, 22848, Note_on_c, 0, 73, 100
2, 22976, Note_off_c, 0, 73, 100
2, 23040, Note_on_c, 0, 71, 100
2, 23296, Note_off_c, 0, 71, 100
2, 23424, Note_on_c, 0, 71, 100
2, 23680, Note_off_c, 0, 71, 100
2, 23808, Note_on_c, 0, 69, 100
2, 23936, Note_off_c, 0, 69, 100
2, 24000, Note_on_c, 0, 66, 100
2, 24128, Note_off_c, 0, 66, 100
2, 24192, Note_on_c, 0, 65, 100
2, 24448, Note_off_c, 0, 65, 100
2, 24576, Note_on_c, 0, 61, 100
2, 24832, Note_off_c, 0, 61, 100
2, 24960, Note_on_c, 0, 57, 100
2, 25216, Note_off_c, 0, 57, 100
2, 25344, Note_on_c, 0, 59, 100
2, 26372, Note_off_c, 0, 59, 100
2, 27648, Note_on_c, 0, 69, 100
2, 27648, Note_on_c, 0, 64, 100
2, 27776, Note_off_c, 0, 69, 100
2, 27776, Note_off_c, 0, 64, 100
2, 27840, Note_on_c, 0, 67, 100
2, 27840, Note_on_c, 0, 62, 100
2, 27968, Note_off_c, 0, 67, 100
2, 27968, Note_off_c, 0, 62, 100
2, 28032, Note_on_c, 0, 69, 100
2, 28032, Note_on_c, 0, 64, 100
2, 28160, Note_off_c, 0, 69, 100
2, 28160, Note_off_c, 0, 64, 100
2, 28224, Note_on_c, 0, 70, 100
2, 28224, Note_on_c, 0, 65, 100
2, 28352, Note_off_c, 0, 70, 100
2, 28352, Note_off_c, 0, 65, 100
2, 28416, Note_on_c, 0, 72, 100
2, 28416, Note_on_c, 0, 67, 100
2, 28544, Note_off_c, 0, 72, 100
2, 28544, Note_off_c, 0, 67, 100
2, 28608, Note_on_c, 0, 70, 100
2, 28608, Note_on_c, 0, 65, 100
2, 28736, Note_off_c, 0, 70, 100
2, 28736, Note_off_c, 0, 65, 100
2, 28800, Note_on_c, 0, 69, 100
2, 28800, Note_on_c, 0, 64, 100
2, 28928, Note_off_c, 0, 69, 100
2, 28928, Note_off_c, 0, 64, 100
2, 28992, Note_on_c, 0, 70, 100
2, 28992, Note_on_c, 0, 65, 100
2, 29120, Note_off_c, 0, 70, 100
2, 29120, Note_off_c, 0, 65, 100
2, 29184, Note_on_c, 0, 69, 100
2, 29184, Note_on_c, 0, 64, 100
2, 29312, Note_off_c, 0, 69, 100
2, 29312, Note_off_c, 0, 64, 100
2, 29376, Note_on_c, 0, 67, 100
2, 29376, Note_on_c, 0, 62, 100
2, 29504, Note_off_c, 0, 67, 100
2, 29504, Note_off_c, 0, 62, 100
2, 29568, Note_on_c, 0, 66, 100
2, 29568, Note_on_c, 0, 61, 100
2, 29696, Note_off_c, 0, 66, 100
2, 29696, Note_off_c, 0, 61, 100
2, 29760, Note_on_c, 0, 67, 100
2, 29760, Note_on_c, 0, 62, 100
2, 29888, Note_off_c, 0, 67, 100
2, 29888, Note_off_c, 0, 62, 100
2, 29952, Note_on_c, 0, 69, 100
2, 29952, Note_on_c, 0, 66, 100
2, 31492, Note_off_c, 0, 69, 100
2, 31492, Note_off_c, 0, 66, 100
2, 32256, Note_on_c, 0, 62, 100
2, 32256, Note_on_c, 0, 58, 100
2, 32384, Note_off_c, 0, 62, 100
2, 32384, Note_off_c, 0, 58, 100
2, 32448, Note_on_c, 0, 64, 100
2, 32448, Note_on_c, 0, 60, 100
2, 32576, Note_off_c, 0, 64, 100
2, 32576, Note_off_c, 0, 60, 100
2, 32640, Note_on_c, 0, 62, 100
2, 32640, Note_on_c, 0, 58, 100
2, 32768, Note_off_c, 0, 62, 100
2, 32768, Note_off_c, 0, 58, 100
2, 32832, Note_on_c, 0, 58, 100
2, 32960, Note_off_c, 0, 58, 100
2, 33024, Note_on_c, 0, 57, 100
2, 33152, Note_off_c, 0, 57, 100
2, 33216, Note_on_c, 0, 55, 100
2, 33344, Note_off_c, 0, 55, 100
2, 33408, Note_on_c, 0, 57, 100
2, 33536, Note_off_c, 0, 57, 100
2, 33600, Note_on_c, 0, 58, 100
2, 33728, Note_off_c, 0, 58, 100
2, 33792, Note_on_c, 0, 60, 100
2, 33920, Note_off_c, 0, 60, 100
2, 33984, Note_on_c, 0, 62, 100
2, 33984, Note_on_c, 0, 57, 100
2, 34112, Note_off_c, 0, 62, 100
2, 34112, Note_off_c, 0, 57, 100
2, 34176, Note_on_c, 0, 64, 100
2, 34176, Note_on_c, 0, 58, 100
2, 34304, Note_off_c, 0, 64, 100
2, 34304, Note_off_c, 0, 58, 100
2, 34368, Note_on_c, 0, 70, 100
2, 34368, Note_on_c, 0, 65, 100
2, 34496, Note_off_c, 0, 70, 100
2, 34496, Note_off_c, 0, 65, 100
2, 34560, Note_on_c, 0, 69, 100
2, 34560, Note_on_c, 0, 66, 100
2, 36100, Note_off_c, 0, 69, 100
2, 36100, Note_off_c, 0, 66, 100
2, 36864, Note_on_c, 0, 78, 100
2, 36992, Note_off_c, 0, 78, 100
2, 37056, Note_on_c, 0, 76, 100
2, 37184, Note_off_c, 0, 76, 100
2, 37248, Note_on_c, 0, 78, 100
2, 37376, Note_off_c, 0, 78, 100
2, 37440, Note_on_c, 0, 81, 100
2, 37568, Note_off_c, 0, 81, 100
2, 37632, Note_on_c, 0, 78, 100
2, 37760, Note_off_c, 0, 78, 100
2, 37824, Note_on_c, 0, 76, 100
2, 37952, Note_off_c, 0, 76, 100
2, 38016, Note_on_c, 0, 66, 100
2, 38144, Note_off_c, 0, 66, 100
2, 38208, Note_on_c, 0, 64, 100
2, 38336, Note_off_c, 0, 64, 100
2, 38400, Note_on_c, 0, 66, 100
2, 38528, Note_off_c, 0, 66, 100
2, 38592, Note_on_c, 0, 69, 100
2, 38720, Note_off_c, 0, 69, 100
2, 38784, Note_on_c, 0, 66, 100
2, 38912, Note_off_c, 0, 66, 100
2, 38976, Note_on_c, 0, 64, 100
2, 39104, Note_off_c, 0, 64, 100
2, 39168, Note_on_c, 0, 85, 100
2, 39296, Note_off_c, 0, 85, 100
2, 39360, Note_on_c, 0, 83, 100
2, 39488, Note_off_c, 0, 83, 100
2, 39552, Note_on_c, 0, 81, 100
2, 39680, Note_off_c, 0, 81, 100
2, 39744, Note_on_c, 0, 83, 100
2, 39872, Note_off_c, 0, 83, 100
2, 39936, Note_on_c, 0, 81, 100
2, 40064, Note_off_c, 0, 81, 100
2, 40128, Note_on_c, 0, 79, 100
2, 40256, Note_off_c, 0, 79, 100
2, 40320, Note_on_c, 0, 61, 100
2, 40448, Note_off_c, 0, 61, 100
2, 40512, Note_on_c, 0, 59, 100
2, 40640, Note_off_c, 0, 59, 100
2, 40704, Note_on_c, 0, 57, 100
2, 40832, Note_off_c, 0, 57, 100
2, 40896, Note_on_c, 0, 59, 100
2, 41024, Note_off_c, 0, 59, 100
2, 41088, Note_on_c, 0, 57, 100
2, 41216, Note_off_c, 0, 57, 100
2, 41280, Note_on_c, 0, 55, 100
2, 41408, Note_off_c, 0, 55, 100
2, 41472, Note_on_c, 0, 85, 100
2, 41600, Note_off_c, 0, 85, 100
2, 41664, Note_on_c, 0, 83, 100
2, 41792, Note_off_c, 0, 83, 100
2, 41856, Note_on_c, 0, 81, 100
2, 41984, Note_off_c, 0, 81, 100
2, 42048, Note_on_c, 0, 83, 100
2, 42176, Note_off_c, 0, 83, 100
2, 42240, Note_on_c, 0, 81, 100
2, 42368, Note_off_c, 0, 81, 100
2, 42432, Note_on_c, 0, 79, 100
2, 42560, Note_off_c, 0, 79, 100
2, 42624, Note_on_c, 0, 78, 100
2, 42752, Note_off_c, 0, 78, 100
2, 42816, Note_on_c, 0, 76, 100
2, 42944, Note_off_c, 0, 76, 100
2, 43008, Note_on_c, 0, 78, 100
2, 43136, Note_off_c, 0, 78, 100
2, 43200, Note_on_c, 0, 81, 100
2, 43328, Note_off_c, 0, 81, 100
2, 43392, Note_on_c, 0, 85, 100
2, 43520, Note_off_c, 0, 85, 100
2, 43584, Note_on_c, 0, 88, 100
2, 43712, Note_off_c, 0, 88, 100
2, 43776, Note_on_c, 0, 86, 100
2, 45316, Note_off_c, 0, 86, 100
2, 45316, End_track
3, 0, Start_track
3, 0, Title_t, "Bassoon"
3, 0, Control_c, 1, 0, 0
3, 0, Program_c, 1, 70
3, 0, Control_c, 1, 91, 127
3, 0, Note_on_c, 1, 50, 127
3, 128, Note_off_c, 1, 50, 127
3, 192, Note_on_c, 1, 50, 127
3, 320, Note_off_c, 1, 50, 127
3, 384, Note_on_c, 1, 50, 127
3, 512, Note_off_c, 1, 50, 127
3, 960, Note_on_c, 1, 45, 127
3, 1088, Note_off_c, 1, 45, 127
3, 1152, Note_on_c, 1, 50, 127
3, 1280, Note_off_c, 1, 50, 127
3, 1344, Note_on_c, 1, 50, 127
3, 1472, Note_off_c, 1, 50, 127
3, 1536, Note_on_c, 1, 50, 127
3, 1664, Note_off_c, 1, 50, 127
3, 2112, Note_on_c, 1, 45, 127
3, 2240, Note_off_c, 1, 45, 127
3, 2304, Note_on_c, 1, 52, 127
3, 2432, Note_off_c, 1, 52, 127
3, 2496, Note_on_c, 1, 52, 127
3, 2624, Note_off_c, 1, 52, 127
3, 2688, Note_on_c, 1, 52, 127
3, 2816, Note_off_c, 1, 52, 127
3, 3264, Note_on_c, 1, 47, 127
3, 3392, Note_off_c, 1, 47, 127
3, 3456, Note_on_c, 1, 52, 127
3, 3584, Note_off_c, 1, 52, 127
3, 3648, Note_on_c, 1, 52, 127
3, 3776, Note_off_c, 1, 52, 127
3, 3840, Note_on_c, 1, 52, 127
3, 3968, Note_off_c, 1, 52, 127
3, 4416, Note_on_c, 1, 47, 127
3, 4544, Note_off_c, 1, 47, 127
3, 4608, Note_on_c, 1, 52, 127
3, 4736, Note_off_c, 1, 52, 127
3, 4800, Note_on_c, 1, 52, 127
3, 4928, Note_off_c, 1, 52, 127
3, 4992, Note_on_c, 1, 52, 127
3, 5120, Note_off_c, 1, 52, 127
3, 5568, Note_on_c, 1, 52, 127
3, 5696, Note_off_c, 1, 52, 127
3, 5760, Note_on_c, 1, 45, 127
3, 6144, Note_off_c, 1, 45, 127
3, 6720, Note_on_c, 1, 45, 127
3, 6848, Note_off_c, 1, 45, 127
3, 6912, Note_on_c, 1, 50, 127
3, 7040, Note_off_c, 1, 50, 127
3, 7104, Note_on_c, 1, 50, 127
3, 7232, Note_off_c, 1, 50, 127
3, 7296, Note_on_c, 1, 50, 127
3, 7424, Note_off_c, 1, 50, 127
3, 8064, Note_on_c, 1, 47, 127
3, 8192, Note_off_c, 1, 47, 127
3, 8256, Note_on_c, 1, 49, 127
3, 8384, Note_off_c, 1, 49, 127
3, 8448, Note_on_c, 1, 50, 127
3, 8576, Note_off_c, 1, 50, 127
3, 8640, Note_on_c, 1, 52, 127
3, 8768, Note_off_c, 1, 52, 127
3, 8832, Note_on_c, 1, 54, 127
3, 8960, Note_off_c, 1, 54, 127
3, 9024, Note_on_c, 1, 56, 127
3, 9024, Note_on_c, 1, 45, 127
3, 9152, Note_off_c, 1, 56, 127
3, 9152, Note_off_c, 1, 45, 127
3, 9216, Note_on_c, 1, 50, 127
3, 9344, Note_off_c, 1, 50, 127
3, 9408, Note_on_c, 1, 50, 127
3, 9536, Note_off_c, 1, 50, 127
3, 9600, Note_on_c, 1, 50, 127
3, 9728, Note_off_c, 1, 50, 127
3, 10176, Note_on_c, 1, 45, 127
3, 10304, Note_off_c, 1, 45, 127
3, 10368, Note_on_c, 1, 50, 127
3, 10496, Note_off_c, 1, 50, 127
3, 10560, Note_on_c, 1, 50, 127
3, 10688, Note_off_c, 1, 50, 127
3, 10752, Note_on_c, 1, 50, 127
3, 10880, Note_off_c, 1, 50, 127
3, 11328, Note_on_c, 1, 45, 127
3, 11456, Note_off_c, 1, 45, 127
3, 11520, Note_on_c, 1, 52, 127
3, 11648, Note_off_c, 1, 52, 127
3, 11712, Note_on_c, 1, 52, 127
3, 11840, Note_off_c, 1, 52, 127
3, 11904, Note_on_c, 1, 52, 127
3, 12032, Note_off_c, 1, 52, 127
3, 12480, Note_on_c, 1, 47, 127
3, 12608, Note_off_c, 1, 47, 127
3, 12672, Note_on_c, 1, 52, 127
3, 12800, Note_off_c, 1, 52, 127
3, 12864, Note_on_c, 1, 52, 127
3, 12992, Note_off_c, 1, 52, 127
3, 13056, Note_on_c, 1, 52, 127
3, 13184, Note_off_c, 1, 52, 127
3, 13632, Note_on_c, 1, 47, 127
3, 13760, Note_off_c, 1, 47, 127
3, 13824, Note_on_c, 1, 52, 127
3, 13952, Note_off_c, 1, 52, 127
3, 14016, Note_on_c, 1, 52, 127
3, 14144, Note_off_c, 1, 52, 127
3, 14208, Note_on_c, 1, 52, 127
3, 14336, Note_off_c, 1, 52, 127
3, 14784, Note_on_c, 1, 47, 127
3, 14912, Note_off_c, 1, 47, 127
3, 14976, Note_on_c, 1, 45, 127
3, 15936, Note_on_c, 1, 45, 127
3, 16004, Note_off_c, 1, 45, 127
3, 16064, Note_off_c, 1, 45, 127
3, 16128, Note_on_c, 1, 50, 127
3, 17668, Note_off_c, 1, 50, 127
3, 18432, Note_on_c, 1, 47, 127
3, 19392, Note_on_c, 1, 47, 127
3, 19460, Note_off_c, 1, 47, 127
3, 19520, Note_off_c, 1, 47, 127
3, 19584, Note_on_c, 1, 46, 127
3, 20544, Note_on_c, 1, 46, 127
3, 20612, Note_off_c, 1, 46, 127
3, 20672, Note_off_c, 1, 46, 127
3, 20736, Note_on_c, 1, 45, 127
3, 21764, Note_off_c, 1, 45, 127
3, 22848, Note_on_c, 1, 49, 127
3, 22976, Note_off_c, 1, 49, 127
3, 23040, Note_on_c, 1, 47, 127
3, 24000, Note_on_c, 1, 47, 127
3, 24068, Note_off_c, 1, 47, 127
3, 24128, Note_off_c, 1, 47, 127
3, 24192, Note_on_c, 1, 46, 127
3, 25152, Note_on_c, 1, 46, 127
3, 25220, Note_off_c, 1, 46, 127
3, 25280, Note_off_c, 1, 46, 127
3, 25344, Note_on_c, 1, 50, 127
3, 26372, Note_off_c, 1, 50, 127
3, 27648, Note_on_c, 1, 45, 127
3, 27776, Note_off_c, 1, 45, 127
3, 27840, Note_on_c, 1, 43, 127
3, 27968, Note_off_c, 1, 43, 127
3, 28032, Note_on_c, 1, 45, 127
3, 28160, Note_off_c, 1, 45, 127
3, 28800, Note_on_c, 1, 45, 127
3, 28928, Note_off_c, 1, 45, 127
3, 28992, Note_on_c, 1, 43, 127
3, 29120, Note_off_c, 1, 43, 127
3, 29184, Note_on_c, 1, 45, 127
3, 29312, Note_off_c, 1, 45, 127
3, 29760, Note_on_c, 1, 49, 127
3, 29888, Note_off_c, 1, 49, 127
3, 29952, Note_on_c, 1, 50, 127
3, 31492, Note_off_c, 1, 50, 127
3, 32256, Note_on_c, 1, 43, 127
3, 32384, Note_off_c, 1, 43, 127
3, 32448, Note_on_c, 1, 41, 127
3, 32576, Note_off_c, 1, 41, 127
3, 32640, Note_on_c, 1, 43, 127
3, 32768, Note_off_c, 1, 43, 127
3, 33408, Note_on_c, 1, 45, 127
3, 33536, Note_off_c, 1, 45, 127
3, 33600, Note_on_c, 1, 43, 127
3, 33728, Note_off_c, 1, 43, 127
3, 33792, Note_on_c, 1, 45, 127
3, 33920, Note_off_c, 1, 45, 127
3, 34368, Note_on_c, 1, 45, 127
3, 34496, Note_off_c, 1, 45, 127
3, 34560, Note_on_c, 1, 50, 127
3, 35588, Note_off_c, 1, 50, 127
3, 35712, Note_on_c, 1, 45, 127
3, 35744, Note_off_c, 1, 45, 127
3, 35808, Note_on_c, 1, 45, 127
3, 35840, Note_off_c, 1, 45, 127
3, 36000, Note_on_c, 1, 45, 127
3, 36032, Note_off_c, 1, 45, 127
3, 36096, Note_on_c, 1, 45, 127
3, 36128, Note_off_c, 1, 45, 127
3, 36288, Note_on_c, 1, 45, 127
3, 36320, Note_off_c, 1, 45, 127
3, 36384, Note_on_c, 1, 45, 127
3, 36416, Note_off_c, 1, 45, 127
3, 36576, Note_on_c, 1, 45, 127
3, 36608, Note_off_c, 1, 45, 127
3, 36672, Note_on_c, 1, 45, 127
3, 36704, Note_off_c, 1, 45, 127
3, 36768, Note_on_c, 1, 45, 127
3, 36800, Note_off_c, 1, 45, 127
3, 36864, Note_on_c, 1, 50, 127
3, 36992, Note_off_c, 1, 50, 127
3, 37056, Note_on_c, 1, 45, 127
3, 37184, Note_off_c, 1, 45, 127
3, 37248, Note_on_c, 1, 50, 127
3, 37376, Note_off_c, 1, 50, 127
3, 37824, Note_on_c, 1, 45, 127
3, 37952, Note_off_c, 1, 45, 127
3, 38016, Note_on_c, 1, 50, 127
3, 38144, Note_off_c, 1, 50, 127
3, 38208, Note_on_c, 1, 45, 127
3, 38336, Note_off_c, 1, 45, 127
3, 38400, Note_on_c, 1, 50, 127
3, 38528, Note_off_c, 1, 50, 127
3, 38976, Note_on_c, 1, 45, 127
3, 39104, Note_off_c, 1, 45, 127
3, 39168, Note_on_c, 1, 52, 127
3, 39296, Note_off_c, 1, 52, 127
3, 39360, Note_on_c, 1, 47, 127
3, 39488, Note_off_c, 1, 47, 127
3, 39552, Note_on_c, 1, 52, 127
3, 39680, Note_off_c, 1, 52, 127
3, 40128, Note_on_c, 1, 47, 127
3, 40256, Note_off_c, 1, 47, 127
3, 40320, Note_on_c, 1, 52, 127
3, 40448, Note_off_c, 1, 52, 127
3, 40512, Note_on_c, 1, 47, 127
3, 40640, Note_off_c, 1, 47, 127
3, 40704, Note_on_c, 1, 52, 127
3, 40832, Note_off_c, 1, 52, 127
3, 41280, Note_on_c, 1, 52, 127
3, 41408, Note_off_c, 1, 52, 127
3, 41472, Note_on_c, 1, 45, 127
3, 42432, Note_on_c, 1, 45, 127
3, 42500, Note_off_c, 1, 45, 127
3, 42560, Note_off_c, 1, 45, 127
3, 42624, Note_on_c, 1, 47, 127
3, 43584, Note_on_c, 1, 47, 127
3, 43652, Note_off_c, 1, 47, 127
3, 43712, Note_off_c, 1, 47, 127
3, 43776, Note_on_c, 1, 50, 127
3, 45316, Note_off_c, 1, 50, 127
3, 45316, End_track
4, 0, Start_track
4, 0, Title_t, "Bells"
4, 0, Control_c, 2, 0, 0
4, 0, Program_c, 2, 12
4, 0, Control_c, 2, 91, 0
4, 0, Note_on_c, 2, 66, 100
4, 128, Note_off_c, 2, 66, 100
4, 192, Note_on_c, 2, 64, 100
4, 320, Note_off_c, 2, 64, 100
4, 384, Note_on_c, 2, 66, 100
4, 512, Note_off_c, 2, 66, 100
4, 576, Note_on_c, 2, 69, 100
4, 704, Note_off_c, 2, 69, 100
4, 768, Note_on_c, 2, 66, 100
4, 896, Note_off_c, 2, 66, 100
4, 960, Note_on_c, 2, 64, 100
4, 1088, Note_off_c, 2, 64, 100
4, 1152, Note_on_c, 2, 66, 100
4, 1280, Note_off_c, 2, 66, 100
4, 1344, Note_on_c, 2, 64, 100
4, 1472, Note_off_c, 2, 64, 100
4, 1536, Note_on_c, 2, 66, 100
4, 1664, Note_off_c, 2, 66, 100
4, 1728, Note_on_c, 2, 69, 100
4, 1856, Note_off_c, 2, 69, 100
4, 1920, Note_on_c, 2, 66, 100
4, 2048, Note_off_c, 2, 66, 100
4, 2112, Note_on_c, 2, 64, 100
4, 2240, Note_off_c, 2, 64, 100
4, 2304, Note_on_c, 2, 73, 100
4, 2432, Note_off_c, 2, 73, 100
4, 2496, Note_on_c, 2, 71, 100
4, 2624, Note_off_c, 2, 71, 100
4, 2688, Note_on_c, 2, 69, 100
4, 2816, Note_off_c, 2, 69, 100
4, 2880, Note_on_c, 2, 71, 100
4, 3008, Note_off_c, 2, 71, 100
4, 3072, Note_on_c, 2, 69, 100
4, 3200, Note_off_c, 2, 69, 100
4, 3264, Note_on_c, 2, 67, 100
4, 3392, Note_off_c, 2, 67, 100
4, 3456, Note_on_c, 2, 73, 100
4, 3584, Note_off_c, 2, 73, 100
4, 3648, Note_on_c, 2, 71, 100
4, 3776, Note_off_c, 2, 71, 100
4, 3840, Note_on_c, 2, 69, 100
4, 3968, Note_off_c, 2, 69, 100
4, 4032, Note_on_c, 2, 71, 100
4, 4160, Note_off_c, 2, 71, 100
4, 4224, Note_on_c, 2, 69, 100
4, 4352, Note_off_c, 2, 69, 100
4, 4416, Note_on_c, 2, 67, 100
4, 4544, Note_off_c, 2, 67, 100
4, 4608, Note_on_c, 2, 73, 100
4, 4736, Note_off_c, 2, 73, 100
4, 4800, Note_on_c, 2, 71, 100
4, 4928, Note_off_c, 2, 71, 100
4, 4992, Note_on_c, 2, 69, 100
4, 5120, Note_off_c, 2, 69, 100
4, 5184, Note_on_c, 2, 71, 100
4, 5312, Note_off_c, 2, 71, 100
4, 5376, Note_on_c, 2, 69, 100
4, 5504, Note_off_c, 2, 69, 100
4, 5568, Note_on_c, 2, 67, 100
4, 5696, Note_off_c, 2, 67, 100
4, 5760, Note_on_c, 2, 66, 100
4, 5888, Note_off_c, 2, 66, 100
4, 5952, Note_on_c, 2, 67, 100
4, 6080, Note_off_c, 2, 67, 100
4, 6144, Note_on_c, 2, 69, 100
4, 6272, Note_off_c, 2, 69, 100
4, 6336, Note_on_c, 2, 71, 100
4, 6464, Note_off_c, 2, 71, 100
4, 6528, Note_on_c, 2, 73, 100
4, 6656, Note_off_c, 2, 73, 100
4, 6720, Note_on_c, 2, 76, 100
4, 6848, Note_off_c, 2, 76, 100
4, 6912, Note_on_c, 2, 74, 100
4, 6928, Note_off_c, 2, 74, 100
4, 6960, Note_on_c, 2, 74, 100
4, 6976, Note_off_c, 2, 74, 100
4, 7008, Note_on_c, 2, 74, 100
4, 7024, Note_off_c, 2, 74, 100
4, 7056, Note_on_c, 2, 74, 100
4, 7072, Note_off_c, 2, 74, 100
4, 7104, Note_on_c, 2, 74, 100
4, 7120, Note_off_c, 2, 74, 100
4, 7152, Note_on_c, 2, 74, 100
4, 7168, Note_off_c, 2, 74, 100
4, 7200, Note_on_c, 2, 74, 100
4, 7216, Note_off_c, 2, 74, 100
4, 7248, Note_on_c, 2, 74, 100
4, 7264, Note_off_c, 2, 74, 100
4, 7296, Note_on_c, 2, 74, 100
4, 7312, Note_off_c, 2, 74, 100
4, 7344, Note_on_c, 2, 74, 100
4, 7360, Note_off_c, 2, 74, 100
4, 7392, Note_on_c, 2, 74, 100
4, 7408, Note_off_c, 2, 74, 100
4, 7440, Note_on_c, 2, 74, 100
4, 7456, Note_off_c, 2, 74, 100
4, 7488, Note_on_c, 2, 74, 100
4, 7504, Note_off_c, 2, 74, 100
4, 7536, Note_on_c, 2, 74, 100
4, 7552, Note_off_c, 2, 74, 100
4, 7584, Note_on_c, 2, 74, 100
4, 7584, Note_on_c, 2, 74, 100
4, 7600, Note_off_c, 2, 74, 100
4, 7600, Note_off_c, 2, 74, 100
4, 7632, Note_on_c, 2, 74, 100
4, 7648, Note_off_c, 2, 74, 100
4, 7680, Note_on_c, 2, 74, 100
4, 7696, Note_off_c, 2, 74, 100
4, 7728, Note_on_c, 2, 74, 100
4, 7744, Note_off_c, 2, 74, 100
4, 7776, Note_on_c, 2, 74, 100
4, 7792, Note_off_c, 2, 74, 100
4, 7824, Note_on_c, 2, 74, 100
4, 7840, Note_off_c, 2, 74, 100
4, 7872, Note_on_c, 2, 74, 100
4, 7888, Note_off_c, 2, 74, 100
4, 7920, Note_on_c, 2, 74, 100
4, 7936, Note_off_c, 2, 74, 100
4, 7968, Note_on_c, 2, 74, 100
4, 7984, Note_off_c, 2, 74, 100
4, 8016, Note_on_c, 2, 74, 100
4, 8032, Note_off_c, 2, 74, 100
4, 8064, Note_on_c, 2, 74, 100
4, 8080, Note_off_c, 2, 74, 100
4, 8112, Note_on_c, 2, 74, 100
4, 8128, Note_off_c, 2, 74, 100
4, 8160, Note_on_c, 2, 74, 100
4, 8176, Note_off_c, 2, 74, 100
4, 8208, Note_on_c, 2, 74, 100
4, 8224, Note_off_c, 2, 74, 100
4, 8256, Note_on_c, 2, 74, 100
4, 8272, Note_off_c, 2, 74, 100
4, 8304, Note_on_c, 2, 74, 100
4, 8320, Note_off_c, 2, 74, 100
4, 8352, Note_on_c, 2, 74, 100
4, 8368, Note_off_c, 2, 74, 100
4, 8400, Note_on_c, 2, 74, 100
4, 8416, Note_off_c, 2, 74, 100
4, 8448, Note_on_c, 2, 74, 100
4, 8464, Note_off_c, 2, 74, 100
4, 8496, Note_on_c, 2, 74, 100
4, 8512, Note_off_c, 2, 74, 100
4, 8544, Note_on_c, 2, 74, 100
4, 8560, Note_off_c, 2, 74, 100
4, 8592, Note_on_c, 2, 74, 100
4, 8608, Note_off_c, 2, 74, 100
4, 8640, Note_on_c, 2, 74, 100
4, 8656, Note_off_c, 2, 74, 100
4, 8688, Note_on_c, 2, 74, 100
4, 8704, Note_off_c, 2, 74, 100
4, 8736, Note_on_c, 2, 74, 100
4, 8736, Note_on_c, 2, 74, 100
4, 8752, Note_off_c, 2, 74, 100
4, 8752, Note_off_c, 2, 74, 100
4, 8784, Note_on_c, 2, 74, 100
4, 8800, Note_off_c, 2, 74, 100
4, 8832, Note_on_c, 2, 74, 100
4, 8848, Note_off_c, 2, 74, 100
4, 8880, Note_on_c, 2, 74, 100
4, 8896, Note_off_c, 2, 74, 100
4, 8928, Note_on_c, 2, 74, 100
4, 8944, Note_off_c, 2, 74, 100
4, 8976, Note_on_c, 2, 74, 100
4, 8992, Note_off_c, 2, 74, 100
4, 9024, Note_on_c, 2, 74, 100
4, 9040, Note_off_c, 2, 74, 100
4, 9072, Note_on_c, 2, 74, 100
4, 9088, Note_off_c, 2, 74, 100
4, 9120, Note_on_c, 2, 74, 100
4, 9136, Note_off_c, 2, 74, 100
4, 9168, Note_on_c, 2, 74, 100
4, 9184, Note_off_c, 2, 74, 100
4, 9216, Note_on_c, 2, 66, 100
4, 9216, Note_on_c, 2, 69, 100
4, 9344, Note_off_c, 2, 66, 100
4, 9344, Note_off_c, 2, 69, 100
4, 9408, Note_on_c, 2, 64, 100
4, 9408, Note_on_c, 2, 67, 100
4, 9536, Note_off_c, 2, 64, 100
4, 9536, Note_off_c, 2, 67, 100
4, 9600, Note_on_c, 2, 69, 100
4, 9600, Note_on_c, 2, 66, 100
4, 9728, Note_off_c, 2, 69, 100
4, 9728, Note_off_c, 2, 66, 100
4, 9792, Note_on_c, 2, 73, 100
4, 9792, Note_on_c, 2, 69, 100
4, 9920, Note_off_c, 2, 73, 100
4, 9920, Note_off_c, 2, 69, 100
4, 9984, Note_on_c, 2, 66, 100
4, 9984, Note_on_c, 2, 69, 100
4, 10112, Note_off_c, 2, 66, 100
4, 10112, Note_off_c, 2, 69, 100
4, 10176, Note_on_c, 2, 64, 100
4, 10176, Note_on_c, 2, 67, 100
4, 10304, Note_off_c, 2, 64, 100
4, 10304, Note_off_c, 2, 67, 100
4, 10368, Note_on_c, 2, 66, 100
4, 10368, Note_on_c, 2, 69, 100
4, 10496, Note_off_c, 2, 66, 100
4, 10496, Note_off_c, 2, 69, 100
4, 10560, Note_on_c, 2, 64, 100
4, 10560, Note_on_c, 2, 67, 100
4, 10688, Note_off_c, 2, 64, 100
4, 10688, Note_off_c, 2, 67, 100
4, 10752, Note_on_c, 2, 69, 100
4, 10752, Note_on_c, 2, 66, 100
4, 10880, Note_off_c, 2, 69, 100
4, 10880, Note_off_c, 2, 66, 100
4, 10944, Note_on_c, 2, 73, 100
4, 10944, Note_on_c, 2, 69, 100
4, 11072, Note_off_c, 2, 73, 100
4, 11072, Note_off_c, 2, 69, 100
4, 11136, Note_on_c, 2, 66, 100
4, 11136, Note_on_c, 2, 69, 100
4, 11264, Note_off_c, 2, 66, 100
4, 11264, Note_off_c, 2, 69, 100
4, 11328, Note_on_c, 2, 64, 100
4, 11328, Note_on_c, 2, 67, 100
4, 11456, Note_off_c, 2, 64, 100
4, 11456, Note_off_c, 2, 67, 100
4, 11520, Note_on_c, 2, 76, 100
4, 11520, Note_on_c, 2, 73, 100
4, 11648, Note_off_c, 2, 76, 100
4, 11648, Note_off_c, 2, 73, 100
4, 11712, Note_on_c, 2, 74, 100
4, 11712, Note_on_c, 2, 71, 100
4, 11840, Note_off_c, 2, 74, 100
4, 11840, Note_off_c, 2, 71, 100
4, 11904, Note_on_c, 2, 73, 100
4, 11904, Note_on_c, 2, 69, 100
4, 12032, Note_off_c, 2, 73, 100
4, 12032, Note_off_c, 2, 69, 100
4, 12096, Note_on_c, 2, 74, 100
4, 12096, Note_on_c, 2, 71, 100
4, 12224, Note_off_c, 2, 74, 100
4, 12224, Note_off_c, 2, 71, 100
4, 12288, Note_on_c, 2, 73, 100
4, 12288, Note_on_c, 2, 69, 100
4, 12416, Note_off_c, 2, 73, 100
4, 12416, Note_off_c, 2, 69, 100
4, 12480, Note_on_c, 2, 71, 100
4, 12480, Note_on_c, 2, 67, 100
4, 12608, Note_off_c, 2, 71, 100
4, 12608, Note_off_c, 2, 67, 100
4, 12672, Note_on_c, 2, 76, 100
4, 12672, Note_on_c, 2, 73, 100
4, 12800, Note_off_c, 2, 76, 100
4, 12800, Note_off_c, 2, 73, 100
4, 12864, Note_on_c, 2, 74, 100
4, 12864, Note_on_c, 2, 71, 100
4, 12992, Note_off_c, 2, 74, 100
4, 12992, Note_off_c, 2, 71, 100
4, 13056, Note_on_c, 2, 73, 100
4, 13056, Note_on_c, 2, 69, 100
4, 13184, Note_off_c, 2, 73, 100
4, 13184, Note_off_c, 2, 69, 100
4, 13248, Note_on_c, 2, 74, 100
4, 13248, Note_on_c, 2, 71, 100
4, 13376, Note_off_c, 2, 74, 100
4, 13376, Note_off_c, 2, 71, 100
4, 13440, Note_on_c, 2, 73, 100
4, 13440, Note_on_c, 2, 69, 100
4, 13568, Note_off_c, 2, 73, 100
4, 13568, Note_off_c, 2, 69, 100
4, 13632, Note_on_c, 2, 71, 100
4, 13632, Note_on_c, 2, 67, 100
4, 13760, Note_off_c, 2, 71, 100
4, 13760, Note_off_c, 2, 67, 100
4, 13824, Note_on_c, 2, 76, 100
4, 13824, Note_on_c, 2, 73, 100
4, 13952, Note_off_c, 2, 76, 100
4, 13952, Note_off_c, 2, 73, 100
4, 14016, Note_on_c, 2, 74, 100
4, 14016, Note_on_c, 2, 71, 100
4, 14144, Note_off_c, 2, 74, 100
4, 14144, Note_off_c, 2, 71, 100
4, 14208, Note_on_c, 2, 73, 100
4, 14208, Note_on_c, 2, 69, 100
4, 14336, Note_off_c, 2, 73, 100
4, 14336, Note_off_c, 2, 69, 100
4, 14400, Note_on_c, 2, 74, 100
4, 14400, Note_on_c, 2, 71, 100
4, 14528, Note_off_c, 2, 74, 100
4, 14528, Note_off_c, 2, 71, 100
4, 14592, Note_on_c, 2, 73, 100
4, 14592, Note_on_c, 2, 69, 100
4, 14720, Note_off_c, 2, 73, 100
4, 14720, Note_off_c, 2, 69, 100
4, 14784, Note_on_c, 2, 71, 100
4, 14784, Note_on_c, 2, 67, 100
4, 14912, Note_off_c, 2, 71, 100
4, 14912, Note_off_c, 2, 67, 100
4, 14976, Note_on_c, 2, 69, 100
4, 15104, Note_off_c, 2, 69, 100
4, 15168, Note_on_c, 2, 71, 100
4, 15296, Note_off_c, 2, 71, 100
4, 15360, Note_on_c, 2, 73, 100
4, 15488, Note_off_c, 2, 73, 100
4, 15552, Note_on_c, 2, 69, 100
4, 15680, Note_off_c, 2, 69, 100
4, 15744, Note_on_c, 2, 73, 100
4, 15872, Note_off_c, 2, 73, 100
4, 15936, Note_on_c, 2, 76, 100
4, 16064, Note_off_c, 2, 76, 100
4, 16128, Note_on_c, 2, 74, 100
4, 16144, Note_off_c, 2, 74, 100
4, 16176, Note_on_c, 2, 74, 100
4, 16192, Note_off_c, 2, 74, 100
4, 16224, Note_on_c, 2, 74, 100
4, 16240, Note_off_c, 2, 74, 100
4, 16272, Note_on_c, 2, 74, 100
4, 16288, Note_off_c, 2, 74, 100
4, 16320, Note_on_c, 2, 74, 100
4, 16336, Note_off_c, 2, 74, 100
4, 16368, Note_on_c, 2, 74, 100
4, 16384, Note_off_c, 2, 74, 100
4, 16416, Note_on_c, 2, 74, 100
4, 16432, Note_off_c, 2, 74, 100
4, 16464, Note_on_c, 2, 74, 100
4, 16480, Note_off_c, 2, 74, 100
4, 16512, Note_on_c, 2, 74, 100
4, 16528, Note_off_c, 2, 74, 100
4, 16560, Note_on_c, 2, 74, 100
4, 16576, Note_off_c, 2, 74, 100
4, 16608, Note_on_c, 2, 74, 100
4, 16624, Note_off_c, 2, 74, 100
4, 16656, Note_on_c, 2, 74, 100
4, 16672, Note_off_c, 2, 74, 100
4, 16704, Note_on_c, 2, 74, 100
4, 16720, Note_off_c, 2, 74, 100
4, 16752, Note_on_c, 2, 74, 100
4, 16768, Note_off_c, 2, 74, 100
4, 16800, Note_on_c, 2, 74, 100
4, 16800, Note_on_c, 2, 74, 100
4, 16816, Note_off_c, 2, 74, 100
4, 16816, Note_off_c, 2, 74, 100
4, 16848, Note_on_c, 2, 74, 100
4, 16864, Note_off_c, 2, 74, 100
4, 16896, Note_on_c, 2, 74, 100
4, 16912, Note_off_c, 2, 74, 100
4, 16944, Note_on_c, 2, 74, 100
4, 16960, Note_off_c, 2, 74, 100
4, 16992, Note_on_c, 2, 74, 100
4, 17008, Note_off_c, 2, 74, 100
4, 17040, Note_on_c, 2, 74, 100
4, 17056, Note_off_c, 2, 74, 100
4, 17088, Note_on_c, 2, 74, 100
4, 17104, Note_off_c, 2, 74, 100
4, 17136, Note_on_c, 2, 74, 100
4, 17152, Note_off_c, 2, 74, 100
4, 17184, Note_on_c, 2, 74, 100
4, 17200, Note_off_c, 2, 74, 100
4, 17232, Note_on_c, 2, 74, 100
4, 17248, Note_off_c, 2, 74, 100
4, 17280, Note_on_c, 2, 74, 100
4, 17296, Note_off_c, 2, 74, 100
4, 17328, Note_on_c, 2, 74, 100
4, 17344, Note_off_c, 2, 74, 100
4, 17376, Note_on_c, 2, 74, 100
4, 17392, Note_off_c, 2, 74, 100
4, 17424, Note_on_c, 2, 74, 100
4, 17440, Note_off_c, 2, 74, 100
4, 17472, Note_on_c, 2, 74, 100
4, 17488, Note_off_c, 2, 74, 100
4, 17520, Note_on_c, 2, 74, 100
4, 17536, Note_off_c, 2, 74, 100
4, 17568, Note_on_c, 2, 74, 100
4, 17584, Note_off_c, 2, 74, 100
4, 17616, Note_on_c, 2, 74, 100
4, 17632, Note_off_c, 2, 74, 100
4, 17664, Note_on_c, 2, 74, 100
4, 17680, Note_off_c, 2, 74, 100
4, 17712, Note_on_c, 2, 74, 100
4, 17728, Note_off_c, 2, 74, 100
4, 17760, Note_on_c, 2, 74, 100
4, 17776, Note_off_c, 2, 74, 100
4, 17808, Note_on_c, 2, 74, 100
4, 17824, Note_off_c, 2, 74, 100
4, 17856, Note_on_c, 2, 74, 100
4, 17872, Note_off_c, 2, 74, 100
4, 17904, Note_on_c, 2, 74, 100
4, 17920, Note_off_c, 2, 74, 100
4, 17952, Note_on_c, 2, 74, 100
4, 17952, Note_on_c, 2, 74, 100
4, 17968, Note_off_c, 2, 74, 100
4, 17968, Note_off_c, 2, 74, 100
4, 18000, Note_on_c, 2, 74, 100
4, 18016, Note_off_c, 2, 74, 100
4, 18048, Note_on_c, 2, 74, 100
4, 18064, Note_off_c, 2, 74, 100
4, 18096, Note_on_c, 2, 74, 100
4, 18112, Note_off_c, 2, 74, 100
4, 18144, Note_on_c, 2, 74, 100
4, 18160, Note_off_c, 2, 74, 100
4, 18192, Note_on_c, 2, 74, 100
4, 18208, Note_off_c, 2, 74, 100
4, 18240, Note_on_c, 2, 74, 100
4, 18256, Note_off_c, 2, 74, 100
4, 18288, Note_on_c, 2, 74, 100
4, 18304, Note_off_c, 2, 74, 100
4, 18336, Note_on_c, 2, 74, 100
4, 18352, Note_off_c, 2, 74, 100
4, 18384, Note_on_c, 2, 74, 100
4, 18400, Note_off_c, 2, 74, 100
4, 18432, Note_on_c, 2, 71, 100
4, 18448, Note_off_c, 2, 71, 100
4, 18480, Note_on_c, 2, 71, 100
4, 18496, Note_off_c, 2, 71, 100
4, 18528, Note_on_c, 2, 71, 100
4, 18544, Note_off_c, 2, 71, 100
4, 18576, Note_on_c, 2, 71, 100
4, 18592, Note_off_c, 2, 71, 100
4, 18624, Note_on_c, 2, 71, 100
4, 18640, Note_off_c, 2, 71, 100
4, 18672, Note_on_c, 2, 71, 100
4, 18688, Note_off_c, 2, 71, 100
4, 18720, Note_on_c, 2, 71, 100
4, 18736, Note_off_c, 2, 71, 100
4, 18768, Note_on_c, 2, 71, 100
4, 18784, Note_off_c, 2, 71, 100
4, 18816, Note_on_c, 2, 71, 100
4, 18832, Note_off_c, 2, 71, 100
4, 18864, Note_on_c, 2, 71, 100
4, 18880, Note_off_c, 2, 71, 100
4, 18912, Note_on_c, 2, 71, 100
4, 18928, Note_off_c, 2, 71, 100
4, 18960, Note_on_c, 2, 71, 100
4, 18976, Note_off_c, 2, 71, 100
4, 19008, Note_on_c, 2, 71, 100
4, 19024, Note_off_c, 2, 71, 100
4, 19056, Note_on_c, 2, 71, 100
4, 19072, Note_off_c, 2, 71, 100
4, 19104, Note_on_c, 2, 71, 100
4, 19120, Note_off_c, 2, 71, 100
4, 19152, Note_on_c, 2, 71, 100
4, 19168, Note_off_c, 2, 71, 100
4, 19200, Note_on_c, 2, 69, 100
4, 19248, Note_on_c, 2, 69, 100
4, 19264, Note_off_c, 2, 69, 100
4, 19296, Note_on_c, 2, 69, 100
4, 19312, Note_off_c, 2, 69, 100
4, 19328, Note_off_c, 2, 69, 100
4, 19344, Note_on_c, 2, 69, 100
4, 19360, Note_off_c, 2, 69, 100
4, 19392, Note_on_c, 2, 66, 100
4, 19440, Note_on_c, 2, 66, 100
4, 19456, Note_off_c, 2, 66, 100
4, 19488, Note_on_c, 2, 66, 100
4, 19504, Note_off_c, 2, 66, 100
4, 19520, Note_off_c, 2, 66, 100
4, 19536, Note_on_c, 2, 66, 100
4, 19552, Note_off_c, 2, 66, 100
4, 19584, Note_on_c, 2, 65, 100
4, 19632, Note_on_c, 2, 65, 100
4, 19648, Note_off_c, 2, 65, 100
4, 19680, Note_on_c, 2, 65, 100
4, 19696, Note_off_c, 2, 65, 100
4, 19728, Note_on_c, 2, 65, 100
4, 19744, Note_off_c, 2, 65, 100
4, 19776, Note_on_c, 2, 65, 100
4, 19792, Note_off_c, 2, 65, 100
4, 19824, Note_on_c, 2, 65, 100
4, 19840, Note_off_c, 2, 65, 100
4, 19840, Note_off_c, 2, 65, 100
4, 19872, Note_on_c, 2, 65, 100
4, 19888, Note_off_c, 2, 65, 100
4, 19920, Note_on_c, 2, 65, 100
4, 19936, Note_off_c, 2, 65, 100
4, 19968, Note_on_c, 2, 61, 100
4, 20016, Note_on_c, 2, 61, 100
4, 20032, Note_off_c, 2, 61, 100
4, 20064, Note_on_c, 2, 61, 100
4, 20080, Note_off_c, 2, 61, 100
4, 20112, Note_on_c, 2, 61, 100
4, 20128, Note_off_c, 2, 61, 100
4, 20160, Note_on_c, 2, 61, 100
4, 20176, Note_off_c, 2, 61, 100
4, 20208, Note_on_c, 2, 61, 100
4, 20224, Note_off_c, 2, 61, 100
4, 20256, Note_on_c, 2, 61, 100
4, 20256, Note_on_c, 2, 61, 100
4, 20272, Note_off_c, 2, 61, 100
4, 20272, Note_off_c, 2, 61, 100
4, 20304, Note_on_c, 2, 61, 100
4, 20320, Note_off_c, 2, 61, 100
4, 20352, Note_on_c, 2, 61, 100
4, 20368, Note_off_c, 2, 61, 100
4, 20400, Note_on_c, 2, 61, 100
4, 20416, Note_off_c, 2, 61, 100
4, 20448, Note_on_c, 2, 61, 100
4, 20464, Note_off_c, 2, 61, 100
4, 20480, Note_off_c, 2, 61, 100
4, 20496, Note_on_c, 2, 61, 100
4, 20512, Note_off_c, 2, 61, 100
4, 20544, Note_on_c, 2, 57, 100
4, 20592, Note_on_c, 2, 57, 100
4, 20608, Note_off_c, 2, 57, 100
4, 20640, Note_on_c, 2, 57, 100
4, 20656, Note_off_c, 2, 57, 100
4, 20672, Note_off_c, 2, 57, 100
4, 20688, Note_on_c, 2, 57, 100
4, 20704, Note_off_c, 2, 57, 100
4, 20736, Note_on_c, 2, 71, 100
4, 20752, Note_off_c, 2, 71, 100
4, 20784, Note_on_c, 2, 71, 100
4, 20800, Note_off_c, 2, 71, 100
4, 20832, Note_on_c, 2, 71, 100
4, 20848, Note_off_c, 2, 71, 100
4, 20880, Note_on_c, 2, 71, 100
4, 20896, Note_off_c, 2, 71, 100
4, 20928, Note_on_c, 2, 71, 100
4, 20944, Note_off_c, 2, 71, 100
4, 20976, Note_on_c, 2, 71, 100
4, 20992, Note_off_c, 2, 71, 100
4, 21024, Note_on_c, 2, 71, 100
4, 21040, Note_off_c, 2, 71, 100
4, 21072, Note_on_c, 2, 71, 100
4, 21088, Note_off_c, 2, 71, 100
4, 21120, Note_on_c, 2, 71, 100
4, 21136, Note_off_c, 2, 71, 100
4, 21168, Note_on_c, 2, 71, 100
4, 21184, Note_off_c, 2, 71, 100
4, 21216, Note_on_c, 2, 71, 100
4, 21232, Note_off_c, 2, 71, 100
4, 21264, Note_on_c, 2, 71, 100
4, 21280, Note_off_c, 2, 71, 100
4, 21312, Note_on_c, 2, 71, 100
4, 21328, Note_off_c, 2, 71, 100
4, 21360, Note_on_c, 2, 71, 100
4, 21376, Note_off_c, 2, 71, 100
4, 21408, Note_on_c, 2, 71, 100
4, 21424, Note_off_c, 2, 71, 100
4, 21456, Note_on_c, 2, 71, 100
4, 21472, Note_off_c, 2, 71, 100
4, 21504, Note_on_c, 2, 71, 100
4, 21520, Note_off_c, 2, 71, 100
4, 21552, Note_on_c, 2, 71, 100
4, 21568, Note_off_c, 2, 71, 100
4, 21600, Note_on_c, 2, 71, 100
4, 21616, Note_off_c, 2, 71, 100
4, 21648, Note_on_c, 2, 71, 100
4, 21664, Note_off_c, 2, 71, 100
4, 21696, Note_on_c, 2, 71, 100
4, 21712, Note_off_c, 2, 71, 100
4, 21744, Note_on_c, 2, 71, 100
4, 21760, Note_off_c, 2, 71, 100
4, 21792, Note_on_c, 2, 71, 100
4, 21808, Note_off_c, 2, 71, 100
4, 21840, Note_on_c, 2, 71, 100
4, 21856, Note_off_c, 2, 71, 100
4, 21888, Note_on_c, 2, 71, 100
4, 21904, Note_off_c, 2, 71, 100
4, 21936, Note_on_c, 2, 71, 100
4, 21952, Note_off_c, 2, 71, 100
4, 21984, Note_on_c, 2, 71, 100
4, 22000, Note_off_c, 2, 71, 100
4, 22032, Note_on_c, 2, 71, 100
4, 22048, Note_off_c, 2, 71, 100
4, 22080, Note_on_c, 2, 59, 100
4, 22128, Note_on_c, 2, 59, 100
4, 22144, Note_off_c, 2, 59, 100
4, 22176, Note_on_c, 2, 59, 100
4, 22192, Note_off_c, 2, 59, 100
4, 22208, Note_off_c, 2, 59, 100
4, 22224, Note_on_c, 2, 59, 100
4, 22240, Note_off_c, 2, 59, 100
4, 22272, Note_on_c, 2, 61, 100
4, 22320, Note_on_c, 2, 61, 100
4, 22336, Note_off_c, 2, 61, 100
4, 22368, Note_on_c, 2, 61, 100
4, 22384, Note_off_c, 2, 61, 100
4, 22400, Note_off_c, 2, 61, 100
4, 22416, Note_on_c, 2, 61, 100
4, 22432, Note_off_c, 2, 61, 100
4, 22464, Note_on_c, 2, 62, 100
4, 22512, Note_on_c, 2, 62, 100
4, 22528, Note_off_c, 2, 62, 100
4, 22560, Note_on_c, 2, 62, 100
4, 22576, Note_off_c, 2, 62, 100
4, 22592, Note_off_c, 2, 62, 100
4, 22608, Note_on_c, 2, 62, 100
4, 22624, Note_off_c, 2, 62, 100
4, 22656, Note_on_c, 2, 64, 100
4, 22704, Note_on_c, 2, 64, 100
4, 22720, Note_off_c, 2, 64, 100
4, 22752, Note_on_c, 2, 64, 100
4, 22768, Note_off_c, 2, 64, 100
4, 22784, Note_off_c, 2, 64, 100
4, 22800, Note_on_c, 2, 64, 100
4, 22816, Note_off_c, 2, 64, 100
4, 22848, Note_on_c, 2, 73, 100
4, 22896, Note_on_c, 2, 73, 100
4, 22912, Note_off_c, 2, 73, 100
4, 22944, Note_on_c, 2, 73, 100
4, 22960, Note_off_c, 2, 73, 100
4, 22976, Note_off_c, 2, 73, 100
4, 22992, Note_on_c, 2, 73, 100
4, 23008, Note_off_c, 2, 73, 100
4, 23040, Note_on_c, 2, 71, 100
4, 23056, Note_off_c, 2, 71, 100
4, 23088, Note_on_c, 2, 71, 100
4, 23104, Note_off_c, 2, 71, 100
4, 23136, Note_on_c, 2, 71, 100
4, 23152, Note_off_c, 2, 71, 100
4, 23184, Note_on_c, 2, 71, 100
4, 23200, Note_off_c, 2, 71, 100
4, 23232, Note_on_c, 2, 71, 100
4, 23248, Note_off_c, 2, 71, 100
4, 23280, Note_on_c, 2, 71, 100
4, 23296, Note_off_c, 2, 71, 100
4, 23328, Note_on_c, 2, 71, 100
4, 23344, Note_off_c, 2, 71, 100
4, 23376, Note_on_c, 2, 71, 100
4, 23392, Note_off_c, 2, 71, 100
4, 23424, Note_on_c, 2, 71, 100
4, 23472, Note_on_c, 2, 71, 100
4, 23488, Note_off_c, 2, 71, 100
4, 23520, Note_on_c, 2, 71, 100
4, 23536, Note_off_c, 2, 71, 100
4, 23568, Note_on_c, 2, 71, 100
4, 23584, Note_off_c, 2, 71, 100
4, 23616, Note_on_c, 2, 71, 100
4, 23632, Note_off_c, 2, 71, 100
4, 23664, Note_on_c, 2, 71, 100
4, 23680, Note_off_c, 2, 71, 100
4, 23680, Note_off_c, 2, 71, 100
4, 23712, Note_on_c, 2, 71, 100
4, 23728, Note_off_c, 2, 71, 100
4, 23760, Note_on_c, 2, 71, 100
4, 23776, Note_off_c, 2, 71, 100
4, 23808, Note_on_c, 2, 69, 100
4, 23856, Note_on_c, 2, 69, 100
4, 23872, Note_off_c, 2, 69, 100
4, 23904, Note_on_c, 2, 69, 100
4, 23920, Note_off_c, 2, 69, 100
4, 23936, Note_off_c, 2, 69, 100
4, 23952, Note_on_c, 2, 69, 100
4, 23968, Note_off_c, 2, 69, 100
4, 24000, Note_on_c, 2, 66, 100
4, 24048, Note_on_c, 2, 66, 100
4, 24064, Note_off_c, 2, 66, 100
4, 24096, Note_on_c, 2, 66, 100
4, 24112, Note_off_c, 2, 66, 100
4, 24128, Note_off_c, 2, 66, 100
4, 24144, Note_on_c, 2, 66, 100
4, 24160, Note_off_c, 2, 66, 100
4, 24192, Note_on_c, 2, 65, 100
4, 24240, Note_on_c, 2, 65, 100
4, 24256, Note_off_c, 2, 65, 100
4, 24288, Note_on_c, 2, 65, 100
4, 24304, Note_off_c, 2, 65, 100
4, 24336, Note_on_c, 2, 65, 100
4, 24352, Note_off_c, 2, 65, 100
4, 24384, Note_on_c, 2, 65, 100
4, 24400, Note_off_c, 2, 65, 100
4, 24432, Note_on_c, 2, 65, 100
4, 24448, Note_off_c, 2, 65, 100
4, 24448, Note_off_c, 2, 65, 100
4, 24480, Note_on_c, 2, 65, 100
4, 24496, Note_off_c, 2, 65, 100
4, 24528, Note_on_c, 2, 65, 100
4, 24544, Note_off_c, 2, 65, 100
4, 24576, Note_on_c, 2, 61, 100
4, 24624, Note_on_c, 2, 61, 100
4, 24640, Note_off_c, 2, 61, 100
4, 24672, Note_on_c, 2, 61, 100
4, 24688, Note_off_c, 2, 61, 100
4, 24720, Note_on_c, 2, 61, 100
4, 24736, Note_off_c, 2, 61, 100
4, 24768, Note_on_c, 2, 61, 100
4, 24784, Note_off_c, 2, 61, 100
4, 24816, Note_on_c, 2, 61, 100
4, 24832, Note_off_c, 2, 61, 100
4, 24832, Note_off_c, 2, 61, 100
4, 24864, Note_on_c, 2, 61, 100
4, 24880, Note_off_c, 2, 61, 100
4, 24912, Note_on_c, 2, 61, 100
4, 24928, Note_off_c, 2, 61, 100
4, 24960, Note_on_c, 2, 57, 100
4, 25008, Note_on_c, 2, 57, 100
4, 25024, Note_off_c, 2, 57, 100
4, 25056, Note_on_c, 2, 57, 100
4, 25072, Note_off_c, 2, 57, 100
4, 25104, Note_on_c, 2, 57, 100
4, 25120, Note_off_c, 2, 57, 100
4, 25152, Note_on_c, 2, 57, 100
4, 25168, Note_off_c, 2, 57, 100
4, 25200, Note_on_c, 2, 57, 100
4, 25216, Note_off_c, 2, 57, 100
4, 25216, Note_off_c, 2, 57, 100
4, 25248, Note_on_c, 2, 57, 100
4, 25264, Note_off_c, 2, 57, 100
4, 25296, Note_on_c, 2, 57, 100
4, 25312, Note_off_c, 2, 57, 100
4, 25344, Note_on_c, 2, 59, 100
4, 25392, Note_on_c, 2, 59, 100
4, 25408, Note_off_c, 2, 59, 100
4, 25440, Note_on_c, 2, 59, 100
4, 25456, Note_off_c, 2, 59, 100
4, 25488, Note_on_c, 2, 59, 100
4, 25488, Note_on_c, 2, 59, 100
4, 25504, Note_off_c, 2, 59, 100
4, 25504, Note_off_c, 2, 59, 100
4, 25536, Note_on_c, 2, 59, 100
4, 25552, Note_off_c, 2, 59, 100
4, 25584, Note_on_c, 2, 59, 100
4, 25600, Note_off_c, 2, 59, 100
4, 25632, Note_on_c, 2, 59, 100
4, 25648, Note_off_c, 2, 59, 100
4, 25680, Note_on_c, 2, 59, 100
4, 25696, Note_off_c, 2, 59, 100
4, 25728, Note_on_c, 2, 59, 100
4, 25744, Note_off_c, 2, 59, 100
4, 25776, Note_on_c, 2, 59, 100
4, 25792, Note_off_c, 2, 59, 100
4, 25824, Note_on_c, 2, 59, 100
4, 25840, Note_off_c, 2, 59, 100
4, 25872, Note_on_c, 2, 59, 100
4, 25888, Note_off_c, 2, 59, 100
4, 25920, Note_on_c, 2, 59, 100
4, 25936, Note_off_c, 2, 59, 100
4, 25968, Note_on_c, 2, 59, 100
4, 25984, Note_off_c, 2, 59, 100
4, 26016, Note_on_c, 2, 59, 100
4, 26032, Note_off_c, 2, 59, 100
4, 26064, Note_on_c, 2, 59, 100
4, 26080, Note_off_c, 2, 59, 100
4, 26112, Note_on_c, 2, 59, 100
4, 26128, Note_off_c, 2, 59, 100
4, 26160, Note_on_c, 2, 59, 100
4, 26176, Note_off_c, 2, 59, 100
4, 26208, Note_on_c, 2, 59, 100
4, 26224, Note_off_c, 2, 59, 100
4, 26256, Note_on_c, 2, 59, 100
4, 26272, Note_off_c, 2, 59, 100
4, 26304, Note_on_c, 2, 59, 100
4, 26320, Note_off_c, 2, 59, 100
4, 26352, Note_on_c, 2, 59, 100
4, 26368, Note_off_c, 2, 59, 100
4, 26372, Note_off_c, 2, 59, 100
4, 26400, Note_on_c, 2, 59, 100
4, 26416, Note_off_c, 2, 59, 100
4, 26448, Note_on_c, 2, 59, 100
4, 26464, Note_off_c, 2, 59, 100
4, 26496, Note_on_c, 2, 59, 100
4, 26512, Note_off_c, 2, 59, 100
4, 26544, Note_on_c, 2, 59, 100
4, 26560, Note_off_c, 2, 59, 100
4, 26592, Note_on_c, 2, 59, 100
4, 26608, Note_off_c, 2, 59, 100
4, 26640, Note_on_c, 2, 59, 100
4, 26656, Note_off_c, 2, 59, 100
4, 26688, Note_on_c, 2, 59, 100
4, 26704, Note_off_c, 2, 59, 100
4, 26736, Note_on_c, 2, 59, 100
4, 26752, Note_off_c, 2, 59, 100
4, 26784, Note_on_c, 2, 59, 100
4, 26800, Note_off_c, 2, 59, 100
4, 26832, Note_on_c, 2, 59, 100
4, 26848, Note_off_c, 2, 59, 100
4, 26880, Note_on_c, 2, 59, 100
4, 26896, Note_off_c, 2, 59, 100
4, 26928, Note_on_c, 2, 59, 100
4, 26944, Note_off_c, 2, 59, 100
4, 26976, Note_on_c, 2, 59, 100
4, 26992, Note_off_c, 2, 59, 100
4, 27024, Note_on_c, 2, 59, 100
4, 27040, Note_off_c, 2, 59, 100
4, 27072, Note_on_c, 2, 59, 100
4, 27088, Note_off_c, 2, 59, 100
4, 27120, Note_on_c, 2, 59, 100
4, 27136, Note_off_c, 2, 59, 100
4, 27168, Note_on_c, 2, 59, 100
4, 27184, Note_off_c, 2, 59, 100
4, 27216, Note_on_c, 2, 59, 100
4, 27232, Note_off_c, 2, 59, 100
4, 27264, Note_on_c, 2, 59, 100
4, 27280, Note_off_c, 2, 59, 100
4, 27312, Note_on_c, 2, 59, 100
4, 27328, Note_off_c, 2, 59, 100
4, 27360, Note_on_c, 2, 59, 100
4, 27376, Note_off_c, 2, 59, 100
4, 27408, Note_on_c, 2, 59, 100
4, 27424, Note_off_c, 2, 59, 100
4, 27456, Note_on_c, 2, 59, 100
4, 27472, Note_off_c, 2, 59, 100
4, 27504, Note_on_c, 2, 59, 100
4, 27520, Note_off_c, 2, 59, 100
4, 27552, Note_on_c, 2, 59, 100
4, 27568, Note_off_c, 2, 59, 100
4, 27600, Note_on_c, 2, 59, 100
4, 27616, Note_off_c, 2, 59, 100
4, 27648, Note_on_c, 2, 69, 100
4, 27648, Note_on_c, 2, 64, 100
4, 27776, Note_off_c, 2, 69, 100
4, 27776, Note_off_c, 2, 64, 100
4, 27840, Note_on_c, 2, 67, 100
4, 27840, Note_on_c, 2, 62, 100
4, 27968, Note_off_c, 2, 67, 100
4, 27968, Note_off_c, 2, 62, 100
4, 28032, Note_on_c, 2, 69, 100
4, 28032, Note_on_c, 2, 64, 100
4, 28160, Note_off_c, 2, 69, 100
4, 28160, Note_off_c, 2, 64, 100
4, 28224, Note_on_c, 2, 70, 100
4, 28224, Note_on_c, 2, 65, 100
4, 28352, Note_off_c, 2, 70, 100
4, 28352, Note_off_c, 2, 65, 100
4, 28416, Note_on_c, 2, 72, 100
4, 28416, Note_on_c, 2, 67, 100
4, 28544, Note_off_c, 2, 72, 100
4, 28544, Note_off_c, 2, 67, 100
4, 28608, Note_on_c, 2, 70, 100
4, 28608, Note_on_c, 2, 65, 100
4, 28736, Note_off_c, 2, 70, 100
4, 28736, Note_off_c, 2, 65, 100
4, 28800, Note_on_c, 2, 69, 100
4, 28800, Note_on_c, 2, 64, 100
4, 28928, Note_off_c, 2, 69, 100
4, 28928, Note_off_c, 2, 64, 100
4, 28992, Note_on_c, 2, 70, 100
4, 28992, Note_on_c, 2, 65, 100
4, 29120, Note_off_c, 2, 70, 100
4, 29120, Note_off_c, 2, 65, 100
4, 29184, Note_on_c, 2, 69, 100
4, 29184, Note_on_c, 2, 64, 100
4, 29312, Note_off_c, 2, 69, 100
4, 29312, Note_off_c, 2, 64, 100
4, 29376, Note_on_c, 2, 67, 100
4, 29376, Note_on_c, 2, 62, 100
4, 29504, Note_off_c, 2, 67, 100
4, 29504, Note_off_c, 2, 62, 100
4, 29568, Note_on_c, 2, 66, 100
4, 29568, Note_on_c, 2, 61, 100
4, 29696, Note_off_c, 2, 66, 100
4, 29696, Note_off_c, 2, 61, 100
4, 29760, Note_on_c, 2, 67, 100
4, 29760, Note_on_c, 2, 62, 100
4, 29888, Note_off_c, 2, 67, 100
4, 29888, Note_off_c, 2, 62, 100
4, 29952, Note_on_c, 2, 74, 100
4, 30080, Note_off_c, 2, 74, 100
4, 30144, Note_on_c, 2, 69, 100
4, 30272, Note_off_c, 2, 69, 100
4, 30336, Note_on_c, 2, 66, 100
4, 30464, Note_off_c, 2, 66, 100
4, 30528, Note_on_c, 2, 69, 100
4, 30656, Note_off_c, 2, 69, 100
4, 30720, Note_on_c, 2, 74, 100
4, 30848, Note_off_c, 2, 74, 100
4, 30912, Note_on_c, 2, 69, 100
4, 31040, Note_off_c, 2, 69, 100
4, 31104, Note_on_c, 2, 66, 100
4, 31232, Note_off_c, 2, 66, 100
4, 31296, Note_on_c, 2, 69, 100
4, 31424, Note_off_c, 2, 69, 100
4, 31488, Note_on_c, 2, 74, 100
4, 31616, Note_off_c, 2, 74, 100
4, 31680, Note_on_c, 2, 69, 100
4, 31808, Note_off_c, 2, 69, 100
4, 31872, Note_on_c, 2, 66, 100
4, 32000, Note_off_c, 2, 66, 100
4, 32064, Note_on_c, 2, 69, 100
4, 32192, Note_off_c, 2, 69, 100
4, 32256, Note_on_c, 2, 62, 100
4, 32256, Note_on_c, 2, 58, 100
4, 32384, Note_off_c, 2, 62, 100
4, 32384, Note_off_c, 2, 58, 100
4, 32448, Note_on_c, 2, 64, 100
4, 32448, Note_on_c, 2, 60, 100
4, 32576, Note_off_c, 2, 64, 100
4, 32576, Note_off_c, 2, 60, 100
4, 32640, Note_on_c, 2, 62, 100
4, 32640, Note_on_c, 2, 58, 100
4, 32768, Note_off_c, 2, 62, 100
4, 32768, Note_off_c, 2, 58, 100
4, 32832, Note_on_c, 2, 58, 100
4, 32960, Note_off_c, 2, 58, 100
4, 33024, Note_on_c, 2, 57, 100
4, 33152, Note_off_c, 2, 57, 100
4, 33216, Note_on_c, 2, 55, 100
4, 33344, Note_off_c, 2, 55, 100
4, 33408, Note_on_c, 2, 57, 100
4, 33536, Note_off_c, 2, 57, 100
4, 33600, Note_on_c, 2, 58, 100
4, 33728, Note_off_c, 2, 58, 100
4, 33792, Note_on_c, 2, 60, 100
4, 33920, Note_off_c, 2, 60, 100
4, 33984, Note_on_c, 2, 62, 100
4, 33984, Note_on_c, 2, 57, 100
4, 34112, Note_off_c, 2, 62, 100
4, 34112, Note_off_c, 2, 57, 100
4, 34176, Note_on_c, 2, 64, 100
4, 34176, Note_on_c, 2, 58, 100
4, 34304, Note_off_c, 2, 64, 100
4, 34304, Note_off_c, 2, 58, 100
4, 34368, Note_on_c, 2, 70, 100
4, 34368, Note_on_c, 2, 65, 100
4, 34496, Note_off_c, 2, 70, 100
4, 34496, Note_off_c, 2, 65, 100
4, 34560, Note_on_c, 2, 69, 100
4, 34688, Note_off_c, 2, 69, 100
4, 34752, Note_on_c, 2, 66, 100
4, 34880, Note_off_c, 2, 66, 100
4, 34944, Note_on_c, 2, 64, 100
4, 35072, Note_off_c, 2, 64, 100
4, 35136, Note_on_c, 2, 66, 100
4, 35264, Note_off_c, 2, 66, 100
4, 35328, Note_on_c, 2, 69, 100
4, 35456, Note_off_c, 2, 69, 100
4, 35520, Note_on_c, 2, 66, 100
4, 35648, Note_off_c, 2, 66, 100
4, 35712, Note_on_c, 2, 69, 100
4, 35840, Note_off_c, 2, 69, 100
4, 35904, Note_on_c, 2, 66, 100
4, 36032, Note_off_c, 2, 66, 100
4, 36096, Note_on_c, 2, 64, 100
4, 36224, Note_off_c, 2, 64, 100
4, 36288, Note_on_c, 2, 66, 100
4, 36416, Note_off_c, 2, 66, 100
4, 36480, Note_on_c, 2, 69, 100
4, 36608, Note_off_c, 2, 69, 100
4, 36672, Note_on_c, 2, 66, 100
4, 36800, Note_off_c, 2, 66, 100
4, 36864, Note_on_c, 2, 78, 100
4, 36992, Note_off_c, 2, 78, 100
4, 37056, Note_on_c, 2, 76, 100
4, 37184, Note_off_c, 2, 76, 100
4, 37248, Note_on_c, 2, 78, 100
4, 37376, Note_off_c, 2, 78, 100
4, 37440, Note_on_c, 2, 81, 100
4, 37568, Note_off_c, 2, 81, 100
4, 37632, Note_on_c, 2, 78, 100
4, 37760, Note_off_c, 2, 78, 100
4, 37824, Note_on_c, 2, 76, 100
4, 37952, Note_off_c, 2, 76, 100
4, 38016, Note_on_c, 2, 66, 100
4, 38144, Note_off_c, 2, 66, 100
4, 38208, Note_on_c, 2, 64, 100
4, 38336, Note_off_c, 2, 64, 100
4, 38400, Note_on_c, 2, 66, 100
4, 38528, Note_off_c, 2, 66, 100
4, 38592, Note_on_c, 2, 69, 100
4, 38720, Note_off_c, 2, 69, 100
4, 38784, Note_on_c, 2, 66, 100
4, 38912, Note_off_c, 2, 66, 100
4, 38976, Note_on_c, 2, 64, 100
4, 39104, Note_off_c, 2, 64, 100
4, 39168, Note_on_c, 2, 85, 100
4, 39296, Note_off_c, 2, 85, 100
4, 39360, Note_on_c, 2, 83, 100
4, 39488, Note_off_c, 2, 83, 100
4, 39552, Note_on_c, 2, 81, 100
4, 39680, Note_off_c, 2, 81, 100
4, 39744, Note_on_c, 2, 83, 100
4, 39872, Note_off_c, 2, 83, 100
4, 39936, Note_on_c, 2, 81, 100
4, 40064, Note_off_c, 2, 81, 100
4, 40128, Note_on_c, 2, 79, 100
4, 40256, Note_off_c, 2, 79, 100
4, 40320, Note_on_c, 2, 61, 100
4, 40448, Note_off_c, 2, 61, 100
4, 40512, Note_on_c, 2, 59, 100
4, 40640, Note_off_c, 2, 59, 100
4, 40704, Note_on_c, 2, 57, 100
4, 40832, Note_off_c, 2, 57, 100
4, 40896, Note_on_c, 2, 59, 100
4, 41024, Note_off_c, 2, 59, 100
4, 41088, Note_on_c, 2, 57, 100
4, 41216, Note_off_c, 2, 57, 100
4, 41280, Note_on_c, 2, 55, 100
4, 41408, Note_off_c, 2, 55, 100
4, 41472, Note_on_c, 2, 85, 100
4, 41600, Note_off_c, 2, 85, 100
4, 41664, Note_on_c, 2, 83, 100
4, 41792, Note_off_c, 2, 83, 100
4, 41856, Note_on_c, 2, 81, 100
4, 41984, Note_off_c, 2, 81, 100
4, 42048, Note_on_c, 2, 83, 100
4, 42176, Note_off_c, 2, 83, 100
4, 42240, Note_on_c, 2, 81, 100
4, 42368, Note_off_c, 2, 81, 100
4, 42432, Note_on_c, 2, 79, 100
4, 42560, Note_off_c, 2, 79, 100
4, 42624, Note_on_c, 2, 78, 100
4, 42752, Note_off_c, 2, 78, 100
4, 42816, Note_on_c, 2, 76, 100
4, 42944, Note_off_c, 2, 76, 100
4, 43008, Note_on_c, 2, 78, 100
4, 43136, Note_off_c, 2, 78, 100
4, 43200, Note_on_c, 2, 81, 100
4, 43328, Note_off_c, 2, 81, 100
4, 43392, Note_on_c, 2, 85, 100
4, 43520, Note_off_c, 2, 85, 100
4, 43584, Note_on_c, 2, 88, 100
4, 43712, Note_off_c, 2, 88, 100
4, 43776, Note_on_c, 2, 86, 100
4, 45316, Note_off_c, 2, 86, 100
4, 45316, End_track
5, 0, Start_track
5, 0, Control_c, 3, 0, 0
5, 0, Program_c, 3, 52
5, 0, Control_c, 3, 10, 127
5, 0, Control_c, 3, 91, 127
5, 0, Control_c, 3, 93, 127
5, 0, Note_on_c, 3, 62, 59
5, 0, Note_on_c, 3, 66, 59
5, 0, Note_on_c, 3, 69, 59
5, 1540, Note_off_c, 3, 62, 59
5, 1540, Note_off_c, 3, 69, 59
5, 1540, Note_off_c, 3, 66, 59
5, 2304, Note_on_c, 3, 64, 59
5, 2304, Note_on_c, 3, 67, 59
5, 2304, Note_on_c, 3, 71, 59
5, 3332, Note_off_c, 3, 64, 59
5, 3332, Note_off_c, 3, 67, 59
5, 3332, Note_off_c, 3, 71, 59
5, 4608, Note_on_c, 3, 64, 59
5, 4608, Note_on_c, 3, 67, 59
5, 4608, Note_on_c, 3, 71, 59
5, 5636, Note_off_c, 3, 64, 59
5, 5636, Note_off_c, 3, 67, 59
5, 5636, Note_off_c, 3, 71, 59
5, 5760, Note_on_c, 3, 61, 59
5, 5760, Note_on_c, 3, 64, 59
5, 5760, Note_on_c, 3, 69, 59
5, 6788, Note_off_c, 3, 61, 59
5, 6788, Note_off_c, 3, 64, 59
5, 6788, Note_off_c, 3, 69, 59
5, 6912, Note_on_c, 3, 62, 59
5, 6912, Note_on_c, 3, 66, 59
5, 6912, Note_on_c, 3, 69, 59
5, 8452, Note_off_c, 3, 62, 59
5, 8452, Note_off_c, 3, 69, 59
5, 8452, Note_off_c, 3, 66, 59
5, 9216, Note_on_c, 3, 62, 59
5, 9216, Note_on_c, 3, 66, 59
5, 9216, Note_on_c, 3, 69, 59
5, 10244, Note_off_c, 3, 62, 59
5, 10244, Note_off_c, 3, 66, 59
5, 10244, Note_off_c, 3, 69, 59
5, 10368, Note_on_c, 3, 62, 59
5, 10368, Note_on_c, 3, 66, 59
5, 10368, Note_on_c, 3, 69, 59
5, 11396, Note_off_c, 3, 62, 59
5, 11396, Note_off_c, 3, 66, 59
5, 11396, Note_off_c, 3, 69, 59
5, 11520, Note_on_c, 3, 64, 59
5, 11520, Note_on_c, 3, 67, 59
5, 11520, Note_on_c, 3, 71, 59
5, 12548, Note_off_c, 3, 64, 59
5, 12548, Note_off_c, 3, 67, 59
5, 12548, Note_off_c, 3, 71, 59
5, 12672, Note_on_c, 3, 64, 59
5, 12672, Note_on_c, 3, 71, 59
5, 12672, Note_on_c, 3, 67, 59
5, 13700, Note_off_c, 3, 64, 59
5, 13700, Note_off_c, 3, 71, 59
5, 13700, Note_off_c, 3, 67, 59
5, 13824, Note_on_c, 3, 64, 59
5, 13824, Note_on_c, 3, 67, 59
5, 13824, Note_on_c, 3, 71, 59
5, 14852, Note_off_c, 3, 64, 59
5, 14852, Note_off_c, 3, 67, 59
5, 14852, Note_off_c, 3, 71, 59
5, 14976, Note_on_c, 3, 69, 59
5, 14976, Note_on_c, 3, 73, 59
5, 14976, Note_on_c, 3, 76, 59
5, 16004, Note_off_c, 3, 69, 59
5, 16004, Note_off_c, 3, 73, 59
5, 16004, Note_off_c, 3, 76, 59
5, 16128, Note_on_c, 3, 74, 59
5, 16128, Note_on_c, 3, 78, 59
5, 16128, Note_on_c, 3, 81, 59
5, 17156, Note_off_c, 3, 74, 59
5, 17156, Note_off_c, 3, 78, 59
5, 17156, Note_off_c, 3, 81, 59
5, 17280, Note_on_c, 3, 74, 59
5, 17280, Note_on_c, 3, 78, 59
5, 17280, Note_on_c, 3, 81, 59
5, 18308, Note_off_c, 3, 74, 59
5, 18308, Note_off_c, 3, 78, 59
5, 18308, Note_off_c, 3, 81, 59
5, 18432, Note_on_c, 3, 76, 59
5, 18432, Note_on_c, 3, 79, 59
5, 18432, Note_on_c, 3, 83, 59
5, 19460, Note_off_c, 3, 76, 59
5, 19460, Note_off_c, 3, 79, 59
5, 19460, Note_off_c, 3, 83, 59
5, 19584, Note_on_c, 3, 76, 59
5, 19584, Note_on_c, 3, 79, 59
5, 19584, Note_on_c, 3, 82, 59
5, 20612, Note_off_c, 3, 76, 59
5, 20612, Note_off_c, 3, 79, 59
5, 20612, Note_off_c, 3, 82, 59
5, 20736, Note_on_c, 3, 74, 59
5, 20736, Note_on_c, 3, 78, 59
5, 20736, Note_on_c, 3, 81, 59
5, 21764, Note_off_c, 3, 74, 59
5, 21764, Note_off_c, 3, 78, 59
5, 21764, Note_off_c, 3, 81, 59
5, 21888, Note_on_c, 3, 74, 59
5, 21888, Note_on_c, 3, 78, 59
5, 21888, Note_on_c, 3, 81, 59
5, 22916, Note_off_c, 3, 74, 59
5, 22916, Note_off_c, 3, 78, 59
5, 22916, Note_off_c, 3, 81, 59
5, 23040, Note_on_c, 3, 76, 59
5, 23040, Note_on_c, 3, 79, 59
5, 23040, Note_on_c, 3, 83, 59
5, 24068, Note_off_c, 3, 76, 59
5, 24068, Note_off_c, 3, 79, 59
5, 24068, Note_off_c, 3, 83, 59
5, 24192, Note_on_c, 3, 76, 59
5, 24192, Note_on_c, 3, 79, 59
5, 24192, Note_on_c, 3, 82, 59
5, 25220, Note_off_c, 3, 76, 59
5, 25220, Note_off_c, 3, 79, 59
5, 25220, Note_off_c, 3, 82, 59
5, 25344, Note_on_c, 3, 74, 59
5, 25344, Note_on_c, 3, 78, 59
5, 25344, Note_on_c, 3, 81, 59
5, 26372, Note_off_c, 3, 74, 59
5, 26372, Note_off_c, 3, 78, 59
5, 26372, Note_off_c, 3, 81, 59
5, 26496, Note_on_c, 3, 74, 59
5, 26496, Note_on_c, 3, 78, 59
5, 26496, Note_on_c, 3, 81, 59
5, 27524, Note_off_c, 3, 74, 59
5, 27524, Note_off_c, 3, 78, 59
5, 27524, Note_off_c, 3, 81, 59
5, 27648, Note_on_c, 3, 69, 59
5, 27648, Note_on_c, 3, 72, 59
5, 27648, Note_on_c, 3, 76, 59
5, 28676, Note_off_c, 3, 69, 59
5, 28676, Note_off_c, 3, 72, 59
5, 28676, Note_off_c, 3, 76, 59
5, 28800, Note_on_c, 3, 69, 59
5, 28800, Note_on_c, 3, 72, 59
5, 28800, Note_on_c, 3, 81, 59
5, 29828, Note_off_c, 3, 69, 59
5, 29828, Note_off_c, 3, 72, 59
5, 29828, Note_off_c, 3, 81, 59
5, 30000, Note_on_c, 3, 74, 59
5, 30000, Note_on_c, 3, 78, 59
5, 30000, Note_on_c, 3, 81, 59
5, 31028, Note_off_c, 3, 74, 59
5, 31028, Note_off_c, 3, 78, 59
5, 31028, Note_off_c, 3, 81, 59
5, 31104, Note_on_c, 3, 74, 59
5, 31104, Note_on_c, 3, 78, 59
5, 31104, Note_on_c, 3, 81, 59
5, 32132, Note_off_c, 3, 74, 59
5, 32132, Note_off_c, 3, 78, 59
5, 32132, Note_off_c, 3, 81, 59
5, 32256, Note_on_c, 3, 67, 59
5, 32256, Note_on_c, 3, 70, 59
5, 32256, Note_on_c, 3, 74, 59
5, 33284, Note_off_c, 3, 67, 59
5, 33284, Note_off_c, 3, 70, 59
5, 33284, Note_off_c, 3, 74, 59
5, 33408, Note_on_c, 3, 69, 59
5, 33408, Note_on_c, 3, 73, 59
5, 33408, Note_on_c, 3, 76, 59
5, 34436, Note_off_c, 3, 69, 59
5, 34436, Note_off_c, 3, 73, 59
5, 34436, Note_off_c, 3, 76, 59
5, 34560, Note_on_c, 3, 74, 59
5, 34560, Note_on_c, 3, 78, 59
5, 34560, Note_on_c, 3, 81, 59
5, 35588, Note_off_c, 3, 74, 59
5, 35588, Note_off_c, 3, 78, 59
5, 35588, Note_off_c, 3, 81, 59
5, 36864, Note_on_c, 3, 74, 59
5, 36864, Note_on_c, 3, 78, 59
5, 36864, Note_on_c, 3, 81, 59
5, 37892, Note_off_c, 3, 74, 59
5, 37892, Note_off_c, 3, 78, 59
5, 37892, Note_off_c, 3, 81, 59
5, 38016, Note_on_c, 3, 74, 59
5, 38016, Note_on_c, 3, 78, 59
5, 38016, Note_on_c, 3, 81, 59
5, 39044, Note_off_c, 3, 74, 59
5, 39044, Note_off_c, 3, 78, 59
5, 39044, Note_off_c, 3, 81, 59
5, 39168, Note_on_c, 3, 67, 59
5, 39168, Note_on_c, 3, 71, 59
5, 39168, Note_on_c, 3, 74, 59
5, 40196, Note_off_c, 3, 67, 59
5, 40196, Note_off_c, 3, 71, 59
5, 40196, Note_off_c, 3, 74, 59
5, 40320, Note_on_c, 3, 67, 59
5, 40320, Note_on_c, 3, 71, 59
5, 40320, Note_on_c, 3, 74, 59
5, 41348, Note_off_c, 3, 67, 59
5, 41348, Note_off_c, 3, 71, 59
5, 41348, Note_off_c, 3, 74, 59
5, 41472, Note_on_c, 3, 67, 59
5, 41472, Note_on_c, 3, 71, 59
5, 41472, Note_on_c, 3, 74, 59
5, 42500, Note_off_c, 3, 67, 59
5, 42500, Note_off_c, 3, 71, 59
5, 42500, Note_off_c, 3, 74, 59
5, 42624, Note_on_c, 3, 69, 59
5, 42624, Note_on_c, 3, 73, 59
5, 42624, Note_on_c, 3, 76, 59
5, 43652, Note_off_c, 3, 69, 59
5, 43652, Note_off_c, 3, 73, 59
5, 43652, Note_off_c, 3, 76, 59
5, 43776, Note_on_c, 3, 69, 59
5, 43776, Note_on_c, 3, 73, 59
5, 43776, Note_on_c, 3, 76, 59
5, 43776, Note_on_c, 3, 64, 59
5, 44804, Note_off_c, 3, 69, 59
5, 44804, Note_off_c, 3, 73, 59
5, 44804, Note_off_c, 3, 76, 59
5, 44804, Note_off_c, 3, 64, 59
5, 44928, Note_on_c, 3, 62, 59
5, 44928, Note_on_c, 3, 74, 59
5, 44928, Note_on_c, 3, 66, 59
5, 45056, Note_off_c, 3, 66, 59
5, 45184, Note_off_c, 3, 62, 59
5, 45184, Note_off_c, 3, 74, 59
5, 45184, End_track
6, 0, Start_track
6, 0, Control_c, 3, 0, 0
6, 0, Program_c, 3, 52
6, 0, Control_c, 3, 10, 127
6, 0, Control_c, 3, 91, 127
6, 0, Control_c, 3, 93, 127
6, 0, End_track
7, 0, Start_track
7, 0, End_track
8, 0, Start_track
8, 0, End_track
9, 0, Start_track
9, 0, End_track
10, 0, Start_track
10, 0, End_track
11, 0, Start_track
11, 0, End_track
12, 0, Start_track
12, 0, End_track
13, 0, Start_track
13, 0, End_track
14, 0, Start_track
14, 0, End_track
15, 0, Start_track
15, 0, End_track
16, 0, Start_track
16, 0, End_track
17, 0, Start_track
17, 0, End_track
18, 0, Start_track
18, 0, End_track
0, 0, End_of_file
