0, 0, Header, 1, 6, 96
1, 0, Start_track
1, 0, Time_signature, 1, 2, 96, 8
1, 0, Tempo, 476190
1, 96, Time_signature, 4, 2, 96, 8
1, 96, End_track
2, 0, Start_track
2, 0, Title_t, "Big Dipper"
2, 0, Control_c, 0, 0, 0
2, 0, Program_c, 0, 53
2, 0, Time_signature, 1, 2, 96, 8
2, 0, Tempo, 476190
2, 0, Note_on_c, 0, 70, 93
2, 32, Note_off_c, 0, 70, 64
2, 48, Note_on_c, 0, 70, 93
2, 80, Note_off_c, 0, 70, 64
2, 96, Time_signature, 4, 2, 96, 8
2, 96, Note_on_c, 0, 70, 93
2, 160, Note_off_c, 0, 70, 64
2, 192, Note_on_c, 0, 67, 93
2, 256, Note_off_c, 0, 67, 64
2, 288, Note_on_c, 0, 67, 93
2, 320, Note_off_c, 0, 67, 64
2, 336, Note_on_c, 0, 67, 93
2, 368, Note_off_c, 0, 67, 64
2, 384, Note_on_c, 0, 64, 93
2, 416, Note_off_c, 0, 64, 64
2, 432, Note_on_c, 0, 62, 93
2, 464, Note_off_c, 0, 62, 64
2, 480, Note_on_c, 0, 67, 93
2, 544, Note_off_c, 0, 67, 64
2, 576, Note_on_c, 0, 64, 93
2, 608, Note_off_c, 0, 64, 64
2, 624, Note_on_c, 0, 62, 93
2, 656, Note_off_c, 0, 62, 64
2, 672, Note_on_c, 0, 67, 93
2, 704, Note_off_c, 0, 67, 64
2, 720, Note_on_c, 0, 64, 93
2, 752, Note_off_c, 0, 64, 64
2, 768, Note_on_c, 0, 62, 93
2, 800, Note_off_c, 0, 62, 64
2, 816, Note_on_c, 0, 64, 93
2, 896, Note_off_c, 0, 64, 64
2, 912, Note_on_c, 0, 67, 93
2, 944, Note_off_c, 0, 67, 64
2, 1536, Note_on_c, 0, 71, 93
2, 1568, Note_off_c, 0, 71, 64
2, 1584, Note_on_c, 0, 74, 93
2, 1616, Note_off_c, 0, 74, 64
2, 1632, Note_on_c, 0, 76, 93
2, 1696, Note_off_c, 0, 76, 64
2, 1728, Note_on_c, 0, 70, 93
2, 1792, Note_off_c, 0, 70, 64
2, 1824, Note_on_c, 0, 69, 93
2, 1856, Note_off_c, 0, 69, 64
2, 1872, Note_on_c, 0, 67, 93
2, 1904, Note_off_c, 0, 67, 64
2, 1920, Note_on_c, 0, 67, 93
2, 1952, Note_off_c, 0, 67, 64
2, 1968, Note_on_c, 0, 64, 93
2, 2000, Note_off_c, 0, 64, 64
2, 2016, Note_on_c, 0, 67, 93
2, 2080, Note_off_c, 0, 67, 64
2, 2112, Note_on_c, 0, 64, 93
2, 2144, Note_off_c, 0, 64, 64
2, 2160, Note_on_c, 0, 62, 93
2, 2192, Note_off_c, 0, 62, 64
2, 2208, Note_on_c, 0, 67, 93
2, 2240, Note_off_c, 0, 67, 64
2, 2256, Note_on_c, 0, 64, 93
2, 2288, Note_off_c, 0, 64, 64
2, 2304, Note_on_c, 0, 62, 93
2, 2336, Note_off_c, 0, 62, 64
2, 2352, Note_on_c, 0, 64, 93
2, 2432, Note_off_c, 0, 64, 64
2, 2448, Note_on_c, 0, 67, 93
2, 2480, Note_off_c, 0, 67, 64
2, 3024, Note_on_c, 0, 70, 93
2, 3056, Note_off_c, 0, 70, 64
2, 3072, Note_on_c, 0, 69, 93
2, 3104, Note_off_c, 0, 69, 64
2, 3120, Note_on_c, 0, 70, 93
2, 3152, Note_off_c, 0, 70, 64
2, 3168, Note_on_c, 0, 69, 93
2, 3200, Note_off_c, 0, 69, 64
2, 3216, Note_on_c, 0, 67, 93
2, 3248, Note_off_c, 0, 67, 64
2, 3264, Note_on_c, 0, 67, 93
2, 3296, Note_off_c, 0, 67, 64
2, 3312, Note_on_c, 0, 64, 93
2, 3344, Note_off_c, 0, 64, 64
2, 3360, Note_on_c, 0, 67, 93
2, 3392, Note_off_c, 0, 67, 64
2, 3408, Note_on_c, 0, 64, 93
2, 3440, Note_off_c, 0, 64, 64
2, 3456, Note_on_c, 0, 62, 93
2, 3488, Note_off_c, 0, 62, 64
2, 3504, Note_on_c, 0, 67, 93
2, 3616, Note_off_c, 0, 67, 64
2, 3792, Note_on_c, 0, 62, 93
2, 3824, Note_off_c, 0, 62, 64
2, 3840, Note_on_c, 0, 71, 93
2, 3872, Note_off_c, 0, 71, 64
2, 3888, Note_on_c, 0, 74, 93
2, 3920, Note_off_c, 0, 74, 64
2, 3936, Note_on_c, 0, 76, 93
2, 3968, Note_off_c, 0, 76, 64
2, 3984, Note_on_c, 0, 74, 93
2, 4016, Note_off_c, 0, 74, 64
2, 4032, Note_on_c, 0, 71, 93
2, 4064, Note_off_c, 0, 71, 64
2, 4080, Note_on_c, 0, 69, 93
2, 4112, Note_off_c, 0, 69, 64
2, 4128, Note_on_c, 0, 69, 93
2, 4160, Note_off_c, 0, 69, 64
2, 4176, Note_on_c, 0, 67, 93
2, 4208, Note_off_c, 0, 67, 64
2, 4224, Note_on_c, 0, 67, 93
2, 4288, Note_off_c, 0, 67, 64
2, 4560, Note_on_c, 0, 62, 93
2, 4592, Note_off_c, 0, 62, 64
2, 4608, Note_on_c, 0, 71, 93
2, 4640, Note_off_c, 0, 71, 64
2, 4656, Note_on_c, 0, 74, 93
2, 4688, Note_off_c, 0, 74, 64
2, 4704, Note_on_c, 0, 76, 93
2, 4768, Note_off_c, 0, 76, 64
2, 4800, Note_on_c, 0, 74, 93
2, 4864, Note_off_c, 0, 74, 64
2, 4896, Note_on_c, 0, 70, 93
2, 4928, Note_off_c, 0, 70, 64
2, 4944, Note_on_c, 0, 69, 93
2, 4976, Note_off_c, 0, 69, 64
2, 4992, Note_on_c, 0, 69, 93
2, 5024, Note_off_c, 0, 69, 64
2, 5040, Note_on_c, 0, 67, 93
2, 5072, Note_off_c, 0, 67, 64
2, 5088, Note_on_c, 0, 69, 93
2, 5152, Note_off_c, 0, 69, 64
2, 5184, Note_on_c, 0, 67, 93
2, 5216, Note_off_c, 0, 67, 64
2, 5232, Note_on_c, 0, 69, 93
2, 5296, Note_off_c, 0, 69, 64
2, 5328, Note_on_c, 0, 67, 93
2, 5360, Note_off_c, 0, 67, 64
2, 5376, Note_on_c, 0, 71, 93
2, 5440, Note_off_c, 0, 71, 64
2, 5760, Note_on_c, 0, 70, 93
2, 5824, Note_off_c, 0, 70, 64
2, 5856, Note_on_c, 0, 69, 93
2, 5888, Note_off_c, 0, 69, 64
2, 5904, Note_on_c, 0, 67, 93
2, 5936, Note_off_c, 0, 67, 64
2, 6096, Note_on_c, 0, 62, 93
2, 6128, Note_off_c, 0, 62, 64
2, 6144, Note_on_c, 0, 71, 93
2, 6176, Note_off_c, 0, 71, 64
2, 6192, Note_on_c, 0, 74, 93
2, 6224, Note_off_c, 0, 74, 64
2, 6240, Note_on_c, 0, 76, 93
2, 6304, Note_off_c, 0, 76, 64
2, 6336, Note_on_c, 0, 74, 93
2, 6400, Note_off_c, 0, 74, 64
2, 6432, Note_on_c, 0, 70, 93
2, 6464, Note_off_c, 0, 70, 64
2, 6480, Note_on_c, 0, 69, 93
2, 6512, Note_off_c, 0, 69, 64
2, 6528, Note_on_c, 0, 69, 93
2, 6560, Note_off_c, 0, 69, 64
2, 6576, Note_on_c, 0, 67, 93
2, 6608, Note_off_c, 0, 67, 64
2, 6624, Note_on_c, 0, 74, 93
2, 6688, Note_off_c, 0, 74, 64
2, 6720, Note_on_c, 0, 76, 93
2, 6752, Note_off_c, 0, 76, 64
2, 6768, Note_on_c, 0, 70, 93
2, 6832, Note_off_c, 0, 70, 64
2, 6864, Note_on_c, 0, 70, 93
2, 6960, Note_off_c, 0, 70, 64
2, 7008, Note_on_c, 0, 69, 93
2, 7040, Note_off_c, 0, 69, 64
2, 7056, Note_on_c, 0, 67, 93
2, 7088, Note_off_c, 0, 67, 64
2, 7680, Note_on_c, 0, 70, 93
2, 7712, Note_off_c, 0, 70, 64
2, 7728, Note_on_c, 0, 70, 93
2, 7760, Note_off_c, 0, 70, 64
2, 7776, Note_on_c, 0, 70, 93
2, 7840, Note_off_c, 0, 70, 64
2, 7872, Note_on_c, 0, 67, 93
2, 7936, Note_off_c, 0, 67, 64
2, 7968, Note_on_c, 0, 67, 93
2, 8000, Note_off_c, 0, 67, 64
2, 8016, Note_on_c, 0, 67, 93
2, 8048, Note_off_c, 0, 67, 64
2, 8064, Note_on_c, 0, 64, 93
2, 8096, Note_off_c, 0, 64, 64
2, 8112, Note_on_c, 0, 62, 93
2, 8144, Note_off_c, 0, 62, 64
2, 8160, Note_on_c, 0, 67, 93
2, 8224, Note_off_c, 0, 67, 64
2, 8256, Note_on_c, 0, 64, 93
2, 8288, Note_off_c, 0, 64, 64
2, 8304, Note_on_c, 0, 62, 93
2, 8336, Note_off_c, 0, 62, 64
2, 8352, Note_on_c, 0, 67, 93
2, 8384, Note_off_c, 0, 67, 64
2, 8400, Note_on_c, 0, 64, 93
2, 8432, Note_off_c, 0, 64, 64
2, 8448, Note_on_c, 0, 62, 93
2, 8480, Note_off_c, 0, 62, 64
2, 8496, Note_on_c, 0, 64, 93
2, 8576, Note_off_c, 0, 64, 64
2, 8592, Note_on_c, 0, 67, 93
2, 8624, Note_off_c, 0, 67, 64
2, 9216, Note_on_c, 0, 71, 93
2, 9248, Note_off_c, 0, 71, 64
2, 9264, Note_on_c, 0, 74, 93
2, 9296, Note_off_c, 0, 74, 64
2, 9312, Note_on_c, 0, 76, 93
2, 9376, Note_off_c, 0, 76, 64
2, 9408, Note_on_c, 0, 70, 93
2, 9472, Note_off_c, 0, 70, 64
2, 9504, Note_on_c, 0, 69, 93
2, 9536, Note_off_c, 0, 69, 64
2, 9552, Note_on_c, 0, 67, 93
2, 9584, Note_off_c, 0, 67, 64
2, 9600, Note_on_c, 0, 67, 93
2, 9632, Note_off_c, 0, 67, 64
2, 9648, Note_on_c, 0, 64, 93
2, 9680, Note_off_c, 0, 64, 64
2, 9696, Note_on_c, 0, 67, 93
2, 9760, Note_off_c, 0, 67, 64
2, 9792, Note_on_c, 0, 64, 93
2, 9824, Note_off_c, 0, 64, 64
2, 9840, Note_on_c, 0, 62, 93
2, 9872, Note_off_c, 0, 62, 64
2, 9888, Note_on_c, 0, 67, 93
2, 9920, Note_off_c, 0, 67, 64
2, 9936, Note_on_c, 0, 64, 93
2, 9968, Note_off_c, 0, 64, 64
2, 9984, Note_on_c, 0, 62, 93
2, 10016, Note_off_c, 0, 62, 64
2, 10032, Note_on_c, 0, 64, 93
2, 10112, Note_off_c, 0, 64, 64
2, 10128, Note_on_c, 0, 67, 93
2, 10160, Note_off_c, 0, 67, 64
2, 10704, Note_on_c, 0, 70, 93
2, 10736, Note_off_c, 0, 70, 64
2, 10752, Note_on_c, 0, 69, 93
2, 10784, Note_off_c, 0, 69, 64
2, 10800, Note_on_c, 0, 70, 93
2, 10832, Note_off_c, 0, 70, 64
2, 10848, Note_on_c, 0, 69, 93
2, 10880, Note_off_c, 0, 69, 64
2, 10896, Note_on_c, 0, 67, 93
2, 10928, Note_off_c, 0, 67, 64
2, 10944, Note_on_c, 0, 67, 93
2, 10976, Note_off_c, 0, 67, 64
2, 10992, Note_on_c, 0, 64, 93
2, 11024, Note_off_c, 0, 64, 64
2, 11040, Note_on_c, 0, 67, 93
2, 11072, Note_off_c, 0, 67, 64
2, 11088, Note_on_c, 0, 64, 93
2, 11120, Note_off_c, 0, 64, 64
2, 11136, Note_on_c, 0, 62, 93
2, 11168, Note_off_c, 0, 62, 64
2, 11184, Note_on_c, 0, 67, 93
2, 11296, Note_off_c, 0, 67, 64
2, 11472, Note_on_c, 0, 62, 93
2, 11504, Note_off_c, 0, 62, 64
2, 11520, Note_on_c, 0, 71, 93
2, 11552, Note_off_c, 0, 71, 64
2, 11568, Note_on_c, 0, 74, 93
2, 11600, Note_off_c, 0, 74, 64
2, 11616, Note_on_c, 0, 76, 93
2, 11648, Note_off_c, 0, 76, 64
2, 11664, Note_on_c, 0, 74, 93
2, 11696, Note_off_c, 0, 74, 64
2, 11712, Note_on_c, 0, 71, 93
2, 11744, Note_off_c, 0, 71, 64
2, 11760, Note_on_c, 0, 69, 93
2, 11792, Note_off_c, 0, 69, 64
2, 11808, Note_on_c, 0, 69, 93
2, 11840, Note_off_c, 0, 69, 64
2, 11856, Note_on_c, 0, 67, 93
2, 11888, Note_off_c, 0, 67, 64
2, 11904, Note_on_c, 0, 67, 93
2, 11968, Note_off_c, 0, 67, 64
2, 12240, Note_on_c, 0, 62, 93
2, 12272, Note_off_c, 0, 62, 64
2, 12288, Note_on_c, 0, 71, 93
2, 12320, Note_off_c, 0, 71, 64
2, 12336, Note_on_c, 0, 74, 93
2, 12368, Note_off_c, 0, 74, 64
2, 12384, Note_on_c, 0, 76, 93
2, 12448, Note_off_c, 0, 76, 64
2, 12480, Note_on_c, 0, 74, 93
2, 12544, Note_off_c, 0, 74, 64
2, 12576, Note_on_c, 0, 70, 93
2, 12608, Note_off_c, 0, 70, 64
2, 12624, Note_on_c, 0, 69, 93
2, 12656, Note_off_c, 0, 69, 64
2, 12672, Note_on_c, 0, 69, 93
2, 12704, Note_off_c, 0, 69, 64
2, 12720, Note_on_c, 0, 67, 93
2, 12752, Note_off_c, 0, 67, 64
2, 12768, Note_on_c, 0, 69, 93
2, 12832, Note_off_c, 0, 69, 64
2, 12864, Note_on_c, 0, 67, 93
2, 12896, Note_off_c, 0, 67, 64
2, 12912, Note_on_c, 0, 69, 93
2, 12976, Note_off_c, 0, 69, 64
2, 13008, Note_on_c, 0, 67, 93
2, 13040, Note_off_c, 0, 67, 64
2, 13056, Note_on_c, 0, 71, 93
2, 13120, Note_off_c, 0, 71, 64
2, 13440, Note_on_c, 0, 70, 93
2, 13504, Note_off_c, 0, 70, 64
2, 13536, Note_on_c, 0, 69, 93
2, 13568, Note_off_c, 0, 69, 64
2, 13584, Note_on_c, 0, 67, 93
2, 13616, Note_off_c, 0, 67, 64
2, 13776, Note_on_c, 0, 62, 93
2, 13808, Note_off_c, 0, 62, 64
2, 13824, Note_on_c, 0, 71, 93
2, 13856, Note_off_c, 0, 71, 64
2, 13872, Note_on_c, 0, 74, 93
2, 13904, Note_off_c, 0, 74, 64
2, 13920, Note_on_c, 0, 76, 93
2, 13984, Note_off_c, 0, 76, 64
2, 14016, Note_on_c, 0, 74, 93
2, 14080, Note_off_c, 0, 74, 64
2, 14112, Note_on_c, 0, 70, 93
2, 14144, Note_off_c, 0, 70, 64
2, 14160, Note_on_c, 0, 69, 93
2, 14192, Note_off_c, 0, 69, 64
2, 14208, Note_on_c, 0, 69, 93
2, 14240, Note_off_c, 0, 69, 64
2, 14256, Note_on_c, 0, 67, 93
2, 14288, Note_off_c, 0, 67, 64
2, 14304, Note_on_c, 0, 74, 93
2, 14368, Note_off_c, 0, 74, 64
2, 14400, Note_on_c, 0, 76, 93
2, 14432, Note_off_c, 0, 76, 64
2, 14448, Note_on_c, 0, 70, 93
2, 14512, Note_off_c, 0, 70, 64
2, 14544, Note_on_c, 0, 70, 93
2, 14640, Note_off_c, 0, 70, 64
2, 14688, Note_on_c, 0, 69, 93
2, 14720, Note_off_c, 0, 69, 64
2, 14736, Note_on_c, 0, 67, 93
2, 14768, Note_off_c, 0, 67, 64
2, 18384, Note_on_c, 0, 70, 93
2, 18416, Note_off_c, 0, 70, 64
2, 18432, Note_on_c, 0, 69, 93
2, 18464, Note_off_c, 0, 69, 64
2, 18480, Note_on_c, 0, 70, 93
2, 18512, Note_off_c, 0, 70, 64
2, 18528, Note_on_c, 0, 69, 93
2, 18592, Note_off_c, 0, 69, 64
2, 18624, Note_on_c, 0, 67, 93
2, 18688, Note_off_c, 0, 67, 64
2, 18720, Note_on_c, 0, 67, 93
2, 18752, Note_off_c, 0, 67, 64
2, 18768, Note_on_c, 0, 64, 93
2, 18800, Note_off_c, 0, 64, 64
2, 18816, Note_on_c, 0, 62, 93
2, 18848, Note_off_c, 0, 62, 64
2, 18864, Note_on_c, 0, 67, 93
2, 18976, Note_off_c, 0, 67, 64
2, 19152, Note_on_c, 0, 62, 93
2, 19184, Note_off_c, 0, 62, 64
2, 19200, Note_on_c, 0, 71, 93
2, 19232, Note_off_c, 0, 71, 64
2, 19248, Note_on_c, 0, 74, 93
2, 19280, Note_off_c, 0, 74, 64
2, 19296, Note_on_c, 0, 76, 93
2, 19328, Note_off_c, 0, 76, 64
2, 19344, Note_on_c, 0, 74, 93
2, 19376, Note_off_c, 0, 74, 64
2, 19392, Note_on_c, 0, 71, 93
2, 19424, Note_off_c, 0, 71, 64
2, 19440, Note_on_c, 0, 69, 93
2, 19472, Note_off_c, 0, 69, 64
2, 19488, Note_on_c, 0, 69, 93
2, 19520, Note_off_c, 0, 69, 64
2, 19536, Note_on_c, 0, 67, 93
2, 19568, Note_off_c, 0, 67, 64
2, 19584, Note_on_c, 0, 67, 93
2, 19648, Note_off_c, 0, 67, 64
2, 19920, Note_on_c, 0, 62, 93
2, 19952, Note_off_c, 0, 62, 64
2, 19968, Note_on_c, 0, 71, 93
2, 20000, Note_off_c, 0, 71, 64
2, 20016, Note_on_c, 0, 74, 93
2, 20048, Note_off_c, 0, 74, 64
2, 20064, Note_on_c, 0, 76, 93
2, 20128, Note_off_c, 0, 76, 64
2, 20160, Note_on_c, 0, 74, 93
2, 20224, Note_off_c, 0, 74, 64
2, 20256, Note_on_c, 0, 70, 93
2, 20288, Note_off_c, 0, 70, 64
2, 20304, Note_on_c, 0, 69, 93
2, 20336, Note_off_c, 0, 69, 64
2, 20352, Note_on_c, 0, 69, 93
2, 20384, Note_off_c, 0, 69, 64
2, 20400, Note_on_c, 0, 67, 93
2, 20432, Note_off_c, 0, 67, 64
2, 20448, Note_on_c, 0, 69, 93
2, 20512, Note_off_c, 0, 69, 64
2, 20544, Note_on_c, 0, 67, 93
2, 20576, Note_off_c, 0, 67, 64
2, 20592, Note_on_c, 0, 69, 93
2, 20656, Note_off_c, 0, 69, 64
2, 20688, Note_on_c, 0, 67, 93
2, 20720, Note_off_c, 0, 67, 64
2, 20736, Note_on_c, 0, 67, 93
2, 20800, Note_off_c, 0, 67, 64
2, 21120, Note_on_c, 0, 70, 93
2, 21184, Note_off_c, 0, 70, 64
2, 21216, Note_on_c, 0, 69, 93
2, 21248, Note_off_c, 0, 69, 64
2, 21264, Note_on_c, 0, 67, 93
2, 21296, Note_off_c, 0, 67, 64
2, 21456, Note_on_c, 0, 62, 93
2, 21488, Note_off_c, 0, 62, 64
2, 21504, Note_on_c, 0, 71, 93
2, 21536, Note_off_c, 0, 71, 64
2, 21552, Note_on_c, 0, 74, 93
2, 21584, Note_off_c, 0, 74, 64
2, 21600, Note_on_c, 0, 76, 93
2, 21664, Note_off_c, 0, 76, 64
2, 21696, Note_on_c, 0, 74, 93
2, 21760, Note_off_c, 0, 74, 64
2, 21792, Note_on_c, 0, 70, 93
2, 21824, Note_off_c, 0, 70, 64
2, 21840, Note_on_c, 0, 69, 93
2, 21872, Note_off_c, 0, 69, 64
2, 21888, Note_on_c, 0, 69, 93
2, 21920, Note_off_c, 0, 69, 64
2, 21936, Note_on_c, 0, 67, 93
2, 21968, Note_off_c, 0, 67, 64
2, 21984, Note_on_c, 0, 74, 93
2, 22048, Note_off_c, 0, 74, 64
2, 22080, Note_on_c, 0, 76, 93
2, 22112, Note_off_c, 0, 76, 64
2, 22128, Note_on_c, 0, 70, 93
2, 22192, Note_off_c, 0, 70, 64
2, 22224, Note_on_c, 0, 70, 93
2, 22320, Note_off_c, 0, 70, 64
2, 22368, Note_on_c, 0, 67, 93
2, 22432, Note_off_c, 0, 67, 64
2, 22464, Note_on_c, 0, 71, 93
2, 22496, Note_off_c, 0, 71, 64
2, 22512, Note_on_c, 0, 69, 93
2, 22544, Note_off_c, 0, 69, 64
2, 22560, Note_on_c, 0, 71, 93
2, 22592, Note_off_c, 0, 71, 64
2, 22608, Note_on_c, 0, 69, 93
2, 22640, Note_off_c, 0, 69, 64
2, 22656, Note_on_c, 0, 67, 93
2, 22688, Note_off_c, 0, 67, 64
2, 22704, Note_on_c, 0, 64, 93
2, 22736, Note_off_c, 0, 64, 64
2, 22752, Note_on_c, 0, 62, 93
2, 22816, Note_off_c, 0, 62, 64
2, 22848, Note_on_c, 0, 64, 93
2, 22880, Note_off_c, 0, 64, 64
2, 22896, Note_on_c, 0, 67, 93
2, 23008, Note_off_c, 0, 67, 64
2, 23232, Note_on_c, 0, 71, 93
2, 23264, Note_off_c, 0, 71, 64
2, 23280, Note_on_c, 0, 69, 93
2, 23312, Note_off_c, 0, 69, 64
2, 23328, Note_on_c, 0, 71, 93
2, 23360, Note_off_c, 0, 71, 64
2, 23376, Note_on_c, 0, 69, 93
2, 23408, Note_off_c, 0, 69, 64
2, 23424, Note_on_c, 0, 67, 93
2, 23456, Note_off_c, 0, 67, 64
2, 23472, Note_on_c, 0, 64, 93
2, 23504, Note_off_c, 0, 64, 64
2, 23520, Note_on_c, 0, 62, 93
2, 23584, Note_off_c, 0, 62, 64
2, 23616, Note_on_c, 0, 64, 93
2, 23648, Note_off_c, 0, 64, 64
2, 23664, Note_on_c, 0, 67, 93
2, 23776, Note_off_c, 0, 67, 64
2, 23808, Note_on_c, 0, 70, 93
2, 23872, Note_off_c, 0, 70, 64
2, 23904, Note_on_c, 0, 69, 93
2, 23936, Note_off_c, 0, 69, 64
2, 23952, Note_on_c, 0, 67, 93
2, 23984, Note_off_c, 0, 67, 64
2, 24576, Note_on_c, 0, 64, 93
2, 24608, Note_off_c, 0, 64, 64
2, 24624, Note_on_c, 0, 62, 93
2, 24656, Note_off_c, 0, 62, 64
2, 24672, Note_on_c, 0, 64, 93
2, 24704, Note_off_c, 0, 64, 64
2, 24720, Note_on_c, 0, 67, 93
2, 24752, Note_off_c, 0, 67, 64
2, 25536, Note_on_c, 0, 71, 93
2, 25568, Note_off_c, 0, 71, 64
2, 25584, Note_on_c, 0, 69, 93
2, 25616, Note_off_c, 0, 69, 64
2, 25632, Note_on_c, 0, 71, 93
2, 25664, Note_off_c, 0, 71, 64
2, 25680, Note_on_c, 0, 69, 93
2, 25712, Note_off_c, 0, 69, 64
2, 25728, Note_on_c, 0, 67, 93
2, 25760, Note_off_c, 0, 67, 64
2, 25776, Note_on_c, 0, 64, 93
2, 25808, Note_off_c, 0, 64, 64
2, 25824, Note_on_c, 0, 62, 93
2, 25888, Note_off_c, 0, 62, 64
2, 25920, Note_on_c, 0, 64, 93
2, 25952, Note_off_c, 0, 64, 64
2, 25968, Note_on_c, 0, 67, 93
2, 26080, Note_off_c, 0, 67, 64
2, 26304, Note_on_c, 0, 76, 93
2, 26336, Note_off_c, 0, 76, 64
2, 26352, Note_on_c, 0, 74, 93
2, 26384, Note_off_c, 0, 74, 64
2, 26400, Note_on_c, 0, 70, 93
2, 26432, Note_off_c, 0, 70, 64
2, 26448, Note_on_c, 0, 69, 93
2, 26480, Note_off_c, 0, 69, 64
2, 26496, Note_on_c, 0, 67, 93
2, 26528, Note_off_c, 0, 67, 64
2, 26544, Note_on_c, 0, 64, 93
2, 26576, Note_off_c, 0, 64, 64
2, 26592, Note_on_c, 0, 62, 93
2, 26656, Note_off_c, 0, 62, 64
2, 26688, Note_on_c, 0, 64, 93
2, 26720, Note_off_c, 0, 64, 64
2, 26736, Note_on_c, 0, 67, 93
2, 26848, Note_off_c, 0, 67, 64
2, 26880, Note_on_c, 0, 70, 93
2, 26944, Note_off_c, 0, 70, 64
2, 26976, Note_on_c, 0, 69, 93
2, 27008, Note_off_c, 0, 69, 64
2, 27024, Note_on_c, 0, 67, 93
2, 27056, Note_off_c, 0, 67, 64
2, 27648, Note_on_c, 0, 64, 93
2, 27680, Note_off_c, 0, 64, 64
2, 27696, Note_on_c, 0, 62, 93
2, 27728, Note_off_c, 0, 62, 64
2, 27744, Note_on_c, 0, 64, 93
2, 27776, Note_off_c, 0, 64, 64
2, 27792, Note_on_c, 0, 67, 93
2, 27824, Note_off_c, 0, 67, 64
2, 28368, Note_on_c, 0, 70, 93
2, 28400, Note_off_c, 0, 70, 64
2, 28416, Note_on_c, 0, 70, 93
2, 28448, Note_off_c, 0, 70, 64
2, 28464, Note_on_c, 0, 70, 93
2, 28496, Note_off_c, 0, 70, 64
2, 28512, Note_on_c, 0, 70, 93
2, 28544, Note_off_c, 0, 70, 64
2, 28560, Note_on_c, 0, 67, 93
2, 28592, Note_off_c, 0, 67, 64
2, 28608, Note_on_c, 0, 67, 93
2, 28640, Note_off_c, 0, 67, 64
2, 28656, Note_on_c, 0, 64, 93
2, 28688, Note_off_c, 0, 64, 64
2, 28704, Note_on_c, 0, 67, 93
2, 28736, Note_off_c, 0, 67, 64
2, 28752, Note_on_c, 0, 64, 93
2, 28784, Note_off_c, 0, 64, 64
2, 28800, Note_on_c, 0, 62, 93
2, 28832, Note_off_c, 0, 62, 64
2, 28848, Note_on_c, 0, 67, 93
2, 28960, Note_off_c, 0, 67, 64
2, 29136, Note_on_c, 0, 74, 93
2, 29168, Note_off_c, 0, 74, 64
2, 29184, Note_on_c, 0, 74, 93
2, 29216, Note_off_c, 0, 74, 64
2, 29232, Note_on_c, 0, 76, 93
2, 29312, Note_off_c, 0, 76, 64
2, 29328, Note_on_c, 0, 74, 93
2, 29360, Note_off_c, 0, 74, 64
2, 29376, Note_on_c, 0, 70, 93
2, 29408, Note_off_c, 0, 70, 64
2, 29424, Note_on_c, 0, 69, 93
2, 29456, Note_off_c, 0, 69, 64
2, 29472, Note_on_c, 0, 69, 93
2, 29504, Note_off_c, 0, 69, 64
2, 29520, Note_on_c, 0, 67, 93
2, 29552, Note_off_c, 0, 67, 64
2, 29568, Note_on_c, 0, 67, 93
2, 29632, Note_off_c, 0, 67, 64
2, 29904, Note_on_c, 0, 62, 93
2, 29936, Note_off_c, 0, 62, 64
2, 29952, Note_on_c, 0, 71, 93
2, 29984, Note_off_c, 0, 71, 64
2, 30000, Note_on_c, 0, 74, 93
2, 30032, Note_off_c, 0, 74, 64
2, 30048, Note_on_c, 0, 76, 93
2, 30112, Note_off_c, 0, 76, 64
2, 30144, Note_on_c, 0, 74, 93
2, 30208, Note_off_c, 0, 74, 64
2, 30240, Note_on_c, 0, 70, 93
2, 30272, Note_off_c, 0, 70, 64
2, 30288, Note_on_c, 0, 69, 93
2, 30320, Note_off_c, 0, 69, 64
2, 30336, Note_on_c, 0, 69, 93
2, 30368, Note_off_c, 0, 69, 64
2, 30384, Note_on_c, 0, 67, 93
2, 30416, Note_off_c, 0, 67, 64
2, 30432, Note_on_c, 0, 69, 93
2, 30496, Note_off_c, 0, 69, 64
2, 30528, Note_on_c, 0, 67, 93
2, 30560, Note_off_c, 0, 67, 64
2, 30576, Note_on_c, 0, 69, 93
2, 30640, Note_off_c, 0, 69, 64
2, 30672, Note_on_c, 0, 67, 93
2, 30736, Note_off_c, 0, 67, 64
2, 30768, Note_on_c, 0, 71, 93
2, 30880, Note_off_c, 0, 71, 64
2, 31104, Note_on_c, 0, 70, 93
2, 31168, Note_off_c, 0, 70, 64
2, 31200, Note_on_c, 0, 69, 93
2, 31232, Note_off_c, 0, 69, 64
2, 31248, Note_on_c, 0, 67, 93
2, 31280, Note_off_c, 0, 67, 64
2, 31440, Note_on_c, 0, 62, 93
2, 31472, Note_off_c, 0, 62, 64
2, 31488, Note_on_c, 0, 71, 93
2, 31520, Note_off_c, 0, 71, 64
2, 31536, Note_on_c, 0, 74, 93
2, 31568, Note_off_c, 0, 74, 64
2, 31584, Note_on_c, 0, 76, 93
2, 31648, Note_off_c, 0, 76, 64
2, 31680, Note_on_c, 0, 74, 93
2, 31744, Note_off_c, 0, 74, 64
2, 31776, Note_on_c, 0, 70, 93
2, 31808, Note_off_c, 0, 70, 64
2, 31824, Note_on_c, 0, 69, 93
2, 31856, Note_off_c, 0, 69, 64
2, 31872, Note_on_c, 0, 69, 93
2, 31904, Note_off_c, 0, 69, 64
2, 31920, Note_on_c, 0, 67, 93
2, 31952, Note_off_c, 0, 67, 64
2, 31968, Note_on_c, 0, 74, 93
2, 32032, Note_off_c, 0, 74, 64
2, 32064, Note_on_c, 0, 76, 93
2, 32096, Note_off_c, 0, 76, 64
2, 32112, Note_on_c, 0, 70, 93
2, 32176, Note_off_c, 0, 70, 64
2, 32208, Note_on_c, 0, 70, 93
2, 32304, Note_off_c, 0, 70, 64
2, 32352, Note_on_c, 0, 67, 93
2, 32416, Note_off_c, 0, 67, 64
2, 32448, Note_on_c, 0, 71, 93
2, 32480, Note_off_c, 0, 71, 64
2, 32496, Note_on_c, 0, 69, 93
2, 32528, Note_off_c, 0, 69, 64
2, 32544, Note_on_c, 0, 71, 93
2, 32576, Note_off_c, 0, 71, 64
2, 32592, Note_on_c, 0, 69, 93
2, 32624, Note_off_c, 0, 69, 64
2, 32640, Note_on_c, 0, 67, 93
2, 32672, Note_off_c, 0, 67, 64
2, 32688, Note_on_c, 0, 64, 93
2, 32720, Note_off_c, 0, 64, 64
2, 32736, Note_on_c, 0, 62, 93
2, 32800, Note_off_c, 0, 62, 64
2, 32832, Note_on_c, 0, 64, 93
2, 32864, Note_off_c, 0, 64, 64
2, 32880, Note_on_c, 0, 67, 93
2, 32992, Note_off_c, 0, 67, 64
2, 33216, Note_on_c, 0, 71, 93
2, 33248, Note_off_c, 0, 71, 64
2, 33264, Note_on_c, 0, 69, 93
2, 33296, Note_off_c, 0, 69, 64
2, 33312, Note_on_c, 0, 71, 93
2, 33344, Note_off_c, 0, 71, 64
2, 33360, Note_on_c, 0, 69, 93
2, 33392, Note_off_c, 0, 69, 64
2, 33408, Note_on_c, 0, 67, 93
2, 33440, Note_off_c, 0, 67, 64
2, 33456, Note_on_c, 0, 64, 93
2, 33488, Note_off_c, 0, 64, 64
2, 33504, Note_on_c, 0, 62, 93
2, 33568, Note_off_c, 0, 62, 64
2, 33600, Note_on_c, 0, 64, 93
2, 33632, Note_off_c, 0, 64, 64
2, 33648, Note_on_c, 0, 67, 93
2, 33760, Note_off_c, 0, 67, 64
2, 33792, Note_on_c, 0, 70, 93
2, 33856, Note_off_c, 0, 70, 64
2, 33888, Note_on_c, 0, 69, 93
2, 33920, Note_off_c, 0, 69, 64
2, 33936, Note_on_c, 0, 67, 93
2, 33968, Note_off_c, 0, 67, 64
2, 34560, Note_on_c, 0, 64, 93
2, 34592, Note_off_c, 0, 64, 64
2, 34608, Note_on_c, 0, 62, 93
2, 34640, Note_off_c, 0, 62, 64
2, 34656, Note_on_c, 0, 64, 93
2, 34688, Note_off_c, 0, 64, 64
2, 34704, Note_on_c, 0, 67, 93
2, 34736, Note_off_c, 0, 67, 64
2, 35520, Note_on_c, 0, 71, 93
2, 35552, Note_off_c, 0, 71, 64
2, 35568, Note_on_c, 0, 69, 93
2, 35600, Note_off_c, 0, 69, 64
2, 35616, Note_on_c, 0, 71, 93
2, 35648, Note_off_c, 0, 71, 64
2, 35664, Note_on_c, 0, 69, 93
2, 35696, Note_off_c, 0, 69, 64
2, 35712, Note_on_c, 0, 67, 93
2, 35744, Note_off_c, 0, 67, 64
2, 35760, Note_on_c, 0, 64, 93
2, 35792, Note_off_c, 0, 64, 64
2, 35808, Note_on_c, 0, 62, 93
2, 35872, Note_off_c, 0, 62, 64
2, 35904, Note_on_c, 0, 64, 93
2, 35936, Note_off_c, 0, 64, 64
2, 35952, Note_on_c, 0, 67, 93
2, 36064, Note_off_c, 0, 67, 64
2, 36288, Note_on_c, 0, 76, 93
2, 36320, Note_off_c, 0, 76, 64
2, 36336, Note_on_c, 0, 74, 93
2, 36368, Note_off_c, 0, 74, 64
2, 36384, Note_on_c, 0, 70, 93
2, 36416, Note_off_c, 0, 70, 64
2, 36432, Note_on_c, 0, 69, 93
2, 36464, Note_off_c, 0, 69, 64
2, 36480, Note_on_c, 0, 67, 93
2, 36512, Note_off_c, 0, 67, 64
2, 36528, Note_on_c, 0, 64, 93
2, 36560, Note_off_c, 0, 64, 64
2, 36576, Note_on_c, 0, 62, 93
2, 36640, Note_off_c, 0, 62, 64
2, 36672, Note_on_c, 0, 64, 93
2, 36704, Note_off_c, 0, 64, 64
2, 36720, Note_on_c, 0, 67, 93
2, 36832, Note_off_c, 0, 67, 64
2, 36864, Note_on_c, 0, 70, 93
2, 36928, Note_off_c, 0, 70, 64
2, 36960, Note_on_c, 0, 69, 93
2, 36992, Note_off_c, 0, 69, 64
2, 37008, Note_on_c, 0, 67, 93
2, 37040, Note_off_c, 0, 67, 64
2, 37632, Note_on_c, 0, 64, 93
2, 37664, Note_off_c, 0, 64, 64
2, 37680, Note_on_c, 0, 62, 93
2, 37712, Note_off_c, 0, 62, 64
2, 37728, Note_on_c, 0, 64, 93
2, 37760, Note_off_c, 0, 64, 64
2, 37776, Note_on_c, 0, 67, 93
2, 37808, Note_off_c, 0, 67, 64
2, 38352, Note_on_c, 0, 62, 93
2, 38384, Note_off_c, 0, 62, 64
2, 38400, Note_on_c, 0, 64, 93
2, 38416, Note_off_c, 0, 64, 64
2, 38424, Note_on_c, 0, 62, 93
2, 38440, Note_off_c, 0, 62, 64
2, 38448, Note_on_c, 0, 71, 93
2, 38560, Note_off_c, 0, 71, 64
2, 38736, Note_on_c, 0, 62, 93
2, 38768, Note_off_c, 0, 62, 64
2, 38784, Note_on_c, 0, 64, 93
2, 38800, Note_off_c, 0, 64, 64
2, 38808, Note_on_c, 0, 62, 93
2, 38824, Note_off_c, 0, 62, 64
2, 38832, Note_on_c, 0, 72, 93
2, 38944, Note_off_c, 0, 72, 64
2, 39120, Note_on_c, 0, 62, 93
2, 39152, Note_off_c, 0, 62, 64
2, 39168, Note_on_c, 0, 64, 93
2, 39184, Note_off_c, 0, 64, 64
2, 39192, Note_on_c, 0, 62, 93
2, 39208, Note_off_c, 0, 62, 64
2, 39216, Note_on_c, 0, 74, 93
2, 39296, Note_off_c, 0, 74, 64
2, 39312, Note_on_c, 0, 72, 93
2, 39408, Note_off_c, 0, 72, 64
2, 39456, Note_on_c, 0, 70, 93
2, 39520, Note_off_c, 0, 70, 64
2, 39552, Note_on_c, 0, 70, 93
2, 39584, Note_off_c, 0, 70, 64
2, 39600, Note_on_c, 0, 69, 93
2, 39680, Note_off_c, 0, 69, 64
2, 39696, Note_on_c, 0, 67, 93
2, 39728, Note_off_c, 0, 67, 64
2, 39888, Note_on_c, 0, 62, 93
2, 39920, Note_off_c, 0, 62, 64
2, 39936, Note_on_c, 0, 64, 93
2, 39952, Note_off_c, 0, 64, 64
2, 39960, Note_on_c, 0, 62, 93
2, 39976, Note_off_c, 0, 62, 64
2, 39984, Note_on_c, 0, 74, 93
2, 40064, Note_off_c, 0, 74, 64
2, 40080, Note_on_c, 0, 71, 93
2, 40176, Note_off_c, 0, 71, 64
2, 40368, Note_on_c, 0, 62, 93
2, 40400, Note_off_c, 0, 62, 64
2, 40416, Note_on_c, 0, 71, 93
2, 40448, Note_off_c, 0, 71, 64
2, 40464, Note_on_c, 0, 71, 93
2, 40560, Note_off_c, 0, 71, 64
2, 40608, Note_on_c, 0, 70, 93
2, 40672, Note_off_c, 0, 70, 64
2, 40704, Note_on_c, 0, 70, 93
2, 40768, Note_off_c, 0, 70, 64
2, 40800, Note_on_c, 0, 69, 93
2, 40832, Note_off_c, 0, 69, 64
2, 40848, Note_on_c, 0, 67, 93
2, 40880, Note_off_c, 0, 67, 64
2, 40880, End_track
3, 0, Start_track
3, 0, Title_t, "by: Elton John"
3, 0, Control_c, 1, 0, 0
3, 0, Program_c, 1, 0
3, 0, Time_signature, 1, 2, 96, 8
3, 0, Tempo, 476190
3, 0, Note_on_c, 1, 58, 93
3, 0, Note_on_c, 1, 70, 93
3, 32, Note_off_c, 1, 58, 64
3, 32, Note_off_c, 1, 70, 64
3, 48, Note_on_c, 1, 70, 93
3, 80, Note_off_c, 1, 70, 64
3, 96, Time_signature, 4, 2, 96, 8
3, 96, Note_on_c, 1, 62, 93
3, 96, Note_on_c, 1, 70, 93
3, 160, Note_off_c, 1, 62, 64
3, 160, Note_off_c, 1, 70, 64
3, 192, Note_on_c, 1, 59, 93
3, 192, Note_on_c, 1, 67, 93
3, 256, Note_off_c, 1, 59, 64
3, 256, Note_off_c, 1, 67, 64
3, 288, Note_on_c, 1, 59, 93
3, 288, Note_on_c, 1, 67, 93
3, 320, Note_off_c, 1, 59, 64
3, 320, Note_off_c, 1, 67, 64
3, 336, Note_on_c, 1, 67, 93
3, 368, Note_off_c, 1, 67, 64
3, 384, Note_on_c, 1, 64, 93
3, 416, Note_off_c, 1, 64, 64
3, 432, Note_on_c, 1, 62, 93
3, 464, Note_off_c, 1, 62, 64
3, 480, Note_on_c, 1, 59, 93
3, 480, Note_on_c, 1, 67, 93
3, 544, Note_off_c, 1, 59, 64
3, 544, Note_off_c, 1, 67, 64
3, 576, Note_on_c, 1, 64, 93
3, 608, Note_off_c, 1, 64, 64
3, 624, Note_on_c, 1, 62, 93
3, 656, Note_off_c, 1, 62, 64
3, 672, Note_on_c, 1, 59, 93
3, 672, Note_on_c, 1, 67, 93
3, 704, Note_off_c, 1, 59, 64
3, 704, Note_off_c, 1, 67, 64
3, 720, Note_on_c, 1, 64, 93
3, 752, Note_off_c, 1, 64, 64
3, 768, Note_on_c, 1, 62, 93
3, 800, Note_off_c, 1, 62, 64
3, 816, Note_on_c, 1, 62, 93
3, 816, Note_on_c, 1, 64, 93
3, 896, Note_off_c, 1, 62, 64
3, 896, Note_off_c, 1, 64, 64
3, 912, Note_on_c, 1, 67, 93
3, 912, Note_on_c, 1, 59, 93
3, 912, Note_on_c, 1, 67, 93
3, 944, Note_off_c, 1, 67, 64
3, 1008, Note_off_c, 1, 67, 64
3, 1008, Note_off_c, 1, 59, 64
3, 1056, Note_on_c, 1, 55, 93
3, 1056, Note_on_c, 1, 67, 93
3, 1088, Note_off_c, 1, 55, 64
3, 1088, Note_off_c, 1, 67, 64
3, 1104, Note_on_c, 1, 55, 93
3, 1104, Note_on_c, 1, 67, 93
3, 1136, Note_off_c, 1, 55, 64
3, 1136, Note_off_c, 1, 67, 64
3, 1152, Note_on_c, 1, 60, 93
3, 1152, Note_on_c, 1, 64, 93
3, 1216, Note_off_c, 1, 60, 64
3, 1216, Note_off_c, 1, 64, 64
3, 1248, Note_on_c, 1, 64, 93
3, 1248, Note_on_c, 1, 60, 93
3, 1280, Note_off_c, 1, 64, 64
3, 1280, Note_off_c, 1, 60, 64
3, 1296, Note_on_c, 1, 62, 93
3, 1296, Note_on_c, 1, 59, 93
3, 1296, Note_on_c, 1, 55, 93
3, 1504, Note_off_c, 1, 62, 64
3, 1504, Note_off_c, 1, 59, 64
3, 1504, Note_off_c, 1, 55, 64
3, 1536, Note_on_c, 1, 71, 93
3, 1568, Note_off_c, 1, 71, 64
3, 1584, Note_on_c, 1, 74, 93
3, 1616, Note_off_c, 1, 74, 64
3, 1632, Note_on_c, 1, 71, 93
3, 1632, Note_on_c, 1, 76, 93
3, 1696, Note_off_c, 1, 71, 64
3, 1696, Note_off_c, 1, 76, 64
3, 1728, Note_on_c, 1, 70, 93
3, 1792, Note_off_c, 1, 70, 64
3, 1824, Note_on_c, 1, 57, 93
3, 1824, Note_on_c, 1, 69, 93
3, 1856, Note_off_c, 1, 57, 64
3, 1856, Note_off_c, 1, 69, 64
3, 1872, Note_on_c, 1, 67, 93
3, 1904, Note_off_c, 1, 67, 64
3, 1920, Note_on_c, 1, 55, 93
3, 1920, Note_on_c, 1, 67, 93
3, 1952, Note_off_c, 1, 55, 64
3, 1952, Note_off_c, 1, 67, 64
3, 1968, Note_on_c, 1, 64, 93
3, 2000, Note_off_c, 1, 64, 64
3, 2016, Note_on_c, 1, 67, 93
3, 2016, Note_on_c, 1, 59, 93
3, 2080, Note_off_c, 1, 67, 64
3, 2080, Note_off_c, 1, 59, 64
3, 2112, Note_on_c, 1, 64, 93
3, 2112, Note_on_c, 1, 59, 93
3, 2144, Note_off_c, 1, 64, 64
3, 2144, Note_off_c, 1, 59, 64
3, 2160, Note_on_c, 1, 62, 93
3, 2192, Note_off_c, 1, 62, 64
3, 2208, Note_on_c, 1, 55, 93
3, 2208, Note_on_c, 1, 67, 93
3, 2240, Note_off_c, 1, 55, 64
3, 2240, Note_off_c, 1, 67, 64
3, 2256, Note_on_c, 1, 64, 93
3, 2288, Note_off_c, 1, 64, 64
3, 2304, Note_on_c, 1, 62, 93
3, 2336, Note_off_c, 1, 62, 64
3, 2352, Note_on_c, 1, 64, 93
3, 2432, Note_off_c, 1, 64, 64
3, 2448, Note_on_c, 1, 59, 93
3, 2448, Note_on_c, 1, 67, 93
3, 2656, Note_off_c, 1, 59, 64
3, 2656, Note_off_c, 1, 67, 64
3, 2688, Note_on_c, 1, 55, 93
3, 2688, Note_on_c, 1, 60, 93
3, 2688, Note_on_c, 1, 64, 93
3, 2752, Note_off_c, 1, 55, 64
3, 2752, Note_off_c, 1, 60, 64
3, 2752, Note_off_c, 1, 64, 64
3, 2784, Note_on_c, 1, 60, 93
3, 2784, Note_on_c, 1, 64, 93
3, 2816, Note_off_c, 1, 60, 64
3, 2816, Note_off_c, 1, 64, 64
3, 2832, Note_on_c, 1, 62, 93
3, 2832, Note_on_c, 1, 59, 93
3, 2832, Note_on_c, 1, 55, 93
3, 3008, Note_off_c, 1, 62, 64
3, 3008, Note_off_c, 1, 59, 64
3, 3008, Note_off_c, 1, 55, 64
3, 3024, Note_on_c, 1, 70, 93
3, 3056, Note_off_c, 1, 70, 64
3, 3072, Note_on_c, 1, 69, 93
3, 3104, Note_off_c, 1, 69, 64
3, 3120, Note_on_c, 1, 70, 93
3, 3152, Note_off_c, 1, 70, 64
3, 3168, Note_on_c, 1, 69, 93
3, 3168, Note_on_c, 1, 60, 93
3, 3168, Note_on_c, 1, 64, 93
3, 3200, Note_off_c, 1, 69, 64
3, 3200, Note_off_c, 1, 60, 64
3, 3200, Note_off_c, 1, 64, 64
3, 3216, Note_on_c, 1, 67, 93
3, 3248, Note_off_c, 1, 67, 64
3, 3264, Note_on_c, 1, 67, 93
3, 3264, Note_on_c, 1, 60, 93
3, 3296, Note_off_c, 1, 67, 64
3, 3296, Note_off_c, 1, 60, 64
3, 3312, Note_on_c, 1, 64, 93
3, 3344, Note_off_c, 1, 64, 64
3, 3360, Note_on_c, 1, 67, 93
3, 3392, Note_off_c, 1, 67, 64
3, 3408, Note_on_c, 1, 64, 93
3, 3440, Note_off_c, 1, 64, 64
3, 3456, Note_on_c, 1, 62, 93
3, 3488, Note_off_c, 1, 62, 64
3, 3504, Note_on_c, 1, 59, 93
3, 3504, Note_on_c, 1, 62, 93
3, 3504, Note_on_c, 1, 67, 93
3, 3680, Note_off_c, 1, 59, 64
3, 3680, Note_off_c, 1, 62, 64
3, 3680, Note_off_c, 1, 67, 64
3, 3792, Note_on_c, 1, 62, 93
3, 3824, Note_off_c, 1, 62, 64
3, 3840, Note_on_c, 1, 71, 93
3, 3872, Note_off_c, 1, 71, 64
3, 3888, Note_on_c, 1, 74, 93
3, 3920, Note_off_c, 1, 74, 64
3, 3936, Note_on_c, 1, 76, 93
3, 3936, Note_on_c, 1, 63, 93
3, 3968, Note_off_c, 1, 76, 64
3, 3968, Note_off_c, 1, 63, 64
3, 3984, Note_on_c, 1, 74, 93
3, 4016, Note_off_c, 1, 74, 64
3, 4032, Note_on_c, 1, 71, 93
3, 4032, Note_on_c, 1, 63, 93
3, 4064, Note_off_c, 1, 71, 64
3, 4064, Note_off_c, 1, 63, 64
3, 4080, Note_on_c, 1, 69, 93
3, 4112, Note_off_c, 1, 69, 64
3, 4128, Note_on_c, 1, 63, 93
3, 4128, Note_on_c, 1, 69, 93
3, 4160, Note_off_c, 1, 63, 64
3, 4160, Note_off_c, 1, 69, 64
3, 4176, Note_on_c, 1, 67, 93
3, 4208, Note_off_c, 1, 67, 64
3, 4224, Note_on_c, 1, 67, 93
3, 4288, Note_off_c, 1, 67, 64
3, 4368, Note_on_c, 1, 59, 93
3, 4400, Note_off_c, 1, 59, 64
3, 4416, Note_on_c, 1, 64, 93
3, 4416, Note_on_c, 1, 67, 93
3, 4544, Note_off_c, 1, 64, 64
3, 4544, Note_off_c, 1, 67, 64
3, 4560, Note_on_c, 1, 62, 93
3, 4592, Note_off_c, 1, 62, 64
3, 4608, Note_on_c, 1, 71, 93
3, 4640, Note_off_c, 1, 71, 64
3, 4656, Note_on_c, 1, 74, 93
3, 4688, Note_off_c, 1, 74, 64
3, 4704, Note_on_c, 1, 76, 93
3, 4704, Note_on_c, 1, 71, 93
3, 4768, Note_off_c, 1, 76, 64
3, 4768, Note_off_c, 1, 71, 64
3, 4800, Note_on_c, 1, 74, 93
3, 4800, Note_on_c, 1, 62, 93
3, 4864, Note_off_c, 1, 74, 64
3, 4864, Note_off_c, 1, 62, 64
3, 4896, Note_on_c, 1, 70, 93
3, 4896, Note_on_c, 1, 62, 93
3, 4928, Note_off_c, 1, 70, 64
3, 4928, Note_off_c, 1, 62, 64
3, 4944, Note_on_c, 1, 69, 93
3, 4976, Note_off_c, 1, 69, 64
3, 4992, Note_on_c, 1, 69, 93
3, 4992, Note_on_c, 1, 59, 93
3, 5024, Note_off_c, 1, 69, 64
3, 5024, Note_off_c, 1, 59, 64
3, 5040, Note_on_c, 1, 67, 93
3, 5072, Note_off_c, 1, 67, 64
3, 5088, Note_on_c, 1, 66, 93
3, 5088, Note_on_c, 1, 62, 93
3, 5088, Note_on_c, 1, 69, 93
3, 5152, Note_off_c, 1, 66, 64
3, 5152, Note_off_c, 1, 62, 64
3, 5152, Note_off_c, 1, 69, 64
3, 5184, Note_on_c, 1, 67, 93
3, 5216, Note_off_c, 1, 67, 64
3, 5232, Note_on_c, 1, 69, 93
3, 5232, Note_on_c, 1, 66, 93
3, 5232, Note_on_c, 1, 62, 93
3, 5296, Note_off_c, 1, 69, 64
3, 5296, Note_off_c, 1, 66, 64
3, 5296, Note_off_c, 1, 62, 64
3, 5328, Note_on_c, 1, 67, 93
3, 5360, Note_off_c, 1, 67, 64
3, 5376, Note_on_c, 1, 71, 93
3, 5376, Note_on_c, 1, 59, 93
3, 5664, Note_off_c, 1, 71, 64
3, 5664, Note_off_c, 1, 59, 64
3, 5760, Note_on_c, 1, 70, 93
3, 5760, Note_on_c, 1, 58, 93
3, 5824, Note_off_c, 1, 70, 64
3, 5824, Note_off_c, 1, 58, 64
3, 5856, Note_on_c, 1, 69, 93
3, 5888, Note_off_c, 1, 69, 64
3, 5904, Note_on_c, 1, 67, 93
3, 5904, Note_on_c, 1, 65, 93
3, 5904, Note_on_c, 1, 59, 93
3, 6000, Note_off_c, 1, 67, 64
3, 6000, Note_off_c, 1, 65, 64
3, 6000, Note_off_c, 1, 59, 64
3, 6096, Note_on_c, 1, 62, 93
3, 6128, Note_off_c, 1, 62, 64
3, 6144, Note_on_c, 1, 71, 93
3, 6176, Note_off_c, 1, 71, 64
3, 6192, Note_on_c, 1, 74, 93
3, 6224, Note_off_c, 1, 74, 64
3, 6240, Note_on_c, 1, 76, 93
3, 6240, Note_on_c, 1, 70, 93
3, 6240, Note_on_c, 1, 64, 93
3, 6304, Note_off_c, 1, 76, 64
3, 6304, Note_off_c, 1, 70, 64
3, 6304, Note_off_c, 1, 64, 64
3, 6336, Note_on_c, 1, 74, 93
3, 6400, Note_off_c, 1, 74, 64
3, 6432, Note_on_c, 1, 70, 93
3, 6432, Note_on_c, 1, 64, 93
3, 6464, Note_off_c, 1, 70, 64
3, 6464, Note_off_c, 1, 64, 64
3, 6480, Note_on_c, 1, 69, 93
3, 6512, Note_off_c, 1, 69, 64
3, 6528, Note_on_c, 1, 69, 93
3, 6560, Note_off_c, 1, 69, 64
3, 6576, Note_on_c, 1, 67, 93
3, 6608, Note_off_c, 1, 67, 64
3, 6624, Note_on_c, 1, 74, 93
3, 6624, Note_on_c, 1, 66, 93
3, 6624, Note_on_c, 1, 60, 93
3, 6688, Note_off_c, 1, 74, 64
3, 6688, Note_off_c, 1, 66, 64
3, 6688, Note_off_c, 1, 60, 64
3, 6720, Note_on_c, 1, 76, 93
3, 6752, Note_off_c, 1, 76, 64
3, 6768, Note_on_c, 1, 70, 93
3, 6768, Note_on_c, 1, 66, 93
3, 6768, Note_on_c, 1, 60, 93
3, 6832, Note_off_c, 1, 70, 64
3, 6832, Note_off_c, 1, 66, 64
3, 6832, Note_off_c, 1, 60, 64
3, 6864, Note_on_c, 1, 70, 93
3, 6864, Note_on_c, 1, 66, 93
3, 6864, Note_on_c, 1, 60, 93
3, 6960, Note_off_c, 1, 70, 64
3, 6960, Note_off_c, 1, 66, 64
3, 6960, Note_off_c, 1, 60, 64
3, 7008, Note_on_c, 1, 69, 93
3, 7040, Note_off_c, 1, 69, 64
3, 7056, Note_on_c, 1, 67, 93
3, 7088, Note_off_c, 1, 67, 64
3, 7101, Note_on_c, 1, 70, 93
3, 7105, Note_off_c, 1, 70, 64
3, 7107, Note_on_c, 1, 71, 93
3, 7139, Note_off_c, 1, 71, 64
3, 7152, Note_on_c, 1, 76, 93
3, 7184, Note_off_c, 1, 76, 64
3, 7200, Note_on_c, 1, 74, 93
3, 7232, Note_off_c, 1, 74, 64
3, 7248, Note_on_c, 1, 71, 93
3, 7280, Note_off_c, 1, 71, 64
3, 7296, Note_on_c, 1, 67, 93
3, 7328, Note_off_c, 1, 67, 64
3, 7344, Note_on_c, 1, 64, 93
3, 7376, Note_off_c, 1, 64, 64
3, 7392, Note_on_c, 1, 62, 93
3, 7424, Note_off_c, 1, 62, 64
3, 7440, Note_on_c, 1, 50, 93
3, 7504, Note_off_c, 1, 50, 64
3, 7536, Note_on_c, 1, 62, 93
3, 7568, Note_off_c, 1, 62, 64
3, 7584, Note_on_c, 1, 50, 93
3, 7648, Note_off_c, 1, 50, 64
3, 7680, Note_on_c, 1, 70, 93
3, 7712, Note_off_c, 1, 70, 64
3, 7728, Note_on_c, 1, 70, 93
3, 7760, Note_off_c, 1, 70, 64
3, 7776, Note_on_c, 1, 62, 93
3, 7776, Note_on_c, 1, 70, 93
3, 7840, Note_off_c, 1, 62, 64
3, 7840, Note_off_c, 1, 70, 64
3, 7872, Note_on_c, 1, 59, 93
3, 7872, Note_on_c, 1, 67, 93
3, 7936, Note_off_c, 1, 59, 64
3, 7936, Note_off_c, 1, 67, 64
3, 7968, Note_on_c, 1, 59, 93
3, 7968, Note_on_c, 1, 67, 93
3, 8000, Note_off_c, 1, 59, 64
3, 8000, Note_off_c, 1, 67, 64
3, 8016, Note_on_c, 1, 67, 93
3, 8048, Note_off_c, 1, 67, 64
3, 8064, Note_on_c, 1, 64, 93
3, 8096, Note_off_c, 1, 64, 64
3, 8112, Note_on_c, 1, 62, 93
3, 8144, Note_off_c, 1, 62, 64
3, 8160, Note_on_c, 1, 59, 93
3, 8160, Note_on_c, 1, 67, 93
3, 8224, Note_off_c, 1, 59, 64
3, 8224, Note_off_c, 1, 67, 64
3, 8256, Note_on_c, 1, 64, 93
3, 8288, Note_off_c, 1, 64, 64
3, 8304, Note_on_c, 1, 62, 93
3, 8336, Note_off_c, 1, 62, 64
3, 8352, Note_on_c, 1, 59, 93
3, 8352, Note_on_c, 1, 67, 93
3, 8384, Note_off_c, 1, 59, 64
3, 8384, Note_off_c, 1, 67, 64
3, 8400, Note_on_c, 1, 64, 93
3, 8432, Note_off_c, 1, 64, 64
3, 8448, Note_on_c, 1, 62, 93
3, 8480, Note_off_c, 1, 62, 64
3, 8496, Note_on_c, 1, 62, 93
3, 8496, Note_on_c, 1, 64, 93
3, 8576, Note_off_c, 1, 62, 64
3, 8576, Note_off_c, 1, 64, 64
3, 8592, Note_on_c, 1, 67, 93
3, 8592, Note_on_c, 1, 59, 93
3, 8592, Note_on_c, 1, 67, 93
3, 8624, Note_off_c, 1, 67, 64
3, 8688, Note_off_c, 1, 67, 64
3, 8688, Note_off_c, 1, 59, 64
3, 8736, Note_on_c, 1, 55, 93
3, 8736, Note_on_c, 1, 67, 93
3, 8768, Note_off_c, 1, 55, 64
3, 8768, Note_off_c, 1, 67, 64
3, 8784, Note_on_c, 1, 55, 93
3, 8784, Note_on_c, 1, 67, 93
3, 8816, Note_off_c, 1, 55, 64
3, 8816, Note_off_c, 1, 67, 64
3, 8832, Note_on_c, 1, 60, 93
3, 8832, Note_on_c, 1, 64, 93
3, 8896, Note_off_c, 1, 60, 64
3, 8896, Note_off_c, 1, 64, 64
3, 8928, Note_on_c, 1, 64, 93
3, 8928, Note_on_c, 1, 60, 93
3, 8960, Note_off_c, 1, 64, 64
3, 8960, Note_off_c, 1, 60, 64
3, 8976, Note_on_c, 1, 62, 93
3, 8976, Note_on_c, 1, 59, 93
3, 8976, Note_on_c, 1, 55, 93
3, 9184, Note_off_c, 1, 62, 64
3, 9184, Note_off_c, 1, 59, 64
3, 9184, Note_off_c, 1, 55, 64
3, 9216, Note_on_c, 1, 71, 93
3, 9248, Note_off_c, 1, 71, 64
3, 9264, Note_on_c, 1, 74, 93
3, 9296, Note_off_c, 1, 74, 64
3, 9312, Note_on_c, 1, 71, 93
3, 9312, Note_on_c, 1, 76, 93
3, 9376, Note_off_c, 1, 71, 64
3, 9376, Note_off_c, 1, 76, 64
3, 9408, Note_on_c, 1, 70, 93
3, 9472, Note_off_c, 1, 70, 64
3, 9504, Note_on_c, 1, 57, 93
3, 9504, Note_on_c, 1, 69, 93
3, 9536, Note_off_c, 1, 57, 64
3, 9536, Note_off_c, 1, 69, 64
3, 9552, Note_on_c, 1, 67, 93
3, 9584, Note_off_c, 1, 67, 64
3, 9600, Note_on_c, 1, 55, 93
3, 9600, Note_on_c, 1, 67, 93
3, 9632, Note_off_c, 1, 55, 64
3, 9632, Note_off_c, 1, 67, 64
3, 9648, Note_on_c, 1, 64, 93
3, 9680, Note_off_c, 1, 64, 64
3, 9696, Note_on_c, 1, 67, 93
3, 9696, Note_on_c, 1, 59, 93
3, 9760, Note_off_c, 1, 67, 64
3, 9760, Note_off_c, 1, 59, 64
3, 9792, Note_on_c, 1, 64, 93
3, 9792, Note_on_c, 1, 59, 93
3, 9824, Note_off_c, 1, 64, 64
3, 9824, Note_off_c, 1, 59, 64
3, 9840, Note_on_c, 1, 62, 93
3, 9872, Note_off_c, 1, 62, 64
3, 9888, Note_on_c, 1, 55, 93
3, 9888, Note_on_c, 1, 67, 93
3, 9920, Note_off_c, 1, 55, 64
3, 9920, Note_off_c, 1, 67, 64
3, 9936, Note_on_c, 1, 64, 93
3, 9968, Note_off_c, 1, 64, 64
3, 9984, Note_on_c, 1, 62, 93
3, 10016, Note_off_c, 1, 62, 64
3, 10032, Note_on_c, 1, 64, 93
3, 10112, Note_off_c, 1, 64, 64
3, 10128, Note_on_c, 1, 59, 93
3, 10128, Note_on_c, 1, 67, 93
3, 10336, Note_off_c, 1, 59, 64
3, 10336, Note_off_c, 1, 67, 64
3, 10368, Note_on_c, 1, 55, 93
3, 10368, Note_on_c, 1, 60, 93
3, 10368, Note_on_c, 1, 64, 93
3, 10432, Note_off_c, 1, 55, 64
3, 10432, Note_off_c, 1, 60, 64
3, 10432, Note_off_c, 1, 64, 64
3, 10464, Note_on_c, 1, 60, 93
3, 10464, Note_on_c, 1, 64, 93
3, 10496, Note_off_c, 1, 60, 64
3, 10496, Note_off_c, 1, 64, 64
3, 10512, Note_on_c, 1, 62, 93
3, 10512, Note_on_c, 1, 59, 93
3, 10512, Note_on_c, 1, 55, 93
3, 10688, Note_off_c, 1, 62, 64
3, 10688, Note_off_c, 1, 59, 64
3, 10688, Note_off_c, 1, 55, 64
3, 10704, Note_on_c, 1, 70, 93
3, 10736, Note_off_c, 1, 70, 64
3, 10752, Note_on_c, 1, 69, 93
3, 10784, Note_off_c, 1, 69, 64
3, 10800, Note_on_c, 1, 70, 93
3, 10832, Note_off_c, 1, 70, 64
3, 10848, Note_on_c, 1, 69, 93
3, 10848, Note_on_c, 1, 60, 93
3, 10848, Note_on_c, 1, 64, 93
3, 10880, Note_off_c, 1, 69, 64
3, 10880, Note_off_c, 1, 60, 64
3, 10880, Note_off_c, 1, 64, 64
3, 10896, Note_on_c, 1, 67, 93
3, 10928, Note_off_c, 1, 67, 64
3, 10944, Note_on_c, 1, 67, 93
3, 10944, Note_on_c, 1, 60, 93
3, 10976, Note_off_c, 1, 67, 64
3, 10976, Note_off_c, 1, 60, 64
3, 10992, Note_on_c, 1, 64, 93
3, 11024, Note_off_c, 1, 64, 64
3, 11040, Note_on_c, 1, 67, 93
3, 11072, Note_off_c, 1, 67, 64
3, 11088, Note_on_c, 1, 64, 93
3, 11120, Note_off_c, 1, 64, 64
3, 11136, Note_on_c, 1, 62, 93
3, 11168, Note_off_c, 1, 62, 64
3, 11184, Note_on_c, 1, 59, 93
3, 11184, Note_on_c, 1, 62, 93
3, 11184, Note_on_c, 1, 67, 93
3, 11360, Note_off_c, 1, 59, 64
3, 11360, Note_off_c, 1, 62, 64
3, 11360, Note_off_c, 1, 67, 64
3, 11472, Note_on_c, 1, 62, 93
3, 11504, Note_off_c, 1, 62, 64
3, 11520, Note_on_c, 1, 71, 93
3, 11552, Note_off_c, 1, 71, 64
3, 11568, Note_on_c, 1, 74, 93
3, 11600, Note_off_c, 1, 74, 64
3, 11616, Note_on_c, 1, 76, 93
3, 11616, Note_on_c, 1, 63, 93
3, 11648, Note_off_c, 1, 76, 64
3, 11648, Note_off_c, 1, 63, 64
3, 11664, Note_on_c, 1, 74, 93
3, 11696, Note_off_c, 1, 74, 64
3, 11712, Note_on_c, 1, 71, 93
3, 11712, Note_on_c, 1, 63, 93
3, 11744, Note_off_c, 1, 71, 64
3, 11744, Note_off_c, 1, 63, 64
3, 11760, Note_on_c, 1, 69, 93
3, 11792, Note_off_c, 1, 69, 64
3, 11808, Note_on_c, 1, 63, 93
3, 11808, Note_on_c, 1, 69, 93
3, 11840, Note_off_c, 1, 63, 64
3, 11840, Note_off_c, 1, 69, 64
3, 11856, Note_on_c, 1, 67, 93
3, 11888, Note_off_c, 1, 67, 64
3, 11904, Note_on_c, 1, 67, 93
3, 11968, Note_off_c, 1, 67, 64
3, 12048, Note_on_c, 1, 59, 93
3, 12080, Note_off_c, 1, 59, 64
3, 12096, Note_on_c, 1, 64, 93
3, 12096, Note_on_c, 1, 67, 93
3, 12224, Note_off_c, 1, 64, 64
3, 12224, Note_off_c, 1, 67, 64
3, 12240, Note_on_c, 1, 62, 93
3, 12272, Note_off_c, 1, 62, 64
3, 12288, Note_on_c, 1, 71, 93
3, 12320, Note_off_c, 1, 71, 64
3, 12336, Note_on_c, 1, 74, 93
3, 12368, Note_off_c, 1, 74, 64
3, 12384, Note_on_c, 1, 76, 93
3, 12384, Note_on_c, 1, 71, 93
3, 12448, Note_off_c, 1, 76, 64
3, 12448, Note_off_c, 1, 71, 64
3, 12480, Note_on_c, 1, 74, 93
3, 12480, Note_on_c, 1, 62, 93
3, 12544, Note_off_c, 1, 74, 64
3, 12544, Note_off_c, 1, 62, 64
3, 12576, Note_on_c, 1, 70, 93
3, 12576, Note_on_c, 1, 62, 93
3, 12608, Note_off_c, 1, 70, 64
3, 12608, Note_off_c, 1, 62, 64
3, 12624, Note_on_c, 1, 69, 93
3, 12656, Note_off_c, 1, 69, 64
3, 12672, Note_on_c, 1, 69, 93
3, 12672, Note_on_c, 1, 59, 93
3, 12704, Note_off_c, 1, 69, 64
3, 12704, Note_off_c, 1, 59, 64
3, 12720, Note_on_c, 1, 67, 93
3, 12752, Note_off_c, 1, 67, 64
3, 12768, Note_on_c, 1, 66, 93
3, 12768, Note_on_c, 1, 62, 93
3, 12768, Note_on_c, 1, 69, 93
3, 12832, Note_off_c, 1, 66, 64
3, 12832, Note_off_c, 1, 62, 64
3, 12832, Note_off_c, 1, 69, 64
3, 12864, Note_on_c, 1, 67, 93
3, 12896, Note_off_c, 1, 67, 64
3, 12912, Note_on_c, 1, 69, 93
3, 12912, Note_on_c, 1, 66, 93
3, 12912, Note_on_c, 1, 62, 93
3, 12976, Note_off_c, 1, 69, 64
3, 12976, Note_off_c, 1, 66, 64
3, 12976, Note_off_c, 1, 62, 64
3, 13008, Note_on_c, 1, 67, 93
3, 13040, Note_off_c, 1, 67, 64
3, 13056, Note_on_c, 1, 71, 93
3, 13056, Note_on_c, 1, 59, 93
3, 13344, Note_off_c, 1, 71, 64
3, 13344, Note_off_c, 1, 59, 64
3, 13440, Note_on_c, 1, 70, 93
3, 13440, Note_on_c, 1, 58, 93
3, 13504, Note_off_c, 1, 70, 64
3, 13504, Note_off_c, 1, 58, 64
3, 13536, Note_on_c, 1, 69, 93
3, 13568, Note_off_c, 1, 69, 64
3, 13584, Note_on_c, 1, 67, 93
3, 13584, Note_on_c, 1, 65, 93
3, 13584, Note_on_c, 1, 59, 93
3, 13680, Note_off_c, 1, 67, 64
3, 13680, Note_off_c, 1, 65, 64
3, 13680, Note_off_c, 1, 59, 64
3, 13776, Note_on_c, 1, 62, 93
3, 13808, Note_off_c, 1, 62, 64
3, 13824, Note_on_c, 1, 71, 93
3, 13856, Note_off_c, 1, 71, 64
3, 13872, Note_on_c, 1, 74, 93
3, 13904, Note_off_c, 1, 74, 64
3, 13920, Note_on_c, 1, 76, 93
3, 13920, Note_on_c, 1, 70, 93
3, 13920, Note_on_c, 1, 64, 93
3, 13984, Note_off_c, 1, 76, 64
3, 13984, Note_off_c, 1, 70, 64
3, 13984, Note_off_c, 1, 64, 64
3, 14016, Note_on_c, 1, 74, 93
3, 14080, Note_off_c, 1, 74, 64
3, 14112, Note_on_c, 1, 70, 93
3, 14112, Note_on_c, 1, 64, 93
3, 14144, Note_off_c, 1, 70, 64
3, 14144, Note_off_c, 1, 64, 64
3, 14160, Note_on_c, 1, 69, 93
3, 14192, Note_off_c, 1, 69, 64
3, 14208, Note_on_c, 1, 69, 93
3, 14240, Note_off_c, 1, 69, 64
3, 14256, Note_on_c, 1, 67, 93
3, 14288, Note_off_c, 1, 67, 64
3, 14304, Note_on_c, 1, 74, 93
3, 14304, Note_on_c, 1, 66, 93
3, 14304, Note_on_c, 1, 60, 93
3, 14368, Note_off_c, 1, 74, 64
3, 14368, Note_off_c, 1, 66, 64
3, 14368, Note_off_c, 1, 60, 64
3, 14400, Note_on_c, 1, 76, 93
3, 14432, Note_off_c, 1, 76, 64
3, 14448, Note_on_c, 1, 70, 93
3, 14448, Note_on_c, 1, 66, 93
3, 14448, Note_on_c, 1, 60, 93
3, 14512, Note_off_c, 1, 70, 64
3, 14512, Note_off_c, 1, 66, 64
3, 14512, Note_off_c, 1, 60, 64
3, 14544, Note_on_c, 1, 70, 93
3, 14544, Note_on_c, 1, 66, 93
3, 14544, Note_on_c, 1, 60, 93
3, 14640, Note_off_c, 1, 70, 64
3, 14640, Note_off_c, 1, 66, 64
3, 14640, Note_off_c, 1, 60, 64
3, 14688, Note_on_c, 1, 69, 93
3, 14720, Note_off_c, 1, 69, 64
3, 14736, Note_on_c, 1, 67, 93
3, 14768, Note_off_c, 1, 67, 64
3, 14781, Note_on_c, 1, 70, 93
3, 14785, Note_off_c, 1, 70, 64
3, 14787, Note_on_c, 1, 71, 93
3, 14819, Note_off_c, 1, 71, 64
3, 14832, Note_on_c, 1, 76, 93
3, 14864, Note_off_c, 1, 76, 64
3, 14880, Note_on_c, 1, 74, 93
3, 14912, Note_off_c, 1, 74, 64
3, 14928, Note_on_c, 1, 71, 93
3, 14960, Note_off_c, 1, 71, 64
3, 14976, Note_on_c, 1, 67, 93
3, 15008, Note_off_c, 1, 67, 64
3, 15024, Note_on_c, 1, 64, 93
3, 15056, Note_off_c, 1, 64, 64
3, 15072, Note_on_c, 1, 62, 93
3, 15104, Note_off_c, 1, 62, 64
3, 15120, Note_on_c, 1, 50, 93
3, 15184, Note_off_c, 1, 50, 64
3, 15216, Note_on_c, 1, 62, 93
3, 15248, Note_off_c, 1, 62, 64
3, 15264, Note_on_c, 1, 50, 93
3, 15328, Note_off_c, 1, 50, 64
3, 15456, Note_on_c, 1, 62, 93
3, 15520, Note_off_c, 1, 62, 64
3, 15552, Note_on_c, 1, 59, 93
3, 15616, Note_off_c, 1, 59, 64
3, 15648, Note_on_c, 1, 59, 93
3, 15680, Note_off_c, 1, 59, 64
3, 15840, Note_on_c, 1, 59, 93
3, 15904, Note_off_c, 1, 59, 64
3, 16032, Note_on_c, 1, 59, 93
3, 16064, Note_off_c, 1, 59, 64
3, 16176, Note_on_c, 1, 62, 93
3, 16256, Note_off_c, 1, 62, 64
3, 16272, Note_on_c, 1, 59, 93
3, 16368, Note_off_c, 1, 59, 64
3, 16416, Note_on_c, 1, 55, 93
3, 16416, Note_on_c, 1, 67, 93
3, 16448, Note_off_c, 1, 55, 64
3, 16448, Note_off_c, 1, 67, 64
3, 16464, Note_on_c, 1, 55, 93
3, 16464, Note_on_c, 1, 67, 93
3, 16496, Note_off_c, 1, 55, 64
3, 16496, Note_off_c, 1, 67, 64
3, 16512, Note_on_c, 1, 60, 93
3, 16512, Note_on_c, 1, 64, 93
3, 16576, Note_off_c, 1, 60, 64
3, 16576, Note_off_c, 1, 64, 64
3, 16608, Note_on_c, 1, 64, 93
3, 16608, Note_on_c, 1, 60, 93
3, 16640, Note_off_c, 1, 64, 64
3, 16640, Note_off_c, 1, 60, 64
3, 16656, Note_on_c, 1, 62, 93
3, 16656, Note_on_c, 1, 59, 93
3, 16656, Note_on_c, 1, 55, 93
3, 16864, Note_off_c, 1, 62, 64
3, 16864, Note_off_c, 1, 59, 64
3, 16864, Note_off_c, 1, 55, 64
3, 16992, Note_on_c, 1, 71, 93
3, 17056, Note_off_c, 1, 71, 64
3, 17184, Note_on_c, 1, 57, 93
3, 17216, Note_off_c, 1, 57, 64
3, 17280, Note_on_c, 1, 55, 93
3, 17312, Note_off_c, 1, 55, 64
3, 17376, Note_on_c, 1, 59, 93
3, 17440, Note_off_c, 1, 59, 64
3, 17472, Note_on_c, 1, 59, 93
3, 17504, Note_off_c, 1, 59, 64
3, 17568, Note_on_c, 1, 55, 93
3, 17600, Note_off_c, 1, 55, 64
3, 17808, Note_on_c, 1, 59, 93
3, 17808, Note_on_c, 1, 67, 93
3, 17968, Note_off_c, 1, 67, 64
3, 18016, Note_off_c, 1, 59, 64
3, 18048, Note_on_c, 1, 55, 93
3, 18048, Note_on_c, 1, 60, 93
3, 18048, Note_on_c, 1, 64, 93
3, 18112, Note_off_c, 1, 55, 64
3, 18112, Note_off_c, 1, 60, 64
3, 18112, Note_off_c, 1, 64, 64
3, 18144, Note_on_c, 1, 60, 93
3, 18144, Note_on_c, 1, 64, 93
3, 18176, Note_off_c, 1, 60, 64
3, 18176, Note_off_c, 1, 64, 64
3, 18192, Note_on_c, 1, 62, 93
3, 18192, Note_on_c, 1, 59, 93
3, 18192, Note_on_c, 1, 55, 93
3, 18368, Note_off_c, 1, 62, 64
3, 18368, Note_off_c, 1, 59, 64
3, 18368, Note_off_c, 1, 55, 64
3, 18384, Note_on_c, 1, 70, 93
3, 18416, Note_off_c, 1, 70, 64
3, 18432, Note_on_c, 1, 69, 93
3, 18464, Note_off_c, 1, 69, 64
3, 18480, Note_on_c, 1, 70, 93
3, 18512, Note_off_c, 1, 70, 64
3, 18528, Note_on_c, 1, 64, 93
3, 18528, Note_on_c, 1, 60, 93
3, 18528, Note_on_c, 1, 69, 93
3, 18592, Note_off_c, 1, 64, 64
3, 18592, Note_off_c, 1, 60, 64
3, 18592, Note_off_c, 1, 69, 64
3, 18624, Note_on_c, 1, 60, 93
3, 18624, Note_on_c, 1, 67, 93
3, 18688, Note_off_c, 1, 60, 64
3, 18688, Note_off_c, 1, 67, 64
3, 18720, Note_on_c, 1, 67, 93
3, 18752, Note_off_c, 1, 67, 64
3, 18768, Note_on_c, 1, 64, 93
3, 18800, Note_off_c, 1, 64, 64
3, 18816, Note_on_c, 1, 62, 93
3, 18848, Note_off_c, 1, 62, 64
3, 18864, Note_on_c, 1, 59, 93
3, 18864, Note_on_c, 1, 62, 93
3, 18864, Note_on_c, 1, 67, 93
3, 19040, Note_off_c, 1, 59, 64
3, 19040, Note_off_c, 1, 62, 64
3, 19040, Note_off_c, 1, 67, 64
3, 19152, Note_on_c, 1, 62, 93
3, 19184, Note_off_c, 1, 62, 64
3, 19200, Note_on_c, 1, 71, 93
3, 19232, Note_off_c, 1, 71, 64
3, 19248, Note_on_c, 1, 74, 93
3, 19280, Note_off_c, 1, 74, 64
3, 19296, Note_on_c, 1, 76, 93
3, 19296, Note_on_c, 1, 63, 93
3, 19328, Note_off_c, 1, 76, 64
3, 19328, Note_off_c, 1, 63, 64
3, 19344, Note_on_c, 1, 74, 93
3, 19376, Note_off_c, 1, 74, 64
3, 19392, Note_on_c, 1, 71, 93
3, 19392, Note_on_c, 1, 63, 93
3, 19424, Note_off_c, 1, 71, 64
3, 19424, Note_off_c, 1, 63, 64
3, 19440, Note_on_c, 1, 69, 93
3, 19472, Note_off_c, 1, 69, 64
3, 19488, Note_on_c, 1, 63, 93
3, 19488, Note_on_c, 1, 69, 93
3, 19520, Note_off_c, 1, 63, 64
3, 19520, Note_off_c, 1, 69, 64
3, 19536, Note_on_c, 1, 67, 93
3, 19568, Note_off_c, 1, 67, 64
3, 19584, Note_on_c, 1, 67, 93
3, 19648, Note_off_c, 1, 67, 64
3, 19728, Note_on_c, 1, 59, 93
3, 19760, Note_off_c, 1, 59, 64
3, 19776, Note_on_c, 1, 64, 93
3, 19776, Note_on_c, 1, 67, 93
3, 19904, Note_off_c, 1, 64, 64
3, 19904, Note_off_c, 1, 67, 64
3, 19920, Note_on_c, 1, 62, 93
3, 19952, Note_off_c, 1, 62, 64
3, 19968, Note_on_c, 1, 71, 93
3, 20000, Note_off_c, 1, 71, 64
3, 20016, Note_on_c, 1, 74, 93
3, 20048, Note_off_c, 1, 74, 64
3, 20064, Note_on_c, 1, 76, 93
3, 20064, Note_on_c, 1, 71, 93
3, 20128, Note_off_c, 1, 76, 64
3, 20128, Note_off_c, 1, 71, 64
3, 20160, Note_on_c, 1, 74, 93
3, 20160, Note_on_c, 1, 62, 93
3, 20224, Note_off_c, 1, 74, 64
3, 20224, Note_off_c, 1, 62, 64
3, 20256, Note_on_c, 1, 70, 93
3, 20256, Note_on_c, 1, 62, 93
3, 20288, Note_off_c, 1, 70, 64
3, 20288, Note_off_c, 1, 62, 64
3, 20304, Note_on_c, 1, 69, 93
3, 20336, Note_off_c, 1, 69, 64
3, 20352, Note_on_c, 1, 69, 93
3, 20352, Note_on_c, 1, 59, 93
3, 20384, Note_off_c, 1, 69, 64
3, 20384, Note_off_c, 1, 59, 64
3, 20400, Note_on_c, 1, 67, 93
3, 20432, Note_off_c, 1, 67, 64
3, 20448, Note_on_c, 1, 66, 93
3, 20448, Note_on_c, 1, 62, 93
3, 20448, Note_on_c, 1, 69, 93
3, 20512, Note_off_c, 1, 66, 64
3, 20512, Note_off_c, 1, 62, 64
3, 20512, Note_off_c, 1, 69, 64
3, 20544, Note_on_c, 1, 67, 93
3, 20576, Note_off_c, 1, 67, 64
3, 20592, Note_on_c, 1, 69, 93
3, 20592, Note_on_c, 1, 66, 93
3, 20592, Note_on_c, 1, 62, 93
3, 20656, Note_off_c, 1, 69, 64
3, 20656, Note_off_c, 1, 66, 64
3, 20656, Note_off_c, 1, 62, 64
3, 20688, Note_on_c, 1, 67, 93
3, 20720, Note_off_c, 1, 67, 64
3, 20736, Note_on_c, 1, 59, 93
3, 20736, Note_on_c, 1, 67, 93
3, 21024, Note_off_c, 1, 59, 64
3, 21024, Note_off_c, 1, 67, 64
3, 21120, Note_on_c, 1, 70, 93
3, 21120, Note_on_c, 1, 58, 93
3, 21184, Note_off_c, 1, 70, 64
3, 21184, Note_off_c, 1, 58, 64
3, 21216, Note_on_c, 1, 69, 93
3, 21248, Note_off_c, 1, 69, 64
3, 21264, Note_on_c, 1, 67, 93
3, 21264, Note_on_c, 1, 65, 93
3, 21264, Note_on_c, 1, 59, 93
3, 21360, Note_off_c, 1, 67, 64
3, 21360, Note_off_c, 1, 65, 64
3, 21360, Note_off_c, 1, 59, 64
3, 21456, Note_on_c, 1, 62, 93
3, 21488, Note_off_c, 1, 62, 64
3, 21504, Note_on_c, 1, 71, 93
3, 21536, Note_off_c, 1, 71, 64
3, 21552, Note_on_c, 1, 74, 93
3, 21584, Note_off_c, 1, 74, 64
3, 21600, Note_on_c, 1, 76, 93
3, 21600, Note_on_c, 1, 70, 93
3, 21600, Note_on_c, 1, 64, 93
3, 21664, Note_off_c, 1, 76, 64
3, 21664, Note_off_c, 1, 70, 64
3, 21664, Note_off_c, 1, 64, 64
3, 21696, Note_on_c, 1, 74, 93
3, 21760, Note_off_c, 1, 74, 64
3, 21792, Note_on_c, 1, 70, 93
3, 21792, Note_on_c, 1, 64, 93
3, 21824, Note_off_c, 1, 70, 64
3, 21824, Note_off_c, 1, 64, 64
3, 21840, Note_on_c, 1, 69, 93
3, 21872, Note_off_c, 1, 69, 64
3, 21888, Note_on_c, 1, 69, 93
3, 21920, Note_off_c, 1, 69, 64
3, 21936, Note_on_c, 1, 67, 93
3, 21968, Note_off_c, 1, 67, 64
3, 21984, Note_on_c, 1, 74, 93
3, 21984, Note_on_c, 1, 66, 93
3, 21984, Note_on_c, 1, 60, 93
3, 22048, Note_off_c, 1, 74, 64
3, 22048, Note_off_c, 1, 66, 64
3, 22048, Note_off_c, 1, 60, 64
3, 22080, Note_on_c, 1, 76, 93
3, 22112, Note_off_c, 1, 76, 64
3, 22128, Note_on_c, 1, 70, 93
3, 22128, Note_on_c, 1, 66, 93
3, 22128, Note_on_c, 1, 60, 93
3, 22192, Note_off_c, 1, 70, 64
3, 22192, Note_off_c, 1, 66, 64
3, 22192, Note_off_c, 1, 60, 64
3, 22224, Note_on_c, 1, 70, 93
3, 22224, Note_on_c, 1, 66, 93
3, 22224, Note_on_c, 1, 60, 93
3, 22320, Note_off_c, 1, 70, 64
3, 22320, Note_off_c, 1, 66, 64
3, 22320, Note_off_c, 1, 60, 64
3, 22368, Note_on_c, 1, 69, 93
3, 22368, Note_on_c, 1, 59, 93
3, 22400, Note_off_c, 1, 69, 64
3, 22400, Note_off_c, 1, 59, 64
3, 22416, Note_on_c, 1, 67, 93
3, 22448, Note_off_c, 1, 67, 64
3, 22464, Note_on_c, 1, 71, 93
3, 22464, Note_on_c, 1, 62, 93
3, 22496, Note_off_c, 1, 71, 64
3, 22496, Note_off_c, 1, 62, 64
3, 22512, Note_on_c, 1, 69, 93
3, 22544, Note_off_c, 1, 69, 64
3, 22560, Note_on_c, 1, 71, 93
3, 22560, Note_on_c, 1, 62, 93
3, 22592, Note_off_c, 1, 71, 64
3, 22592, Note_off_c, 1, 62, 64
3, 22608, Note_on_c, 1, 69, 93
3, 22640, Note_off_c, 1, 69, 64
3, 22656, Note_on_c, 1, 67, 93
3, 22656, Note_on_c, 1, 59, 93
3, 22688, Note_off_c, 1, 67, 64
3, 22688, Note_off_c, 1, 59, 64
3, 22704, Note_on_c, 1, 64, 93
3, 22736, Note_off_c, 1, 64, 64
3, 22752, Note_on_c, 1, 59, 93
3, 22752, Note_on_c, 1, 62, 93
3, 22816, Note_off_c, 1, 59, 64
3, 22816, Note_off_c, 1, 62, 64
3, 22848, Note_on_c, 1, 64, 93
3, 22880, Note_off_c, 1, 64, 64
3, 22896, Note_on_c, 1, 67, 93
3, 22896, Note_on_c, 1, 59, 93
3, 22896, Note_on_c, 1, 62, 93
3, 23104, Note_off_c, 1, 67, 64
3, 23104, Note_off_c, 1, 59, 64
3, 23104, Note_off_c, 1, 62, 64
3, 23232, Note_on_c, 1, 71, 93
3, 23232, Note_on_c, 1, 62, 93
3, 23264, Note_off_c, 1, 71, 64
3, 23264, Note_off_c, 1, 62, 64
3, 23280, Note_on_c, 1, 69, 93
3, 23312, Note_off_c, 1, 69, 64
3, 23328, Note_on_c, 1, 71, 93
3, 23328, Note_on_c, 1, 62, 93
3, 23360, Note_off_c, 1, 71, 64
3, 23360, Note_off_c, 1, 62, 64
3, 23376, Note_on_c, 1, 69, 93
3, 23408, Note_off_c, 1, 69, 64
3, 23424, Note_on_c, 1, 67, 93
3, 23424, Note_on_c, 1, 59, 93
3, 23456, Note_off_c, 1, 67, 64
3, 23456, Note_off_c, 1, 59, 64
3, 23472, Note_on_c, 1, 64, 93
3, 23504, Note_off_c, 1, 64, 64
3, 23520, Note_on_c, 1, 62, 93
3, 23520, Note_on_c, 1, 59, 93
3, 23520, Note_on_c, 1, 53, 93
3, 23584, Note_off_c, 1, 62, 64
3, 23584, Note_off_c, 1, 59, 64
3, 23584, Note_off_c, 1, 53, 64
3, 23616, Note_on_c, 1, 64, 93
3, 23648, Note_off_c, 1, 64, 64
3, 23664, Note_on_c, 1, 67, 93
3, 23664, Note_on_c, 1, 65, 93
3, 23664, Note_on_c, 1, 59, 93
3, 23760, Note_off_c, 1, 65, 64
3, 23760, Note_off_c, 1, 59, 64
3, 23776, Note_off_c, 1, 67, 64
3, 23808, Note_on_c, 1, 70, 93
3, 23808, Note_on_c, 1, 58, 93
3, 23872, Note_off_c, 1, 70, 64
3, 23872, Note_off_c, 1, 58, 64
3, 23904, Note_on_c, 1, 69, 93
3, 23904, Note_on_c, 1, 64, 93
3, 23904, Note_on_c, 1, 58, 93
3, 23936, Note_off_c, 1, 69, 64
3, 23936, Note_off_c, 1, 64, 64
3, 23936, Note_off_c, 1, 58, 64
3, 23952, Note_on_c, 1, 67, 93
3, 23952, Note_on_c, 1, 58, 93
3, 23952, Note_on_c, 1, 64, 93
3, 24224, Note_off_c, 1, 67, 64
3, 24224, Note_off_c, 1, 58, 64
3, 24224, Note_off_c, 1, 64, 64
3, 24336, Note_on_c, 1, 58, 93
3, 24340, Note_on_c, 1, 62, 93
3, 24344, Note_on_c, 1, 64, 93
3, 24348, Note_on_c, 1, 67, 93
3, 24544, Note_off_c, 1, 58, 64
3, 24544, Note_off_c, 1, 62, 64
3, 24544, Note_off_c, 1, 64, 64
3, 24544, Note_off_c, 1, 67, 64
3, 24576, Note_on_c, 1, 64, 93
3, 24608, Note_off_c, 1, 64, 64
3, 24624, Note_on_c, 1, 62, 93
3, 24656, Note_off_c, 1, 62, 64
3, 24672, Note_on_c, 1, 64, 93
3, 24704, Note_off_c, 1, 64, 64
3, 24720, Note_on_c, 1, 59, 93
3, 24720, Note_on_c, 1, 67, 93
3, 24720, Note_on_c, 1, 62, 93
3, 24992, Note_off_c, 1, 59, 64
3, 24992, Note_off_c, 1, 67, 64
3, 24992, Note_off_c, 1, 62, 64
3, 25104, Note_on_c, 1, 59, 93
3, 25152, Note_on_c, 1, 62, 93
3, 25152, Note_on_c, 1, 67, 93
3, 25344, Note_off_c, 1, 62, 64
3, 25344, Note_off_c, 1, 67, 64
3, 25376, Note_off_c, 1, 59, 64
3, 25536, Note_on_c, 1, 71, 93
3, 25536, Note_on_c, 1, 62, 93
3, 25568, Note_off_c, 1, 71, 64
3, 25568, Note_off_c, 1, 62, 64
3, 25584, Note_on_c, 1, 69, 93
3, 25616, Note_off_c, 1, 69, 64
3, 25632, Note_on_c, 1, 71, 93
3, 25632, Note_on_c, 1, 62, 93
3, 25664, Note_off_c, 1, 71, 64
3, 25664, Note_off_c, 1, 62, 64
3, 25680, Note_on_c, 1, 69, 93
3, 25712, Note_off_c, 1, 69, 64
3, 25728, Note_on_c, 1, 67, 93
3, 25728, Note_on_c, 1, 59, 93
3, 25760, Note_off_c, 1, 67, 64
3, 25760, Note_off_c, 1, 59, 64
3, 25776, Note_on_c, 1, 64, 93
3, 25808, Note_off_c, 1, 64, 64
3, 25824, Note_on_c, 1, 59, 93
3, 25824, Note_on_c, 1, 62, 93
3, 25888, Note_off_c, 1, 59, 64
3, 25888, Note_off_c, 1, 62, 64
3, 25920, Note_on_c, 1, 64, 93
3, 25952, Note_off_c, 1, 64, 64
3, 25968, Note_on_c, 1, 67, 93
3, 25968, Note_on_c, 1, 59, 93
3, 25968, Note_on_c, 1, 62, 93
3, 26176, Note_off_c, 1, 67, 64
3, 26176, Note_off_c, 1, 59, 64
3, 26176, Note_off_c, 1, 62, 64
3, 26304, Note_on_c, 1, 76, 93
3, 26304, Note_on_c, 1, 71, 93
3, 26336, Note_off_c, 1, 76, 64
3, 26336, Note_off_c, 1, 71, 64
3, 26352, Note_on_c, 1, 74, 93
3, 26384, Note_off_c, 1, 74, 64
3, 26400, Note_on_c, 1, 70, 93
3, 26400, Note_on_c, 1, 62, 93
3, 26432, Note_off_c, 1, 70, 64
3, 26432, Note_off_c, 1, 62, 64
3, 26448, Note_on_c, 1, 69, 93
3, 26480, Note_off_c, 1, 69, 64
3, 26496, Note_on_c, 1, 67, 93
3, 26496, Note_on_c, 1, 59, 93
3, 26528, Note_off_c, 1, 67, 64
3, 26528, Note_off_c, 1, 59, 64
3, 26544, Note_on_c, 1, 64, 93
3, 26576, Note_off_c, 1, 64, 64
3, 26592, Note_on_c, 1, 62, 93
3, 26592, Note_on_c, 1, 59, 93
3, 26592, Note_on_c, 1, 53, 93
3, 26656, Note_off_c, 1, 62, 64
3, 26656, Note_off_c, 1, 59, 64
3, 26656, Note_off_c, 1, 53, 64
3, 26688, Note_on_c, 1, 64, 93
3, 26720, Note_off_c, 1, 64, 64
3, 26736, Note_on_c, 1, 67, 93
3, 26736, Note_on_c, 1, 65, 93
3, 26736, Note_on_c, 1, 59, 93
3, 26832, Note_off_c, 1, 65, 64
3, 26832, Note_off_c, 1, 59, 64
3, 26848, Note_off_c, 1, 67, 64
3, 26880, Note_on_c, 1, 70, 93
3, 26880, Note_on_c, 1, 58, 93
3, 26944, Note_off_c, 1, 70, 64
3, 26944, Note_off_c, 1, 58, 64
3, 26976, Note_on_c, 1, 69, 93
3, 26976, Note_on_c, 1, 64, 93
3, 26976, Note_on_c, 1, 58, 93
3, 27008, Note_off_c, 1, 69, 64
3, 27008, Note_off_c, 1, 64, 64
3, 27008, Note_off_c, 1, 58, 64
3, 27024, Note_on_c, 1, 67, 93
3, 27024, Note_on_c, 1, 58, 93
3, 27024, Note_on_c, 1, 64, 93
3, 27296, Note_off_c, 1, 67, 64
3, 27296, Note_off_c, 1, 58, 64
3, 27296, Note_off_c, 1, 64, 64
3, 27408, Note_on_c, 1, 58, 93
3, 27412, Note_on_c, 1, 62, 93
3, 27416, Note_on_c, 1, 64, 93
3, 27420, Note_on_c, 1, 67, 93
3, 27616, Note_off_c, 1, 58, 64
3, 27616, Note_off_c, 1, 62, 64
3, 27616, Note_off_c, 1, 64, 64
3, 27616, Note_off_c, 1, 67, 64
3, 27648, Note_on_c, 1, 64, 93
3, 27680, Note_off_c, 1, 64, 64
3, 27696, Note_on_c, 1, 62, 93
3, 27728, Note_off_c, 1, 62, 64
3, 27744, Note_on_c, 1, 64, 93
3, 27776, Note_off_c, 1, 64, 64
3, 27792, Note_on_c, 1, 59, 93
3, 27792, Note_on_c, 1, 67, 93
3, 27792, Note_on_c, 1, 62, 93
3, 28064, Note_off_c, 1, 59, 64
3, 28064, Note_off_c, 1, 67, 64
3, 28064, Note_off_c, 1, 62, 64
3, 28176, Note_on_c, 1, 59, 93
3, 28224, Note_on_c, 1, 62, 93
3, 28224, Note_on_c, 1, 67, 93
3, 28368, Note_on_c, 1, 70, 93
3, 28400, Note_off_c, 1, 70, 64
3, 28416, Note_off_c, 1, 62, 64
3, 28416, Note_off_c, 1, 67, 64
3, 28416, Note_on_c, 1, 70, 93
3, 28448, Note_off_c, 1, 59, 64
3, 28448, Note_off_c, 1, 70, 64
3, 28464, Note_on_c, 1, 70, 93
3, 28496, Note_off_c, 1, 70, 64
3, 28512, Note_on_c, 1, 64, 93
3, 28512, Note_on_c, 1, 70, 93
3, 28544, Note_off_c, 1, 64, 64
3, 28544, Note_off_c, 1, 70, 64
3, 28560, Note_on_c, 1, 67, 93
3, 28592, Note_off_c, 1, 67, 64
3, 28608, Note_on_c, 1, 67, 93
3, 28640, Note_off_c, 1, 67, 64
3, 28656, Note_on_c, 1, 64, 93
3, 28688, Note_off_c, 1, 64, 64
3, 28704, Note_on_c, 1, 67, 93
3, 28704, Note_on_c, 1, 58, 93
3, 28736, Note_off_c, 1, 67, 64
3, 28736, Note_off_c, 1, 58, 64
3, 28752, Note_on_c, 1, 64, 93
3, 28784, Note_off_c, 1, 64, 64
3, 28800, Note_on_c, 1, 62, 93
3, 28832, Note_off_c, 1, 62, 64
3, 28848, Note_on_c, 1, 67, 93
3, 28848, Note_on_c, 1, 59, 93
3, 29024, Note_off_c, 1, 67, 64
3, 29024, Note_off_c, 1, 59, 64
3, 29136, Note_on_c, 1, 74, 93
3, 29168, Note_off_c, 1, 74, 64
3, 29184, Note_on_c, 1, 74, 93
3, 29216, Note_off_c, 1, 74, 64
3, 29232, Note_on_c, 1, 76, 93
3, 29232, Note_on_c, 1, 63, 93
3, 29312, Note_off_c, 1, 76, 64
3, 29312, Note_off_c, 1, 63, 64
3, 29328, Note_on_c, 1, 74, 93
3, 29360, Note_off_c, 1, 74, 64
3, 29376, Note_on_c, 1, 70, 93
3, 29408, Note_off_c, 1, 70, 64
3, 29424, Note_on_c, 1, 69, 93
3, 29456, Note_off_c, 1, 69, 64
3, 29472, Note_on_c, 1, 69, 93
3, 29472, Note_on_c, 1, 63, 93
3, 29504, Note_off_c, 1, 69, 64
3, 29504, Note_off_c, 1, 63, 64
3, 29520, Note_on_c, 1, 67, 93
3, 29552, Note_off_c, 1, 67, 64
3, 29568, Note_on_c, 1, 67, 93
3, 29632, Note_off_c, 1, 67, 64
3, 29712, Note_on_c, 1, 59, 93
3, 29744, Note_off_c, 1, 59, 64
3, 29760, Note_on_c, 1, 64, 93
3, 29760, Note_on_c, 1, 67, 93
3, 29888, Note_off_c, 1, 64, 64
3, 29888, Note_off_c, 1, 67, 64
3, 29904, Note_on_c, 1, 62, 93
3, 29936, Note_off_c, 1, 62, 64
3, 29952, Note_on_c, 1, 71, 93
3, 29984, Note_off_c, 1, 71, 64
3, 30000, Note_on_c, 1, 74, 93
3, 30032, Note_off_c, 1, 74, 64
3, 30048, Note_on_c, 1, 76, 93
3, 30048, Note_on_c, 1, 71, 93
3, 30112, Note_off_c, 1, 76, 64
3, 30112, Note_off_c, 1, 71, 64
3, 30144, Note_on_c, 1, 74, 93
3, 30144, Note_on_c, 1, 62, 93
3, 30208, Note_off_c, 1, 74, 64
3, 30208, Note_off_c, 1, 62, 64
3, 30240, Note_on_c, 1, 70, 93
3, 30240, Note_on_c, 1, 62, 93
3, 30272, Note_off_c, 1, 70, 64
3, 30272, Note_off_c, 1, 62, 64
3, 30288, Note_on_c, 1, 69, 93
3, 30320, Note_off_c, 1, 69, 64
3, 30336, Note_on_c, 1, 69, 93
3, 30336, Note_on_c, 1, 59, 93
3, 30368, Note_off_c, 1, 69, 64
3, 30368, Note_off_c, 1, 59, 64
3, 30384, Note_on_c, 1, 67, 93
3, 30416, Note_off_c, 1, 67, 64
3, 30432, Note_on_c, 1, 69, 93
3, 30432, Note_on_c, 1, 62, 93
3, 30432, Note_on_c, 1, 66, 93
3, 30496, Note_off_c, 1, 69, 64
3, 30496, Note_off_c, 1, 62, 64
3, 30496, Note_off_c, 1, 66, 64
3, 30528, Note_on_c, 1, 67, 93
3, 30560, Note_off_c, 1, 67, 64
3, 30576, Note_on_c, 1, 69, 93
3, 30576, Note_on_c, 1, 66, 93
3, 30576, Note_on_c, 1, 62, 93
3, 30640, Note_off_c, 1, 69, 64
3, 30640, Note_off_c, 1, 66, 64
3, 30640, Note_off_c, 1, 62, 64
3, 30672, Note_on_c, 1, 67, 93
3, 30736, Note_off_c, 1, 67, 64
3, 30768, Note_on_c, 1, 71, 93
3, 30768, Note_on_c, 1, 59, 93
3, 31008, Note_off_c, 1, 71, 64
3, 31008, Note_off_c, 1, 59, 64
3, 31104, Note_on_c, 1, 70, 93
3, 31104, Note_on_c, 1, 58, 93
3, 31168, Note_off_c, 1, 70, 64
3, 31168, Note_off_c, 1, 58, 64
3, 31200, Note_on_c, 1, 69, 93
3, 31232, Note_off_c, 1, 69, 64
3, 31248, Note_on_c, 1, 67, 93
3, 31248, Note_on_c, 1, 65, 93
3, 31248, Note_on_c, 1, 59, 93
3, 31344, Note_off_c, 1, 67, 64
3, 31344, Note_off_c, 1, 65, 64
3, 31344, Note_off_c, 1, 59, 64
3, 31440, Note_on_c, 1, 62, 93
3, 31472, Note_off_c, 1, 62, 64
3, 31488, Note_on_c, 1, 71, 93
3, 31520, Note_off_c, 1, 71, 64
3, 31536, Note_on_c, 1, 74, 93
3, 31568, Note_off_c, 1, 74, 64
3, 31584, Note_on_c, 1, 64, 93
3, 31584, Note_on_c, 1, 70, 93
3, 31584, Note_on_c, 1, 76, 93
3, 31648, Note_off_c, 1, 64, 64
3, 31648, Note_off_c, 1, 70, 64
3, 31648, Note_off_c, 1, 76, 64
3, 31680, Note_on_c, 1, 74, 93
3, 31744, Note_off_c, 1, 74, 64
3, 31776, Note_on_c, 1, 64, 93
3, 31776, Note_on_c, 1, 70, 93
3, 31808, Note_off_c, 1, 64, 64
3, 31808, Note_off_c, 1, 70, 64
3, 31824, Note_on_c, 1, 69, 93
3, 31856, Note_off_c, 1, 69, 64
3, 31872, Note_on_c, 1, 69, 93
3, 31904, Note_off_c, 1, 69, 64
3, 31920, Note_on_c, 1, 67, 93
3, 31952, Note_off_c, 1, 67, 64
3, 31968, Note_on_c, 1, 66, 93
3, 31968, Note_on_c, 1, 60, 93
3, 31968, Note_on_c, 1, 74, 93
3, 32032, Note_off_c, 1, 66, 64
3, 32032, Note_off_c, 1, 60, 64
3, 32032, Note_off_c, 1, 74, 64
3, 32064, Note_on_c, 1, 66, 93
3, 32064, Note_on_c, 1, 60, 93
3, 32064, Note_on_c, 1, 76, 93
3, 32096, Note_off_c, 1, 76, 64
3, 32112, Note_on_c, 1, 70, 93
3, 32128, Note_off_c, 1, 66, 64
3, 32128, Note_off_c, 1, 60, 64
3, 32176, Note_off_c, 1, 70, 64
3, 32208, Note_on_c, 1, 66, 93
3, 32208, Note_on_c, 1, 60, 93
3, 32208, Note_on_c, 1, 70, 93
3, 32304, Note_off_c, 1, 66, 64
3, 32304, Note_off_c, 1, 60, 64
3, 32304, Note_off_c, 1, 70, 64
3, 32352, Note_on_c, 1, 69, 93
3, 32352, Note_on_c, 1, 59, 93
3, 32384, Note_off_c, 1, 69, 64
3, 32384, Note_off_c, 1, 59, 64
3, 32400, Note_on_c, 1, 67, 93
3, 32432, Note_off_c, 1, 67, 64
3, 32448, Note_on_c, 1, 71, 93
3, 32448, Note_on_c, 1, 62, 93
3, 32480, Note_off_c, 1, 71, 64
3, 32480, Note_off_c, 1, 62, 64
3, 32496, Note_on_c, 1, 69, 93
3, 32528, Note_off_c, 1, 69, 64
3, 32544, Note_on_c, 1, 71, 93
3, 32544, Note_on_c, 1, 62, 93
3, 32576, Note_off_c, 1, 71, 64
3, 32576, Note_off_c, 1, 62, 64
3, 32592, Note_on_c, 1, 69, 93
3, 32624, Note_off_c, 1, 69, 64
3, 32640, Note_on_c, 1, 67, 93
3, 32640, Note_on_c, 1, 59, 93
3, 32672, Note_off_c, 1, 67, 64
3, 32672, Note_off_c, 1, 59, 64
3, 32688, Note_on_c, 1, 64, 93
3, 32720, Note_off_c, 1, 64, 64
3, 32736, Note_on_c, 1, 59, 93
3, 32736, Note_on_c, 1, 62, 93
3, 32800, Note_off_c, 1, 59, 64
3, 32800, Note_off_c, 1, 62, 64
3, 32832, Note_on_c, 1, 64, 93
3, 32864, Note_off_c, 1, 64, 64
3, 32880, Note_on_c, 1, 67, 93
3, 32880, Note_on_c, 1, 59, 93
3, 32880, Note_on_c, 1, 62, 93
3, 33088, Note_off_c, 1, 67, 64
3, 33088, Note_off_c, 1, 59, 64
3, 33088, Note_off_c, 1, 62, 64
3, 33216, Note_on_c, 1, 71, 93
3, 33216, Note_on_c, 1, 62, 93
3, 33248, Note_off_c, 1, 71, 64
3, 33248, Note_off_c, 1, 62, 64
3, 33264, Note_on_c, 1, 69, 93
3, 33296, Note_off_c, 1, 69, 64
3, 33312, Note_on_c, 1, 71, 93
3, 33312, Note_on_c, 1, 62, 93
3, 33344, Note_off_c, 1, 71, 64
3, 33344, Note_off_c, 1, 62, 64
3, 33360, Note_on_c, 1, 69, 93
3, 33392, Note_off_c, 1, 69, 64
3, 33408, Note_on_c, 1, 67, 93
3, 33408, Note_on_c, 1, 59, 93
3, 33440, Note_off_c, 1, 67, 64
3, 33440, Note_off_c, 1, 59, 64
3, 33456, Note_on_c, 1, 64, 93
3, 33488, Note_off_c, 1, 64, 64
3, 33504, Note_on_c, 1, 62, 93
3, 33504, Note_on_c, 1, 59, 93
3, 33504, Note_on_c, 1, 53, 93
3, 33568, Note_off_c, 1, 62, 64
3, 33568, Note_off_c, 1, 59, 64
3, 33568, Note_off_c, 1, 53, 64
3, 33600, Note_on_c, 1, 64, 93
3, 33632, Note_off_c, 1, 64, 64
3, 33648, Note_on_c, 1, 67, 93
3, 33648, Note_on_c, 1, 65, 93
3, 33648, Note_on_c, 1, 59, 93
3, 33744, Note_off_c, 1, 65, 64
3, 33744, Note_off_c, 1, 59, 64
3, 33760, Note_off_c, 1, 67, 64
3, 33792, Note_on_c, 1, 70, 93
3, 33792, Note_on_c, 1, 58, 93
3, 33856, Note_off_c, 1, 70, 64
3, 33856, Note_off_c, 1, 58, 64
3, 33888, Note_on_c, 1, 69, 93
3, 33888, Note_on_c, 1, 64, 93
3, 33888, Note_on_c, 1, 58, 93
3, 33920, Note_off_c, 1, 69, 64
3, 33920, Note_off_c, 1, 64, 64
3, 33920, Note_off_c, 1, 58, 64
3, 33936, Note_on_c, 1, 67, 93
3, 33936, Note_on_c, 1, 58, 93
3, 33936, Note_on_c, 1, 64, 93
3, 34208, Note_off_c, 1, 67, 64
3, 34208, Note_off_c, 1, 58, 64
3, 34208, Note_off_c, 1, 64, 64
3, 34320, Note_on_c, 1, 58, 93
3, 34324, Note_on_c, 1, 62, 93
3, 34328, Note_on_c, 1, 64, 93
3, 34332, Note_on_c, 1, 67, 93
3, 34528, Note_off_c, 1, 58, 64
3, 34528, Note_off_c, 1, 62, 64
3, 34528, Note_off_c, 1, 64, 64
3, 34528, Note_off_c, 1, 67, 64
3, 34560, Note_on_c, 1, 64, 93
3, 34592, Note_off_c, 1, 64, 64
3, 34608, Note_on_c, 1, 62, 93
3, 34640, Note_off_c, 1, 62, 64
3, 34656, Note_on_c, 1, 64, 93
3, 34688, Note_off_c, 1, 64, 64
3, 34704, Note_on_c, 1, 59, 93
3, 34704, Note_on_c, 1, 67, 93
3, 34704, Note_on_c, 1, 62, 93
3, 34976, Note_off_c, 1, 59, 64
3, 34976, Note_off_c, 1, 67, 64
3, 34976, Note_off_c, 1, 62, 64
3, 35088, Note_on_c, 1, 59, 93
3, 35136, Note_on_c, 1, 62, 93
3, 35136, Note_on_c, 1, 67, 93
3, 35328, Note_off_c, 1, 62, 64
3, 35328, Note_off_c, 1, 67, 64
3, 35360, Note_off_c, 1, 59, 64
3, 35520, Note_on_c, 1, 71, 93
3, 35520, Note_on_c, 1, 62, 93
3, 35552, Note_off_c, 1, 71, 64
3, 35552, Note_off_c, 1, 62, 64
3, 35568, Note_on_c, 1, 69, 93
3, 35600, Note_off_c, 1, 69, 64
3, 35616, Note_on_c, 1, 71, 93
3, 35616, Note_on_c, 1, 62, 93
3, 35648, Note_off_c, 1, 71, 64
3, 35648, Note_off_c, 1, 62, 64
3, 35664, Note_on_c, 1, 69, 93
3, 35696, Note_off_c, 1, 69, 64
3, 35712, Note_on_c, 1, 67, 93
3, 35712, Note_on_c, 1, 59, 93
3, 35744, Note_off_c, 1, 67, 64
3, 35744, Note_off_c, 1, 59, 64
3, 35760, Note_on_c, 1, 64, 93
3, 35792, Note_off_c, 1, 64, 64
3, 35808, Note_on_c, 1, 59, 93
3, 35808, Note_on_c, 1, 62, 93
3, 35872, Note_off_c, 1, 59, 64
3, 35872, Note_off_c, 1, 62, 64
3, 35904, Note_on_c, 1, 64, 93
3, 35936, Note_off_c, 1, 64, 64
3, 35952, Note_on_c, 1, 67, 93
3, 35952, Note_on_c, 1, 59, 93
3, 35952, Note_on_c, 1, 62, 93
3, 36160, Note_off_c, 1, 67, 64
3, 36160, Note_off_c, 1, 59, 64
3, 36160, Note_off_c, 1, 62, 64
3, 36288, Note_on_c, 1, 76, 93
3, 36288, Note_on_c, 1, 71, 93
3, 36320, Note_off_c, 1, 76, 64
3, 36320, Note_off_c, 1, 71, 64
3, 36336, Note_on_c, 1, 74, 93
3, 36368, Note_off_c, 1, 74, 64
3, 36384, Note_on_c, 1, 70, 93
3, 36384, Note_on_c, 1, 62, 93
3, 36416, Note_off_c, 1, 70, 64
3, 36416, Note_off_c, 1, 62, 64
3, 36432, Note_on_c, 1, 69, 93
3, 36464, Note_off_c, 1, 69, 64
3, 36480, Note_on_c, 1, 67, 93
3, 36480, Note_on_c, 1, 59, 93
3, 36512, Note_off_c, 1, 67, 64
3, 36512, Note_off_c, 1, 59, 64
3, 36528, Note_on_c, 1, 64, 93
3, 36560, Note_off_c, 1, 64, 64
3, 36576, Note_on_c, 1, 62, 93
3, 36576, Note_on_c, 1, 59, 93
3, 36576, Note_on_c, 1, 53, 93
3, 36640, Note_off_c, 1, 62, 64
3, 36640, Note_off_c, 1, 59, 64
3, 36640, Note_off_c, 1, 53, 64
3, 36672, Note_on_c, 1, 64, 93
3, 36704, Note_off_c, 1, 64, 64
3, 36720, Note_on_c, 1, 67, 93
3, 36720, Note_on_c, 1, 65, 93
3, 36720, Note_on_c, 1, 59, 93
3, 36816, Note_off_c, 1, 65, 64
3, 36816, Note_off_c, 1, 59, 64
3, 36832, Note_off_c, 1, 67, 64
3, 36864, Note_on_c, 1, 70, 93
3, 36864, Note_on_c, 1, 58, 93
3, 36928, Note_off_c, 1, 70, 64
3, 36928, Note_off_c, 1, 58, 64
3, 36960, Note_on_c, 1, 69, 93
3, 36960, Note_on_c, 1, 64, 93
3, 36960, Note_on_c, 1, 58, 93
3, 36992, Note_off_c, 1, 69, 64
3, 36992, Note_off_c, 1, 64, 64
3, 36992, Note_off_c, 1, 58, 64
3, 37008, Note_on_c, 1, 67, 93
3, 37008, Note_on_c, 1, 58, 93
3, 37008, Note_on_c, 1, 64, 93
3, 37280, Note_off_c, 1, 67, 64
3, 37280, Note_off_c, 1, 58, 64
3, 37280, Note_off_c, 1, 64, 64
3, 37392, Note_on_c, 1, 58, 93
3, 37396, Note_on_c, 1, 62, 93
3, 37400, Note_on_c, 1, 64, 93
3, 37404, Note_on_c, 1, 67, 93
3, 37600, Note_off_c, 1, 58, 64
3, 37600, Note_off_c, 1, 62, 64
3, 37600, Note_off_c, 1, 64, 64
3, 37600, Note_off_c, 1, 67, 64
3, 37632, Note_on_c, 1, 64, 93
3, 37664, Note_off_c, 1, 64, 64
3, 37680, Note_on_c, 1, 62, 93
3, 37712, Note_off_c, 1, 62, 64
3, 37728, Note_on_c, 1, 64, 93
3, 37760, Note_off_c, 1, 64, 64
3, 37776, Note_on_c, 1, 59, 93
3, 37776, Note_on_c, 1, 67, 93
3, 37776, Note_on_c, 1, 62, 93
3, 38048, Note_off_c, 1, 59, 64
3, 38048, Note_off_c, 1, 67, 64
3, 38048, Note_off_c, 1, 62, 64
3, 38160, Note_on_c, 1, 67, 93
3, 38160, Note_on_c, 1, 62, 93
3, 38160, Note_on_c, 1, 59, 93
3, 38336, Note_off_c, 1, 67, 64
3, 38336, Note_off_c, 1, 62, 64
3, 38336, Note_off_c, 1, 59, 64
3, 38352, Note_on_c, 1, 62, 93
3, 38384, Note_off_c, 1, 62, 64
3, 38400, Note_on_c, 1, 64, 93
3, 38416, Note_off_c, 1, 64, 64
3, 38424, Note_on_c, 1, 62, 93
3, 38440, Note_off_c, 1, 62, 64
3, 38448, Note_on_c, 1, 71, 93
3, 38448, Note_on_c, 1, 67, 93
3, 38448, Note_on_c, 1, 62, 93
3, 38624, Note_off_c, 1, 71, 64
3, 38624, Note_off_c, 1, 67, 64
3, 38624, Note_off_c, 1, 62, 64
3, 38736, Note_on_c, 1, 62, 93
3, 38768, Note_off_c, 1, 62, 64
3, 38784, Note_on_c, 1, 64, 93
3, 38800, Note_off_c, 1, 64, 64
3, 38808, Note_on_c, 1, 62, 93
3, 38824, Note_off_c, 1, 62, 64
3, 38832, Note_on_c, 1, 72, 93
3, 38832, Note_on_c, 1, 66, 93
3, 38832, Note_on_c, 1, 60, 93
3, 39008, Note_off_c, 1, 72, 64
3, 39008, Note_off_c, 1, 66, 64
3, 39008, Note_off_c, 1, 60, 64
3, 39120, Note_on_c, 1, 62, 93
3, 39152, Note_off_c, 1, 62, 64
3, 39168, Note_on_c, 1, 64, 93
3, 39184, Note_off_c, 1, 64, 64
3, 39192, Note_on_c, 1, 62, 93
3, 39208, Note_off_c, 1, 62, 64
3, 39216, Note_on_c, 1, 74, 93
3, 39216, Note_on_c, 1, 67, 93
3, 39296, Note_off_c, 1, 74, 64
3, 39296, Note_off_c, 1, 67, 64
3, 39312, Note_on_c, 1, 72, 93
3, 39312, Note_on_c, 1, 65, 93
3, 39408, Note_off_c, 1, 72, 64
3, 39408, Note_off_c, 1, 65, 64
3, 39456, Note_on_c, 1, 70, 93
3, 39456, Note_on_c, 1, 62, 93
3, 39520, Note_off_c, 1, 70, 64
3, 39520, Note_off_c, 1, 62, 64
3, 39552, Note_on_c, 1, 70, 93
3, 39584, Note_off_c, 1, 70, 64
3, 39600, Note_on_c, 1, 69, 93
3, 39600, Note_on_c, 1, 64, 93
3, 39600, Note_on_c, 1, 58, 93
3, 39680, Note_off_c, 1, 69, 64
3, 39680, Note_off_c, 1, 64, 64
3, 39680, Note_off_c, 1, 58, 64
3, 39696, Note_on_c, 1, 67, 93
3, 39696, Note_on_c, 1, 64, 93
3, 39696, Note_on_c, 1, 58, 93
3, 39792, Note_off_c, 1, 67, 64
3, 39792, Note_off_c, 1, 64, 64
3, 39792, Note_off_c, 1, 58, 64
3, 39888, Note_on_c, 1, 62, 93
3, 39920, Note_off_c, 1, 62, 64
3, 39936, Note_on_c, 1, 64, 93
3, 39952, Note_off_c, 1, 64, 64
3, 39960, Note_on_c, 1, 62, 93
3, 39976, Note_off_c, 1, 62, 64
3, 39984, Note_on_c, 1, 74, 93
3, 39984, Note_on_c, 1, 67, 93
3, 40064, Note_off_c, 1, 74, 64
3, 40064, Note_off_c, 1, 67, 64
3, 40080, Note_on_c, 1, 71, 93
3, 40080, Note_on_c, 1, 62, 93
3, 40320, Note_off_c, 1, 71, 64
3, 40320, Note_off_c, 1, 62, 64
3, 40368, Note_on_c, 1, 62, 93
3, 40400, Note_off_c, 1, 62, 64
3, 40416, Note_on_c, 1, 71, 93
3, 40416, Note_on_c, 1, 66, 93
3, 40416, Note_on_c, 1, 60, 93
3, 40448, Note_off_c, 1, 71, 64
3, 40448, Note_off_c, 1, 66, 64
3, 40448, Note_off_c, 1, 60, 64
3, 40464, Note_on_c, 1, 71, 93
3, 40464, Note_on_c, 1, 66, 93
3, 40464, Note_on_c, 1, 60, 93
3, 40560, Note_off_c, 1, 71, 64
3, 40560, Note_off_c, 1, 66, 64
3, 40560, Note_off_c, 1, 60, 64
3, 40608, Note_on_c, 1, 70, 93
3, 40608, Note_on_c, 1, 66, 93
3, 40608, Note_on_c, 1, 60, 93
3, 40672, Note_off_c, 1, 70, 64
3, 40672, Note_off_c, 1, 66, 64
3, 40672, Note_off_c, 1, 60, 64
3, 40704, Note_on_c, 1, 70, 93
3, 40704, Note_on_c, 1, 66, 93
3, 40704, Note_on_c, 1, 60, 93
3, 40768, Note_off_c, 1, 70, 64
3, 40768, Note_off_c, 1, 66, 64
3, 40768, Note_off_c, 1, 60, 64
3, 40800, Note_on_c, 1, 69, 93
3, 40832, Note_off_c, 1, 69, 64
3, 40848, Note_on_c, 1, 67, 93
3, 40880, Note_off_c, 1, 67, 64
3, 40944, Note_on_c, 1, 70, 93
3, 40976, Note_off_c, 1, 70, 64
3, 40992, Note_on_c, 1, 71, 93
3, 41024, Note_off_c, 1, 71, 64
3, 41040, Note_on_c, 1, 69, 93
3, 41072, Note_off_c, 1, 69, 64
3, 41088, Note_on_c, 1, 67, 93
3, 41120, Note_off_c, 1, 67, 64
3, 41136, Note_on_c, 1, 64, 93
3, 41168, Note_off_c, 1, 64, 64
3, 41184, Note_on_c, 1, 62, 93
3, 41248, Note_off_c, 1, 62, 64
3, 41280, Note_on_c, 1, 64, 93
3, 41312, Note_off_c, 1, 64, 64
3, 41328, Note_on_c, 1, 67, 93
3, 41360, Note_off_c, 1, 67, 64
3, 41472, Note_on_c, 1, 58, 93
3, 41472, Note_on_c, 1, 59, 93
3, 41504, Note_off_c, 1, 58, 64
3, 41504, Note_off_c, 1, 59, 64
3, 41504, End_track
4, 0, Start_track
4, 0, Title_t, "(c)1978 Big Pig Music Ltd."
4, 0, Control_c, 2, 0, 0
4, 0, Program_c, 2, 0
4, 0, Time_signature, 1, 2, 96, 8
4, 0, Tempo, 476190
4, 96, Time_signature, 4, 2, 96, 8
4, 96, Note_on_c, 2, 31, 89
4, 160, Note_off_c, 2, 31, 64
4, 288, Note_on_c, 2, 43, 89
4, 352, Note_off_c, 2, 43, 64
4, 480, Note_on_c, 2, 31, 89
4, 544, Note_off_c, 2, 31, 64
4, 672, Note_on_c, 2, 43, 89
4, 736, Note_off_c, 2, 43, 64
4, 864, Note_on_c, 2, 31, 89
4, 992, Note_off_c, 2, 31, 64
4, 1056, Note_on_c, 2, 43, 89
4, 1120, Note_off_c, 2, 43, 64
4, 1248, Note_on_c, 2, 31, 89
4, 1312, Note_off_c, 2, 31, 64
4, 1440, Note_on_c, 2, 43, 89
4, 1504, Note_off_c, 2, 43, 64
4, 1632, Note_on_c, 2, 31, 89
4, 1696, Note_off_c, 2, 31, 64
4, 1824, Note_on_c, 2, 43, 89
4, 1888, Note_off_c, 2, 43, 64
4, 2016, Note_on_c, 2, 31, 89
4, 2080, Note_off_c, 2, 31, 64
4, 2208, Note_on_c, 2, 43, 89
4, 2272, Note_off_c, 2, 43, 64
4, 2400, Note_on_c, 2, 31, 89
4, 2464, Note_off_c, 2, 31, 64
4, 2592, Note_on_c, 2, 43, 89
4, 2656, Note_off_c, 2, 43, 64
4, 2784, Note_on_c, 2, 31, 89
4, 2912, Note_off_c, 2, 31, 64
4, 2976, Note_on_c, 2, 43, 89
4, 3040, Note_off_c, 2, 43, 64
4, 3168, Note_on_c, 2, 36, 89
4, 3232, Note_off_c, 2, 36, 64
4, 3360, Note_on_c, 2, 48, 89
4, 3424, Note_off_c, 2, 48, 64
4, 3552, Note_on_c, 2, 31, 89
4, 3616, Note_off_c, 2, 31, 64
4, 3744, Note_on_c, 2, 43, 89
4, 3808, Note_off_c, 2, 43, 64
4, 3936, Note_on_c, 2, 35, 89
4, 4000, Note_off_c, 2, 35, 64
4, 4128, Note_on_c, 2, 47, 89
4, 4192, Note_off_c, 2, 47, 64
4, 4320, Note_on_c, 2, 40, 89
4, 4352, Note_off_c, 2, 40, 64
4, 4416, Note_on_c, 2, 38, 89
4, 4448, Note_off_c, 2, 38, 64
4, 4512, Note_on_c, 2, 36, 89
4, 4544, Note_off_c, 2, 36, 64
4, 4608, Note_on_c, 2, 35, 89
4, 4640, Note_off_c, 2, 35, 64
4, 4704, Note_on_c, 2, 31, 89
4, 4768, Note_off_c, 2, 31, 64
4, 4896, Note_on_c, 2, 43, 89
4, 4960, Note_off_c, 2, 43, 64
4, 5088, Note_on_c, 2, 38, 89
4, 5152, Note_off_c, 2, 38, 64
4, 5328, Note_on_c, 2, 38, 89
4, 5360, Note_off_c, 2, 38, 64
4, 5376, Note_on_c, 2, 40, 89
4, 5440, Note_off_c, 2, 40, 64
4, 5472, Note_on_c, 2, 31, 89
4, 5600, Note_off_c, 2, 31, 64
4, 5664, Note_on_c, 2, 43, 89
4, 5728, Note_off_c, 2, 43, 64
4, 5856, Note_on_c, 2, 35, 89
4, 5920, Note_off_c, 2, 35, 64
4, 6048, Note_on_c, 2, 43, 89
4, 6112, Note_off_c, 2, 43, 64
4, 6240, Note_on_c, 2, 36, 89
4, 6497, Note_off_c, 2, 36, 64
4, 6624, Note_on_c, 2, 38, 89
4, 6881, Note_off_c, 2, 38, 64
4, 7008, Note_on_c, 2, 31, 89
4, 7040, Note_off_c, 2, 31, 64
4, 7776, Note_on_c, 2, 31, 89
4, 7840, Note_off_c, 2, 31, 64
4, 7968, Note_on_c, 2, 43, 89
4, 8032, Note_off_c, 2, 43, 64
4, 8160, Note_on_c, 2, 31, 89
4, 8224, Note_off_c, 2, 31, 64
4, 8352, Note_on_c, 2, 43, 89
4, 8416, Note_off_c, 2, 43, 64
4, 8544, Note_on_c, 2, 31, 89
4, 8672, Note_off_c, 2, 31, 64
4, 8736, Note_on_c, 2, 43, 89
4, 8800, Note_off_c, 2, 43, 64
4, 8928, Note_on_c, 2, 31, 89
4, 8992, Note_off_c, 2, 31, 64
4, 9120, Note_on_c, 2, 43, 89
4, 9184, Note_off_c, 2, 43, 64
4, 9312, Note_on_c, 2, 31, 89
4, 9376, Note_off_c, 2, 31, 64
4, 9504, Note_on_c, 2, 43, 89
4, 9568, Note_off_c, 2, 43, 64
4, 9696, Note_on_c, 2, 31, 89
4, 9760, Note_off_c, 2, 31, 64
4, 9888, Note_on_c, 2, 43, 89
4, 9952, Note_off_c, 2, 43, 64
4, 10080, Note_on_c, 2, 31, 89
4, 10144, Note_off_c, 2, 31, 64
4, 10272, Note_on_c, 2, 43, 89
4, 10336, Note_off_c, 2, 43, 64
4, 10464, Note_on_c, 2, 31, 89
4, 10592, Note_off_c, 2, 31, 64
4, 10656, Note_on_c, 2, 43, 89
4, 10720, Note_off_c, 2, 43, 64
4, 10848, Note_on_c, 2, 36, 89
4, 10912, Note_off_c, 2, 36, 64
4, 11040, Note_on_c, 2, 48, 89
4, 11104, Note_off_c, 2, 48, 64
4, 11232, Note_on_c, 2, 31, 89
4, 11296, Note_off_c, 2, 31, 64
4, 11424, Note_on_c, 2, 43, 89
4, 11488, Note_off_c, 2, 43, 64
4, 11616, Note_on_c, 2, 35, 89
4, 11680, Note_off_c, 2, 35, 64
4, 11808, Note_on_c, 2, 47, 89
4, 11872, Note_off_c, 2, 47, 64
4, 12000, Note_on_c, 2, 40, 89
4, 12032, Note_off_c, 2, 40, 64
4, 12096, Note_on_c, 2, 38, 89
4, 12128, Note_off_c, 2, 38, 64
4, 12192, Note_on_c, 2, 36, 89
4, 12224, Note_off_c, 2, 36, 64
4, 12288, Note_on_c, 2, 35, 89
4, 12320, Note_off_c, 2, 35, 64
4, 12384, Note_on_c, 2, 31, 89
4, 12448, Note_off_c, 2, 31, 64
4, 12576, Note_on_c, 2, 43, 89
4, 12640, Note_off_c, 2, 43, 64
4, 12768, Note_on_c, 2, 38, 89
4, 12832, Note_off_c, 2, 38, 64
4, 13008, Note_on_c, 2, 38, 89
4, 13040, Note_off_c, 2, 38, 64
4, 13056, Note_on_c, 2, 40, 89
4, 13120, Note_off_c, 2, 40, 64
4, 13152, Note_on_c, 2, 31, 89
4, 13280, Note_off_c, 2, 31, 64
4, 13344, Note_on_c, 2, 43, 89
4, 13408, Note_off_c, 2, 43, 64
4, 13536, Note_on_c, 2, 35, 89
4, 13600, Note_off_c, 2, 35, 64
4, 13728, Note_on_c, 2, 43, 89
4, 13792, Note_off_c, 2, 43, 64
4, 13920, Note_on_c, 2, 36, 89
4, 14177, Note_off_c, 2, 36, 64
4, 14304, Note_on_c, 2, 38, 89
4, 14561, Note_off_c, 2, 38, 64
4, 14688, Note_on_c, 2, 31, 89
4, 14720, Note_off_c, 2, 31, 64
4, 15456, Note_on_c, 2, 31, 89
4, 15520, Note_off_c, 2, 31, 64
4, 15648, Note_on_c, 2, 43, 89
4, 15712, Note_off_c, 2, 43, 64
4, 15840, Note_on_c, 2, 31, 89
4, 15904, Note_off_c, 2, 31, 64
4, 16032, Note_on_c, 2, 43, 89
4, 16096, Note_off_c, 2, 43, 64
4, 16224, Note_on_c, 2, 31, 89
4, 16352, Note_off_c, 2, 31, 64
4, 16416, Note_on_c, 2, 43, 89
4, 16480, Note_off_c, 2, 43, 64
4, 16608, Note_on_c, 2, 31, 89
4, 16672, Note_off_c, 2, 31, 64
4, 16800, Note_on_c, 2, 43, 89
4, 16864, Note_off_c, 2, 43, 64
4, 16992, Note_on_c, 2, 31, 89
4, 17056, Note_off_c, 2, 31, 64
4, 17184, Note_on_c, 2, 43, 89
4, 17248, Note_off_c, 2, 43, 64
4, 17376, Note_on_c, 2, 31, 89
4, 17440, Note_off_c, 2, 31, 64
4, 17568, Note_on_c, 2, 43, 89
4, 17632, Note_off_c, 2, 43, 64
4, 17760, Note_on_c, 2, 31, 89
4, 17824, Note_off_c, 2, 31, 64
4, 17952, Note_on_c, 2, 43, 89
4, 18016, Note_off_c, 2, 43, 64
4, 18144, Note_on_c, 2, 31, 89
4, 18272, Note_off_c, 2, 31, 64
4, 18336, Note_on_c, 2, 43, 89
4, 18400, Note_off_c, 2, 43, 64
4, 18528, Note_on_c, 2, 36, 89
4, 18592, Note_off_c, 2, 36, 64
4, 18720, Note_on_c, 2, 48, 89
4, 18784, Note_off_c, 2, 48, 64
4, 18912, Note_on_c, 2, 31, 89
4, 18976, Note_off_c, 2, 31, 64
4, 19104, Note_on_c, 2, 43, 89
4, 19168, Note_off_c, 2, 43, 64
4, 19296, Note_on_c, 2, 35, 89
4, 19360, Note_off_c, 2, 35, 64
4, 19488, Note_on_c, 2, 47, 89
4, 19552, Note_off_c, 2, 47, 64
4, 19680, Note_on_c, 2, 40, 89
4, 19712, Note_off_c, 2, 40, 64
4, 19776, Note_on_c, 2, 38, 89
4, 19808, Note_off_c, 2, 38, 64
4, 19872, Note_on_c, 2, 36, 89
4, 19904, Note_off_c, 2, 36, 64
4, 19968, Note_on_c, 2, 35, 89
4, 20000, Note_off_c, 2, 35, 64
4, 20064, Note_on_c, 2, 31, 89
4, 20128, Note_off_c, 2, 31, 64
4, 20256, Note_on_c, 2, 43, 89
4, 20320, Note_off_c, 2, 43, 64
4, 20448, Note_on_c, 2, 38, 89
4, 20512, Note_off_c, 2, 38, 64
4, 20688, Note_on_c, 2, 38, 89
4, 20720, Note_off_c, 2, 38, 64
4, 20736, Note_on_c, 2, 40, 89
4, 20800, Note_off_c, 2, 40, 64
4, 20832, Note_on_c, 2, 31, 89
4, 20960, Note_off_c, 2, 31, 64
4, 21024, Note_on_c, 2, 43, 89
4, 21088, Note_off_c, 2, 43, 64
4, 21216, Note_on_c, 2, 35, 89
4, 21280, Note_off_c, 2, 35, 64
4, 21408, Note_on_c, 2, 43, 89
4, 21472, Note_off_c, 2, 43, 64
4, 21600, Note_on_c, 2, 36, 89
4, 21857, Note_off_c, 2, 36, 64
4, 21984, Note_on_c, 2, 38, 89
4, 22048, Note_off_c, 2, 38, 64
4, 22176, Note_on_c, 2, 50, 89
4, 22240, Note_off_c, 2, 50, 64
4, 22368, Note_on_c, 2, 31, 89
4, 22432, Note_off_c, 2, 31, 64
4, 22560, Note_on_c, 2, 43, 89
4, 22624, Note_off_c, 2, 43, 64
4, 22752, Note_on_c, 2, 31, 89
4, 22816, Note_off_c, 2, 31, 64
4, 22944, Note_on_c, 2, 43, 89
4, 23008, Note_off_c, 2, 43, 64
4, 23136, Note_on_c, 2, 31, 89
4, 23200, Note_off_c, 2, 31, 64
4, 23328, Note_on_c, 2, 43, 89
4, 23392, Note_off_c, 2, 43, 64
4, 23520, Note_on_c, 2, 31, 89
4, 23584, Note_off_c, 2, 31, 64
4, 23712, Note_on_c, 2, 43, 89
4, 23776, Note_off_c, 2, 43, 64
4, 23904, Note_on_c, 2, 36, 89
4, 23968, Note_off_c, 2, 36, 64
4, 24096, Note_on_c, 2, 48, 89
4, 24160, Note_off_c, 2, 48, 64
4, 24288, Note_on_c, 2, 36, 89
4, 24352, Note_off_c, 2, 36, 64
4, 24480, Note_on_c, 2, 48, 89
4, 24544, Note_off_c, 2, 48, 64
4, 24672, Note_on_c, 2, 31, 89
4, 24736, Note_off_c, 2, 31, 64
4, 24864, Note_on_c, 2, 43, 89
4, 24928, Note_off_c, 2, 43, 64
4, 25056, Note_on_c, 2, 31, 89
4, 25120, Note_off_c, 2, 31, 64
4, 25248, Note_on_c, 2, 43, 89
4, 25312, Note_off_c, 2, 43, 64
4, 25440, Note_on_c, 2, 31, 89
4, 25504, Note_off_c, 2, 31, 64
4, 25632, Note_on_c, 2, 43, 89
4, 25696, Note_off_c, 2, 43, 64
4, 25824, Note_on_c, 2, 31, 89
4, 25888, Note_off_c, 2, 31, 64
4, 26016, Note_on_c, 2, 43, 89
4, 26080, Note_off_c, 2, 43, 64
4, 26208, Note_on_c, 2, 31, 89
4, 26272, Note_off_c, 2, 31, 64
4, 26400, Note_on_c, 2, 43, 89
4, 26464, Note_off_c, 2, 43, 64
4, 26592, Note_on_c, 2, 31, 89
4, 26656, Note_off_c, 2, 31, 64
4, 26784, Note_on_c, 2, 43, 89
4, 26848, Note_off_c, 2, 43, 64
4, 26976, Note_on_c, 2, 36, 89
4, 27040, Note_off_c, 2, 36, 64
4, 27168, Note_on_c, 2, 48, 89
4, 27232, Note_off_c, 2, 48, 64
4, 27360, Note_on_c, 2, 36, 89
4, 27424, Note_off_c, 2, 36, 64
4, 27552, Note_on_c, 2, 48, 89
4, 27616, Note_off_c, 2, 48, 64
4, 27744, Note_on_c, 2, 31, 89
4, 27808, Note_off_c, 2, 31, 64
4, 27936, Note_on_c, 2, 43, 89
4, 28000, Note_off_c, 2, 43, 64
4, 28128, Note_on_c, 2, 31, 89
4, 28192, Note_off_c, 2, 31, 64
4, 28320, Note_on_c, 2, 43, 89
4, 28384, Note_off_c, 2, 43, 64
4, 28512, Note_on_c, 2, 36, 89
4, 28576, Note_off_c, 2, 36, 64
4, 28704, Note_on_c, 2, 48, 89
4, 28768, Note_off_c, 2, 48, 64
4, 28896, Note_on_c, 2, 31, 89
4, 28960, Note_off_c, 2, 31, 64
4, 29088, Note_on_c, 2, 43, 89
4, 29152, Note_off_c, 2, 43, 64
4, 29280, Note_on_c, 2, 35, 89
4, 29344, Note_off_c, 2, 35, 64
4, 29472, Note_on_c, 2, 47, 89
4, 29536, Note_off_c, 2, 47, 64
4, 29664, Note_on_c, 2, 40, 89
4, 29696, Note_off_c, 2, 40, 64
4, 29760, Note_on_c, 2, 38, 89
4, 29792, Note_off_c, 2, 38, 64
4, 29856, Note_on_c, 2, 36, 89
4, 29888, Note_off_c, 2, 36, 64
4, 29952, Note_on_c, 2, 35, 89
4, 29984, Note_off_c, 2, 35, 64
4, 30048, Note_on_c, 2, 31, 89
4, 30112, Note_off_c, 2, 31, 64
4, 30240, Note_on_c, 2, 43, 89
4, 30304, Note_off_c, 2, 43, 64
4, 30432, Note_on_c, 2, 38, 89
4, 30496, Note_off_c, 2, 38, 64
4, 30672, Note_on_c, 2, 38, 89
4, 30704, Note_off_c, 2, 38, 64
4, 30720, Note_on_c, 2, 40, 89
4, 30784, Note_off_c, 2, 40, 64
4, 30816, Note_on_c, 2, 31, 89
4, 30944, Note_off_c, 2, 31, 64
4, 31008, Note_on_c, 2, 43, 89
4, 31072, Note_off_c, 2, 43, 64
4, 31200, Note_on_c, 2, 35, 89
4, 31264, Note_off_c, 2, 35, 64
4, 31392, Note_on_c, 2, 43, 89
4, 31456, Note_off_c, 2, 43, 64
4, 31584, Note_on_c, 2, 36, 89
4, 31841, Note_off_c, 2, 36, 64
4, 31968, Note_on_c, 2, 38, 89
4, 32225, Note_off_c, 2, 38, 64
4, 32352, Note_on_c, 2, 31, 89
4, 32416, Note_off_c, 2, 31, 64
4, 32544, Note_on_c, 2, 43, 89
4, 32608, Note_off_c, 2, 43, 64
4, 32736, Note_on_c, 2, 31, 89
4, 32800, Note_off_c, 2, 31, 64
4, 32928, Note_on_c, 2, 43, 89
4, 32992, Note_off_c, 2, 43, 64
4, 33120, Note_on_c, 2, 31, 89
4, 33184, Note_off_c, 2, 31, 64
4, 33312, Note_on_c, 2, 43, 89
4, 33376, Note_off_c, 2, 43, 64
4, 33504, Note_on_c, 2, 31, 89
4, 33568, Note_off_c, 2, 31, 64
4, 33696, Note_on_c, 2, 43, 89
4, 33760, Note_off_c, 2, 43, 64
4, 33888, Note_on_c, 2, 36, 89
4, 33952, Note_off_c, 2, 36, 64
4, 34080, Note_on_c, 2, 48, 89
4, 34144, Note_off_c, 2, 48, 64
4, 34272, Note_on_c, 2, 36, 89
4, 34336, Note_off_c, 2, 36, 64
4, 34464, Note_on_c, 2, 48, 89
4, 34528, Note_off_c, 2, 48, 64
4, 34656, Note_on_c, 2, 31, 89
4, 34720, Note_off_c, 2, 31, 64
4, 34848, Note_on_c, 2, 43, 89
4, 34912, Note_off_c, 2, 43, 64
4, 35040, Note_on_c, 2, 31, 89
4, 35104, Note_off_c, 2, 31, 64
4, 35232, Note_on_c, 2, 43, 89
4, 35296, Note_off_c, 2, 43, 64
4, 35424, Note_on_c, 2, 31, 89
4, 35488, Note_off_c, 2, 31, 64
4, 35616, Note_on_c, 2, 43, 89
4, 35680, Note_off_c, 2, 43, 64
4, 35808, Note_on_c, 2, 31, 89
4, 35872, Note_off_c, 2, 31, 64
4, 36000, Note_on_c, 2, 43, 89
4, 36064, Note_off_c, 2, 43, 64
4, 36192, Note_on_c, 2, 31, 89
4, 36256, Note_off_c, 2, 31, 64
4, 36384, Note_on_c, 2, 43, 89
4, 36448, Note_off_c, 2, 43, 64
4, 36576, Note_on_c, 2, 31, 89
4, 36640, Note_off_c, 2, 31, 64
4, 36768, Note_on_c, 2, 43, 89
4, 36832, Note_off_c, 2, 43, 64
4, 36960, Note_on_c, 2, 36, 89
4, 37024, Note_off_c, 2, 36, 64
4, 37152, Note_on_c, 2, 48, 89
4, 37216, Note_off_c, 2, 48, 64
4, 37344, Note_on_c, 2, 36, 89
4, 37408, Note_off_c, 2, 36, 64
4, 37536, Note_on_c, 2, 48, 89
4, 37600, Note_off_c, 2, 48, 64
4, 37728, Note_on_c, 2, 31, 89
4, 37792, Note_off_c, 2, 31, 64
4, 37920, Note_on_c, 2, 43, 89
4, 37984, Note_off_c, 2, 43, 64
4, 38112, Note_on_c, 2, 31, 89
4, 38176, Note_off_c, 2, 31, 64
4, 38304, Note_on_c, 2, 43, 89
4, 38368, Note_off_c, 2, 43, 64
4, 38496, Note_on_c, 2, 31, 89
4, 38560, Note_off_c, 2, 31, 64
4, 38688, Note_on_c, 2, 43, 89
4, 38752, Note_off_c, 2, 43, 64
4, 38880, Note_on_c, 2, 38, 89
4, 38944, Note_off_c, 2, 38, 64
4, 39072, Note_on_c, 2, 50, 89
4, 39136, Note_off_c, 2, 50, 64
4, 39264, Note_on_c, 2, 31, 89
4, 39328, Note_off_c, 2, 31, 64
4, 39456, Note_on_c, 2, 43, 89
4, 39520, Note_off_c, 2, 43, 64
4, 39648, Note_on_c, 2, 36, 89
4, 39712, Note_off_c, 2, 36, 64
4, 39840, Note_on_c, 2, 48, 89
4, 39904, Note_off_c, 2, 48, 64
4, 40032, Note_on_c, 2, 31, 89
4, 40096, Note_off_c, 2, 31, 64
4, 40224, Note_on_c, 2, 43, 89
4, 40288, Note_off_c, 2, 43, 64
4, 40416, Note_on_c, 2, 38, 89
4, 40480, Note_off_c, 2, 38, 64
4, 40608, Note_on_c, 2, 50, 89
4, 40672, Note_off_c, 2, 50, 64
4, 40800, Note_on_c, 2, 31, 89
4, 40864, Note_off_c, 2, 31, 64
4, 40944, Note_on_c, 2, 46, 89
4, 40976, Note_off_c, 2, 46, 64
4, 40992, Note_on_c, 2, 47, 89
4, 41024, Note_off_c, 2, 47, 64
4, 41040, Note_on_c, 2, 45, 89
4, 41072, Note_off_c, 2, 45, 64
4, 41088, Note_on_c, 2, 43, 89
4, 41120, Note_off_c, 2, 43, 64
4, 41136, Note_on_c, 2, 40, 89
4, 41168, Note_off_c, 2, 40, 64
4, 41184, Note_on_c, 2, 38, 89
4, 41248, Note_off_c, 2, 38, 64
4, 41280, Note_on_c, 2, 40, 89
4, 41312, Note_off_c, 2, 40, 64
4, 41328, Note_on_c, 2, 43, 89
4, 41360, Note_off_c, 2, 43, 64
4, 41472, Note_on_c, 2, 31, 89
4, 41504, Note_off_c, 2, 31, 64
4, 41504, End_track
5, 0, Start_track
5, 0, Title_t, "Coded by: The Jaded Fox"
5, 0, Control_c, 3, 0, 0
5, 0, Program_c, 3, 74
5, 0, Time_signature, 1, 2, 96, 8
5, 0, Tempo, 476190
5, 96, Time_signature, 4, 2, 96, 8
5, 15648, Note_on_c, 3, 76, 85
5, 15680, Note_off_c, 3, 76, 64
5, 15696, Note_on_c, 3, 76, 85
5, 15760, Note_off_c, 3, 76, 64
5, 15792, Note_on_c, 3, 74, 85
5, 15824, Note_off_c, 3, 74, 64
5, 15840, Note_on_c, 3, 72, 85
5, 15872, Note_off_c, 3, 72, 64
5, 15888, Note_on_c, 3, 74, 85
5, 15920, Note_off_c, 3, 74, 64
5, 15936, Note_on_c, 3, 71, 85
5, 16000, Note_off_c, 3, 71, 64
5, 16032, Note_on_c, 3, 67, 85
5, 16064, Note_off_c, 3, 67, 64
5, 16080, Note_on_c, 3, 67, 85
5, 16144, Note_off_c, 3, 67, 64
5, 16176, Note_on_c, 3, 67, 85
5, 16208, Note_off_c, 3, 67, 64
5, 16224, Note_on_c, 3, 64, 85
5, 16256, Note_off_c, 3, 64, 64
5, 16272, Note_on_c, 3, 67, 85
5, 16304, Note_off_c, 3, 67, 64
5, 16320, Note_on_c, 3, 71, 85
5, 16352, Note_off_c, 3, 71, 64
5, 16368, Note_on_c, 3, 74, 85
5, 16416, Note_on_c, 3, 74, 85
5, 16464, Note_off_c, 3, 74, 64
5, 16464, Note_off_c, 3, 74, 64
5, 16608, Note_on_c, 3, 71, 85
5, 16640, Note_off_c, 3, 71, 64
5, 16656, Note_on_c, 3, 74, 85
5, 16720, Note_off_c, 3, 74, 64
5, 16752, Note_on_c, 3, 72, 85
5, 16784, Note_off_c, 3, 72, 64
5, 16800, Note_on_c, 3, 71, 85
5, 16832, Note_off_c, 3, 71, 64
5, 16848, Note_on_c, 3, 67, 85
5, 16880, Note_off_c, 3, 67, 64
5, 16896, Note_on_c, 3, 64, 85
5, 16928, Note_off_c, 3, 64, 64
5, 16944, Note_on_c, 3, 62, 85
5, 16976, Note_off_c, 3, 62, 64
5, 16992, Note_on_c, 3, 64, 85
5, 17024, Note_off_c, 3, 64, 64
5, 17040, Note_on_c, 3, 67, 85
5, 17104, Note_off_c, 3, 67, 64
5, 17136, Note_on_c, 3, 64, 85
5, 17168, Note_off_c, 3, 64, 64
5, 17184, Note_on_c, 3, 67, 85
5, 17248, Note_off_c, 3, 67, 64
5, 17280, Note_on_c, 3, 64, 85
5, 17312, Note_off_c, 3, 64, 64
5, 17328, Note_on_c, 3, 67, 85
5, 17360, Note_off_c, 3, 67, 64
5, 17424, Note_on_c, 3, 67, 85
5, 17472, Note_off_c, 3, 67, 64
5, 17496, Note_on_c, 3, 71, 85
5, 17544, Note_off_c, 3, 71, 64
5, 17568, Note_on_c, 3, 72, 85
5, 17616, Note_off_c, 3, 72, 64
5, 17640, Note_on_c, 3, 67, 85
5, 17672, Note_off_c, 3, 67, 64
5, 17688, Note_on_c, 3, 71, 85
5, 17704, Note_off_c, 3, 71, 64
5, 17712, Note_on_c, 3, 74, 85
5, 17744, Note_off_c, 3, 74, 64
5, 17760, Note_on_c, 3, 77, 85
5, 17792, Note_off_c, 3, 77, 64
5, 17808, Note_on_c, 3, 77, 85
5, 17872, Note_off_c, 3, 77, 64
5, 17904, Note_on_c, 3, 76, 85
5, 17936, Note_off_c, 3, 76, 64
5, 17952, Note_on_c, 3, 74, 85
5, 17984, Note_off_c, 3, 74, 64
5, 18000, Note_on_c, 3, 76, 85
5, 18032, Note_off_c, 3, 76, 64
5, 18048, Note_on_c, 3, 71, 85
5, 18112, Note_off_c, 3, 71, 64
5, 18144, Note_on_c, 3, 67, 85
5, 18176, Note_off_c, 3, 67, 64
5, 18192, Note_on_c, 3, 67, 85
5, 18256, Note_off_c, 3, 67, 64
5, 18256, End_track
6, 0, Start_track
6, 0, Title_t, "jadedfox@otterspace.com"
6, 0, Control_c, 4, 0, 0
6, 0, Time_signature, 1, 2, 96, 8
6, 0, Tempo, 476190
6, 0, Note_on_c, 4, 65, 0
6, 16, Note_off_c, 4, 65, 64
6, 96, Time_signature, 4, 2, 96, 8
6, 96, End_track
0, 0, End_of_file
