0, 0, Header, 1, 2, 120
1, 0, Start_track
1, 0, Title_t, "Blue Eyes (Elton John)"
1, 0, Instrument_name_t, "piano"
1, 0, Key_signature, 0, "major"
1, 838, Note_on_c, 0, 39, 67
1, 857, Note_on_c, 0, 58, 74
1, 861, Note_on_c, 0, 46, 53
1, 873, Note_on_c, 0, 51, 57
1, 880, Note_on_c, 0, 63, 56
1, 888, Note_on_c, 0, 67, 74
1, 918, Control_c, 0, 64, 127
1, 924, Note_on_c, 0, 39, 0
1, 942, Note_on_c, 0, 58, 0
1, 945, Note_on_c, 0, 46, 0
1, 955, Note_on_c, 0, 65, 74
1, 988, Note_on_c, 0, 51, 0
1, 1014, Note_on_c, 0, 63, 0
1, 1024, Note_on_c, 0, 65, 84
1, 1090, Note_on_c, 0, 67, 0
1, 1092, Note_on_c, 0, 65, 0
1, 1092, Note_on_c, 0, 65, 0
1, 1105, Note_on_c, 0, 63, 74
1, 1117, Note_on_c, 0, 63, 0
1, 1157, Note_on_c, 0, 37, 65
1, 1182, Note_on_c, 0, 44, 51
1, 1195, Note_on_c, 0, 49, 60
1, 1199, Note_on_c, 0, 56, 79
1, 1200, Note_on_c, 0, 53, 58
1, 1202, Note_on_c, 0, 63, 66
1, 1207, Control_c, 0, 64, 0
1, 1269, Control_c, 0, 64, 127
1, 1285, Note_on_c, 0, 61, 71
1, 1291, Note_on_c, 0, 37, 0
1, 1317, Note_on_c, 0, 44, 0
1, 1371, Note_on_c, 0, 61, 66
1, 1389, Note_on_c, 0, 49, 0
1, 1392, Note_on_c, 0, 56, 0
1, 1417, Note_on_c, 0, 53, 0
1, 1461, Note_on_c, 0, 60, 40
1, 1480, Note_on_c, 0, 63, 0
1, 1566, Note_on_c, 0, 60, 48
1, 1634, Note_on_c, 0, 61, 0
1, 1671, Note_on_c, 0, 61, 0
1, 1710, Note_on_c, 0, 58, 69
1, 1773, Note_on_c, 0, 60, 0
1, 1799, Note_on_c, 0, 60, 0
1, 1810, Note_on_c, 0, 58, 0
1, 1904, Note_on_c, 0, 27, 51
1, 1925, Note_on_c, 0, 58, 50
1, 1927, Note_on_c, 0, 51, 42
1, 1932, Control_c, 0, 64, 0
1, 1933, Note_on_c, 0, 55, 64
1, 1996, Control_c, 0, 64, 127
1, 2012, Note_on_c, 0, 39, 36
1, 2040, Note_on_c, 0, 27, 0
1, 2058, Note_on_c, 0, 58, 0
1, 2075, Note_on_c, 0, 51, 0
1, 2098, Note_on_c, 0, 51, 43
1, 2162, Note_on_c, 0, 39, 50
1, 2203, Note_on_c, 0, 55, 0
1, 2206, Note_on_c, 0, 39, 0
1, 2216, Note_on_c, 0, 46, 51
1, 2228, Note_on_c, 0, 51, 0
1, 2265, Note_on_c, 0, 51, 43
1, 2330, Note_on_c, 0, 55, 54
1, 2396, Note_on_c, 0, 58, 59
1, 2488, Note_on_c, 0, 39, 0
1, 2490, Note_on_c, 0, 46, 0
1, 2545, Note_on_c, 0, 51, 0
1, 2662, Note_on_c, 0, 55, 0
1, 2693, Note_on_c, 0, 58, 0
1, 2753, Note_on_c, 0, 65, 67
1, 2762, Note_on_c, 0, 66, 91
1, 2771, Note_on_c, 0, 65, 0
1, 2775, Note_on_c, 0, 66, 0
1, 2775, Note_on_c, 0, 67, 80
1, 2810, Control_c, 0, 64, 0
1, 2833, Note_on_c, 0, 67, 0
1, 2836, Note_on_c, 0, 70, 79
1, 2886, Note_on_c, 0, 46, 45
1, 2924, Note_on_c, 0, 50, 50
1, 2975, Note_on_c, 0, 53, 44
1, 3012, Control_c, 0, 64, 127
1, 3013, Note_on_c, 0, 55, 54
1, 3053, Note_on_c, 0, 62, 48
1, 3059, Note_on_c, 0, 70, 0
1, 3088, Note_on_c, 0, 46, 0
1, 3090, Note_on_c, 0, 65, 48
1, 3122, Note_on_c, 0, 50, 0
1, 3130, Note_on_c, 0, 70, 66
1, 3143, Note_on_c, 0, 53, 0
1, 3169, Note_on_c, 0, 74, 67
1, 3215, Note_on_c, 0, 55, 0
1, 3216, Note_on_c, 0, 77, 45
1, 3234, Note_on_c, 0, 62, 0
1, 3255, Note_on_c, 0, 82, 53
1, 3264, Note_on_c, 0, 65, 0
1, 3301, Note_on_c, 0, 86, 56
1, 3354, Note_on_c, 0, 89, 49
1, 3356, Note_on_c, 0, 70, 0
1, 3398, Note_on_c, 0, 74, 0
1, 3408, Note_on_c, 0, 94, 56
1, 3417, Note_on_c, 0, 77, 0
1, 3463, Note_on_c, 0, 98, 61
1, 3526, Note_on_c, 0, 82, 0
1, 3541, Note_on_c, 0, 101, 46
1, 3631, Note_on_c, 0, 106, 63
1, 3635, Note_on_c, 0, 86, 0
1, 3646, Note_on_c, 0, 89, 0
1, 3810, Note_on_c, 0, 94, 0
1, 3829, Note_on_c, 0, 98, 0
1, 3847, Note_on_c, 0, 101, 0
1, 3851, Note_on_c, 0, 106, 0
1, 3938, Note_on_c, 0, 45, 56
1, 3941, Note_on_c, 0, 53, 33
1, 3944, Control_c, 0, 64, 0
1, 3948, Note_on_c, 0, 60, 49
1, 3949, Note_on_c, 0, 57, 69
1, 4002, Control_c, 0, 64, 127
1, 4029, Note_on_c, 0, 45, 0
1, 4044, Note_on_c, 0, 53, 0
1, 4144, Note_on_c, 0, 60, 73
1, 4185, Note_on_c, 0, 60, 0
1, 4200, Note_on_c, 0, 60, 44
1, 4201, Note_on_c, 0, 72, 85
1, 4258, Note_on_c, 0, 57, 0
1, 4259, Note_on_c, 0, 60, 0
1, 4262, Note_on_c, 0, 60, 0
1, 4267, Note_on_c, 0, 72, 0
1, 4269, Note_on_c, 0, 69, 71
1, 4282, Note_on_c, 0, 69, 0
1, 4350, Note_on_c, 0, 44, 62
1, 4370, Note_on_c, 0, 53, 52
1, 4379, Note_on_c, 0, 56, 74
1, 4381, Note_on_c, 0, 65, 76
1, 4382, Note_on_c, 0, 60, 74
1, 4393, Control_c, 0, 64, 0
1, 4473, Control_c, 0, 64, 127
1, 4510, Note_on_c, 0, 44, 0
1, 4511, Note_on_c, 0, 53, 0
1, 4524, Note_on_c, 0, 56, 0
1, 4586, Note_on_c, 0, 65, 0
1, 4611, Note_on_c, 0, 60, 0
1, 4621, Note_on_c, 0, 60, 86
1, 4661, Note_on_c, 0, 60, 0
1, 4670, Note_on_c, 0, 58, 81
1, 4709, Note_on_c, 0, 58, 0
1, 4728, Note_on_c, 0, 58, 82
1, 4730, Note_on_c, 0, 31, 81
1, 4731, Note_on_c, 0, 53, 72
1, 4735, Control_c, 0, 64, 0
1, 4793, Note_on_c, 0, 58, 0
1, 4799, Note_on_c, 0, 43, 69
1, 4804, Control_c, 0, 64, 127
1, 4808, Note_on_c, 0, 31, 0
1, 4890, Note_on_c, 0, 43, 69
1, 4915, Note_on_c, 0, 53, 0
1, 4940, Note_on_c, 0, 50, 59
1, 4949, Note_on_c, 0, 43, 0
1, 4954, Note_on_c, 0, 43, 0
1, 4964, Note_on_c, 0, 50, 0
1, 4974, Note_on_c, 0, 53, 62
1, 5005, Note_on_c, 0, 55, 53
1, 5010, Note_on_c, 0, 53, 0
1, 5026, Note_on_c, 0, 58, 69
1, 5031, Note_on_c, 0, 55, 0
1, 5046, Note_on_c, 0, 62, 66
1, 5051, Note_on_c, 0, 58, 0
1, 5062, Note_on_c, 0, 65, 49
1, 5068, Note_on_c, 0, 62, 0
1, 5081, Note_on_c, 0, 67, 39
1, 5117, Note_on_c, 0, 70, 67
1, 5136, Note_on_c, 0, 74, 55
1, 5161, Note_on_c, 0, 77, 42
1, 5171, Note_on_c, 0, 65, 0
1, 5185, Note_on_c, 0, 67, 0
1, 5186, Note_on_c, 0, 70, 0
1, 5187, Note_on_c, 0, 74, 0
1, 5194, Note_on_c, 0, 79, 41
1, 5213, Note_on_c, 0, 77, 0
1, 5214, Note_on_c, 0, 79, 0
1, 5219, Note_on_c, 0, 82, 67
1, 5228, Note_on_c, 0, 82, 0
1, 5259, Note_on_c, 0, 89, 73
1, 5300, Note_on_c, 0, 89, 0
1, 5306, Note_on_c, 0, 91, 48
1, 5321, Note_on_c, 0, 91, 0
1, 5352, Note_on_c, 0, 94, 52
1, 5414, Note_on_c, 0, 98, 61
1, 5415, Note_on_c, 0, 94, 0
1, 5424, Note_on_c, 0, 98, 0
1, 5769, Note_on_c, 0, 65, 95
1, 5795, Note_on_c, 0, 65, 0
1, 5814, Note_on_c, 0, 65, 78
1, 5842, Note_on_c, 0, 65, 0
1, 5860, Note_on_c, 0, 65, 75
1, 5862, Note_on_c, 0, 69, 82
1, 5862, Note_on_c, 0, 62, 74
1, 5891, Note_on_c, 0, 65, 0
1, 5918, Note_on_c, 0, 62, 67
1, 5970, Note_on_c, 0, 72, 82
1, 5973, Note_on_c, 0, 69, 0
1, 6033, Note_on_c, 0, 62, 0
1, 6034, Note_on_c, 0, 62, 0
1, 6034, Note_on_c, 0, 62, 71
1, 6036, Note_on_c, 0, 72, 0
1, 6050, Note_on_c, 0, 62, 0
1, 6077, Note_on_c, 0, 46, 66
1, 6103, Note_on_c, 0, 61, 76
1, 6106, Note_on_c, 0, 67, 66
1, 6134, Control_c, 0, 64, 0
1, 6155, Note_on_c, 0, 39, 66
1, 6160, Note_on_c, 0, 46, 0
1, 6203, Note_on_c, 0, 46, 65
1, 6234, Control_c, 0, 64, 127
1, 6241, Note_on_c, 0, 51, 61
1, 6257, Note_on_c, 0, 61, 0
1, 6259, Note_on_c, 0, 67, 0
1, 6278, Note_on_c, 0, 55, 56
1, 6319, Note_on_c, 0, 58, 48
1, 6344, Note_on_c, 0, 39, 0
1, 6351, Note_on_c, 0, 46, 0
1, 6356, Note_on_c, 0, 61, 57
1, 6366, Note_on_c, 0, 51, 0
1, 6394, Note_on_c, 0, 67, 73
1, 6436, Note_on_c, 0, 70, 56
1, 6439, Note_on_c, 0, 55, 0
1, 6463, Note_on_c, 0, 58, 0
1, 6477, Note_on_c, 0, 73, 39
1, 6485, Note_on_c, 0, 61, 0
1, 6520, Note_on_c, 0, 79, 58
1, 6557, Note_on_c, 0, 67, 0
1, 6563, Note_on_c, 0, 82, 43
1, 6597, Note_on_c, 0, 70, 0
1, 6609, Note_on_c, 0, 85, 49
1, 6619, Note_on_c, 0, 73, 0
1, 6660, Note_on_c, 0, 91, 70
1, 6708, Note_on_c, 0, 79, 0
1, 6719, Note_on_c, 0, 94, 48
1, 6796, Note_on_c, 0, 97, 51
1, 6804, Note_on_c, 0, 82, 0
1, 6807, Note_on_c, 0, 85, 0
1, 7094, Note_on_c, 0, 60, 71
1, 7100, Note_on_c, 0, 61, 93
1, 7108, Control_c, 0, 64, 0
1, 7112, Note_on_c, 0, 91, 0
1, 7113, Note_on_c, 0, 94, 0
1, 7115, Note_on_c, 0, 62, 73
1, 7130, Note_on_c, 0, 97, 0
1, 7161, Note_on_c, 0, 60, 0
1, 7168, Note_on_c, 0, 65, 49
1, 7247, Note_on_c, 0, 61, 0
1, 7251, Control_c, 0, 64, 127
1, 7253, Note_on_c, 0, 69, 64
1, 7283, Note_on_c, 0, 62, 0
1, 7298, Note_on_c, 0, 65, 0
1, 7366, Note_on_c, 0, 58, 28
1, 7474, Note_on_c, 0, 62, 44
1, 7673, Note_on_c, 0, 67, 72
1, 7674, Note_on_c, 0, 69, 0
1, 7674, Note_on_c, 0, 58, 0
1, 7686, Note_on_c, 0, 62, 0
1, 7714, Note_on_c, 0, 67, 0
1, 7781, Note_on_c, 0, 33, 68
1, 7792, Note_on_c, 0, 57, 73
1, 7793, Note_on_c, 0, 65, 67
1, 7794, Note_on_c, 0, 60, 69
1, 7810, Control_c, 0, 64, 0
1, 7854, Note_on_c, 0, 33, 0
1, 7857, Control_c, 0, 64, 127
1, 7860, Note_on_c, 0, 45, 61
1, 7864, Note_on_c, 0, 57, 0
1, 7883, Note_on_c, 0, 65, 0
1, 7920, Note_on_c, 0, 57, 56
1, 7960, Note_on_c, 0, 45, 62
1, 8014, Note_on_c, 0, 48, 58
1, 8038, Note_on_c, 0, 60, 0
1, 8053, Note_on_c, 0, 45, 0
1, 8064, Note_on_c, 0, 53, 47
1, 8111, Note_on_c, 0, 57, 0
1, 8133, Note_on_c, 0, 57, 33
1, 8151, Note_on_c, 0, 45, 0
1, 8197, Note_on_c, 0, 48, 0
1, 8207, Note_on_c, 0, 53, 24
1, 8272, Note_on_c, 0, 53, 0
1, 8275, Note_on_c, 0, 57, 61
1, 8289, Note_on_c, 0, 58, 56
1, 8306, Note_on_c, 0, 57, 0
1, 8314, Note_on_c, 0, 59, 39
1, 8332, Note_on_c, 0, 53, 0
1, 8340, Note_on_c, 0, 45, 55
1, 8343, Note_on_c, 0, 60, 55
1, 8356, Control_c, 0, 64, 0
1, 8405, Note_on_c, 0, 57, 0
1, 8406, Control_c, 0, 64, 127
1, 8455, Note_on_c, 0, 58, 0
1, 8463, Note_on_c, 0, 57, 49
1, 8486, Note_on_c, 0, 59, 0
1, 8498, Note_on_c, 0, 45, 0
1, 8534, Note_on_c, 0, 53, 45
1, 8574, Note_on_c, 0, 60, 0
1, 8602, Note_on_c, 0, 57, 0
1, 8620, Note_on_c, 0, 53, 0
1, 8638, Note_on_c, 0, 60, 45
1, 8670, Note_on_c, 0, 62, 44
1, 8673, Note_on_c, 0, 60, 0
1, 8691, Note_on_c, 0, 62, 0
1, 8692, Note_on_c, 0, 63, 62
1, 8700, Note_on_c, 0, 63, 0
1, 8710, Note_on_c, 0, 64, 53
1, 8737, Note_on_c, 0, 64, 0
1, 8737, Note_on_c, 0, 48, 50
1, 8740, Control_c, 0, 64, 0
1, 8741, Note_on_c, 0, 41, 49
1, 8743, Note_on_c, 0, 53, 49
1, 8747, Note_on_c, 0, 65, 69
1, 8813, Control_c, 0, 64, 127
1, 8867, Note_on_c, 0, 48, 0
1, 8869, Note_on_c, 0, 41, 0
1, 8874, Note_on_c, 0, 57, 44
1, 8971, Note_on_c, 0, 53, 0
1, 8975, Note_on_c, 0, 48, 54
1, 9059, Note_on_c, 0, 65, 0
1, 9147, Note_on_c, 0, 57, 0
1, 9189, Note_on_c, 0, 48, 0
1, 9379, Note_on_c, 0, 53, 55
1, 9381, Note_on_c, 0, 65, 68
1, 9382, Note_on_c, 0, 43, 48
1, 9382, Note_on_c, 0, 46, 45
1, 9383, Note_on_c, 0, 50, 65
1, 9387, Note_on_c, 0, 66, 84
1, 9401, Note_on_c, 0, 53, 0
1, 9402, Note_on_c, 0, 67, 76
1, 9406, Control_c, 0, 64, 0
1, 9459, Note_on_c, 0, 65, 0
1, 9493, Note_on_c, 0, 43, 0
1, 9506, Note_on_c, 0, 70, 101
1, 9508, Control_c, 0, 64, 127
1, 9553, Note_on_c, 0, 46, 0
1, 9554, Note_on_c, 0, 50, 0
1, 9555, Note_on_c, 0, 66, 0
1, 9557, Note_on_c, 0, 67, 0
1, 9587, Note_on_c, 0, 43, 67
1, 9622, Note_on_c, 0, 46, 59
1, 9636, Note_on_c, 0, 70, 0
1, 9661, Note_on_c, 0, 50, 74
1, 9701, Note_on_c, 0, 53, 68
1, 9737, Note_on_c, 0, 58, 91
1, 9776, Note_on_c, 0, 62, 73
1, 9827, Note_on_c, 0, 65, 70
1, 9896, Note_on_c, 0, 70, 77
1, 9902, Note_on_c, 0, 43, 0
1, 9964, Note_on_c, 0, 58, 77
1, 9983, Note_on_c, 0, 46, 0
1, 9990, Note_on_c, 0, 50, 0
1, 9997, Note_on_c, 0, 53, 0
1, 10006, Note_on_c, 0, 58, 0
1, 10006, Note_on_c, 0, 62, 0
1, 10025, Note_on_c, 0, 53, 71
1, 10028, Note_on_c, 0, 65, 0
1, 10042, Note_on_c, 0, 70, 0
1, 10067, Note_on_c, 0, 58, 0
1, 10068, Note_on_c, 0, 53, 0
1, 10087, Note_on_c, 0, 57, 98
1, 10087, Note_on_c, 0, 60, 93
1, 10090, Note_on_c, 0, 53, 90
1, 10090, Note_on_c, 0, 45, 91
1, 10106, Control_c, 0, 64, 0
1, 10135, Note_on_c, 0, 57, 0
1, 10142, Note_on_c, 0, 60, 0
1, 10148, Control_c, 0, 64, 127
1, 10180, Note_on_c, 0, 60, 77
1, 10219, Note_on_c, 0, 53, 0
1, 10254, Note_on_c, 0, 60, 93
1, 10254, Note_on_c, 0, 65, 105
1, 10256, Note_on_c, 0, 72, 90
1, 10302, Note_on_c, 0, 45, 0
1, 10311, Note_on_c, 0, 60, 0
1, 10325, Note_on_c, 0, 69, 86
1, 10327, Note_on_c, 0, 60, 58
1, 10328, Note_on_c, 0, 60, 0
1, 10329, Note_on_c, 0, 65, 0
1, 10330, Note_on_c, 0, 65, 42
1, 10335, Note_on_c, 0, 72, 0
1, 10336, Note_on_c, 0, 69, 0
1, 10338, Note_on_c, 0, 60, 0
1, 10339, Note_on_c, 0, 65, 0
1, 10378, Note_on_c, 0, 44, 67
1, 10403, Note_on_c, 0, 53, 72
1, 10406, Note_on_c, 0, 56, 92
1, 10406, Note_on_c, 0, 65, 90
1, 10408, Note_on_c, 0, 60, 81
1, 10417, Control_c, 0, 64, 0
1, 10450, Note_on_c, 0, 44, 0
1, 10473, Control_c, 0, 64, 127
1, 10496, Note_on_c, 0, 56, 74
1, 10501, Note_on_c, 0, 53, 0
1, 10506, Note_on_c, 0, 56, 0
1, 10519, Note_on_c, 0, 65, 0
1, 10530, Note_on_c, 0, 60, 0
1, 10564, Note_on_c, 0, 50, 78
1, 10579, Note_on_c, 0, 56, 0
1, 10593, Note_on_c, 0, 50, 0
1, 10606, Note_on_c, 0, 60, 82
1, 10648, Note_on_c, 0, 60, 0
1, 10649, Note_on_c, 0, 58, 84
1, 10667, Note_on_c, 0, 43, 77
1, 10691, Note_on_c, 0, 58, 0
1, 10706, Control_c, 0, 64, 0
1, 10716, Note_on_c, 0, 58, 91
1, 10718, Note_on_c, 0, 53, 85
1, 10719, Note_on_c, 0, 31, 78
1, 10750, Note_on_c, 0, 43, 0
1, 10759, Control_c, 0, 64, 127
1, 10761, Note_on_c, 0, 58, 0
1, 10781, Note_on_c, 0, 53, 0
1, 10799, Note_on_c, 0, 31, 0
1, 10844, Note_on_c, 0, 43, 65
1, 10908, Note_on_c, 0, 50, 75
1, 10951, Note_on_c, 0, 43, 0
1, 10958, Note_on_c, 0, 50, 0
1, 10959, Note_on_c, 0, 53, 70
1, 10962, Note_on_c, 0, 79, 78
1, 10967, Note_on_c, 0, 53, 0
1, 11003, Note_on_c, 0, 79, 0
1, 11014, Note_on_c, 0, 82, 92
1, 11056, Note_on_c, 0, 82, 0
1, 11071, Note_on_c, 0, 55, 66
1, 11072, Note_on_c, 0, 81, 93
1, 11110, Note_on_c, 0, 55, 0
1, 11147, Note_on_c, 0, 58, 67
1, 11224, Note_on_c, 0, 62, 48
1, 11224, Note_on_c, 0, 79, 69
1, 11247, Note_on_c, 0, 81, 0
1, 11305, Note_on_c, 0, 65, 31
1, 11322, Note_on_c, 0, 58, 0
1, 11329, Note_on_c, 0, 62, 0
1, 11392, Note_on_c, 0, 74, 57
1, 11394, Note_on_c, 0, 65, 45
1, 11397, Note_on_c, 0, 62, 45
1, 11397, Note_on_c, 0, 70, 53
1, 11403, Note_on_c, 0, 79, 0
1, 11440, Note_on_c, 0, 65, 0
1, 11481, Note_on_c, 0, 74, 0
1, 11495, Note_on_c, 0, 65, 0
1, 11499, Note_on_c, 0, 65, 57
1, 11504, Note_on_c, 0, 62, 0
1, 11509, Note_on_c, 0, 70, 0
1, 11593, Note_on_c, 0, 65, 0
1, 11595, Note_on_c, 0, 58, 48
1, 11605, Note_on_c, 0, 58, 0
1, 11879, Note_on_c, 0, 65, 65
1, 11903, Note_on_c, 0, 65, 0
1, 11940, Note_on_c, 0, 65, 59
1, 11969, Note_on_c, 0, 65, 0
1, 11993, Note_on_c, 0, 65, 69
1, 11994, Note_on_c, 0, 62, 68
1, 11995, Note_on_c, 0, 58, 77
1, 12002, Note_on_c, 0, 69, 47
1, 12030, Note_on_c, 0, 65, 0
1, 12034, Note_on_c, 0, 62, 0
1, 12038, Note_on_c, 0, 58, 0
1, 12044, Note_on_c, 0, 69, 0
1, 12082, Note_on_c, 0, 62, 74
1, 12124, Note_on_c, 0, 62, 0
1, 12143, Note_on_c, 0, 69, 83
1, 12144, Note_on_c, 0, 62, 74
1, 12144, Note_on_c, 0, 65, 83
1, 12146, Note_on_c, 0, 72, 74
1, 12167, Note_on_c, 0, 69, 0
1, 12201, Note_on_c, 0, 62, 0
1, 12204, Note_on_c, 0, 65, 0
1, 12206, Note_on_c, 0, 72, 0
1, 12211, Note_on_c, 0, 62, 52
1, 12220, Note_on_c, 0, 62, 0
1, 12235, Note_on_c, 0, 46, 68
1, 12277, Note_on_c, 0, 55, 80
1, 12277, Note_on_c, 0, 67, 82
1, 12278, Note_on_c, 0, 61, 84
1, 12302, Control_c, 0, 64, 0
1, 12330, Note_on_c, 0, 46, 0
1, 12336, Note_on_c, 0, 39, 74
1, 12382, Control_c, 0, 64, 127
1, 12387, Note_on_c, 0, 46, 76
1, 12407, Note_on_c, 0, 55, 0
1, 12410, Note_on_c, 0, 67, 0
1, 12430, Note_on_c, 0, 61, 0
1, 12432, Note_on_c, 0, 51, 74
1, 12473, Note_on_c, 0, 55, 65
1, 12507, Note_on_c, 0, 58, 54
1, 12508, Note_on_c, 0, 39, 0
1, 12535, Note_on_c, 0, 46, 0
1, 12540, Note_on_c, 0, 61, 49
1, 12549, Note_on_c, 0, 51, 0
1, 12578, Note_on_c, 0, 67, 69
1, 12605, Note_on_c, 0, 55, 0
1, 12615, Note_on_c, 0, 70, 58
1, 12641, Note_on_c, 0, 58, 0
1, 12648, Note_on_c, 0, 73, 48
1, 12656, Note_on_c, 0, 61, 0
1, 12716, Note_on_c, 0, 82, 56
1, 12747, Note_on_c, 0, 67, 0
1, 12807, Note_on_c, 0, 91, 34
1, 12829, Note_on_c, 0, 70, 0
1, 12858, Note_on_c, 0, 94, 33
1, 12896, Note_on_c, 0, 73, 0
1, 12914, Note_on_c, 0, 97, 44
1, 12924, Note_on_c, 0, 82, 0
1, 12933, Note_on_c, 0, 91, 0
1, 13080, Note_on_c, 0, 51, 47
1, 13132, Note_on_c, 0, 60, 47
1, 13142, Note_on_c, 0, 61, 81
1, 13153, Note_on_c, 0, 94, 0
1, 13157, Note_on_c, 0, 97, 0
1, 13158, Note_on_c, 0, 62, 66
1, 13183, Note_on_c, 0, 51, 0
1, 13191, Note_on_c, 0, 60, 0
1, 13192, Note_on_c, 0, 65, 56
1, 13206, Note_on_c, 0, 61, 0
1, 13248, Note_on_c, 0, 69, 74
1, 13258, Note_on_c, 0, 62, 0
1, 13275, Control_c, 0, 64, 0
1, 13298, Note_on_c, 0, 65, 0
1, 13300, Note_on_c, 0, 39, 60
1, 13343, Control_c, 0, 64, 127
1, 13354, Note_on_c, 0, 46, 53
1, 13402, Note_on_c, 0, 69, 0
1, 13403, Note_on_c, 0, 39, 0
1, 13502, Note_on_c, 0, 49, 42
1, 13564, Note_on_c, 0, 53, 44
1, 13615, Note_on_c, 0, 58, 53
1, 13664, Note_on_c, 0, 46, 0
1, 13676, Note_on_c, 0, 61, 52
1, 13678, Note_on_c, 0, 49, 0
1, 13681, Note_on_c, 0, 53, 0
1, 13696, Note_on_c, 0, 58, 0
1, 13717, Note_on_c, 0, 61, 0
1, 13732, Note_on_c, 0, 65, 63
1, 13765, Note_on_c, 0, 65, 0
1, 13786, Note_on_c, 0, 67, 71
1, 13832, Note_on_c, 0, 40, 70
1, 13847, Control_c, 0, 64, 0
1, 13887, Note_on_c, 0, 46, 77
1, 13903, Note_on_c, 0, 67, 0
1, 13904, Control_c, 0, 64, 127
1, 13931, Note_on_c, 0, 50, 81
1, 13975, Note_on_c, 0, 52, 69
1, 14018, Note_on_c, 0, 55, 69
1, 14021, Note_on_c, 0, 40, 0
1, 14042, Note_on_c, 0, 46, 0
1, 14048, Note_on_c, 0, 58, 85
1, 14059, Note_on_c, 0, 50, 0
1, 14087, Note_on_c, 0, 64, 61
1, 14099, Note_on_c, 0, 52, 0
1, 14105, Note_on_c, 0, 55, 0
1, 14116, Note_on_c, 0, 67, 73
1, 14140, Note_on_c, 0, 58, 0
1, 14140, Note_on_c, 0, 70, 78
1, 14146, Note_on_c, 0, 73, 60
1, 14152, Note_on_c, 0, 64, 0
1, 14174, Note_on_c, 0, 76, 74
1, 14202, Note_on_c, 0, 79, 67
1, 14215, Note_on_c, 0, 67, 0
1, 14223, Note_on_c, 0, 82, 74
1, 14226, Note_on_c, 0, 70, 0
1, 14232, Note_on_c, 0, 73, 0
1, 14242, Note_on_c, 0, 76, 0
1, 14255, Note_on_c, 0, 88, 77
1, 14256, Note_on_c, 0, 79, 0
1, 14261, Note_on_c, 0, 82, 0
1, 14287, Note_on_c, 0, 91, 100
1, 14297, Note_on_c, 0, 88, 0
1, 14312, Note_on_c, 0, 94, 93
1, 14317, Note_on_c, 0, 91, 0
1, 14332, Note_on_c, 0, 94, 0
1, 14348, Note_on_c, 0, 45, 94
1, 14380, Note_on_c, 0, 49, 89
1, 14394, Control_c, 0, 64, 0
1, 14406, Note_on_c, 0, 52, 75
1, 14431, Note_on_c, 0, 55, 78
1, 14437, Note_on_c, 0, 45, 0
1, 14442, Control_c, 0, 64, 127
1, 14444, Note_on_c, 0, 49, 0
1, 14445, Note_on_c, 0, 52, 0
1, 14455, Note_on_c, 0, 73, 95
1, 14456, Note_on_c, 0, 55, 0
1, 14456, Note_on_c, 0, 67, 94
1, 14457, Note_on_c, 0, 77, 93
1, 14499, Note_on_c, 0, 61, 84
1, 14512, Note_on_c, 0, 73, 0
1, 14520, Note_on_c, 0, 67, 0
1, 14526, Note_on_c, 0, 77, 0
1, 14540, Note_on_c, 0, 67, 92
1, 14543, Note_on_c, 0, 76, 84
1, 14559, Note_on_c, 0, 61, 0
1, 14559, Note_on_c, 0, 67, 0
1, 14584, Note_on_c, 0, 64, 77
1, 14601, Note_on_c, 0, 76, 0
1, 14612, Note_on_c, 0, 64, 0
1, 14639, Note_on_c, 0, 61, 84
1, 14640, Note_on_c, 0, 64, 71
1, 14641, Note_on_c, 0, 69, 77
1, 14698, Note_on_c, 0, 45, 82
1, 14731, Note_on_c, 0, 49, 85
1, 14757, Note_on_c, 0, 52, 68
1, 14781, Note_on_c, 0, 55, 80
1, 14801, Note_on_c, 0, 61, 0
1, 14806, Note_on_c, 0, 64, 0
1, 14807, Note_on_c, 0, 69, 0
1, 14814, Note_on_c, 0, 45, 0
1, 14816, Note_on_c, 0, 49, 0
1, 14820, Note_on_c, 0, 52, 0
1, 14821, Note_on_c, 0, 57, 91
1, 14856, Note_on_c, 0, 61, 74
1, 14859, Note_on_c, 0, 64, 63
1, 14866, Note_on_c, 0, 55, 0
1, 14868, Note_on_c, 0, 57, 0
1, 14872, Note_on_c, 0, 61, 0
1, 14875, Note_on_c, 0, 64, 0
1, 14902, Note_on_c, 0, 33, 80
1, 14936, Note_on_c, 0, 33, 0
1, 14946, Note_on_c, 0, 38, 92
1, 14948, Note_on_c, 0, 26, 87
1, 14950, Note_on_c, 0, 62, 85
1, 14950, Note_on_c, 0, 57, 100
1, 14953, Note_on_c, 0, 53, 94
1, 14965, Control_c, 0, 64, 0
1, 15023, Control_c, 0, 64, 127
1, 15036, Note_on_c, 0, 38, 0
1, 15046, Note_on_c, 0, 26, 0
1, 15064, Note_on_c, 0, 62, 0
1, 15074, Note_on_c, 0, 57, 0
1, 15083, Note_on_c, 0, 53, 0
1, 15211, Note_on_c, 0, 69, 95
1, 15212, Note_on_c, 0, 74, 92
1, 15214, Note_on_c, 0, 77, 83
1, 15215, Note_on_c, 0, 65, 90
1, 15288, Note_on_c, 0, 69, 0
1, 15288, Note_on_c, 0, 76, 82
1, 15288, Note_on_c, 0, 64, 90
1, 15290, Note_on_c, 0, 74, 0
1, 15293, Note_on_c, 0, 77, 0
1, 15297, Note_on_c, 0, 65, 0
1, 15299, Note_on_c, 0, 76, 0
1, 15304, Note_on_c, 0, 64, 0
1, 15362, Note_on_c, 0, 62, 70
1, 15365, Note_on_c, 0, 65, 84
1, 15367, Note_on_c, 0, 74, 71
1, 15367, Note_on_c, 0, 69, 82
1, 15443, Note_on_c, 0, 72, 64
1, 15444, Note_on_c, 0, 62, 0
1, 15445, Note_on_c, 0, 65, 0
1, 15445, Note_on_c, 0, 60, 69
1, 15449, Note_on_c, 0, 74, 0
1, 15451, Note_on_c, 0, 69, 0
1, 15453, Note_on_c, 0, 72, 0
1, 15455, Note_on_c, 0, 60, 0
1, 15533, Note_on_c, 0, 65, 76
1, 15536, Note_on_c, 0, 69, 61
1, 15541, Note_on_c, 0, 57, 55
1, 15618, Note_on_c, 0, 65, 0
1, 15626, Note_on_c, 0, 67, 61
1, 15629, Note_on_c, 0, 69, 0
1, 15631, Note_on_c, 0, 57, 0
1, 15634, Note_on_c, 0, 67, 0
1, 15704, Note_on_c, 0, 41, 57
1, 15733, Note_on_c, 0, 50, 56
1, 15777, Note_on_c, 0, 53, 64
1, 15778, Note_on_c, 0, 62, 69
1, 15780, Note_on_c, 0, 58, 76
1, 15781, Note_on_c, 0, 65, 58
1, 15802, Control_c, 0, 64, 0
1, 15911, Control_c, 0, 64, 127
1, 15968, Note_on_c, 0, 41, 0
1, 15969, Note_on_c, 0, 50, 0
1, 15972, Note_on_c, 0, 53, 0
1, 15980, Note_on_c, 0, 62, 0
1, 16070, Note_on_c, 0, 58, 0
1, 16084, Note_on_c, 0, 65, 0
1, 16188, Note_on_c, 0, 62, 58
1, 16189, Note_on_c, 0, 74, 63
1, 16189, Note_on_c, 0, 65, 64
1, 16190, Note_on_c, 0, 70, 65
1, 16263, Note_on_c, 0, 62, 0
1, 16293, Note_on_c, 0, 72, 57
1, 16295, Note_on_c, 0, 60, 39
1, 16297, Note_on_c, 0, 74, 0
1, 16301, Note_on_c, 0, 65, 0
1, 16304, Note_on_c, 0, 70, 0
1, 16306, Note_on_c, 0, 72, 0
1, 16339, Note_on_c, 0, 60, 0
1, 16610, Note_on_c, 0, 69, 67
1, 16674, Note_on_c, 0, 67, 67
1, 16675, Note_on_c, 0, 69, 0
1, 16684, Note_on_c, 0, 67, 0
1, 16751, Note_on_c, 0, 45, 55
1, 16753, Note_on_c, 0, 33, 52
1, 16755, Note_on_c, 0, 57, 74
1, 16758, Note_on_c, 0, 60, 67
1, 16761, Note_on_c, 0, 65, 58
1, 16767, Control_c, 0, 64, 0
1, 16827, Control_c, 0, 64, 127
1, 16879, Note_on_c, 0, 45, 0
1, 16926, Note_on_c, 0, 33, 0
1, 16932, Note_on_c, 0, 57, 0
1, 16933, Note_on_c, 0, 45, 41
1, 16945, Note_on_c, 0, 60, 0
1, 16953, Note_on_c, 0, 65, 0
1, 16998, Note_on_c, 0, 45, 37
1, 17012, Note_on_c, 0, 45, 0
1, 17055, Note_on_c, 0, 57, 56
1, 17060, Note_on_c, 0, 45, 45
1, 17067, Note_on_c, 0, 58, 65
1, 17082, Note_on_c, 0, 45, 0
1, 17087, Note_on_c, 0, 57, 0
1, 17089, Note_on_c, 0, 45, 0
1, 17095, Note_on_c, 0, 59, 42
1, 17109, Note_on_c, 0, 57, 16
1, 17111, Note_on_c, 0, 58, 0
1, 17123, Note_on_c, 0, 60, 58
1, 17128, Note_on_c, 0, 45, 45
1, 17232, Note_on_c, 0, 59, 0
1, 17255, Note_on_c, 0, 57, 0
1, 17279, Note_on_c, 0, 60, 0
1, 17324, Note_on_c, 0, 45, 41
1, 17340, Note_on_c, 0, 45, 0
1, 17354, Note_on_c, 0, 45, 0
1, 17426, Note_on_c, 0, 61, 62
1, 17437, Note_on_c, 0, 61, 0
1, 17452, Note_on_c, 0, 62, 36
1, 17455, Note_on_c, 0, 63, 59
1, 17464, Note_on_c, 0, 62, 0
1, 17473, Note_on_c, 0, 63, 0
1, 17479, Note_on_c, 0, 64, 66
1, 17510, Note_on_c, 0, 64, 0
1, 17517, Note_on_c, 0, 48, 56
1, 17517, Note_on_c, 0, 65, 74
1, 17521, Note_on_c, 0, 41, 43
1, 17524, Control_c, 0, 64, 0
1, 17593, Control_c, 0, 64, 127
1, 17633, Note_on_c, 0, 48, 0
1, 17644, Note_on_c, 0, 65, 0
1, 17697, Note_on_c, 0, 48, 77
1, 17741, Note_on_c, 0, 60, 85
1, 17742, Note_on_c, 0, 65, 87
1, 17742, Note_on_c, 0, 72, 82
1, 17818, Note_on_c, 0, 69, 82
1, 17824, Note_on_c, 0, 41, 0
1, 17829, Note_on_c, 0, 48, 0
1, 17833, Note_on_c, 0, 60, 0
1, 17835, Note_on_c, 0, 65, 0
1, 17845, Note_on_c, 0, 72, 0
1, 17868, Note_on_c, 0, 69, 0
1, 17912, Note_on_c, 0, 39, 71
1, 17942, Note_on_c, 0, 51, 71
1, 17942, Note_on_c, 0, 56, 92
1, 17945, Note_on_c, 0, 60, 83
1, 17945, Note_on_c, 0, 65, 83
1, 17969, Control_c, 0, 64, 0
1, 18018, Control_c, 0, 64, 127
1, 18033, Note_on_c, 0, 39, 0
1, 18035, Note_on_c, 0, 51, 0
1, 18046, Note_on_c, 0, 56, 0
1, 18054, Note_on_c, 0, 60, 0
1, 18115, Note_on_c, 0, 51, 88
1, 18142, Note_on_c, 0, 65, 0
1, 18159, Note_on_c, 0, 51, 0
1, 18159, Note_on_c, 0, 60, 93
1, 18208, Note_on_c, 0, 58, 87
1, 18212, Note_on_c, 0, 60, 0
1, 18224, Note_on_c, 0, 43, 64
1, 18254, Note_on_c, 0, 58, 0
1, 18269, Note_on_c, 0, 58, 91
1, 18271, Note_on_c, 0, 53, 85
1, 18273, Note_on_c, 0, 31, 88
1, 18277, Control_c, 0, 64, 0
1, 18286, Note_on_c, 0, 43, 0
1, 18351, Control_c, 0, 64, 127
1, 18353, Note_on_c, 0, 43, 77
1, 18354, Note_on_c, 0, 58, 0
1, 18367, Note_on_c, 0, 53, 0
1, 18435, Note_on_c, 0, 43, 83
1, 18468, Note_on_c, 0, 31, 0
1, 18500, Note_on_c, 0, 50, 81
1, 18506, Note_on_c, 0, 43, 0
1, 18555, Note_on_c, 0, 55, 71
1, 18616, Note_on_c, 0, 58, 84
1, 18635, Note_on_c, 0, 43, 0
1, 18671, Note_on_c, 0, 50, 0
1, 18691, Note_on_c, 0, 62, 88
1, 18746, Note_on_c, 0, 55, 0
1, 18753, Note_on_c, 0, 55, 58
1, 18757, Note_on_c, 0, 65, 85
1, 18764, Note_on_c, 0, 58, 0
1, 18781, Note_on_c, 0, 62, 0
1, 18784, Note_on_c, 0, 55, 0
1, 18826, Note_on_c, 0, 67, 79
1, 18832, Note_on_c, 0, 65, 0
1, 18849, Note_on_c, 0, 67, 0
1, 18868, Note_on_c, 0, 39, 69
1, 18899, Note_on_c, 0, 61, 71
1, 18900, Note_on_c, 0, 69, 77
1, 18917, Control_c, 0, 64, 0
1, 18977, Note_on_c, 0, 67, 68
1, 18984, Note_on_c, 0, 46, 61
1, 18988, Note_on_c, 0, 39, 0
1, 19007, Control_c, 0, 64, 127
1, 19041, Note_on_c, 0, 51, 53
1, 19079, Note_on_c, 0, 61, 0
1, 19081, Note_on_c, 0, 69, 0
1, 19093, Note_on_c, 0, 67, 0
1, 19102, Note_on_c, 0, 58, 62
1, 19156, Note_on_c, 0, 46, 56
1, 19220, Note_on_c, 0, 49, 44
1, 19234, Note_on_c, 0, 46, 0
1, 19265, Note_on_c, 0, 51, 0
1, 19287, Note_on_c, 0, 55, 28
1, 19310, Note_on_c, 0, 58, 0
1, 19328, Note_on_c, 0, 46, 0
1, 19360, Note_on_c, 0, 49, 0
1, 19361, Note_on_c, 0, 58, 49
1, 19431, Note_on_c, 0, 61, 45
1, 19436, Note_on_c, 0, 36, 53
1, 19439, Note_on_c, 0, 65, 60
1, 19470, Control_c, 0, 64, 0
1, 19517, Note_on_c, 0, 43, 49
1, 19556, Control_c, 0, 64, 127
1, 19586, Note_on_c, 0, 55, 0
1, 19593, Note_on_c, 0, 58, 0
1, 19600, Note_on_c, 0, 48, 42
1, 19610, Note_on_c, 0, 61, 0
1, 19676, Note_on_c, 0, 36, 0
1, 19682, Note_on_c, 0, 52, 54
1, 19684, Note_on_c, 0, 65, 0
1, 19685, Note_on_c, 0, 43, 0
1, 19725, Note_on_c, 0, 48, 0
1, 19778, Note_on_c, 0, 55, 51
1, 19793, Note_on_c, 0, 58, 36
1, 19796, Note_on_c, 0, 61, 43
1, 19797, Note_on_c, 0, 64, 48
1, 19862, Note_on_c, 0, 52, 0
1, 19883, Note_on_c, 0, 55, 0
1, 19914, Note_on_c, 0, 58, 47
1, 19942, Note_on_c, 0, 58, 0
1, 20019, Note_on_c, 0, 55, 46
1, 20041, Note_on_c, 0, 61, 0
1, 20058, Note_on_c, 0, 64, 0
1, 20082, Note_on_c, 0, 58, 0
1, 20235, Note_on_c, 0, 69, 78
1, 20244, Note_on_c, 0, 55, 0
1, 20274, Note_on_c, 0, 69, 0
1, 20360, Note_on_c, 0, 57, 69
1, 20381, Note_on_c, 0, 60, 53
1, 20398, Note_on_c, 0, 67, 56
1, 20450, Note_on_c, 0, 57, 0
1, 20453, Control_c, 0, 64, 0
1, 20456, Note_on_c, 0, 65, 68
1, 20519, Note_on_c, 0, 41, 57
1, 20565, Control_c, 0, 64, 127
1, 20580, Note_on_c, 0, 48, 62
1, 20639, Note_on_c, 0, 53, 66
1, 20644, Note_on_c, 0, 60, 0
1, 20683, Note_on_c, 0, 67, 0
1, 20692, Note_on_c, 0, 57, 97
1, 20740, Note_on_c, 0, 65, 0
1, 20749, Note_on_c, 0, 60, 80
1, 20753, Note_on_c, 0, 41, 0
1, 20770, Note_on_c, 0, 48, 0
1, 20785, Note_on_c, 0, 53, 0
1, 20810, Note_on_c, 0, 57, 0
1, 20810, Note_on_c, 0, 65, 77
1, 20817, Note_on_c, 0, 60, 0
1, 20828, Note_on_c, 0, 39, 77
1, 20848, Note_on_c, 0, 46, 62
1, 20856, Note_on_c, 0, 65, 0
1, 20863, Note_on_c, 0, 51, 70
1, 20869, Note_on_c, 0, 55, 91
1, 20871, Note_on_c, 0, 63, 87
1, 20872, Note_on_c, 0, 67, 81
1, 20879, Control_c, 0, 64, 0
1, 20940, Note_on_c, 0, 65, 83
1, 20945, Note_on_c, 0, 39, 0
1, 20947, Note_on_c, 0, 46, 0
1, 20960, Control_c, 0, 64, 127
1, 20985, Note_on_c, 0, 51, 0
1, 20986, Note_on_c, 0, 55, 0
1, 21013, Note_on_c, 0, 65, 85
1, 21058, Note_on_c, 0, 63, 0
1, 21073, Note_on_c, 0, 67, 0
1, 21077, Note_on_c, 0, 63, 81
1, 21083, Note_on_c, 0, 65, 0
1, 21088, Note_on_c, 0, 65, 0
1, 21095, Note_on_c, 0, 63, 0
1, 21116, Note_on_c, 0, 37, 71
1, 21147, Note_on_c, 0, 44, 56
1, 21159, Note_on_c, 0, 56, 85
1, 21160, Note_on_c, 0, 53, 69
1, 21160, Note_on_c, 0, 63, 77
1, 21161, Note_on_c, 0, 49, 58
1, 21169, Control_c, 0, 64, 0
1, 21233, Note_on_c, 0, 61, 76
1, 21239, Note_on_c, 0, 37, 0
1, 21248, Control_c, 0, 64, 127
1, 21269, Note_on_c, 0, 44, 0
1, 21318, Note_on_c, 0, 61, 76
1, 21348, Note_on_c, 0, 56, 0
1, 21358, Note_on_c, 0, 53, 0
1, 21373, Note_on_c, 0, 63, 0
1, 21398, Note_on_c, 0, 60, 63
1, 21439, Note_on_c, 0, 49, 0
1, 21468, Note_on_c, 0, 61, 0
1, 21491, Note_on_c, 0, 60, 64
1, 21550, Note_on_c, 0, 61, 0
1, 21564, Note_on_c, 0, 60, 0
1, 21614, Note_on_c, 0, 60, 0
1, 21618, Note_on_c, 0, 58, 71
1, 21700, Note_on_c, 0, 58, 0
1, 21819, Note_on_c, 0, 39, 45
1, 21822, Note_on_c, 0, 27, 52
1, 21828, Note_on_c, 0, 51, 42
1, 21830, Note_on_c, 0, 58, 58
1, 21834, Note_on_c, 0, 55, 63
1, 21837, Control_c, 0, 64, 0
1, 21912, Control_c, 0, 64, 127
1, 21999, Note_on_c, 0, 39, 0
1, 22051, Note_on_c, 0, 27, 0
1, 22054, Note_on_c, 0, 39, 52
1, 22067, Note_on_c, 0, 51, 0
1, 22086, Note_on_c, 0, 58, 0
1, 22132, Note_on_c, 0, 39, 59
1, 22181, Note_on_c, 0, 46, 63
1, 22210, Note_on_c, 0, 55, 0
1, 22221, Note_on_c, 0, 39, 0
1, 22221, Note_on_c, 0, 39, 0
1, 22230, Note_on_c, 0, 51, 76
1, 22263, Note_on_c, 0, 46, 0
1, 22266, Note_on_c, 0, 55, 66
1, 22267, Note_on_c, 0, 51, 0
1, 22294, Note_on_c, 0, 55, 0
1, 22311, Note_on_c, 0, 51, 21
1, 22347, Note_on_c, 0, 55, 61
1, 22422, Note_on_c, 0, 51, 0
1, 22428, Note_on_c, 0, 63, 68
1, 22437, Note_on_c, 0, 55, 0
1, 22473, Note_on_c, 0, 63, 0
1, 22481, Note_on_c, 0, 67, 51
1, 22524, Note_on_c, 0, 67, 0
1, 22550, Note_on_c, 0, 70, 62
1, 22559, Note_on_c, 0, 70, 0
1, 22605, Note_on_c, 0, 53, 57
1, 22645, Note_on_c, 0, 53, 0
1, 22652, Note_on_c, 0, 46, 70
1, 22654, Note_on_c, 0, 77, 62
1, 22660, Note_on_c, 0, 78, 92
1, 22669, Note_on_c, 0, 46, 0
1, 22669, Control_c, 0, 64, 0
1, 22671, Note_on_c, 0, 79, 79
1, 22677, Note_on_c, 0, 77, 0
1, 22726, Note_on_c, 0, 78, 0
1, 22727, Note_on_c, 0, 50, 69
1, 22729, Note_on_c, 0, 82, 92
1, 22781, Control_c, 0, 64, 127
1, 22789, Note_on_c, 0, 53, 56
1, 22811, Note_on_c, 0, 79, 0
1, 22819, Note_on_c, 0, 50, 0
1, 22824, Note_on_c, 0, 82, 0
1, 22828, Note_on_c, 0, 55, 66
1, 22836, Note_on_c, 0, 53, 0
1, 22875, Note_on_c, 0, 58, 76
1, 22905, Note_on_c, 0, 55, 0
1, 22912, Note_on_c, 0, 62, 65
1, 22934, Note_on_c, 0, 65, 63
1, 22961, Note_on_c, 0, 67, 69
1, 22990, Note_on_c, 0, 58, 0
1, 22994, Note_on_c, 0, 69, 52
1, 23015, Note_on_c, 0, 74, 69
1, 23017, Note_on_c, 0, 62, 0
1, 23036, Note_on_c, 0, 65, 0
1, 23041, Note_on_c, 0, 77, 54
1, 23049, Note_on_c, 0, 67, 0
1, 23074, Note_on_c, 0, 81, 46
1, 23088, Note_on_c, 0, 67, 49
1, 23090, Note_on_c, 0, 86, 54
1, 23091, Note_on_c, 0, 69, 0
1, 23105, Note_on_c, 0, 74, 0
1, 23109, Note_on_c, 0, 77, 0
1, 23112, Note_on_c, 0, 81, 0
1, 23118, Note_on_c, 0, 67, 0
1, 23135, Note_on_c, 0, 93, 84
1, 23136, Note_on_c, 0, 86, 0
1, 23144, Note_on_c, 0, 93, 0
1, 23152, Note_on_c, 0, 98, 80
1, 23163, Note_on_c, 0, 101, 78
1, 23169, Note_on_c, 0, 98, 0
1, 23183, Note_on_c, 0, 105, 91
1, 23184, Note_on_c, 0, 101, 0
1, 23193, Note_on_c, 0, 105, 0
1, 23245, Note_on_c, 0, 45, 84
1, 23247, Note_on_c, 0, 53, 94
1, 23275, Control_c, 0, 64, 0
1, 23310, Note_on_c, 0, 45, 0
1, 23313, Control_c, 0, 64, 127
1, 23320, Note_on_c, 0, 53, 0
1, 23344, Note_on_c, 0, 77, 95
1, 23345, Note_on_c, 0, 72, 94
1, 23346, Note_on_c, 0, 84, 97
1, 23368, Note_on_c, 0, 77, 0
1, 23371, Note_on_c, 0, 72, 0
1, 23377, Note_on_c, 0, 84, 0
1, 23391, Note_on_c, 0, 60, 82
1, 23406, Note_on_c, 0, 60, 0
1, 23443, Note_on_c, 0, 72, 91
1, 23443, Note_on_c, 0, 81, 95
1, 23444, Note_on_c, 0, 77, 92
1, 23458, Note_on_c, 0, 72, 0
1, 23459, Note_on_c, 0, 81, 0
1, 23460, Note_on_c, 0, 77, 0
1, 23496, Note_on_c, 0, 55, 60
1, 23497, Note_on_c, 0, 53, 64
1, 23504, Note_on_c, 0, 55, 0
1, 23527, Note_on_c, 0, 53, 0
1, 23538, Note_on_c, 0, 44, 79
1, 23545, Note_on_c, 0, 68, 90
1, 23546, Note_on_c, 0, 77, 79
1, 23546, Note_on_c, 0, 72, 85
1, 23552, Control_c, 0, 64, 0
1, 23595, Control_c, 0, 64, 127
1, 23603, Note_on_c, 0, 44, 0
1, 23607, Note_on_c, 0, 68, 0
1, 23619, Note_on_c, 0, 53, 66
1, 23622, Note_on_c, 0, 77, 0
1, 23658, Note_on_c, 0, 72, 0
1, 23669, Note_on_c, 0, 65, 86
1, 23670, Note_on_c, 0, 72, 79
1, 23710, Note_on_c, 0, 53, 76
1, 23718, Note_on_c, 0, 53, 0
1, 23734, Note_on_c, 0, 65, 0
1, 23737, Note_on_c, 0, 70, 89
1, 23740, Note_on_c, 0, 65, 79
1, 23752, Note_on_c, 0, 72, 0
1, 23760, Note_on_c, 0, 50, 75
1, 23761, Note_on_c, 0, 53, 0
1, 23782, Note_on_c, 0, 70, 0
1, 23789, Note_on_c, 0, 65, 0
1, 23801, Note_on_c, 0, 50, 0
1, 23802, Note_on_c, 0, 43, 80
1, 23805, Note_on_c, 0, 70, 86
1, 23806, Note_on_c, 0, 65, 87
1, 23811, Control_c, 0, 64, 0
1, 23848, Note_on_c, 0, 46, 65
1, 23864, Control_c, 0, 64, 127
1, 23877, Note_on_c, 0, 50, 68
1, 23891, Note_on_c, 0, 43, 0
1, 23899, Note_on_c, 0, 70, 0
1, 23901, Note_on_c, 0, 65, 0
1, 23949, Note_on_c, 0, 53, 69
1, 23976, Note_on_c, 0, 55, 61
1, 24001, Note_on_c, 0, 58, 70
1, 24017, Note_on_c, 0, 46, 0
1, 24026, Note_on_c, 0, 62, 55
1, 24052, Note_on_c, 0, 50, 0
1, 24054, Note_on_c, 0, 65, 60
1, 24080, Note_on_c, 0, 67, 48
1, 24084, Note_on_c, 0, 53, 0
1, 24092, Note_on_c, 0, 55, 0
1, 24115, Note_on_c, 0, 70, 59
1, 24130, Note_on_c, 0, 58, 0
1, 24162, Note_on_c, 0, 77, 50
1, 24195, Note_on_c, 0, 62, 0
1, 24196, Note_on_c, 0, 79, 47
1, 24209, Note_on_c, 0, 65, 0
1, 24221, Note_on_c, 0, 82, 62
1, 24229, Note_on_c, 0, 67, 0
1, 24265, Note_on_c, 0, 89, 66
1, 24305, Note_on_c, 0, 91, 74
1, 24314, Note_on_c, 0, 70, 0
1, 24331, Note_on_c, 0, 77, 0
1, 24335, Note_on_c, 0, 79, 0
1, 24366, Note_on_c, 0, 94, 48
1, 24383, Note_on_c, 0, 82, 0
1, 24399, Note_on_c, 0, 89, 0
1, 24435, Note_on_c, 0, 58, 52
1, 24526, Note_on_c, 0, 62, 51
1, 24607, Note_on_c, 0, 65, 67
1, 24611, Note_on_c, 0, 77, 38
1, 24617, Note_on_c, 0, 91, 0
1, 24622, Note_on_c, 0, 94, 0
1, 24655, Note_on_c, 0, 77, 73
1, 24656, Note_on_c, 0, 65, 61
1, 24664, Note_on_c, 0, 58, 0
1, 24665, Note_on_c, 0, 62, 0
1, 24715, Note_on_c, 0, 81, 84
1, 24715, Note_on_c, 0, 69, 87
1, 24729, Note_on_c, 0, 65, 0
1, 24732, Note_on_c, 0, 77, 0
1, 24745, Note_on_c, 0, 77, 0
1, 24760, Note_on_c, 0, 65, 0
1, 24786, Note_on_c, 0, 58, 74
1, 24813, Note_on_c, 0, 81, 0
1, 24814, Note_on_c, 0, 69, 0
1, 24818, Note_on_c, 0, 58, 0
1, 24847, Note_on_c, 0, 84, 71
1, 24847, Note_on_c, 0, 72, 68
1, 24848, Note_on_c, 0, 81, 77
1, 24857, Note_on_c, 0, 84, 0
1, 24865, Note_on_c, 0, 72, 0
1, 24868, Note_on_c, 0, 81, 0
1, 24915, Note_on_c, 0, 39, 70
1, 24960, Note_on_c, 0, 39, 0
1, 24983, Note_on_c, 0, 39, 85
1, 24984, Note_on_c, 0, 27, 81
1, 24986, Note_on_c, 0, 67, 82
1, 24986, Note_on_c, 0, 79, 82
1, 24988, Note_on_c, 0, 73, 89
1, 24999, Control_c, 0, 64, 0
1, 25056, Control_c, 0, 64, 127
1, 25060, Note_on_c, 0, 39, 0
1, 25074, Note_on_c, 0, 27, 0
1, 25164, Note_on_c, 0, 39, 60
1, 25222, Note_on_c, 0, 46, 65
1, 25256, Note_on_c, 0, 67, 0
1, 25263, Note_on_c, 0, 79, 0
1, 25265, Note_on_c, 0, 51, 72
1, 25273, Note_on_c, 0, 73, 0
1, 25317, Note_on_c, 0, 51, 71
1, 25364, Note_on_c, 0, 55, 55
1, 25397, Note_on_c, 0, 58, 69
1, 25422, Note_on_c, 0, 39, 0
1, 25422, Note_on_c, 0, 61, 72
1, 25425, Note_on_c, 0, 46, 0
1, 25427, Note_on_c, 0, 51, 0
1, 25466, Note_on_c, 0, 67, 65
1, 25504, Note_on_c, 0, 70, 68
1, 25536, Note_on_c, 0, 51, 0
1, 25549, Note_on_c, 0, 73, 57
1, 25575, Note_on_c, 0, 55, 0
1, 25603, Note_on_c, 0, 79, 70
1, 25610, Note_on_c, 0, 58, 0
1, 25668, Note_on_c, 0, 61, 0
1, 25689, Note_on_c, 0, 61, 65
1, 25737, Note_on_c, 0, 67, 0
1, 25738, Note_on_c, 0, 73, 91
1, 25741, Note_on_c, 0, 67, 10
1, 25745, Note_on_c, 0, 74, 87
1, 25747, Note_on_c, 0, 70, 0
1, 25792, Note_on_c, 0, 73, 0
1, 25794, Note_on_c, 0, 77, 62
1, 25818, Note_on_c, 0, 79, 0
1, 25830, Note_on_c, 0, 61, 0
1, 25847, Note_on_c, 0, 81, 90
1, 25851, Note_on_c, 0, 73, 0
1, 25900, Note_on_c, 0, 67, 0
1, 25906, Note_on_c, 0, 61, 51
1, 25937, Note_on_c, 0, 74, 0
1, 25967, Note_on_c, 0, 58, 70
1, 25978, Note_on_c, 0, 77, 0
1, 25986, Note_on_c, 0, 81, 0
1, 25998, Note_on_c, 0, 61, 0
1, 26041, Note_on_c, 0, 58, 0
1, 26044, Note_on_c, 0, 79, 48
1, 26053, Note_on_c, 0, 79, 0
1, 26112, Note_on_c, 0, 33, 77
1, 26120, Note_on_c, 0, 77, 55
1, 26121, Note_on_c, 0, 69, 63
1, 26122, Note_on_c, 0, 72, 65
1, 26138, Control_c, 0, 64, 0
1, 26183, Note_on_c, 0, 33, 0
1, 26187, Control_c, 0, 64, 127
1, 26190, Note_on_c, 0, 45, 46
1, 26200, Note_on_c, 0, 77, 0
1, 26256, Note_on_c, 0, 45, 43
1, 26258, Note_on_c, 0, 47, 45
1, 26284, Note_on_c, 0, 69, 0
1, 26290, Note_on_c, 0, 72, 0
1, 26293, Note_on_c, 0, 45, 0
1, 26297, Note_on_c, 0, 45, 0
1, 26303, Note_on_c, 0, 48, 73
1, 26354, Note_on_c, 0, 53, 62
1, 26398, Note_on_c, 0, 47, 0
1, 26403, Note_on_c, 0, 57, 74
1, 26434, Note_on_c, 0, 48, 0
1, 26434, Note_on_c, 0, 53, 0
1, 26457, Note_on_c, 0, 60, 61
1, 26511, Note_on_c, 0, 65, 74
1, 26513, Note_on_c, 0, 57, 0
1, 26519, Note_on_c, 0, 60, 0
1, 26553, Note_on_c, 0, 41, 69
1, 26599, Note_on_c, 0, 57, 88
1, 26601, Note_on_c, 0, 65, 0
1, 26602, Note_on_c, 0, 60, 75
1, 26606, Note_on_c, 0, 29, 82
1, 26621, Control_c, 0, 64, 0
1, 26669, Control_c, 0, 64, 127
1, 26676, Note_on_c, 0, 41, 71
1, 26678, Note_on_c, 0, 41, 0
1, 26692, Note_on_c, 0, 57, 0
1, 26715, Note_on_c, 0, 53, 71
1, 26740, Note_on_c, 0, 60, 0
1, 26748, Note_on_c, 0, 29, 0
1, 26750, Note_on_c, 0, 41, 0
1, 26752, Note_on_c, 0, 41, 70
1, 26786, Note_on_c, 0, 48, 78
1, 26805, Note_on_c, 0, 53, 0
1, 26814, Note_on_c, 0, 53, 70
1, 26832, Note_on_c, 0, 41, 0
1, 26842, Note_on_c, 0, 48, 0
1, 26842, Note_on_c, 0, 57, 85
1, 26846, Note_on_c, 0, 53, 0
1, 26894, Note_on_c, 0, 58, 86
1, 26922, Note_on_c, 0, 57, 0
1, 26926, Note_on_c, 0, 58, 0
1, 26931, Note_on_c, 0, 59, 62
1, 26958, Note_on_c, 0, 60, 77
1, 26960, Note_on_c, 0, 33, 82
1, 26960, Note_on_c, 0, 45, 82
1, 26961, Note_on_c, 0, 59, 0
1, 26965, Control_c, 0, 64, 0
1, 27019, Control_c, 0, 64, 127
1, 27021, Note_on_c, 0, 60, 0
1, 27034, Note_on_c, 0, 33, 0
1, 27056, Note_on_c, 0, 57, 74
1, 27112, Note_on_c, 0, 45, 85
1, 27155, Note_on_c, 0, 48, 82
1, 27156, Note_on_c, 0, 45, 0
1, 27214, Note_on_c, 0, 57, 0
1, 27223, Note_on_c, 0, 53, 45
1, 27255, Note_on_c, 0, 45, 0
1, 27266, Note_on_c, 0, 48, 0
1, 27272, Note_on_c, 0, 53, 0
1, 27294, Note_on_c, 0, 53, 48
1, 27342, Note_on_c, 0, 53, 0
1, 27355, Note_on_c, 0, 46, 77
1, 27359, Note_on_c, 0, 67, 83
1, 27359, Note_on_c, 0, 79, 80
1, 27374, Control_c, 0, 64, 0
1, 27407, Note_on_c, 0, 46, 0
1, 27410, Note_on_c, 0, 67, 0
1, 27411, Control_c, 0, 64, 127
1, 27415, Note_on_c, 0, 50, 62
1, 27467, Note_on_c, 0, 70, 84
1, 27468, Note_on_c, 0, 77, 71
1, 27470, Note_on_c, 0, 74, 74
1, 27470, Note_on_c, 0, 82, 63
1, 27473, Note_on_c, 0, 53, 48
1, 27533, Note_on_c, 0, 79, 0
1, 27537, Note_on_c, 0, 50, 0
1, 27537, Note_on_c, 0, 55, 66
1, 27538, Note_on_c, 0, 70, 0
1, 27540, Note_on_c, 0, 77, 0
1, 27552, Note_on_c, 0, 74, 0
1, 27588, Note_on_c, 0, 70, 51
1, 27607, Note_on_c, 0, 58, 68
1, 27638, Note_on_c, 0, 62, 71
1, 27660, Note_on_c, 0, 65, 67
1, 27664, Note_on_c, 0, 82, 0
1, 27682, Note_on_c, 0, 67, 63
1, 27684, Note_on_c, 0, 53, 0
1, 27698, Note_on_c, 0, 55, 0
1, 27698, Note_on_c, 0, 70, 72
1, 27719, Note_on_c, 0, 74, 69
1, 27731, Note_on_c, 0, 70, 0
1, 27731, Note_on_c, 0, 58, 0
1, 27737, Note_on_c, 0, 62, 0
1, 27747, Note_on_c, 0, 65, 0
1, 27772, Note_on_c, 0, 82, 74
1, 27787, Note_on_c, 0, 85, 42
1, 27795, Note_on_c, 0, 67, 0
1, 27796, Note_on_c, 0, 70, 0
1, 27798, Note_on_c, 0, 86, 61
1, 27807, Note_on_c, 0, 74, 0
1, 27811, Note_on_c, 0, 67, 62
1, 27832, Note_on_c, 0, 82, 0
1, 27832, Note_on_c, 0, 85, 0
1, 27839, Note_on_c, 0, 86, 0
1, 27840, Note_on_c, 0, 94, 60
1, 27854, Note_on_c, 0, 67, 0
1, 27866, Note_on_c, 0, 98, 69
1, 27883, Note_on_c, 0, 94, 0
1, 27883, Note_on_c, 0, 101, 66
1, 27888, Note_on_c, 0, 98, 0
1, 27898, Note_on_c, 0, 106, 81
1, 27902, Note_on_c, 0, 101, 0
1, 27911, Note_on_c, 0, 106, 0
1, 27966, Note_on_c, 0, 45, 83
1, 27968, Note_on_c, 0, 53, 95
1, 28001, Control_c, 0, 64, 0
1, 28040, Note_on_c, 0, 72, 94
1, 28040, Note_on_c, 0, 77, 98
1, 28042, Note_on_c, 0, 84, 98
1, 28053, Control_c, 0, 64, 127
1, 28056, Note_on_c, 0, 45, 0
1, 28062, Note_on_c, 0, 53, 0
1, 28065, Note_on_c, 0, 72, 0
1, 28117, Note_on_c, 0, 89, 98
1, 28117, Note_on_c, 0, 77, 95
1, 28144, Note_on_c, 0, 77, 0
1, 28150, Note_on_c, 0, 84, 0
1, 28194, Note_on_c, 0, 72, 82
1, 28196, Note_on_c, 0, 84, 74
1, 28203, Note_on_c, 0, 89, 0
1, 28204, Note_on_c, 0, 77, 0
1, 28204, Note_on_c, 0, 72, 0
1, 28225, Note_on_c, 0, 84, 0
1, 28271, Note_on_c, 0, 44, 76
1, 28289, Note_on_c, 0, 53, 76
1, 28302, Note_on_c, 0, 67, 77
1, 28306, Note_on_c, 0, 79, 77
1, 28318, Control_c, 0, 64, 0
1, 28344, Note_on_c, 0, 44, 0
1, 28347, Control_c, 0, 64, 127
1, 28350, Note_on_c, 0, 53, 0
1, 28389, Note_on_c, 0, 65, 81
1, 28390, Note_on_c, 0, 77, 74
1, 28397, Note_on_c, 0, 67, 0
1, 28398, Note_on_c, 0, 79, 0
1, 28474, Note_on_c, 0, 62, 78
1, 28476, Note_on_c, 0, 74, 71
1, 28485, Note_on_c, 0, 65, 0
1, 28486, Note_on_c, 0, 77, 0
1, 28567, Note_on_c, 0, 60, 77
1, 28568, Note_on_c, 0, 72, 71
1, 28576, Note_on_c, 0, 62, 0
1, 28583, Note_on_c, 0, 74, 0
1, 28610, Note_on_c, 0, 60, 0
1, 28628, Note_on_c, 0, 72, 0
1, 28663, Note_on_c, 0, 58, 72
1, 28664, Note_on_c, 0, 43, 72
1, 28666, Note_on_c, 0, 62, 61
1, 28666, Note_on_c, 0, 65, 69
1, 28668, Note_on_c, 0, 70, 66
1, 28691, Control_c, 0, 64, 0
1, 28738, Note_on_c, 0, 46, 59
1, 28759, Control_c, 0, 64, 127
1, 28783, Note_on_c, 0, 58, 0
1, 28785, Note_on_c, 0, 43, 0
1, 28788, Note_on_c, 0, 62, 0
1, 28802, Note_on_c, 0, 65, 0
1, 28810, Note_on_c, 0, 50, 66
1, 28880, Note_on_c, 0, 53, 55
1, 28947, Note_on_c, 0, 70, 0
1, 28961, Note_on_c, 0, 57, 53
1, 28962, Note_on_c, 0, 69, 44
1, 28963, Note_on_c, 0, 62, 53
1, 28965, Note_on_c, 0, 65, 51
1, 28973, Note_on_c, 0, 46, 0
1, 28975, Note_on_c, 0, 50, 0
1, 28976, Note_on_c, 0, 53, 0
1, 28978, Note_on_c, 0, 57, 0
1, 29029, Note_on_c, 0, 50, 50
1, 29071, Note_on_c, 0, 69, 0
1, 29079, Note_on_c, 0, 62, 0
1, 29083, Note_on_c, 0, 62, 55
1, 29093, Note_on_c, 0, 65, 0
1, 29148, Note_on_c, 0, 50, 57
1, 29204, Note_on_c, 0, 58, 52
1, 29208, Note_on_c, 0, 62, 48
1, 29215, Note_on_c, 0, 50, 0
1, 29216, Note_on_c, 0, 62, 0
1, 29230, Note_on_c, 0, 50, 0
1, 29272, Note_on_c, 0, 50, 60
1, 29326, Note_on_c, 0, 65, 76
1, 29327, Note_on_c, 0, 77, 69
1, 29331, Note_on_c, 0, 74, 67
1, 29345, Note_on_c, 0, 58, 0
1, 29345, Note_on_c, 0, 62, 0
1, 29347, Note_on_c, 0, 50, 0
1, 29387, Note_on_c, 0, 74, 74
1, 29388, Note_on_c, 0, 77, 54
1, 29390, Note_on_c, 0, 65, 41
1, 29397, Note_on_c, 0, 65, 0
1, 29398, Note_on_c, 0, 77, 0
1, 29398, Note_on_c, 0, 74, 0
1, 29460, Note_on_c, 0, 69, 78
1, 29461, Note_on_c, 0, 81, 73
1, 29462, Note_on_c, 0, 77, 69
1, 29478, Note_on_c, 0, 74, 0
1, 29479, Note_on_c, 0, 77, 0
1, 29482, Note_on_c, 0, 65, 0
1, 29535, Note_on_c, 0, 53, 56
1, 29542, Note_on_c, 0, 69, 0
1, 29591, Note_on_c, 0, 81, 0
1, 29613, Note_on_c, 0, 50, 63
1, 29625, Note_on_c, 0, 77, 0
1, 29627, Note_on_c, 0, 84, 68
1, 29628, Note_on_c, 0, 72, 63
1, 29630, Note_on_c, 0, 81, 71
1, 29637, Note_on_c, 0, 53, 0
1, 29644, Note_on_c, 0, 50, 0
1, 29645, Note_on_c, 0, 84, 0
1, 29646, Note_on_c, 0, 72, 0
1, 29650, Note_on_c, 0, 81, 0
1, 29729, Note_on_c, 0, 39, 35
1, 29768, Note_on_c, 0, 39, 0
1, 29809, Note_on_c, 0, 67, 59
1, 29823, Note_on_c, 0, 70, 67
1, 29830, Note_on_c, 0, 73, 62
1, 29831, Note_on_c, 0, 67, 0
1, 29836, Note_on_c, 0, 39, 18
1, 29840, Note_on_c, 0, 70, 0
1, 29849, Note_on_c, 0, 79, 69
1, 29871, Control_c, 0, 64, 0
1, 29877, Note_on_c, 0, 27, 70
1, 29923, Control_c, 0, 64, 127
1, 29938, Note_on_c, 0, 73, 0
1, 29948, Note_on_c, 0, 39, 0
1, 30019, Note_on_c, 0, 39, 61
1, 30078, Note_on_c, 0, 46, 51
1, 30128, Note_on_c, 0, 79, 0
1, 30135, Note_on_c, 0, 27, 0
1, 30138, Note_on_c, 0, 51, 50
1, 30147, Note_on_c, 0, 39, 0
1, 30200, Note_on_c, 0, 51, 63
1, 30262, Note_on_c, 0, 55, 59
1, 30299, Note_on_c, 0, 46, 0
1, 30300, Note_on_c, 0, 58, 75
1, 30323, Note_on_c, 0, 51, 0
1, 30330, Note_on_c, 0, 51, 0
1, 30333, Note_on_c, 0, 61, 78
1, 30369, Note_on_c, 0, 67, 59
1, 30399, Note_on_c, 0, 70, 66
1, 30413, Note_on_c, 0, 55, 0
1, 30430, Note_on_c, 0, 58, 0
1, 30442, Note_on_c, 0, 73, 63
1, 30470, Note_on_c, 0, 61, 0
1, 30491, Note_on_c, 0, 79, 70
1, 30526, Note_on_c, 0, 67, 0
1, 30586, Note_on_c, 0, 61, 47
1, 30611, Note_on_c, 0, 70, 0
1, 30656, Note_on_c, 0, 61, 59
1, 30659, Note_on_c, 0, 73, 0
1, 30701, Note_on_c, 0, 72, 45
1, 30705, Note_on_c, 0, 73, 100
1, 30711, Note_on_c, 0, 74, 92
1, 30713, Note_on_c, 0, 79, 0
1, 30716, Note_on_c, 0, 61, 0
1, 30754, Note_on_c, 0, 77, 71
1, 30755, Note_on_c, 0, 61, 0
1, 30783, Note_on_c, 0, 72, 0
1, 30796, Note_on_c, 0, 79, 71
1, 30814, Note_on_c, 0, 73, 0
1, 30840, Note_on_c, 0, 81, 90
1, 30857, Note_on_c, 0, 74, 0
1, 30866, Note_on_c, 0, 77, 0
1, 30876, Note_on_c, 0, 51, 76
1, 30882, Note_on_c, 0, 79, 0
1, 30906, Control_c, 0, 64, 0
1, 30923, Note_on_c, 0, 55, 69
1, 30958, Note_on_c, 0, 58, 78
1, 30962, Control_c, 0, 64, 127
1, 30977, Note_on_c, 0, 61, 77
1, 30982, Note_on_c, 0, 81, 0
1, 31010, Note_on_c, 0, 70, 91
1, 31022, Note_on_c, 0, 51, 0
1, 31038, Note_on_c, 0, 55, 0
1, 31039, Note_on_c, 0, 58, 0
1, 31053, Note_on_c, 0, 74, 77
1, 31055, Note_on_c, 0, 61, 0
1, 31059, Note_on_c, 0, 70, 0
1, 31098, Note_on_c, 0, 77, 66
1, 31104, Note_on_c, 0, 74, 0
1, 31130, Note_on_c, 0, 79, 62
1, 31135, Note_on_c, 0, 77, 0
1, 31140, Note_on_c, 0, 79, 0
1, 31156, Note_on_c, 0, 40, 75
1, 31186, Note_on_c, 0, 40, 0
1, 31192, Note_on_c, 0, 28, 86
1, 31197, Note_on_c, 0, 79, 91
1, 31214, Control_c, 0, 64, 0
1, 31250, Note_on_c, 0, 28, 0
1, 31251, Note_on_c, 0, 40, 81
1, 31257, Control_c, 0, 64, 127
1, 31259, Note_on_c, 0, 79, 0
1, 31303, Note_on_c, 0, 40, 79
1, 31305, Note_on_c, 0, 40, 0
1, 31340, Note_on_c, 0, 43, 71
1, 31348, Note_on_c, 0, 44, 31
1, 31359, Note_on_c, 0, 40, 0
1, 31362, Note_on_c, 0, 46, 70
1, 31380, Note_on_c, 0, 43, 0
1, 31382, Note_on_c, 0, 50, 82
1, 31386, Note_on_c, 0, 44, 0
1, 31394, Note_on_c, 0, 46, 0
1, 31401, Note_on_c, 0, 50, 0
1, 31414, Note_on_c, 0, 52, 65
1, 31431, Note_on_c, 0, 55, 58
1, 31435, Note_on_c, 0, 52, 0
1, 31448, Note_on_c, 0, 58, 83
1, 31453, Note_on_c, 0, 55, 0
1, 31458, Note_on_c, 0, 58, 0
1, 31464, Note_on_c, 0, 59, 47
1, 31465, Note_on_c, 0, 52, 67
1, 31472, Note_on_c, 0, 59, 0
1, 31480, Note_on_c, 0, 55, 64
1, 31509, Note_on_c, 0, 58, 76
1, 31519, Note_on_c, 0, 62, 69
1, 31531, Note_on_c, 0, 64, 59
1, 31546, Note_on_c, 0, 67, 60
1, 31556, Note_on_c, 0, 52, 0
1, 31561, Note_on_c, 0, 55, 0
1, 31570, Note_on_c, 0, 70, 70
1, 31572, Note_on_c, 0, 58, 0
1, 31573, Note_on_c, 0, 62, 0
1, 31585, Note_on_c, 0, 64, 0
1, 31586, Note_on_c, 0, 67, 0
1, 31588, Note_on_c, 0, 70, 0
1, 31609, Note_on_c, 0, 71, 73
1, 31630, Note_on_c, 0, 71, 0
1, 31633, Note_on_c, 0, 74, 58
1, 31644, Note_on_c, 0, 74, 0
1, 31654, Note_on_c, 0, 79, 51
1, 31663, Note_on_c, 0, 79, 0
1, 31687, Note_on_c, 0, 40, 75
1, 31718, Note_on_c, 0, 40, 0
1, 31728, Note_on_c, 0, 45, 97
1, 31730, Note_on_c, 0, 33, 100
1, 31735, Note_on_c, 0, 40, 52
1, 31755, Control_c, 0, 64, 0
1, 31788, Note_on_c, 0, 45, 0
1, 31797, Control_c, 0, 64, 127
1, 31800, Note_on_c, 0, 33, 0
1, 31819, Note_on_c, 0, 40, 0
1, 31859, Note_on_c, 0, 73, 96
1, 31860, Note_on_c, 0, 67, 100
1, 31861, Note_on_c, 0, 77, 92
1, 31933, Note_on_c, 0, 73, 0
1, 31941, Note_on_c, 0, 67, 0
1, 31951, Note_on_c, 0, 77, 0
1, 31963, Note_on_c, 0, 67, 82
1, 31964, Note_on_c, 0, 76, 82
1, 31976, Note_on_c, 0, 67, 0
1, 31988, Note_on_c, 0, 76, 0
1, 32005, Note_on_c, 0, 57, 82
1, 32047, Note_on_c, 0, 61, 81
1, 32062, Note_on_c, 0, 77, 94
1, 32063, Note_on_c, 0, 89, 95
1, 32064, Note_on_c, 0, 85, 96
1, 32087, Note_on_c, 0, 57, 0
1, 32089, Note_on_c, 0, 61, 0
1, 32097, Note_on_c, 0, 77, 0
1, 32100, Note_on_c, 0, 64, 61
1, 32129, Note_on_c, 0, 67, 62
1, 32161, Note_on_c, 0, 88, 77
1, 32163, Note_on_c, 0, 76, 84
1, 32167, Note_on_c, 0, 89, 0
1, 32167, Note_on_c, 0, 85, 0
1, 32169, Note_on_c, 0, 64, 0
1, 32169, Note_on_c, 0, 81, 40
1, 32170, Note_on_c, 0, 67, 0
1, 32172, Note_on_c, 0, 88, 0
1, 32242, Note_on_c, 0, 64, 44
1, 32257, Note_on_c, 0, 76, 0
1, 32261, Note_on_c, 0, 69, 117
1, 32264, Note_on_c, 0, 81, 93
1, 32274, Note_on_c, 0, 81, 0
1, 32274, Note_on_c, 0, 64, 0
1, 32278, Note_on_c, 0, 69, 0
1, 32289, Note_on_c, 0, 81, 0
1, 32318, Note_on_c, 0, 64, 79
1, 32336, Note_on_c, 0, 95, 87
1, 32339, Note_on_c, 0, 93, 98
1, 32345, Note_on_c, 0, 91, 75
1, 32350, Note_on_c, 0, 89, 93
1, 32354, Note_on_c, 0, 64, 0
1, 32354, Note_on_c, 0, 95, 0
1, 32355, Note_on_c, 0, 88, 95
1, 32359, Note_on_c, 0, 93, 0
1, 32359, Note_on_c, 0, 91, 0
1, 32360, Note_on_c, 0, 86, 92
1, 32361, Note_on_c, 0, 89, 0
1, 32364, Note_on_c, 0, 88, 0
1, 32364, Note_on_c, 0, 84, 94
1, 32368, Note_on_c, 0, 86, 0
1, 32369, Note_on_c, 0, 83, 98
1, 32373, Note_on_c, 0, 84, 0
1, 32373, Note_on_c, 0, 81, 91
1, 32377, Note_on_c, 0, 83, 0
1, 32377, Note_on_c, 0, 79, 85
1, 32381, Note_on_c, 0, 81, 0
1, 32381, Note_on_c, 0, 77, 84
1, 32385, Note_on_c, 0, 79, 0
1, 32385, Note_on_c, 0, 76, 88
1, 32388, Note_on_c, 0, 74, 92
1, 32389, Note_on_c, 0, 77, 0
1, 32392, Note_on_c, 0, 72, 90
1, 32393, Note_on_c, 0, 76, 0
1, 32396, Note_on_c, 0, 71, 88
1, 32397, Note_on_c, 0, 74, 0
1, 32400, Note_on_c, 0, 72, 0
1, 32400, Note_on_c, 0, 69, 87
1, 32404, Note_on_c, 0, 71, 0
1, 32404, Note_on_c, 0, 67, 85
1, 32408, Note_on_c, 0, 65, 91
1, 32410, Note_on_c, 0, 69, 0
1, 32412, Note_on_c, 0, 64, 95
1, 32415, Note_on_c, 0, 67, 0
1, 32416, Note_on_c, 0, 65, 0
1, 32416, Note_on_c, 0, 62, 84
1, 32420, Note_on_c, 0, 64, 0
1, 32421, Note_on_c, 0, 60, 84
1, 32424, Note_on_c, 0, 59, 93
1, 32427, Note_on_c, 0, 62, 0
1, 32428, Note_on_c, 0, 57, 98
1, 32429, Note_on_c, 0, 60, 0
1, 32432, Note_on_c, 0, 55, 97
1, 32433, Note_on_c, 0, 59, 0
1, 32436, Note_on_c, 0, 53, 97
1, 32437, Note_on_c, 0, 57, 0
1, 32440, Note_on_c, 0, 52, 94
1, 32444, Note_on_c, 0, 50, 98
1, 32447, Note_on_c, 0, 55, 0
1, 32448, Note_on_c, 0, 48, 94
1, 32450, Note_on_c, 0, 53, 0
1, 32452, Note_on_c, 0, 47, 94
1, 32457, Note_on_c, 0, 52, 0
1, 32457, Note_on_c, 0, 45, 92
1, 32459, Note_on_c, 0, 50, 0
1, 32461, Note_on_c, 0, 43, 91
1, 32463, Note_on_c, 0, 48, 0
1, 32467, Note_on_c, 0, 47, 0
1, 32467, Note_on_c, 0, 45, 0
1, 32467, Note_on_c, 0, 41, 86
1, 32473, Note_on_c, 0, 43, 0
1, 32474, Note_on_c, 0, 40, 85
1, 32476, Note_on_c, 0, 41, 0
1, 32482, Note_on_c, 0, 40, 0
1, 32482, Note_on_c, 0, 38, 56
1, 32491, Note_on_c, 0, 38, 0
1, 32527, Note_on_c, 0, 38, 107
1, 32528, Note_on_c, 0, 26, 107
1, 32536, Control_c, 0, 64, 0
1, 32594, Control_c, 0, 64, 127
1, 32623, Note_on_c, 0, 38, 0
1, 32635, Note_on_c, 0, 26, 0
1, 32735, Note_on_c, 0, 69, 114
1, 32735, Note_on_c, 0, 77, 93
1, 32737, Note_on_c, 0, 65, 92
1, 32737, Note_on_c, 0, 74, 98
1, 32788, Note_on_c, 0, 69, 0
1, 32793, Note_on_c, 0, 77, 0
1, 32797, Note_on_c, 0, 65, 0
1, 32807, Note_on_c, 0, 74, 0
1, 32811, Note_on_c, 0, 69, 61
1, 32811, Note_on_c, 0, 64, 87
1, 32813, Note_on_c, 0, 76, 74
1, 32820, Note_on_c, 0, 69, 0
1, 32823, Note_on_c, 0, 64, 0
1, 32828, Note_on_c, 0, 76, 0
1, 32883, Note_on_c, 0, 65, 95
1, 32883, Note_on_c, 0, 69, 93
1, 32884, Note_on_c, 0, 74, 91
1, 32885, Note_on_c, 0, 62, 79
1, 32952, Note_on_c, 0, 72, 77
1, 32953, Note_on_c, 0, 65, 0
1, 32953, Note_on_c, 0, 60, 83
1, 32955, Note_on_c, 0, 69, 0
1, 32957, Note_on_c, 0, 74, 0
1, 32960, Note_on_c, 0, 62, 0
1, 32961, Note_on_c, 0, 72, 0
1, 32963, Note_on_c, 0, 60, 0
1, 33031, Note_on_c, 0, 57, 87
1, 33032, Note_on_c, 0, 69, 91
1, 33033, Note_on_c, 0, 65, 91
1, 33110, Note_on_c, 0, 55, 78
1, 33111, Note_on_c, 0, 67, 80
1, 33112, Note_on_c, 0, 57, 0
1, 33115, Note_on_c, 0, 69, 0
1, 33119, Note_on_c, 0, 65, 0
1, 33119, Note_on_c, 0, 55, 0
1, 33128, Note_on_c, 0, 67, 0
1, 33186, Note_on_c, 0, 41, 64
1, 33197, Note_on_c, 0, 50, 92
1, 33198, Note_on_c, 0, 62, 92
1, 33199, Note_on_c, 0, 58, 96
1, 33200, Note_on_c, 0, 65, 87
1, 33200, Note_on_c, 0, 53, 97
1, 33223, Control_c, 0, 64, 0
1, 33367, Control_c, 0, 64, 127
1, 33392, Note_on_c, 0, 41, 0
1, 33398, Note_on_c, 0, 50, 0
1, 33402, Note_on_c, 0, 62, 0
1, 33407, Note_on_c, 0, 58, 0
1, 33423, Note_on_c, 0, 65, 0
1, 33435, Note_on_c, 0, 53, 0
1, 33610, Note_on_c, 0, 70, 89
1, 33611, Note_on_c, 0, 65, 92
1, 33612, Note_on_c, 0, 74, 86
1, 33612, Note_on_c, 0, 62, 80
1, 33703, Note_on_c, 0, 72, 74
1, 33704, Note_on_c, 0, 60, 67
1, 33706, Note_on_c, 0, 70, 0
1, 33710, Note_on_c, 0, 65, 0
1, 33716, Note_on_c, 0, 74, 0
1, 33716, Note_on_c, 0, 62, 0
1, 33717, Note_on_c, 0, 72, 0
1, 33786, Note_on_c, 0, 60, 0
1, 33792, Note_on_c, 0, 58, 65
1, 33801, Note_on_c, 0, 58, 0
1, 33844, Note_on_c, 0, 69, 71
1, 33893, Note_on_c, 0, 69, 0
1, 33893, Note_on_c, 0, 67, 72
1, 33908, Note_on_c, 0, 67, 0
1, 33925, Note_on_c, 0, 40, 56
1, 33952, Note_on_c, 0, 40, 0
1, 33962, Note_on_c, 0, 33, 69
1, 33963, Note_on_c, 0, 45, 69
1, 33965, Note_on_c, 0, 57, 80
1, 33965, Note_on_c, 0, 65, 78
1, 33967, Note_on_c, 0, 60, 76
1, 33978, Control_c, 0, 64, 0
1, 34034, Control_c, 0, 64, 127
1, 34097, Note_on_c, 0, 33, 0
1, 34110, Note_on_c, 0, 45, 0
1, 34119, Note_on_c, 0, 57, 0
1, 34160, Note_on_c, 0, 65, 0
1, 34178, Note_on_c, 0, 45, 43
1, 34192, Note_on_c, 0, 60, 0
1, 34254, Note_on_c, 0, 45, 39
1, 34273, Note_on_c, 0, 45, 0
1, 34301, Note_on_c, 0, 57, 44
1, 34310, Note_on_c, 0, 58, 66
1, 34325, Note_on_c, 0, 59, 64
1, 34327, Note_on_c, 0, 45, 0
1, 34335, Note_on_c, 0, 45, 66
1, 34347, Note_on_c, 0, 57, 0
1, 34349, Note_on_c, 0, 60, 79
1, 34361, Control_c, 0, 64, 0
1, 34399, Control_c, 0, 64, 127
1, 34456, Note_on_c, 0, 58, 0
1, 34480, Note_on_c, 0, 59, 0
1, 34481, Note_on_c, 0, 45, 0
1, 34534, Note_on_c, 0, 45, 46
1, 34545, Note_on_c, 0, 60, 0
1, 34594, Note_on_c, 0, 45, 0
1, 34597, Note_on_c, 0, 45, 49
1, 34607, Note_on_c, 0, 45, 0
1, 34650, Note_on_c, 0, 60, 29
1, 34674, Note_on_c, 0, 62, 36
1, 34684, Note_on_c, 0, 63, 67
1, 34686, Note_on_c, 0, 60, 0
1, 34691, Note_on_c, 0, 62, 0
1, 34693, Note_on_c, 0, 63, 0
1, 34701, Note_on_c, 0, 64, 63
1, 34746, Note_on_c, 0, 64, 0
1, 34754, Note_on_c, 0, 65, 73
1, 34755, Note_on_c, 0, 41, 63
1, 34757, Note_on_c, 0, 60, 63
1, 34758, Note_on_c, 0, 48, 66
1, 34759, Note_on_c, 0, 53, 64
1, 34772, Control_c, 0, 64, 0
1, 34824, Note_on_c, 0, 65, 0
1, 34831, Note_on_c, 0, 41, 0
1, 34833, Control_c, 0, 64, 127
1, 34896, Note_on_c, 0, 60, 0
1, 35066, Note_on_c, 0, 72, 93
1, 35106, Note_on_c, 0, 48, 0
1, 35108, Note_on_c, 0, 53, 0
1, 35147, Note_on_c, 0, 69, 76
1, 35150, Note_on_c, 0, 72, 0
1, 35156, Note_on_c, 0, 69, 0
1, 35201, Note_on_c, 0, 39, 69
1, 35224, Note_on_c, 0, 46, 60
1, 35245, Note_on_c, 0, 51, 68
1, 35258, Note_on_c, 0, 65, 71
1, 35259, Note_on_c, 0, 58, 67
1, 35273, Control_c, 0, 64, 0
1, 35346, Control_c, 0, 64, 127
1, 35379, Note_on_c, 0, 39, 0
1, 35386, Note_on_c, 0, 46, 0
1, 35413, Note_on_c, 0, 51, 0
1, 35449, Note_on_c, 0, 51, 74
1, 35470, Note_on_c, 0, 65, 0
1, 35472, Note_on_c, 0, 60, 93
1, 35478, Note_on_c, 0, 58, 0
1, 35485, Note_on_c, 0, 51, 0
1, 35518, Note_on_c, 0, 58, 91
1, 35520, Note_on_c, 0, 60, 0
1, 35546, Note_on_c, 0, 43, 79
1, 35557, Note_on_c, 0, 58, 0
1, 35577, Note_on_c, 0, 43, 0
1, 35578, Note_on_c, 0, 58, 81
1, 35579, Note_on_c, 0, 53, 78
1, 35583, Note_on_c, 0, 31, 87
1, 35586, Control_c, 0, 64, 0
1, 35665, Note_on_c, 0, 43, 62
1, 35670, Control_c, 0, 64, 127
1, 35682, Note_on_c, 0, 58, 0
1, 35742, Note_on_c, 0, 53, 62
1, 35755, Note_on_c, 0, 53, 0
1, 35768, Note_on_c, 0, 31, 0
1, 35817, Note_on_c, 0, 43, 65
1, 35862, Note_on_c, 0, 43, 0
1, 35875, Note_on_c, 0, 50, 80
1, 35897, Note_on_c, 0, 53, 0
1, 35922, Note_on_c, 0, 53, 77
1, 35969, Note_on_c, 0, 58, 95
1, 36016, Note_on_c, 0, 43, 0
1, 36019, Note_on_c, 0, 50, 0
1, 36044, Note_on_c, 0, 61, 97
1, 36049, Note_on_c, 0, 62, 98
1, 36053, Note_on_c, 0, 53, 0
1, 36060, Note_on_c, 0, 53, 58
1, 36086, Note_on_c, 0, 58, 0
1, 36101, Note_on_c, 0, 65, 92
1, 36115, Note_on_c, 0, 61, 0
1, 36122, Note_on_c, 0, 62, 0
1, 36130, Note_on_c, 0, 53, 0
1, 36139, Note_on_c, 0, 65, 0
1, 36149, Note_on_c, 0, 67, 82
1, 36191, Note_on_c, 0, 67, 0
1, 36200, Note_on_c, 0, 61, 76
1, 36204, Note_on_c, 0, 39, 75
1, 36205, Note_on_c, 0, 69, 80
1, 36219, Control_c, 0, 64, 0
1, 36272, Note_on_c, 0, 67, 74
1, 36275, Note_on_c, 0, 61, 0
1, 36338, Note_on_c, 0, 46, 65
1, 36345, Control_c, 0, 64, 127
1, 36383, Note_on_c, 0, 39, 0
1, 36392, Note_on_c, 0, 51, 65
1, 36394, Note_on_c, 0, 69, 0
1, 36449, Note_on_c, 0, 55, 62
1, 36507, Note_on_c, 0, 58, 68
1, 36531, Note_on_c, 0, 67, 0
1, 36565, Note_on_c, 0, 61, 66
1, 36585, Note_on_c, 0, 46, 0
1, 36630, Note_on_c, 0, 51, 0
1, 36630, Note_on_c, 0, 55, 58
1, 36638, Note_on_c, 0, 55, 0
1, 36649, Note_on_c, 0, 58, 0
1, 36662, Note_on_c, 0, 61, 0
1, 36697, Note_on_c, 0, 65, 58
1, 36697, Note_on_c, 0, 60, 60
1, 36762, Control_c, 0, 64, 0
1, 36774, Note_on_c, 0, 36, 47
1, 36838, Control_c, 0, 64, 127
1, 36845, Note_on_c, 0, 43, 52
1, 36922, Note_on_c, 0, 55, 0
1, 36930, Note_on_c, 0, 48, 59
1, 36935, Note_on_c, 0, 65, 0
1, 36959, Note_on_c, 0, 60, 0
1, 37020, Note_on_c, 0, 64, 63
1, 37031, Note_on_c, 0, 36, 0
1, 37092, Note_on_c, 0, 43, 0
1, 37110, Note_on_c, 0, 52, 48
1, 37111, Note_on_c, 0, 48, 0
1, 37149, Note_on_c, 0, 64, 0
1, 37244, Note_on_c, 0, 55, 39
1, 37306, Note_on_c, 0, 58, 51
1, 37328, Note_on_c, 0, 61, 58
1, 37343, Note_on_c, 0, 64, 53
1, 37346, Note_on_c, 0, 52, 0
1, 37372, Note_on_c, 0, 69, 64
1, 37383, Note_on_c, 0, 55, 0
1, 37492, Note_on_c, 0, 58, 0
1, 37505, Note_on_c, 0, 61, 0
1, 37509, Note_on_c, 0, 64, 0
1, 37549, Note_on_c, 0, 69, 0
1, 37718, Note_on_c, 0, 67, 65
1, 37780, Note_on_c, 0, 67, 0
1, 37784, Note_on_c, 0, 65, 73
1, 37822, Control_c, 0, 64, 0
1, 37852, Note_on_c, 0, 41, 53
1, 37921, Control_c, 0, 64, 127
1, 37925, Note_on_c, 0, 48, 53
1, 38009, Note_on_c, 0, 53, 32
1, 38036, Note_on_c, 0, 65, 0
1, 38256, Note_on_c, 0, 57, 67
1, 38322, Note_on_c, 0, 41, 0
1, 38327, Note_on_c, 0, 60, 62
1, 38378, Note_on_c, 0, 48, 0
1, 38394, Note_on_c, 0, 53, 0
1, 38398, Note_on_c, 0, 65, 57
1, 38403, Note_on_c, 0, 57, 0
1, 38418, Note_on_c, 0, 60, 0
1, 38460, Note_on_c, 0, 65, 0
1, 38471, Note_on_c, 0, 39, 66
1, 38482, Note_on_c, 0, 46, 68
1, 38485, Note_on_c, 0, 55, 81
1, 38485, Note_on_c, 0, 51, 67
1, 38487, Note_on_c, 0, 67, 68
1, 38487, Note_on_c, 0, 63, 77
1, 38505, Control_c, 0, 64, 0
1, 38562, Note_on_c, 0, 39, 0
1, 38563, Note_on_c, 0, 65, 77
1, 38575, Control_c, 0, 64, 127
1, 38576, Note_on_c, 0, 46, 0
1, 38577, Note_on_c, 0, 55, 0
1, 38602, Note_on_c, 0, 51, 0
1, 38634, Note_on_c, 0, 65, 92
1, 38686, Note_on_c, 0, 67, 0
1, 38690, Note_on_c, 0, 63, 0
1, 38706, Note_on_c, 0, 65, 0
1, 38706, Note_on_c, 0, 63, 89
1, 38713, Note_on_c, 0, 65, 0
1, 38723, Note_on_c, 0, 63, 0
1, 38741, Note_on_c, 0, 37, 70
1, 38771, Note_on_c, 0, 44, 56
1, 38786, Note_on_c, 0, 49, 62
1, 38792, Note_on_c, 0, 53, 81
1, 38792, Note_on_c, 0, 56, 92
1, 38793, Note_on_c, 0, 63, 85
1, 38802, Control_c, 0, 64, 0
1, 38862, Note_on_c, 0, 37, 0
1, 38871, Note_on_c, 0, 61, 76
1, 38877, Control_c, 0, 64, 127
1, 38907, Note_on_c, 0, 44, 0
1, 38954, Note_on_c, 0, 61, 77
1, 38967, Note_on_c, 0, 49, 0
1, 38967, Note_on_c, 0, 53, 0
1, 38978, Note_on_c, 0, 56, 0
1, 39031, Note_on_c, 0, 60, 82
1, 39056, Note_on_c, 0, 63, 0
1, 39076, Note_on_c, 0, 61, 0
1, 39129, Note_on_c, 0, 60, 88
1, 39146, Note_on_c, 0, 61, 0
1, 39157, Note_on_c, 0, 60, 0
1, 39237, Note_on_c, 0, 58, 80
1, 39238, Note_on_c, 0, 60, 0
1, 39271, Note_on_c, 0, 58, 0
1, 39358, Note_on_c, 0, 27, 53
1, 39364, Note_on_c, 0, 39, 50
1, 39377, Note_on_c, 0, 58, 65
1, 39378, Note_on_c, 0, 51, 57
1, 39380, Control_c, 0, 64, 0
1, 39382, Note_on_c, 0, 55, 60
1, 39463, Control_c, 0, 64, 127
1, 39658, Note_on_c, 0, 27, 0
1, 39661, Note_on_c, 0, 39, 0
1, 39666, Note_on_c, 0, 58, 0
1, 39683, Note_on_c, 0, 51, 0
1, 39687, Note_on_c, 0, 55, 0
1, 40021, Note_on_c, 0, 38, 88
1, 40021, Note_on_c, 0, 53, 97
1, 40022, Note_on_c, 0, 26, 87
1, 40023, Note_on_c, 0, 60, 85
1, 40023, Note_on_c, 0, 64, 88
1, 40027, Note_on_c, 0, 57, 97
1, 40046, Control_c, 0, 64, 0
1, 40132, Control_c, 0, 64, 127
1, 40230, Note_on_c, 0, 38, 0
1, 40249, Note_on_c, 0, 53, 0
1, 40337, Note_on_c, 0, 38, 51
1, 40382, Note_on_c, 0, 45, 54
1, 40386, Note_on_c, 0, 26, 0
1, 40413, Note_on_c, 0, 60, 0
1, 40431, Note_on_c, 0, 50, 48
1, 40434, Note_on_c, 0, 64, 0
1, 40449, Note_on_c, 0, 57, 0
1, 40450, Note_on_c, 0, 38, 0
1, 40466, Note_on_c, 0, 45, 0
1, 40469, Note_on_c, 0, 53, 58
1, 40501, Note_on_c, 0, 50, 0
1, 40512, Note_on_c, 0, 53, 0
1, 40518, Note_on_c, 0, 57, 40
1, 40533, Note_on_c, 0, 57, 0
1, 40551, Note_on_c, 0, 60, 50
1, 40584, Note_on_c, 0, 60, 0
1, 40588, Note_on_c, 0, 64, 46
1, 40601, Note_on_c, 0, 64, 0
1, 40632, Note_on_c, 0, 65, 38
1, 40676, Note_on_c, 0, 69, 42
1, 40732, Note_on_c, 0, 72, 35
1, 40782, Note_on_c, 0, 76, 51
1, 40811, Note_on_c, 0, 65, 0
1, 40824, Note_on_c, 0, 69, 0
1, 40827, Note_on_c, 0, 72, 0
1, 40832, Note_on_c, 0, 76, 0
1, 40835, Note_on_c, 0, 77, 41
1, 40892, Note_on_c, 0, 81, 56
1, 40967, Note_on_c, 0, 84, 46
1, 41075, Note_on_c, 0, 77, 0
1, 41077, Note_on_c, 0, 88, 51
1, 41079, Note_on_c, 0, 81, 0
1, 41081, Note_on_c, 0, 84, 0
1, 41104, Note_on_c, 0, 88, 0
1, 41272, Note_on_c, 0, 105, 81
1, 41288, Note_on_c, 0, 105, 0
1, 41606, Note_on_c, 0, 26, 30
1, 41772, Note_on_c, 0, 26, 0
1, 42843, Control_c, 0, 64, 0
1, 42843, End_track
2, 0, Start_track
2, 0, Title_t, "played by Bob Mace"
2, 0, End_track
0, 0, End_of_file
