0, 0, Header, 1, 6, 120
1, 0, Start_track
1, 0, Title_t, "Don't Bring Me Down - The Animals     (C) 1997 by Petar Benke"
1, 0, Title_t, "Ne rastuzuj me"
1, 0, Copyright_t, "Copyright © 1997 by Petar Benke"
1, 0, Text_t, "Gerry Gofin & Carole King\012"
1, 0, Text_t, "1966\012"
1, 0, SMPTE_offset, 96, 0, 3, 0, 0
1, 0, Time_signature, 4, 2, 24, 8
1, 0, Key_signature, 0, "major"
1, 0, Tempo, 500000
1, 0, End_track
2, 0, Start_track
2, 0, MIDI_port, 0
2, 0, Title_t, "pratnja"
2, 0, Program_c, 0, 1
2, 0, Control_c, 0, 7, 110
2, 0, Control_c, 0, 10, 64
2, 0, Note_on_c, 0, 72, 127
2, 0, Control_c, 0, 1, 0
2, 120, Note_on_c, 0, 67, 127
2, 120, Note_on_c, 0, 64, 127
2, 120, Note_on_c, 0, 60, 127
2, 360, Note_on_c, 0, 60, 0
2, 360, Note_on_c, 0, 64, 0
2, 360, Note_on_c, 0, 67, 0
2, 360, Note_on_c, 0, 60, 127
2, 360, Note_on_c, 0, 67, 127
2, 360, Note_on_c, 0, 64, 127
2, 480, Note_on_c, 0, 64, 0
2, 480, Note_on_c, 0, 72, 0
2, 480, Note_on_c, 0, 60, 0
2, 480, Note_on_c, 0, 67, 0
2, 480, Note_on_c, 0, 70, 127
2, 600, Note_on_c, 0, 62, 127
2, 600, Note_on_c, 0, 65, 127
2, 600, Note_on_c, 0, 58, 127
2, 720, Note_on_c, 0, 58, 0
2, 720, Note_on_c, 0, 70, 0
2, 720, Note_on_c, 0, 62, 0
2, 720, Note_on_c, 0, 65, 0
2, 720, Note_on_c, 0, 58, 127
2, 720, Note_on_c, 0, 62, 127
2, 720, Note_on_c, 0, 69, 127
2, 780, Note_on_c, 0, 69, 0
2, 780, Note_on_c, 0, 62, 0
2, 780, Note_on_c, 0, 58, 0
2, 780, Note_on_c, 0, 58, 127
2, 780, Note_on_c, 0, 62, 127
2, 780, Note_on_c, 0, 67, 127
2, 900, Note_on_c, 0, 67, 0
2, 900, Note_on_c, 0, 62, 0
2, 900, Note_on_c, 0, 58, 0
2, 900, Note_on_c, 0, 58, 127
2, 900, Note_on_c, 0, 62, 127
2, 900, Note_on_c, 0, 65, 127
2, 960, Note_on_c, 0, 65, 0
2, 960, Note_on_c, 0, 62, 0
2, 960, Note_on_c, 0, 58, 0
2, 960, Note_on_c, 0, 72, 127
2, 1080, Note_on_c, 0, 60, 127
2, 1080, Note_on_c, 0, 64, 127
2, 1080, Note_on_c, 0, 67, 127
2, 1320, Note_on_c, 0, 67, 0
2, 1320, Note_on_c, 0, 64, 0
2, 1320, Note_on_c, 0, 60, 0
2, 1320, Note_on_c, 0, 60, 127
2, 1320, Note_on_c, 0, 64, 127
2, 1320, Note_on_c, 0, 67, 127
2, 1440, Note_on_c, 0, 67, 0
2, 1440, Note_on_c, 0, 72, 0
2, 1440, Note_on_c, 0, 60, 0
2, 1440, Note_on_c, 0, 64, 0
2, 1440, Note_on_c, 0, 70, 127
2, 1560, Note_on_c, 0, 58, 127
2, 1560, Note_on_c, 0, 62, 127
2, 1560, Note_on_c, 0, 65, 127
2, 1680, Note_on_c, 0, 65, 0
2, 1680, Note_on_c, 0, 70, 0
2, 1680, Note_on_c, 0, 58, 0
2, 1680, Note_on_c, 0, 62, 0
2, 1680, Note_on_c, 0, 58, 127
2, 1680, Note_on_c, 0, 62, 127
2, 1680, Note_on_c, 0, 69, 127
2, 1740, Note_on_c, 0, 69, 0
2, 1740, Note_on_c, 0, 62, 0
2, 1740, Note_on_c, 0, 58, 0
2, 1740, Note_on_c, 0, 67, 127
2, 1740, Note_on_c, 0, 62, 127
2, 1740, Note_on_c, 0, 58, 127
2, 1860, Note_on_c, 0, 58, 0
2, 1860, Note_on_c, 0, 62, 0
2, 1860, Note_on_c, 0, 67, 0
2, 1860, Note_on_c, 0, 58, 127
2, 1860, Note_on_c, 0, 62, 127
2, 1860, Note_on_c, 0, 65, 127
2, 1920, Note_on_c, 0, 65, 0
2, 1920, Note_on_c, 0, 62, 0
2, 1920, Note_on_c, 0, 58, 0
2, 1980, Note_on_c, 0, 60, 127
2, 2040, Note_on_c, 0, 60, 0
2, 2040, Note_on_c, 0, 60, 127
2, 2040, Note_on_c, 0, 64, 127
2, 2100, Note_on_c, 0, 64, 0
2, 2100, Note_on_c, 0, 67, 127
2, 2160, Note_on_c, 0, 67, 0
2, 2160, Note_on_c, 0, 60, 0
2, 2160, Note_on_c, 0, 60, 127
2, 2160, Note_on_c, 0, 64, 127
2, 2160, Note_on_c, 0, 69, 127
2, 2340, Note_on_c, 0, 69, 0
2, 2340, Note_on_c, 0, 64, 0
2, 2340, Note_on_c, 0, 60, 0
2, 2340, Note_on_c, 0, 60, 127
2, 2400, Note_on_c, 0, 60, 0
2, 2400, Note_on_c, 0, 63, 127
2, 2400, Note_on_c, 0, 57, 127
2, 2460, Note_on_c, 0, 63, 0
2, 2460, Note_on_c, 0, 62, 127
2, 2580, Note_on_c, 0, 62, 0
2, 2580, Note_on_c, 0, 60, 127
2, 2760, Note_on_c, 0, 60, 0
2, 2760, Note_on_c, 0, 57, 0
2, 2940, Note_on_c, 0, 60, 127
2, 3000, Note_on_c, 0, 60, 0
2, 3000, Note_on_c, 0, 64, 127
2, 3000, Note_on_c, 0, 60, 127
2, 3060, Note_on_c, 0, 64, 0
2, 3060, Note_on_c, 0, 67, 127
2, 3120, Note_on_c, 0, 67, 0
2, 3120, Note_on_c, 0, 60, 0
2, 3120, Note_on_c, 0, 60, 127
2, 3120, Note_on_c, 0, 64, 127
2, 3120, Note_on_c, 0, 69, 127
2, 3180, Note_on_c, 0, 69, 0
2, 3180, Note_on_c, 0, 67, 127
2, 3240, Note_on_c, 0, 67, 0
2, 3240, Note_on_c, 0, 64, 0
2, 3240, Note_on_c, 0, 60, 0
2, 3360, Note_on_c, 0, 57, 127
2, 3360, Note_on_c, 0, 63, 127
2, 3420, Note_on_c, 0, 63, 0
2, 3420, Note_on_c, 0, 62, 127
2, 3540, Note_on_c, 0, 62, 0
2, 3540, Note_on_c, 0, 60, 127
2, 3720, Note_on_c, 0, 60, 0
2, 3720, Note_on_c, 0, 57, 0
2, 3900, Note_on_c, 0, 60, 127
2, 3960, Note_on_c, 0, 60, 0
2, 3960, Note_on_c, 0, 60, 127
2, 3960, Note_on_c, 0, 64, 127
2, 4020, Note_on_c, 0, 64, 0
2, 4020, Note_on_c, 0, 67, 127
2, 4080, Note_on_c, 0, 67, 0
2, 4080, Note_on_c, 0, 60, 0
2, 4080, Note_on_c, 0, 60, 127
2, 4080, Note_on_c, 0, 69, 127
2, 4081, Note_on_c, 0, 64, 127
2, 4260, Note_on_c, 0, 69, 0
2, 4260, Note_on_c, 0, 60, 0
2, 4260, Note_on_c, 0, 60, 127
2, 4261, Note_on_c, 0, 64, 0
2, 4320, Note_on_c, 0, 60, 0
2, 4320, Note_on_c, 0, 57, 127
2, 4320, Note_on_c, 0, 63, 127
2, 4380, Note_on_c, 0, 63, 0
2, 4380, Note_on_c, 0, 62, 127
2, 4500, Note_on_c, 0, 62, 0
2, 4500, Note_on_c, 0, 60, 127
2, 4680, Note_on_c, 0, 60, 0
2, 4680, Note_on_c, 0, 57, 0
2, 4860, Note_on_c, 0, 64, 127
2, 4920, Note_on_c, 0, 64, 0
2, 4920, Note_on_c, 0, 64, 127
2, 4920, Note_on_c, 0, 67, 127
2, 4980, Note_on_c, 0, 67, 0
2, 4980, Note_on_c, 0, 69, 127
2, 5040, Note_on_c, 0, 69, 0
2, 5040, Note_on_c, 0, 64, 0
2, 5040, Note_on_c, 0, 67, 127
2, 5040, Note_on_c, 0, 72, 127
2, 5040, Note_on_c, 0, 64, 127
2, 5160, Note_on_c, 0, 64, 0
2, 5160, Note_on_c, 0, 72, 0
2, 5160, Note_on_c, 0, 67, 0
2, 5160, Note_on_c, 0, 60, 127
2, 5160, Note_on_c, 0, 64, 127
2, 5160, Note_on_c, 0, 69, 127
2, 5220, Note_on_c, 0, 69, 0
2, 5220, Note_on_c, 0, 67, 127
2, 5280, Note_on_c, 0, 67, 0
2, 5280, Note_on_c, 0, 64, 0
2, 5280, Note_on_c, 0, 60, 0
2, 5280, Note_on_c, 0, 57, 127
2, 5280, Note_on_c, 0, 63, 127
2, 5340, Note_on_c, 0, 63, 0
2, 5340, Note_on_c, 0, 62, 127
2, 5460, Note_on_c, 0, 62, 0
2, 5460, Note_on_c, 0, 60, 127
2, 5640, Note_on_c, 0, 60, 0
2, 5640, Note_on_c, 0, 57, 0
2, 5880, Note_on_c, 0, 57, 127
2, 5880, Note_on_c, 0, 60, 127
2, 5880, Note_on_c, 0, 64, 127
2, 5940, Note_on_c, 0, 64, 0
2, 5940, Note_on_c, 0, 67, 127
2, 6000, Note_on_c, 0, 67, 0
2, 6000, Note_on_c, 0, 60, 0
2, 6000, Note_on_c, 0, 57, 0
2, 6000, Note_on_c, 0, 60, 127
2, 6000, Note_on_c, 0, 67, 127
2, 6000, Note_on_c, 0, 57, 127
2, 6060, Note_on_c, 0, 67, 0
2, 6060, Note_on_c, 0, 67, 127
2, 6180, Note_on_c, 0, 67, 0
2, 6180, Note_on_c, 0, 64, 127
2, 6240, Note_on_c, 0, 64, 0
2, 6240, Note_on_c, 0, 57, 0
2, 6240, Note_on_c, 0, 60, 0
2, 6240, Note_on_c, 0, 57, 127
2, 6240, Note_on_c, 0, 60, 127
2, 6240, Note_on_c, 0, 65, 127
2, 6240, Note_on_c, 0, 67, 127
2, 6360, Note_on_c, 0, 67, 0
2, 6360, Note_on_c, 0, 67, 127
2, 6420, Note_on_c, 0, 57, 0
2, 6420, Note_on_c, 0, 65, 0
2, 6420, Note_on_c, 0, 60, 0
2, 6420, Note_on_c, 0, 62, 127
2, 6420, Note_on_c, 0, 65, 127
2, 6420, Note_on_c, 0, 69, 127
2, 6480, Note_on_c, 0, 67, 0
2, 6600, Note_on_c, 0, 62, 0
2, 6600, Note_on_c, 0, 65, 0
2, 6600, Note_on_c, 0, 69, 0
2, 6900, Note_on_c, 0, 67, 127
2, 6900, Note_on_c, 0, 57, 127
2, 6900, Note_on_c, 0, 65, 127
2, 6900, Note_on_c, 0, 60, 127
2, 6960, Note_on_c, 0, 60, 0
2, 6960, Note_on_c, 0, 67, 0
2, 6960, Note_on_c, 0, 57, 0
2, 6960, Note_on_c, 0, 65, 0
2, 6960, Note_on_c, 0, 69, 127
2, 6960, Note_on_c, 0, 62, 127
2, 6960, Note_on_c, 0, 65, 127
2, 7020, Note_on_c, 0, 69, 0
2, 7020, Note_on_c, 0, 72, 127
2, 7080, Note_on_c, 0, 72, 0
2, 7080, Note_on_c, 0, 72, 127
2, 7140, Note_on_c, 0, 72, 0
2, 7140, Note_on_c, 0, 69, 127
2, 7200, Note_on_c, 0, 69, 0
2, 7200, Note_on_c, 0, 65, 0
2, 7200, Note_on_c, 0, 62, 0
2, 7200, Note_on_c, 0, 74, 127
2, 7260, Note_on_c, 0, 74, 0
2, 7260, Note_on_c, 0, 74, 127
2, 7380, Note_on_c, 0, 74, 0
2, 7380, Note_on_c, 0, 72, 127
2, 7380, Note_on_c, 0, 69, 127
2, 7380, Note_on_c, 0, 65, 127
2, 7500, Note_on_c, 0, 72, 0
2, 7500, Note_on_c, 0, 72, 127
2, 7620, Note_on_c, 0, 72, 0
2, 7620, Note_on_c, 0, 65, 0
2, 7620, Note_on_c, 0, 69, 0
2, 7620, Note_on_c, 0, 65, 127
2, 7620, Note_on_c, 0, 69, 127
2, 7680, Note_on_c, 0, 69, 0
2, 7680, Note_on_c, 0, 65, 0
2, 7680, Note_on_c, 0, 64, 127
2, 7680, Note_on_c, 0, 72, 127
2, 7680, Note_on_c, 0, 67, 127
2, 7800, Note_on_c, 0, 67, 0
2, 7800, Note_on_c, 0, 64, 0
2, 7800, Note_on_c, 0, 60, 127
2, 7800, Note_on_c, 0, 64, 127
2, 7800, Note_on_c, 0, 67, 127
2, 8040, Note_on_c, 0, 67, 0
2, 8040, Note_on_c, 0, 72, 0
2, 8040, Note_on_c, 0, 60, 0
2, 8040, Note_on_c, 0, 64, 0
2, 8040, Note_on_c, 0, 72, 127
2, 8040, Note_on_c, 0, 67, 127
2, 8040, Note_on_c, 0, 64, 127
2, 8160, Note_on_c, 0, 64, 0
2, 8160, Note_on_c, 0, 67, 0
2, 8160, Note_on_c, 0, 72, 0
2, 8160, Note_on_c, 0, 70, 127
2, 8280, Note_on_c, 0, 58, 127
2, 8280, Note_on_c, 0, 65, 127
2, 8280, Note_on_c, 0, 62, 127
2, 8400, Note_on_c, 0, 62, 0
2, 8400, Note_on_c, 0, 70, 0
2, 8400, Note_on_c, 0, 58, 0
2, 8400, Note_on_c, 0, 65, 0
2, 8400, Note_on_c, 0, 58, 127
2, 8400, Note_on_c, 0, 69, 127
2, 8400, Note_on_c, 0, 62, 127
2, 8480, Note_on_c, 0, 62, 0
2, 8480, Note_on_c, 0, 69, 0
2, 8480, Note_on_c, 0, 58, 0
2, 8480, Note_on_c, 0, 58, 127
2, 8480, Note_on_c, 0, 62, 127
2, 8480, Note_on_c, 0, 67, 127
2, 8560, Note_on_c, 0, 67, 0
2, 8560, Note_on_c, 0, 62, 0
2, 8560, Note_on_c, 0, 58, 0
2, 8560, Note_on_c, 0, 58, 127
2, 8560, Note_on_c, 0, 62, 127
2, 8560, Note_on_c, 0, 65, 127
2, 8640, Note_on_c, 0, 65, 0
2, 8640, Note_on_c, 0, 62, 0
2, 8640, Note_on_c, 0, 58, 0
2, 8640, Note_on_c, 0, 67, 127
2, 8760, Note_on_c, 0, 60, 127
2, 8760, Note_on_c, 0, 64, 127
2, 9000, Note_on_c, 0, 64, 0
2, 9000, Note_on_c, 0, 60, 0
2, 9000, Note_on_c, 0, 67, 0
2, 9000, Note_on_c, 0, 60, 127
2, 9000, Note_on_c, 0, 64, 127
2, 9120, Note_on_c, 0, 64, 0
2, 9120, Note_on_c, 0, 60, 0
2, 9240, Note_on_c, 0, 58, 127
2, 9240, Note_on_c, 0, 65, 127
2, 9240, Note_on_c, 0, 62, 127
2, 9360, Note_on_c, 0, 62, 0
2, 9360, Note_on_c, 0, 65, 0
2, 9360, Note_on_c, 0, 58, 0
2, 9360, Note_on_c, 0, 65, 127
2, 9360, Note_on_c, 0, 69, 127
2, 9360, Note_on_c, 0, 60, 127
2, 9480, Note_on_c, 0, 60, 0
2, 9480, Note_on_c, 0, 69, 0
2, 9480, Note_on_c, 0, 65, 0
2, 9480, Note_on_c, 0, 69, 127
2, 9480, Note_on_c, 0, 72, 127
2, 9480, Note_on_c, 0, 65, 127
2, 9600, Note_on_c, 0, 65, 0
2, 9600, Note_on_c, 0, 72, 0
2, 9600, Note_on_c, 0, 69, 0
2, 9600, Note_on_c, 0, 67, 127
2, 9600, Note_on_c, 0, 72, 127
2, 9600, Note_on_c, 0, 76, 127
2, 9720, Note_on_c, 0, 72, 0
2, 9720, Note_on_c, 0, 67, 0
2, 9720, Note_on_c, 0, 72, 127
2, 9720, Note_on_c, 0, 67, 127
2, 9720, Note_on_c, 0, 64, 127
2, 9960, Note_on_c, 0, 64, 0
2, 9960, Note_on_c, 0, 67, 0
2, 9960, Note_on_c, 0, 72, 0
2, 9960, Note_on_c, 0, 72, 127
2, 9960, Note_on_c, 0, 67, 127
2, 9960, Note_on_c, 0, 64, 127
2, 10080, Note_on_c, 0, 64, 0
2, 10080, Note_on_c, 0, 76, 0
2, 10080, Note_on_c, 0, 72, 0
2, 10080, Note_on_c, 0, 67, 0
2, 10080, Note_on_c, 0, 65, 127
2, 10080, Note_on_c, 0, 74, 127
2, 10080, Note_on_c, 0, 70, 127
2, 10140, Note_on_c, 0, 74, 0
2, 10140, Note_on_c, 0, 72, 127
2, 10200, Note_on_c, 0, 72, 0
2, 10200, Note_on_c, 0, 70, 0
2, 10200, Note_on_c, 0, 65, 0
2, 10200, Note_on_c, 0, 62, 127
2, 10200, Note_on_c, 0, 65, 127
2, 10320, Note_on_c, 0, 65, 0
2, 10320, Note_on_c, 0, 62, 0
2, 10320, Note_on_c, 0, 69, 127
2, 10320, Note_on_c, 0, 72, 127
2, 10400, Note_on_c, 0, 72, 0
2, 10400, Note_on_c, 0, 69, 0
2, 10400, Note_on_c, 0, 65, 127
2, 10400, Note_on_c, 0, 69, 127
2, 10480, Note_on_c, 0, 69, 0
2, 10480, Note_on_c, 0, 65, 0
2, 10480, Note_on_c, 0, 57, 127
2, 10480, Note_on_c, 0, 60, 127
2, 10480, Note_on_c, 0, 65, 127
2, 10560, Note_on_c, 0, 65, 0
2, 10560, Note_on_c, 0, 60, 0
2, 10560, Note_on_c, 0, 57, 0
2, 10560, Note_on_c, 0, 67, 127
2, 10560, Note_on_c, 0, 57, 127
2, 10560, Note_on_c, 0, 60, 127
2, 10680, Note_on_c, 0, 67, 0
2, 10680, Note_on_c, 0, 65, 127
2, 10740, Note_on_c, 0, 65, 0
2, 10740, Note_on_c, 0, 64, 127
2, 10800, Note_on_c, 0, 64, 0
2, 10800, Note_on_c, 0, 60, 0
2, 10800, Note_on_c, 0, 57, 0
2, 10800, Note_on_c, 0, 62, 127
2, 10800, Note_on_c, 0, 53, 127
2, 10800, Note_on_c, 0, 57, 127
2, 11040, Note_on_c, 0, 57, 0
2, 11040, Note_on_c, 0, 53, 0
2, 11040, Note_on_c, 0, 62, 0
2, 11040, Note_on_c, 0, 53, 127
2, 11040, Note_on_c, 0, 57, 127
2, 11040, Note_on_c, 0, 62, 127
2, 11100, Note_on_c, 0, 62, 0
2, 11100, Note_on_c, 0, 57, 0
2, 11100, Note_on_c, 0, 53, 0
2, 11100, Note_on_c, 0, 53, 127
2, 11100, Note_on_c, 0, 57, 127
2, 11100, Note_on_c, 0, 62, 127
2, 11220, Note_on_c, 0, 62, 0
2, 11220, Note_on_c, 0, 57, 0
2, 11220, Note_on_c, 0, 53, 0
2, 11220, Note_on_c, 0, 53, 127
2, 11220, Note_on_c, 0, 57, 127
2, 11220, Note_on_c, 0, 62, 127
2, 11280, Note_on_c, 0, 62, 0
2, 11280, Note_on_c, 0, 57, 0
2, 11280, Note_on_c, 0, 53, 0
2, 11280, Note_on_c, 0, 57, 127
2, 11280, Note_on_c, 0, 60, 127
2, 11280, Note_on_c, 0, 65, 127
2, 11340, Note_on_c, 0, 65, 0
2, 11340, Note_on_c, 0, 60, 0
2, 11340, Note_on_c, 0, 57, 0
2, 11340, Note_on_c, 0, 57, 127
2, 11340, Note_on_c, 0, 60, 127
2, 11340, Note_on_c, 0, 65, 127
2, 11400, Note_on_c, 0, 65, 0
2, 11400, Note_on_c, 0, 60, 0
2, 11400, Note_on_c, 0, 57, 0
2, 11400, Note_on_c, 0, 62, 127
2, 11400, Note_on_c, 0, 65, 127
2, 11400, Note_on_c, 0, 67, 127
2, 11400, Note_on_c, 0, 57, 127
2, 11520, Note_on_c, 0, 57, 0
2, 11520, Note_on_c, 0, 62, 0
2, 11520, Note_on_c, 0, 65, 0
2, 11520, Note_on_c, 0, 67, 0
2, 15480, Note_on_c, 0, 57, 127
2, 15480, Note_on_c, 0, 60, 127
2, 15480, Note_on_c, 0, 64, 127
2, 15540, Note_on_c, 0, 64, 0
2, 15540, Note_on_c, 0, 67, 127
2, 15600, Note_on_c, 0, 67, 0
2, 15600, Note_on_c, 0, 60, 0
2, 15600, Note_on_c, 0, 57, 0
2, 15600, Note_on_c, 0, 67, 127
2, 15600, Note_on_c, 0, 57, 127
2, 15600, Note_on_c, 0, 60, 127
2, 15660, Note_on_c, 0, 67, 0
2, 15660, Note_on_c, 0, 67, 127
2, 15780, Note_on_c, 0, 67, 0
2, 15780, Note_on_c, 0, 64, 127
2, 15840, Note_on_c, 0, 64, 0
2, 15840, Note_on_c, 0, 60, 0
2, 15840, Note_on_c, 0, 57, 0
2, 15840, Note_on_c, 0, 57, 127
2, 15840, Note_on_c, 0, 60, 127
2, 15840, Note_on_c, 0, 65, 127
2, 15840, Note_on_c, 0, 67, 127
2, 15960, Note_on_c, 0, 67, 0
2, 15960, Note_on_c, 0, 67, 127
2, 16020, Note_on_c, 0, 57, 0
2, 16020, Note_on_c, 0, 65, 0
2, 16020, Note_on_c, 0, 60, 0
2, 16020, Note_on_c, 0, 60, 127
2, 16020, Note_on_c, 0, 65, 127
2, 16020, Note_on_c, 0, 69, 127
2, 16080, Note_on_c, 0, 67, 0
2, 16200, Note_on_c, 0, 60, 0
2, 16200, Note_on_c, 0, 65, 0
2, 16200, Note_on_c, 0, 69, 0
2, 16440, Note_on_c, 0, 57, 127
2, 16440, Note_on_c, 0, 60, 127
2, 16440, Note_on_c, 0, 65, 127
2, 16500, Note_on_c, 0, 67, 127
2, 16560, Note_on_c, 0, 67, 0
2, 16560, Note_on_c, 0, 57, 0
2, 16560, Note_on_c, 0, 60, 0
2, 16560, Note_on_c, 0, 65, 0
2, 16560, Note_on_c, 0, 62, 127
2, 16560, Note_on_c, 0, 65, 127
2, 16560, Note_on_c, 0, 69, 127
2, 16620, Note_on_c, 0, 69, 0
2, 16620, Note_on_c, 0, 72, 127
2, 16680, Note_on_c, 0, 72, 0
2, 16680, Note_on_c, 0, 72, 127
2, 16740, Note_on_c, 0, 72, 0
2, 16740, Note_on_c, 0, 69, 127
2, 16800, Note_on_c, 0, 69, 0
2, 16800, Note_on_c, 0, 65, 0
2, 16800, Note_on_c, 0, 62, 0
2, 16800, Note_on_c, 0, 65, 127
2, 16800, Note_on_c, 0, 69, 127
2, 16800, Note_on_c, 0, 74, 127
2, 16860, Note_on_c, 0, 74, 0
2, 16860, Note_on_c, 0, 74, 127
2, 16980, Note_on_c, 0, 74, 0
2, 16980, Note_on_c, 0, 69, 0
2, 16980, Note_on_c, 0, 65, 0
2, 16980, Note_on_c, 0, 72, 127
2, 16980, Note_on_c, 0, 69, 127
2, 16980, Note_on_c, 0, 65, 127
2, 17100, Note_on_c, 0, 72, 0
2, 17100, Note_on_c, 0, 72, 127
2, 17220, Note_on_c, 0, 72, 0
2, 17220, Note_on_c, 0, 65, 0
2, 17220, Note_on_c, 0, 69, 0
2, 17220, Note_on_c, 0, 65, 127
2, 17220, Note_on_c, 0, 69, 127
2, 17280, Note_on_c, 0, 69, 0
2, 17280, Note_on_c, 0, 65, 0
2, 17280, Note_on_c, 0, 64, 127
2, 17280, Note_on_c, 0, 67, 127
2, 17280, Note_on_c, 0, 72, 127
2, 17400, Note_on_c, 0, 67, 0
2, 17400, Note_on_c, 0, 64, 0
2, 17400, Note_on_c, 0, 60, 127
2, 17400, Note_on_c, 0, 64, 127
2, 17400, Note_on_c, 0, 67, 127
2, 17640, Note_on_c, 0, 67, 0
2, 17640, Note_on_c, 0, 72, 0
2, 17640, Note_on_c, 0, 60, 0
2, 17640, Note_on_c, 0, 64, 0
2, 17640, Note_on_c, 0, 64, 127
2, 17640, Note_on_c, 0, 67, 127
2, 17640, Note_on_c, 0, 72, 127
2, 17760, Note_on_c, 0, 72, 0
2, 17760, Note_on_c, 0, 67, 0
2, 17760, Note_on_c, 0, 64, 0
2, 17760, Note_on_c, 0, 70, 127
2, 17880, Note_on_c, 0, 62, 127
2, 17880, Note_on_c, 0, 65, 127
2, 17880, Note_on_c, 0, 58, 127
2, 18000, Note_on_c, 0, 58, 0
2, 18000, Note_on_c, 0, 70, 0
2, 18000, Note_on_c, 0, 62, 0
2, 18000, Note_on_c, 0, 65, 0
2, 18000, Note_on_c, 0, 58, 127
2, 18000, Note_on_c, 0, 69, 127
2, 18000, Note_on_c, 0, 62, 127
2, 18080, Note_on_c, 0, 62, 0
2, 18080, Note_on_c, 0, 69, 0
2, 18080, Note_on_c, 0, 58, 0
2, 18080, Note_on_c, 0, 58, 127
2, 18080, Note_on_c, 0, 67, 127
2, 18080, Note_on_c, 0, 62, 127
2, 18160, Note_on_c, 0, 62, 0
2, 18160, Note_on_c, 0, 67, 0
2, 18160, Note_on_c, 0, 58, 0
2, 18160, Note_on_c, 0, 58, 127
2, 18160, Note_on_c, 0, 65, 127
2, 18160, Note_on_c, 0, 62, 127
2, 18240, Note_on_c, 0, 62, 0
2, 18240, Note_on_c, 0, 65, 0
2, 18240, Note_on_c, 0, 58, 0
2, 18240, Note_on_c, 0, 67, 127
2, 18360, Note_on_c, 0, 60, 127
2, 18360, Note_on_c, 0, 64, 127
2, 18600, Note_on_c, 0, 64, 0
2, 18600, Note_on_c, 0, 60, 0
2, 18600, Note_on_c, 0, 67, 0
2, 18600, Note_on_c, 0, 60, 127
2, 18600, Note_on_c, 0, 64, 127
2, 18720, Note_on_c, 0, 64, 0
2, 18720, Note_on_c, 0, 60, 0
2, 18840, Note_on_c, 0, 65, 127
2, 18840, Note_on_c, 0, 58, 127
2, 18840, Note_on_c, 0, 62, 127
2, 18960, Note_on_c, 0, 62, 0
2, 18960, Note_on_c, 0, 58, 0
2, 18960, Note_on_c, 0, 65, 0
2, 18960, Note_on_c, 0, 60, 127
2, 18960, Note_on_c, 0, 69, 127
2, 18960, Note_on_c, 0, 65, 127
2, 19080, Note_on_c, 0, 65, 0
2, 19080, Note_on_c, 0, 69, 0
2, 19080, Note_on_c, 0, 60, 0
2, 19080, Note_on_c, 0, 65, 127
2, 19080, Note_on_c, 0, 69, 127
2, 19080, Note_on_c, 0, 72, 127
2, 19200, Note_on_c, 0, 72, 0
2, 19200, Note_on_c, 0, 69, 0
2, 19200, Note_on_c, 0, 65, 0
2, 19200, Note_on_c, 0, 67, 127
2, 19200, Note_on_c, 0, 76, 127
2, 19200, Note_on_c, 0, 72, 127
2, 19320, Note_on_c, 0, 72, 0
2, 19320, Note_on_c, 0, 67, 0
2, 19320, Note_on_c, 0, 72, 127
2, 19320, Note_on_c, 0, 64, 127
2, 19320, Note_on_c, 0, 67, 127
2, 19560, Note_on_c, 0, 67, 0
2, 19560, Note_on_c, 0, 64, 0
2, 19560, Note_on_c, 0, 72, 0
2, 19560, Note_on_c, 0, 72, 127
2, 19560, Note_on_c, 0, 64, 127
2, 19560, Note_on_c, 0, 67, 127
2, 19680, Note_on_c, 0, 67, 0
2, 19680, Note_on_c, 0, 76, 0
2, 19680, Note_on_c, 0, 72, 0
2, 19680, Note_on_c, 0, 64, 0
2, 19680, Note_on_c, 0, 65, 127
2, 19680, Note_on_c, 0, 74, 127
2, 19680, Note_on_c, 0, 70, 127
2, 19740, Note_on_c, 0, 74, 0
2, 19740, Note_on_c, 0, 72, 127
2, 19800, Note_on_c, 0, 72, 0
2, 19800, Note_on_c, 0, 70, 0
2, 19800, Note_on_c, 0, 65, 0
2, 19800, Note_on_c, 0, 62, 127
2, 19800, Note_on_c, 0, 65, 127
2, 19920, Note_on_c, 0, 65, 0
2, 19920, Note_on_c, 0, 62, 0
2, 19920, Note_on_c, 0, 69, 127
2, 19920, Note_on_c, 0, 72, 127
2, 20000, Note_on_c, 0, 72, 0
2, 20000, Note_on_c, 0, 69, 0
2, 20000, Note_on_c, 0, 69, 127
2, 20000, Note_on_c, 0, 65, 127
2, 20080, Note_on_c, 0, 65, 0
2, 20080, Note_on_c, 0, 69, 0
2, 20080, Note_on_c, 0, 60, 127
2, 20080, Note_on_c, 0, 65, 127
2, 20160, Note_on_c, 0, 65, 0
2, 20160, Note_on_c, 0, 60, 0
2, 20160, Note_on_c, 0, 67, 127
2, 20160, Note_on_c, 0, 60, 127
2, 20160, Note_on_c, 0, 57, 127
2, 20280, Note_on_c, 0, 67, 0
2, 20280, Note_on_c, 0, 65, 127
2, 20340, Note_on_c, 0, 65, 0
2, 20340, Note_on_c, 0, 64, 127
2, 20400, Note_on_c, 0, 64, 0
2, 20400, Note_on_c, 0, 57, 0
2, 20400, Note_on_c, 0, 60, 0
2, 20400, Note_on_c, 0, 62, 127
2, 20400, Note_on_c, 0, 57, 127
2, 20400, Note_on_c, 0, 53, 127
2, 20640, Note_on_c, 0, 53, 0
2, 20640, Note_on_c, 0, 57, 0
2, 20640, Note_on_c, 0, 62, 0
2, 20640, Note_on_c, 0, 53, 127
2, 20640, Note_on_c, 0, 57, 127
2, 20640, Note_on_c, 0, 62, 127
2, 20700, Note_on_c, 0, 62, 0
2, 20700, Note_on_c, 0, 57, 0
2, 20700, Note_on_c, 0, 53, 0
2, 20700, Note_on_c, 0, 53, 127
2, 20700, Note_on_c, 0, 57, 127
2, 20700, Note_on_c, 0, 62, 127
2, 20820, Note_on_c, 0, 62, 0
2, 20820, Note_on_c, 0, 57, 0
2, 20820, Note_on_c, 0, 53, 0
2, 20820, Note_on_c, 0, 53, 127
2, 20820, Note_on_c, 0, 57, 127
2, 20820, Note_on_c, 0, 62, 127
2, 20880, Note_on_c, 0, 62, 0
2, 20880, Note_on_c, 0, 57, 0
2, 20880, Note_on_c, 0, 53, 0
2, 20880, Note_on_c, 0, 57, 127
2, 20880, Note_on_c, 0, 60, 127
2, 20880, Note_on_c, 0, 65, 127
2, 20940, Note_on_c, 0, 65, 0
2, 20940, Note_on_c, 0, 60, 0
2, 20940, Note_on_c, 0, 57, 0
2, 20940, Note_on_c, 0, 57, 127
2, 20940, Note_on_c, 0, 60, 127
2, 20940, Note_on_c, 0, 65, 127
2, 21000, Note_on_c, 0, 65, 0
2, 21000, Note_on_c, 0, 60, 0
2, 21000, Note_on_c, 0, 57, 0
2, 21000, Note_on_c, 0, 67, 127
2, 21000, Note_on_c, 0, 65, 127
2, 21000, Note_on_c, 0, 59, 127
2, 21000, Note_on_c, 0, 62, 127
2, 21120, Note_on_c, 0, 62, 0
2, 21120, Note_on_c, 0, 67, 0
2, 21120, Note_on_c, 0, 65, 0
2, 21120, Note_on_c, 0, 59, 0
2, 21120, Note_on_c, 0, 55, 127
2, 21120, Note_on_c, 0, 60, 127
2, 21120, Note_on_c, 0, 67, 127
2, 21120, Note_on_c, 0, 48, 127
2, 21600, Note_on_c, 0, 48, 0
2, 21600, Note_on_c, 0, 55, 0
2, 21600, Note_on_c, 0, 60, 0
2, 21600, Note_on_c, 0, 67, 0
2, 21600, End_track
3, 0, Start_track
3, 0, MIDI_port, 0
3, 0, Title_t, "solo 1"
3, 0, Program_c, 1, 11
3, 0, Control_c, 1, 7, 127
3, 0, Control_c, 1, 10, 30
3, 0, Control_c, 1, 1, 0
3, 1980, Note_on_c, 1, 60, 127
3, 1980, Lyric_t, "When "
3, 2040, Note_on_c, 1, 60, 0
3, 2040, Note_on_c, 1, 64, 127
3, 2040, Lyric_t, "you "
3, 2100, Note_on_c, 1, 64, 0
3, 2100, Note_on_c, 1, 67, 127
3, 2100, Lyric_t, "com"
3, 2160, Note_on_c, 1, 67, 0
3, 2160, Note_on_c, 1, 69, 127
3, 2160, Lyric_t, "plain "
3, 2340, Note_on_c, 1, 69, 0
3, 2340, Note_on_c, 1, 60, 127
3, 2340, Lyric_t, "and "
3, 2400, Note_on_c, 1, 60, 0
3, 2400, Note_on_c, 1, 63, 127
3, 2400, Lyric_t, "crit"
3, 2460, Note_on_c, 1, 63, 0
3, 2460, Note_on_c, 1, 62, 127
3, 2460, Lyric_t, "i"
3, 2580, Note_on_c, 1, 62, 0
3, 2580, Note_on_c, 1, 60, 127
3, 2580, Lyric_t, "cise "
3, 2760, Note_on_c, 1, 60, 0
3, 2940, Note_on_c, 1, 60, 127
3, 2940, Lyric_t, "I "
3, 3000, Note_on_c, 1, 60, 0
3, 3000, Note_on_c, 1, 64, 127
3, 3000, Lyric_t, "feel "
3, 3060, Note_on_c, 1, 64, 0
3, 3060, Note_on_c, 1, 67, 127
3, 3060, Lyric_t, "I'm "
3, 3120, Note_on_c, 1, 67, 0
3, 3120, Note_on_c, 1, 69, 127
3, 3120, Lyric_t, "no"
3, 3180, Note_on_c, 1, 69, 0
3, 3180, Note_on_c, 1, 67, 127
3, 3180, Lyric_t, "thing "
3, 3240, Note_on_c, 1, 67, 0
3, 3360, Note_on_c, 1, 63, 127
3, 3360, Lyric_t, "in "
3, 3420, Note_on_c, 1, 63, 0
3, 3420, Note_on_c, 1, 62, 127
3, 3420, Lyric_t, "your "
3, 3540, Note_on_c, 1, 62, 0
3, 3540, Note_on_c, 1, 60, 127
3, 3540, Lyric_t, "eyes "
3, 3720, Note_on_c, 1, 60, 0
3, 3900, Note_on_c, 1, 60, 127
3, 3900, Lyric_t, "It "
3, 3960, Note_on_c, 1, 60, 0
3, 3960, Note_on_c, 1, 64, 127
3, 3960, Lyric_t, "makes "
3, 4020, Note_on_c, 1, 64, 0
3, 4020, Note_on_c, 1, 67, 127
3, 4020, Lyric_t, "me "
3, 4080, Note_on_c, 1, 67, 0
3, 4080, Note_on_c, 1, 69, 127
3, 4080, Lyric_t, "feel "
3, 4260, Note_on_c, 1, 69, 0
3, 4260, Note_on_c, 1, 60, 127
3, 4260, Lyric_t, "like "
3, 4320, Note_on_c, 1, 60, 0
3, 4320, Note_on_c, 1, 63, 127
3, 4320, Lyric_t, "giv"
3, 4380, Note_on_c, 1, 63, 0
3, 4380, Note_on_c, 1, 62, 127
3, 4380, Lyric_t, "in' "
3, 4500, Note_on_c, 1, 62, 0
3, 4500, Note_on_c, 1, 60, 127
3, 4500, Lyric_t, "up "
3, 4680, Note_on_c, 1, 60, 0
3, 4860, Note_on_c, 1, 64, 127
3, 4860, Lyric_t, "Be"
3, 4920, Note_on_c, 1, 64, 0
3, 4920, Note_on_c, 1, 67, 127
3, 4920, Lyric_t, "cause "
3, 4980, Note_on_c, 1, 67, 0
3, 4980, Note_on_c, 1, 69, 127
3, 4980, Lyric_t, "my "
3, 5040, Note_on_c, 1, 69, 0
3, 5040, Note_on_c, 1, 72, 127
3, 5040, Lyric_t, "best "
3, 5160, Note_on_c, 1, 72, 0
3, 5160, Note_on_c, 1, 69, 127
3, 5160, Lyric_t, "just "
3, 5220, Note_on_c, 1, 69, 0
3, 5220, Note_on_c, 1, 67, 127
3, 5220, Lyric_t, "ain't "
3, 5280, Note_on_c, 1, 67, 0
3, 5280, Note_on_c, 1, 63, 127
3, 5280, Lyric_t, "good "
3, 5340, Note_on_c, 1, 63, 0
3, 5340, Note_on_c, 1, 62, 127
3, 5340, Lyric_t, "e"
3, 5460, Note_on_c, 1, 62, 0
3, 5460, Note_on_c, 1, 60, 127
3, 5460, Lyric_t, "nough "
3, 5640, Note_on_c, 1, 60, 0
3, 5880, Note_on_c, 1, 64, 127
3, 5880, Lyric_t, "Girl, "
3, 5940, Note_on_c, 1, 64, 0
3, 5940, Note_on_c, 1, 67, 127
3, 5940, Lyric_t, "I "
3, 6000, Note_on_c, 1, 67, 0
3, 6000, Note_on_c, 1, 67, 127
3, 6000, Lyric_t, "want "
3, 6060, Note_on_c, 1, 67, 0
3, 6060, Note_on_c, 1, 67, 127
3, 6060, Lyric_t, "to "
3, 6180, Note_on_c, 1, 67, 0
3, 6180, Note_on_c, 1, 64, 127
3, 6180, Lyric_t, "pro"
3, 6240, Note_on_c, 1, 64, 0
3, 6240, Note_on_c, 1, 67, 127
3, 6240, Lyric_t, "vide "
3, 6360, Note_on_c, 1, 67, 0
3, 6360, Note_on_c, 1, 67, 127
3, 6360, Lyric_t, "for "
3, 6420, Note_on_c, 1, 67, 0
3, 6420, Note_on_c, 1, 69, 127
3, 6420, Lyric_t, "you "
3, 6600, Note_on_c, 1, 69, 0
3, 6900, Note_on_c, 1, 67, 127
3, 6900, Lyric_t, "And "
3, 6960, Note_on_c, 1, 67, 0
3, 6960, Note_on_c, 1, 69, 127
3, 6960, Lyric_t, "do "
3, 7020, Note_on_c, 1, 69, 0
3, 7020, Note_on_c, 1, 72, 127
3, 7020, Lyric_t, "the "
3, 7080, Note_on_c, 1, 72, 0
3, 7080, Note_on_c, 1, 72, 127
3, 7080, Lyric_t, "things "
3, 7140, Note_on_c, 1, 72, 0
3, 7140, Note_on_c, 1, 69, 127
3, 7140, Lyric_t, "you "
3, 7200, Note_on_c, 1, 69, 0
3, 7200, Note_on_c, 1, 74, 127
3, 7200, Lyric_t, "want "
3, 7260, Note_on_c, 1, 74, 0
3, 7260, Note_on_c, 1, 74, 127
3, 7260, Lyric_t, "me "
3, 7380, Note_on_c, 1, 74, 0
3, 7380, Note_on_c, 1, 72, 127
3, 7380, Lyric_t, "to. "
3, 7500, Note_on_c, 1, 72, 0
3, 7500, Note_on_c, 1, 72, 127
3, 7500, Lyric_t, "Oh, "
3, 7620, Note_on_c, 1, 72, 0
3, 7620, Note_on_c, 1, 69, 127
3, 7620, Lyric_t, "but "
3, 7680, Note_on_c, 1, 69, 0
3, 7680, Note_on_c, 1, 72, 127
3, 7680, Lyric_t, "please "
3, 8040, Note_on_c, 1, 72, 0
3, 8040, Note_on_c, 1, 72, 127
3, 8040, Lyric_t, "Oh, "
3, 8160, Note_on_c, 1, 72, 0
3, 8160, Note_on_c, 1, 70, 127
3, 8160, Lyric_t, "don't, "
3, 8400, Note_on_c, 1, 70, 0
3, 8400, Note_on_c, 1, 69, 127
3, 8400, Lyric_t, "don't "
3, 8480, Note_on_c, 1, 69, 0
3, 8480, Note_on_c, 1, 67, 127
3, 8480, Lyric_t, "bring "
3, 8560, Note_on_c, 1, 67, 0
3, 8560, Note_on_c, 1, 65, 127
3, 8560, Lyric_t, "me "
3, 8640, Note_on_c, 1, 65, 0
3, 8640, Note_on_c, 1, 67, 127
3, 8640, Lyric_t, "down. "
3, 9000, Note_on_c, 1, 67, 0
3, 9360, Note_on_c, 1, 69, 127
3, 9360, Lyric_t, "Ba"
3, 9480, Note_on_c, 1, 69, 0
3, 9480, Note_on_c, 1, 72, 127
3, 9480, Lyric_t, "by "
3, 9600, Note_on_c, 1, 72, 0
3, 9600, Note_on_c, 1, 76, 127
3, 9600, Lyric_t, "please "
3, 10080, Note_on_c, 1, 76, 0
3, 10080, Note_on_c, 1, 74, 127
3, 10080, Lyric_t, "do"
3, 10140, Note_on_c, 1, 74, 0
3, 10140, Note_on_c, 1, 72, 127
3, 10140, Lyric_t, "n't, "
3, 10200, Note_on_c, 1, 72, 0
3, 10320, Note_on_c, 1, 72, 127
3, 10320, Lyric_t, "don't "
3, 10400, Note_on_c, 1, 72, 0
3, 10400, Note_on_c, 1, 69, 127
3, 10400, Lyric_t, "bring "
3, 10480, Note_on_c, 1, 69, 0
3, 10480, Note_on_c, 1, 65, 127
3, 10480, Lyric_t, "me "
3, 10560, Note_on_c, 1, 65, 0
3, 10560, Note_on_c, 1, 67, 127
3, 10560, Lyric_t, "d"
3, 10680, Note_on_c, 1, 67, 0
3, 10680, Note_on_c, 1, 65, 127
3, 10680, Lyric_t, "o"
3, 10740, Note_on_c, 1, 65, 0
3, 10740, Note_on_c, 1, 64, 127
3, 10740, Lyric_t, "w"
3, 10800, Note_on_c, 1, 64, 0
3, 10800, Note_on_c, 1, 62, 127
3, 10800, Lyric_t, "n. "
3, 11040, Note_on_c, 1, 62, 0
3, 15480, Note_on_c, 1, 64, 127
3, 15480, Lyric_t, "More "
3, 15540, Note_on_c, 1, 64, 0
3, 15540, Note_on_c, 1, 67, 127
3, 15540, Lyric_t, "than "
3, 15600, Note_on_c, 1, 67, 0
3, 15600, Note_on_c, 1, 67, 127
3, 15600, Lyric_t, "a"
3, 15660, Note_on_c, 1, 67, 0
3, 15660, Note_on_c, 1, 67, 127
3, 15660, Lyric_t, "ny"
3, 15720, Note_on_c, 1, 67, 0
3, 15720, Note_on_c, 1, 67, 127
3, 15720, Lyric_t, "thing "
3, 15780, Note_on_c, 1, 64, 127
3, 15780, Lyric_t, "I "
3, 15788, Note_on_c, 1, 67, 0
3, 15840, Note_on_c, 1, 64, 0
3, 15840, Note_on_c, 1, 67, 127
3, 15840, Lyric_t, "need "
3, 15960, Note_on_c, 1, 67, 0
3, 15960, Note_on_c, 1, 67, 127
3, 15960, Lyric_t, "your "
3, 16020, Note_on_c, 1, 67, 0
3, 16020, Note_on_c, 1, 69, 127
3, 16020, Lyric_t, "love "
3, 16200, Note_on_c, 1, 69, 0
3, 16500, Note_on_c, 1, 67, 127
3, 16500, Lyric_t, "Then "
3, 16560, Note_on_c, 1, 67, 0
3, 16560, Note_on_c, 1, 69, 127
3, 16560, Lyric_t, "trou"
3, 16620, Note_on_c, 1, 69, 0
3, 16620, Note_on_c, 1, 72, 127
3, 16620, Lyric_t, "bles "
3, 16680, Note_on_c, 1, 72, 0
3, 16680, Note_on_c, 1, 72, 127
3, 16680, Lyric_t, "easy "
3, 16740, Note_on_c, 1, 72, 0
3, 16740, Note_on_c, 1, 69, 127
3, 16740, Lyric_t, "to "
3, 16800, Note_on_c, 1, 69, 0
3, 16800, Note_on_c, 1, 74, 127
3, 16800, Lyric_t, "rise "
3, 16860, Note_on_c, 1, 74, 0
3, 16860, Note_on_c, 1, 74, 127
3, 16860, Lyric_t, "a"
3, 16980, Note_on_c, 1, 74, 0
3, 16980, Note_on_c, 1, 72, 127
3, 16980, Lyric_t, "bove "
3, 17100, Note_on_c, 1, 72, 0
3, 17100, Note_on_c, 1, 72, 127
3, 17100, Lyric_t, "Ba"
3, 17220, Note_on_c, 1, 72, 0
3, 17220, Note_on_c, 1, 69, 127
3, 17220, Lyric_t, "by "
3, 17280, Note_on_c, 1, 69, 0
3, 17280, Note_on_c, 1, 72, 127
3, 17280, Lyric_t, "please "
3, 17640, Note_on_c, 1, 72, 0
3, 17640, Note_on_c, 1, 72, 127
3, 17640, Lyric_t, "Oh, "
3, 17760, Note_on_c, 1, 72, 0
3, 17760, Note_on_c, 1, 70, 127
3, 17760, Lyric_t, "don't, "
3, 18000, Note_on_c, 1, 70, 0
3, 18000, Note_on_c, 1, 69, 127
3, 18000, Lyric_t, "don't "
3, 18080, Note_on_c, 1, 69, 0
3, 18080, Note_on_c, 1, 67, 127
3, 18080, Lyric_t, "bring "
3, 18160, Note_on_c, 1, 67, 0
3, 18160, Note_on_c, 1, 65, 127
3, 18160, Lyric_t, "me "
3, 18240, Note_on_c, 1, 65, 0
3, 18240, Note_on_c, 1, 67, 127
3, 18240, Lyric_t, "down. "
3, 18600, Note_on_c, 1, 67, 0
3, 18960, Note_on_c, 1, 69, 127
3, 18960, Lyric_t, "Ba"
3, 19080, Note_on_c, 1, 69, 0
3, 19080, Note_on_c, 1, 72, 127
3, 19080, Lyric_t, "by "
3, 19200, Note_on_c, 1, 72, 0
3, 19200, Note_on_c, 1, 76, 127
3, 19200, Lyric_t, "please "
3, 19680, Note_on_c, 1, 76, 0
3, 19680, Note_on_c, 1, 74, 127
3, 19680, Lyric_t, "do"
3, 19740, Note_on_c, 1, 74, 0
3, 19740, Note_on_c, 1, 72, 127
3, 19740, Lyric_t, "n't, "
3, 19800, Note_on_c, 1, 72, 0
3, 19920, Note_on_c, 1, 72, 127
3, 19920, Lyric_t, "don't "
3, 20000, Note_on_c, 1, 72, 0
3, 20000, Note_on_c, 1, 69, 127
3, 20000, Lyric_t, "bring "
3, 20080, Note_on_c, 1, 69, 0
3, 20080, Note_on_c, 1, 65, 127
3, 20080, Lyric_t, "me "
3, 20160, Note_on_c, 1, 65, 0
3, 20160, Note_on_c, 1, 67, 127
3, 20160, Lyric_t, "d"
3, 20280, Note_on_c, 1, 67, 0
3, 20280, Note_on_c, 1, 65, 127
3, 20280, Lyric_t, "o"
3, 20340, Note_on_c, 1, 65, 0
3, 20340, Note_on_c, 1, 64, 127
3, 20340, Lyric_t, "w"
3, 20400, Note_on_c, 1, 64, 0
3, 20400, Note_on_c, 1, 62, 127
3, 20400, Lyric_t, "n. "
3, 20640, Note_on_c, 1, 62, 0
3, 20640, End_track
4, 0, Start_track
4, 0, MIDI_port, 0
4, 0, Title_t, "solo 2"
4, 0, Program_c, 3, 1
4, 0, Control_c, 3, 7, 127
4, 0, Control_c, 3, 10, 100
4, 0, Control_c, 3, 1, 0
4, 11580, Note_on_c, 3, 60, 127
4, 11580, Lyric_t, "Sac"
4, 11640, Note_on_c, 3, 60, 0
4, 11640, Note_on_c, 3, 64, 127
4, 11640, Lyric_t, "ri"
4, 11700, Note_on_c, 3, 64, 0
4, 11700, Note_on_c, 3, 67, 127
4, 11700, Lyric_t, "i"
4, 11760, Note_on_c, 3, 67, 0
4, 11760, Note_on_c, 3, 69, 127
4, 11760, Lyric_t, "fi"
4, 11940, Note_on_c, 3, 69, 0
4, 11940, Note_on_c, 3, 60, 127
4, 11940, Lyric_t, "ces "
4, 12000, Note_on_c, 3, 60, 0
4, 12000, Note_on_c, 3, 63, 127
4, 12000, Lyric_t, "I "
4, 12060, Note_on_c, 3, 63, 0
4, 12060, Note_on_c, 3, 62, 127
4, 12060, Lyric_t, "will "
4, 12180, Note_on_c, 3, 62, 0
4, 12180, Note_on_c, 3, 60, 127
4, 12180, Lyric_t, "make "
4, 12360, Note_on_c, 3, 60, 0
4, 12540, Note_on_c, 3, 60, 127
4, 12540, Lyric_t, "I'm "
4, 12600, Note_on_c, 3, 60, 0
4, 12600, Note_on_c, 3, 64, 127
4, 12600, Lyric_t, "rea"
4, 12660, Note_on_c, 3, 64, 0
4, 12660, Note_on_c, 3, 67, 127
4, 12660, Lyric_t, "dy "
4, 12720, Note_on_c, 3, 67, 0
4, 12720, Note_on_c, 3, 69, 127
4, 12720, Lyric_t, "to "
4, 12780, Note_on_c, 3, 69, 0
4, 12780, Note_on_c, 3, 67, 127
4, 12780, Lyric_t, "give "
4, 12840, Note_on_c, 3, 67, 0
4, 12900, Note_on_c, 3, 67, 127
4, 12900, Lyric_t, "as "
4, 12960, Note_on_c, 3, 67, 0
4, 12960, Note_on_c, 3, 63, 127
4, 12960, Lyric_t, "well "
4, 13020, Note_on_c, 3, 63, 0
4, 13020, Note_on_c, 3, 62, 127
4, 13020, Lyric_t, "as "
4, 13140, Note_on_c, 3, 62, 0
4, 13140, Note_on_c, 3, 60, 127
4, 13140, Lyric_t, "take "
4, 13320, Note_on_c, 3, 60, 0
4, 13500, Note_on_c, 3, 60, 127
4, 13500, Lyric_t, "One "
4, 13560, Note_on_c, 3, 60, 0
4, 13560, Note_on_c, 3, 64, 127
4, 13560, Lyric_t, "thing "
4, 13620, Note_on_c, 3, 64, 0
4, 13620, Note_on_c, 3, 67, 127
4, 13620, Lyric_t, "I "
4, 13680, Note_on_c, 3, 67, 0
4, 13680, Note_on_c, 3, 69, 127
4, 13680, Lyric_t, "need "
4, 13860, Note_on_c, 3, 69, 0
4, 13860, Note_on_c, 3, 60, 127
4, 13860, Lyric_t, "is "
4, 13920, Note_on_c, 3, 60, 0
4, 13920, Note_on_c, 3, 63, 127
4, 13920, Lyric_t, "your "
4, 13980, Note_on_c, 3, 63, 0
4, 13980, Note_on_c, 3, 62, 127
4, 13980, Lyric_t, "re"
4, 14100, Note_on_c, 3, 62, 0
4, 14100, Note_on_c, 3, 60, 127
4, 14100, Lyric_t, "spect "
4, 14280, Note_on_c, 3, 60, 0
4, 14460, Note_on_c, 3, 64, 127
4, 14460, Lyric_t, "One "
4, 14520, Note_on_c, 3, 64, 0
4, 14520, Note_on_c, 3, 67, 127
4, 14520, Lyric_t, "thing "
4, 14580, Note_on_c, 3, 67, 0
4, 14580, Note_on_c, 3, 69, 127
4, 14580, Lyric_t, "I "
4, 14640, Note_on_c, 3, 69, 0
4, 14640, Note_on_c, 3, 72, 127
4, 14640, Lyric_t, "can't "
4, 14760, Note_on_c, 3, 72, 0
4, 14760, Note_on_c, 3, 69, 127
4, 14760, Lyric_t, "take "
4, 14820, Note_on_c, 3, 69, 0
4, 14820, Note_on_c, 3, 67, 127
4, 14820, Lyric_t, "is "
4, 14880, Note_on_c, 3, 67, 0
4, 14880, Note_on_c, 3, 63, 127
4, 14880, Lyric_t, "your "
4, 14940, Note_on_c, 3, 63, 0
4, 14940, Note_on_c, 3, 62, 127
4, 14940, Lyric_t, "ne"
4, 15060, Note_on_c, 3, 62, 0
4, 15060, Note_on_c, 3, 60, 127
4, 15060, Lyric_t, "glect "
4, 15240, Note_on_c, 3, 60, 0
4, 15240, End_track
5, 0, Start_track
5, 0, MIDI_port, 0
5, 0, Title_t, "bas"
5, 0, Program_c, 7, 35
5, 0, Control_c, 7, 7, 127
5, 0, Control_c, 7, 10, 64
5, 0, Note_on_c, 7, 48, 127
5, 0, Control_c, 7, 1, 0
5, 60, Note_on_c, 7, 48, 0
5, 60, Note_on_c, 7, 48, 127
5, 120, Note_on_c, 7, 48, 0
5, 180, Note_on_c, 7, 43, 127
5, 240, Note_on_c, 7, 43, 0
5, 240, Note_on_c, 7, 48, 127
5, 300, Note_on_c, 7, 48, 0
5, 300, Note_on_c, 7, 48, 127
5, 360, Note_on_c, 7, 48, 0
5, 420, Note_on_c, 7, 43, 127
5, 480, Note_on_c, 7, 43, 0
5, 480, Note_on_c, 7, 46, 127
5, 540, Note_on_c, 7, 46, 0
5, 540, Note_on_c, 7, 46, 127
5, 600, Note_on_c, 7, 46, 0
5, 660, Note_on_c, 7, 41, 127
5, 720, Note_on_c, 7, 41, 0
5, 720, Note_on_c, 7, 46, 127
5, 780, Note_on_c, 7, 46, 0
5, 780, Note_on_c, 7, 46, 127
5, 840, Note_on_c, 7, 46, 0
5, 900, Note_on_c, 7, 41, 127
5, 960, Note_on_c, 7, 41, 0
5, 960, Note_on_c, 7, 48, 127
5, 1020, Note_on_c, 7, 48, 0
5, 1020, Note_on_c, 7, 48, 127
5, 1080, Note_on_c, 7, 48, 0
5, 1140, Note_on_c, 7, 43, 127
5, 1200, Note_on_c, 7, 43, 0
5, 1200, Note_on_c, 7, 48, 127
5, 1260, Note_on_c, 7, 48, 0
5, 1260, Note_on_c, 7, 48, 127
5, 1320, Note_on_c, 7, 48, 0
5, 1380, Note_on_c, 7, 43, 127
5, 1440, Note_on_c, 7, 43, 0
5, 1440, Note_on_c, 7, 46, 127
5, 1500, Note_on_c, 7, 46, 0
5, 1500, Note_on_c, 7, 46, 127
5, 1560, Note_on_c, 7, 46, 0
5, 1620, Note_on_c, 7, 41, 127
5, 1680, Note_on_c, 7, 41, 0
5, 1680, Note_on_c, 7, 46, 127
5, 1740, Note_on_c, 7, 46, 0
5, 1740, Note_on_c, 7, 46, 127
5, 1800, Note_on_c, 7, 46, 0
5, 1860, Note_on_c, 7, 41, 127
5, 1920, Note_on_c, 7, 41, 0
5, 1920, Note_on_c, 7, 36, 127
5, 2040, Note_on_c, 7, 36, 0
5, 2100, Note_on_c, 7, 43, 127
5, 2160, Note_on_c, 7, 43, 0
5, 2160, Note_on_c, 7, 36, 127
5, 2220, Note_on_c, 7, 36, 0
5, 2220, Note_on_c, 7, 43, 127
5, 2280, Note_on_c, 7, 43, 0
5, 2280, Note_on_c, 7, 40, 127
5, 2340, Note_on_c, 7, 40, 0
5, 2340, Note_on_c, 7, 36, 127
5, 2400, Note_on_c, 7, 36, 0
5, 2400, Note_on_c, 7, 41, 127
5, 2520, Note_on_c, 7, 41, 0
5, 2580, Note_on_c, 7, 36, 127
5, 2640, Note_on_c, 7, 36, 0
5, 2640, Note_on_c, 7, 41, 127
5, 2700, Note_on_c, 7, 41, 0
5, 2700, Note_on_c, 7, 48, 127
5, 2760, Note_on_c, 7, 48, 0
5, 2760, Note_on_c, 7, 45, 127
5, 2820, Note_on_c, 7, 45, 0
5, 2820, Note_on_c, 7, 41, 127
5, 2880, Note_on_c, 7, 41, 0
5, 2880, Note_on_c, 7, 36, 127
5, 3000, Note_on_c, 7, 36, 0
5, 3060, Note_on_c, 7, 43, 127
5, 3120, Note_on_c, 7, 43, 0
5, 3120, Note_on_c, 7, 36, 127
5, 3180, Note_on_c, 7, 36, 0
5, 3180, Note_on_c, 7, 43, 127
5, 3240, Note_on_c, 7, 43, 0
5, 3240, Note_on_c, 7, 40, 127
5, 3300, Note_on_c, 7, 40, 0
5, 3300, Note_on_c, 7, 36, 127
5, 3360, Note_on_c, 7, 36, 0
5, 3360, Note_on_c, 7, 41, 127
5, 3480, Note_on_c, 7, 41, 0
5, 3540, Note_on_c, 7, 36, 127
5, 3600, Note_on_c, 7, 36, 0
5, 3600, Note_on_c, 7, 41, 127
5, 3660, Note_on_c, 7, 41, 0
5, 3660, Note_on_c, 7, 48, 127
5, 3720, Note_on_c, 7, 48, 0
5, 3720, Note_on_c, 7, 45, 127
5, 3780, Note_on_c, 7, 45, 0
5, 3780, Note_on_c, 7, 41, 127
5, 3840, Note_on_c, 7, 41, 0
5, 3840, Note_on_c, 7, 36, 127
5, 3960, Note_on_c, 7, 36, 0
5, 4020, Note_on_c, 7, 43, 127
5, 4080, Note_on_c, 7, 43, 0
5, 4080, Note_on_c, 7, 36, 127
5, 4140, Note_on_c, 7, 36, 0
5, 4140, Note_on_c, 7, 43, 127
5, 4200, Note_on_c, 7, 43, 0
5, 4200, Note_on_c, 7, 40, 127
5, 4260, Note_on_c, 7, 40, 0
5, 4260, Note_on_c, 7, 36, 127
5, 4320, Note_on_c, 7, 36, 0
5, 4320, Note_on_c, 7, 41, 127
5, 4440, Note_on_c, 7, 41, 0
5, 4500, Note_on_c, 7, 36, 127
5, 4560, Note_on_c, 7, 36, 0
5, 4560, Note_on_c, 7, 41, 127
5, 4620, Note_on_c, 7, 41, 0
5, 4620, Note_on_c, 7, 48, 127
5, 4680, Note_on_c, 7, 48, 0
5, 4680, Note_on_c, 7, 45, 127
5, 4740, Note_on_c, 7, 45, 0
5, 4740, Note_on_c, 7, 41, 127
5, 4800, Note_on_c, 7, 41, 0
5, 4800, Note_on_c, 7, 36, 127
5, 4920, Note_on_c, 7, 36, 0
5, 4980, Note_on_c, 7, 43, 127
5, 5040, Note_on_c, 7, 43, 0
5, 5040, Note_on_c, 7, 36, 127
5, 5100, Note_on_c, 7, 36, 0
5, 5100, Note_on_c, 7, 43, 127
5, 5160, Note_on_c, 7, 43, 0
5, 5160, Note_on_c, 7, 40, 127
5, 5220, Note_on_c, 7, 40, 0
5, 5220, Note_on_c, 7, 36, 127
5, 5280, Note_on_c, 7, 36, 0
5, 5280, Note_on_c, 7, 41, 127
5, 5400, Note_on_c, 7, 41, 0
5, 5460, Note_on_c, 7, 36, 127
5, 5520, Note_on_c, 7, 36, 0
5, 5520, Note_on_c, 7, 41, 127
5, 5580, Note_on_c, 7, 41, 0
5, 5580, Note_on_c, 7, 48, 127
5, 5640, Note_on_c, 7, 48, 0
5, 5640, Note_on_c, 7, 45, 127
5, 5700, Note_on_c, 7, 45, 0
5, 5700, Note_on_c, 7, 41, 127
5, 5760, Note_on_c, 7, 41, 0
5, 5760, Note_on_c, 7, 38, 127
5, 5880, Note_on_c, 7, 38, 0
5, 5940, Note_on_c, 7, 38, 127
5, 6000, Note_on_c, 7, 38, 0
5, 6000, Note_on_c, 7, 38, 127
5, 6120, Note_on_c, 7, 38, 0
5, 6120, Note_on_c, 7, 38, 127
5, 6240, Note_on_c, 7, 38, 0
5, 6240, Note_on_c, 7, 38, 127
5, 6360, Note_on_c, 7, 38, 0
5, 6420, Note_on_c, 7, 38, 127
5, 6480, Note_on_c, 7, 38, 0
5, 6480, Note_on_c, 7, 38, 127
5, 6600, Note_on_c, 7, 38, 0
5, 6600, Note_on_c, 7, 38, 127
5, 6720, Note_on_c, 7, 38, 0
5, 6720, Note_on_c, 7, 43, 127
5, 6840, Note_on_c, 7, 43, 0
5, 6900, Note_on_c, 7, 43, 127
5, 6960, Note_on_c, 7, 43, 0
5, 6960, Note_on_c, 7, 43, 127
5, 7080, Note_on_c, 7, 43, 0
5, 7080, Note_on_c, 7, 43, 127
5, 7200, Note_on_c, 7, 43, 0
5, 7200, Note_on_c, 7, 43, 127
5, 7320, Note_on_c, 7, 43, 0
5, 7380, Note_on_c, 7, 43, 127
5, 7440, Note_on_c, 7, 43, 0
5, 7440, Note_on_c, 7, 43, 127
5, 7560, Note_on_c, 7, 43, 0
5, 7560, Note_on_c, 7, 43, 127
5, 7680, Note_on_c, 7, 43, 0
5, 7680, Note_on_c, 7, 48, 127
5, 7740, Note_on_c, 7, 48, 0
5, 7740, Note_on_c, 7, 48, 127
5, 7800, Note_on_c, 7, 48, 0
5, 7860, Note_on_c, 7, 43, 127
5, 7920, Note_on_c, 7, 43, 0
5, 7920, Note_on_c, 7, 48, 127
5, 7980, Note_on_c, 7, 48, 0
5, 7980, Note_on_c, 7, 48, 127
5, 8040, Note_on_c, 7, 48, 0
5, 8100, Note_on_c, 7, 43, 127
5, 8160, Note_on_c, 7, 43, 0
5, 8160, Note_on_c, 7, 46, 127
5, 8220, Note_on_c, 7, 46, 0
5, 8220, Note_on_c, 7, 46, 127
5, 8280, Note_on_c, 7, 46, 0
5, 8340, Note_on_c, 7, 41, 127
5, 8400, Note_on_c, 7, 41, 0
5, 8400, Note_on_c, 7, 46, 127
5, 8520, Note_on_c, 7, 46, 0
5, 8520, Note_on_c, 7, 46, 127
5, 8640, Note_on_c, 7, 46, 0
5, 8640, Note_on_c, 7, 48, 127
5, 8700, Note_on_c, 7, 48, 0
5, 8700, Note_on_c, 7, 48, 127
5, 8760, Note_on_c, 7, 48, 0
5, 8820, Note_on_c, 7, 43, 127
5, 8880, Note_on_c, 7, 43, 0
5, 8880, Note_on_c, 7, 48, 127
5, 8940, Note_on_c, 7, 48, 0
5, 8940, Note_on_c, 7, 48, 127
5, 9000, Note_on_c, 7, 48, 0
5, 9060, Note_on_c, 7, 43, 127
5, 9120, Note_on_c, 7, 43, 0
5, 9120, Note_on_c, 7, 46, 127
5, 9180, Note_on_c, 7, 46, 0
5, 9180, Note_on_c, 7, 46, 127
5, 9240, Note_on_c, 7, 46, 0
5, 9300, Note_on_c, 7, 46, 127
5, 9360, Note_on_c, 7, 46, 0
5, 9360, Note_on_c, 7, 41, 127
5, 9420, Note_on_c, 7, 41, 0
5, 9420, Note_on_c, 7, 41, 127
5, 9480, Note_on_c, 7, 41, 0
5, 9480, Note_on_c, 7, 41, 127
5, 9600, Note_on_c, 7, 41, 0
5, 9600, Note_on_c, 7, 48, 127
5, 9660, Note_on_c, 7, 48, 0
5, 9660, Note_on_c, 7, 48, 127
5, 9720, Note_on_c, 7, 48, 0
5, 9780, Note_on_c, 7, 43, 127
5, 9840, Note_on_c, 7, 43, 0
5, 9840, Note_on_c, 7, 48, 127
5, 9900, Note_on_c, 7, 48, 0
5, 9900, Note_on_c, 7, 48, 127
5, 9960, Note_on_c, 7, 48, 0
5, 10020, Note_on_c, 7, 43, 127
5, 10080, Note_on_c, 7, 43, 0
5, 10080, Note_on_c, 7, 46, 127
5, 10140, Note_on_c, 7, 46, 0
5, 10140, Note_on_c, 7, 46, 127
5, 10200, Note_on_c, 7, 46, 0
5, 10260, Note_on_c, 7, 46, 127
5, 10320, Note_on_c, 7, 46, 0
5, 10320, Note_on_c, 7, 41, 127
5, 10440, Note_on_c, 7, 41, 0
5, 10440, Note_on_c, 7, 41, 127
5, 10560, Note_on_c, 7, 41, 0
5, 10560, Note_on_c, 7, 43, 127
5, 10620, Note_on_c, 7, 43, 0
5, 10620, Note_on_c, 7, 43, 127
5, 10680, Note_on_c, 7, 43, 0
5, 10740, Note_on_c, 7, 43, 127
5, 10800, Note_on_c, 7, 43, 0
5, 10800, Note_on_c, 7, 43, 127
5, 10920, Note_on_c, 7, 43, 0
5, 10920, Note_on_c, 7, 43, 127
5, 11040, Note_on_c, 7, 43, 0
5, 11040, Note_on_c, 7, 43, 127
5, 11100, Note_on_c, 7, 43, 0
5, 11100, Note_on_c, 7, 43, 127
5, 11220, Note_on_c, 7, 43, 0
5, 11220, Note_on_c, 7, 43, 127
5, 11280, Note_on_c, 7, 43, 0
5, 11280, Note_on_c, 7, 43, 127
5, 11340, Note_on_c, 7, 43, 0
5, 11340, Note_on_c, 7, 43, 127
5, 11400, Note_on_c, 7, 43, 0
5, 11400, Note_on_c, 7, 43, 127
5, 11520, Note_on_c, 7, 43, 0
5, 11520, Note_on_c, 7, 36, 127
5, 11640, Note_on_c, 7, 36, 0
5, 11700, Note_on_c, 7, 43, 127
5, 11760, Note_on_c, 7, 43, 0
5, 11760, Note_on_c, 7, 36, 127
5, 11820, Note_on_c, 7, 36, 0
5, 11820, Note_on_c, 7, 43, 127
5, 11880, Note_on_c, 7, 43, 0
5, 11880, Note_on_c, 7, 40, 127
5, 11940, Note_on_c, 7, 40, 0
5, 11940, Note_on_c, 7, 36, 127
5, 12000, Note_on_c, 7, 36, 0
5, 12000, Note_on_c, 7, 41, 127
5, 12120, Note_on_c, 7, 41, 0
5, 12180, Note_on_c, 7, 36, 127
5, 12240, Note_on_c, 7, 36, 0
5, 12240, Note_on_c, 7, 41, 127
5, 12300, Note_on_c, 7, 41, 0
5, 12300, Note_on_c, 7, 48, 127
5, 12360, Note_on_c, 7, 48, 0
5, 12360, Note_on_c, 7, 45, 127
5, 12420, Note_on_c, 7, 45, 0
5, 12420, Note_on_c, 7, 41, 127
5, 12480, Note_on_c, 7, 41, 0
5, 12480, Note_on_c, 7, 36, 127
5, 12600, Note_on_c, 7, 36, 0
5, 12660, Note_on_c, 7, 43, 127
5, 12720, Note_on_c, 7, 43, 0
5, 12720, Note_on_c, 7, 36, 127
5, 12780, Note_on_c, 7, 36, 0
5, 12780, Note_on_c, 7, 43, 127
5, 12840, Note_on_c, 7, 43, 0
5, 12840, Note_on_c, 7, 40, 127
5, 12900, Note_on_c, 7, 40, 0
5, 12900, Note_on_c, 7, 36, 127
5, 12960, Note_on_c, 7, 36, 0
5, 12960, Note_on_c, 7, 41, 127
5, 13080, Note_on_c, 7, 41, 0
5, 13140, Note_on_c, 7, 36, 127
5, 13200, Note_on_c, 7, 36, 0
5, 13200, Note_on_c, 7, 41, 127
5, 13260, Note_on_c, 7, 41, 0
5, 13260, Note_on_c, 7, 48, 127
5, 13320, Note_on_c, 7, 48, 0
5, 13320, Note_on_c, 7, 45, 127
5, 13380, Note_on_c, 7, 45, 0
5, 13380, Note_on_c, 7, 41, 127
5, 13440, Note_on_c, 7, 41, 0
5, 13440, Note_on_c, 7, 36, 127
5, 13560, Note_on_c, 7, 36, 0
5, 13620, Note_on_c, 7, 43, 127
5, 13680, Note_on_c, 7, 43, 0
5, 13680, Note_on_c, 7, 36, 127
5, 13740, Note_on_c, 7, 36, 0
5, 13740, Note_on_c, 7, 43, 127
5, 13800, Note_on_c, 7, 43, 0
5, 13800, Note_on_c, 7, 40, 127
5, 13860, Note_on_c, 7, 40, 0
5, 13860, Note_on_c, 7, 36, 127
5, 13920, Note_on_c, 7, 36, 0
5, 13920, Note_on_c, 7, 41, 127
5, 14040, Note_on_c, 7, 41, 0
5, 14100, Note_on_c, 7, 36, 127
5, 14160, Note_on_c, 7, 36, 0
5, 14160, Note_on_c, 7, 41, 127
5, 14220, Note_on_c, 7, 41, 0
5, 14220, Note_on_c, 7, 48, 127
5, 14280, Note_on_c, 7, 48, 0
5, 14280, Note_on_c, 7, 45, 127
5, 14340, Note_on_c, 7, 45, 0
5, 14340, Note_on_c, 7, 41, 127
5, 14400, Note_on_c, 7, 41, 0
5, 14400, Note_on_c, 7, 36, 127
5, 14520, Note_on_c, 7, 36, 0
5, 14580, Note_on_c, 7, 43, 127
5, 14640, Note_on_c, 7, 43, 0
5, 14640, Note_on_c, 7, 36, 127
5, 14700, Note_on_c, 7, 36, 0
5, 14700, Note_on_c, 7, 43, 127
5, 14760, Note_on_c, 7, 43, 0
5, 14760, Note_on_c, 7, 40, 127
5, 14820, Note_on_c, 7, 40, 0
5, 14820, Note_on_c, 7, 36, 127
5, 14880, Note_on_c, 7, 36, 0
5, 14880, Note_on_c, 7, 41, 127
5, 15000, Note_on_c, 7, 41, 0
5, 15060, Note_on_c, 7, 36, 127
5, 15120, Note_on_c, 7, 36, 0
5, 15120, Note_on_c, 7, 41, 127
5, 15180, Note_on_c, 7, 41, 0
5, 15180, Note_on_c, 7, 48, 127
5, 15240, Note_on_c, 7, 48, 0
5, 15240, Note_on_c, 7, 45, 127
5, 15300, Note_on_c, 7, 45, 0
5, 15300, Note_on_c, 7, 41, 127
5, 15360, Note_on_c, 7, 41, 0
5, 15360, Note_on_c, 7, 38, 127
5, 15480, Note_on_c, 7, 38, 0
5, 15540, Note_on_c, 7, 38, 127
5, 15600, Note_on_c, 7, 38, 0
5, 15600, Note_on_c, 7, 38, 127
5, 15720, Note_on_c, 7, 38, 0
5, 15720, Note_on_c, 7, 38, 127
5, 15840, Note_on_c, 7, 38, 0
5, 15840, Note_on_c, 7, 38, 127
5, 15960, Note_on_c, 7, 38, 0
5, 16020, Note_on_c, 7, 38, 127
5, 16080, Note_on_c, 7, 38, 0
5, 16080, Note_on_c, 7, 38, 127
5, 16200, Note_on_c, 7, 38, 0
5, 16200, Note_on_c, 7, 38, 127
5, 16320, Note_on_c, 7, 38, 0
5, 16320, Note_on_c, 7, 43, 127
5, 16440, Note_on_c, 7, 43, 0
5, 16500, Note_on_c, 7, 43, 127
5, 16560, Note_on_c, 7, 43, 0
5, 16560, Note_on_c, 7, 43, 127
5, 16680, Note_on_c, 7, 43, 0
5, 16680, Note_on_c, 7, 43, 127
5, 16800, Note_on_c, 7, 43, 0
5, 16800, Note_on_c, 7, 43, 127
5, 16920, Note_on_c, 7, 43, 0
5, 16980, Note_on_c, 7, 43, 127
5, 17040, Note_on_c, 7, 43, 0
5, 17040, Note_on_c, 7, 43, 127
5, 17160, Note_on_c, 7, 43, 0
5, 17160, Note_on_c, 7, 43, 127
5, 17280, Note_on_c, 7, 43, 0
5, 17280, Note_on_c, 7, 48, 127
5, 17340, Note_on_c, 7, 48, 0
5, 17340, Note_on_c, 7, 48, 127
5, 17400, Note_on_c, 7, 48, 0
5, 17460, Note_on_c, 7, 43, 127
5, 17520, Note_on_c, 7, 43, 0
5, 17520, Note_on_c, 7, 48, 127
5, 17580, Note_on_c, 7, 48, 0
5, 17580, Note_on_c, 7, 48, 127
5, 17640, Note_on_c, 7, 48, 0
5, 17700, Note_on_c, 7, 43, 127
5, 17760, Note_on_c, 7, 43, 0
5, 17760, Note_on_c, 7, 46, 127
5, 17820, Note_on_c, 7, 46, 0
5, 17820, Note_on_c, 7, 46, 127
5, 17880, Note_on_c, 7, 46, 0
5, 17940, Note_on_c, 7, 41, 127
5, 18000, Note_on_c, 7, 41, 0
5, 18000, Note_on_c, 7, 46, 127
5, 18120, Note_on_c, 7, 46, 0
5, 18120, Note_on_c, 7, 46, 127
5, 18240, Note_on_c, 7, 46, 0
5, 18240, Note_on_c, 7, 48, 127
5, 18300, Note_on_c, 7, 48, 0
5, 18300, Note_on_c, 7, 48, 127
5, 18360, Note_on_c, 7, 48, 0
5, 18420, Note_on_c, 7, 43, 127
5, 18480, Note_on_c, 7, 43, 0
5, 18480, Note_on_c, 7, 48, 127
5, 18540, Note_on_c, 7, 48, 0
5, 18540, Note_on_c, 7, 48, 127
5, 18600, Note_on_c, 7, 48, 0
5, 18660, Note_on_c, 7, 43, 127
5, 18720, Note_on_c, 7, 43, 0
5, 18720, Note_on_c, 7, 46, 127
5, 18780, Note_on_c, 7, 46, 0
5, 18780, Note_on_c, 7, 46, 127
5, 18840, Note_on_c, 7, 46, 0
5, 18900, Note_on_c, 7, 46, 127
5, 18960, Note_on_c, 7, 46, 0
5, 18960, Note_on_c, 7, 41, 127
5, 19020, Note_on_c, 7, 41, 0
5, 19020, Note_on_c, 7, 41, 127
5, 19080, Note_on_c, 7, 41, 0
5, 19080, Note_on_c, 7, 41, 127
5, 19200, Note_on_c, 7, 41, 0
5, 19200, Note_on_c, 7, 48, 127
5, 19260, Note_on_c, 7, 48, 0
5, 19260, Note_on_c, 7, 48, 127
5, 19320, Note_on_c, 7, 48, 0
5, 19380, Note_on_c, 7, 43, 127
5, 19440, Note_on_c, 7, 43, 0
5, 19440, Note_on_c, 7, 48, 127
5, 19500, Note_on_c, 7, 48, 0
5, 19500, Note_on_c, 7, 48, 127
5, 19560, Note_on_c, 7, 48, 0
5, 19620, Note_on_c, 7, 43, 127
5, 19680, Note_on_c, 7, 43, 0
5, 19680, Note_on_c, 7, 46, 127
5, 19740, Note_on_c, 7, 46, 0
5, 19740, Note_on_c, 7, 46, 127
5, 19800, Note_on_c, 7, 46, 0
5, 19860, Note_on_c, 7, 46, 127
5, 19920, Note_on_c, 7, 46, 0
5, 19920, Note_on_c, 7, 41, 127
5, 20040, Note_on_c, 7, 41, 0
5, 20040, Note_on_c, 7, 41, 127
5, 20160, Note_on_c, 7, 41, 0
5, 20160, Note_on_c, 7, 43, 127
5, 20220, Note_on_c, 7, 43, 0
5, 20220, Note_on_c, 7, 43, 127
5, 20280, Note_on_c, 7, 43, 0
5, 20340, Note_on_c, 7, 43, 127
5, 20400, Note_on_c, 7, 43, 0
5, 20400, Note_on_c, 7, 43, 127
5, 20520, Note_on_c, 7, 43, 0
5, 20520, Note_on_c, 7, 43, 127
5, 20640, Note_on_c, 7, 43, 0
5, 20640, Note_on_c, 7, 43, 127
5, 20700, Note_on_c, 7, 43, 0
5, 20700, Note_on_c, 7, 43, 127
5, 20760, Note_on_c, 7, 43, 0
5, 20820, Note_on_c, 7, 43, 127
5, 20880, Note_on_c, 7, 43, 0
5, 20880, Note_on_c, 7, 43, 127
5, 21000, Note_on_c, 7, 43, 0
5, 21000, Note_on_c, 7, 43, 127
5, 21120, Note_on_c, 7, 43, 0
5, 21120, Note_on_c, 7, 36, 127
5, 21120, Note_on_c, 7, 40, 127
5, 21600, Note_on_c, 7, 40, 0
5, 21600, Note_on_c, 7, 36, 0
5, 21600, End_track
6, 0, Start_track
6, 0, MIDI_port, 0
6, 0, Title_t, "bubanj"
6, 0, Program_c, 9, 0
6, 0, Control_c, 9, 7, 127
6, 0, Control_c, 9, 10, 64
6, 0, Note_on_c, 9, 42, 127
6, 0, Note_on_c, 9, 36, 127
6, 0, Control_c, 9, 1, 0
6, 22, Note_on_c, 9, 42, 0
6, 60, Note_on_c, 9, 42, 127
6, 95, Note_on_c, 9, 42, 0
6, 102, Note_on_c, 9, 36, 0
6, 120, Note_on_c, 9, 42, 127
6, 150, Note_on_c, 9, 42, 0
6, 180, Note_on_c, 9, 42, 127
6, 180, Note_on_c, 9, 36, 127
6, 211, Note_on_c, 9, 42, 0
6, 212, Note_on_c, 9, 36, 0
6, 240, Note_on_c, 9, 42, 127
6, 240, Note_on_c, 9, 38, 127
6, 266, Note_on_c, 9, 42, 0
6, 300, Note_on_c, 9, 42, 127
6, 308, Note_on_c, 9, 38, 0
6, 331, Note_on_c, 9, 42, 0
6, 360, Note_on_c, 9, 42, 127
6, 360, Note_on_c, 9, 36, 127
6, 388, Note_on_c, 9, 42, 0
6, 420, Note_on_c, 9, 42, 127
6, 447, Note_on_c, 9, 42, 0
6, 480, Note_on_c, 9, 42, 127
6, 498, Note_on_c, 9, 36, 0
6, 507, Note_on_c, 9, 42, 0
6, 540, Note_on_c, 9, 42, 127
6, 570, Note_on_c, 9, 42, 0
6, 600, Note_on_c, 9, 42, 127
6, 629, Note_on_c, 9, 42, 0
6, 660, Note_on_c, 9, 42, 127
6, 694, Note_on_c, 9, 42, 0
6, 720, Note_on_c, 9, 42, 127
6, 720, Note_on_c, 9, 38, 127
6, 751, Note_on_c, 9, 42, 0
6, 780, Note_on_c, 9, 42, 127
6, 801, Note_on_c, 9, 38, 0
6, 813, Note_on_c, 9, 42, 0
6, 840, Note_on_c, 9, 42, 127
6, 840, Note_on_c, 9, 36, 127
6, 872, Note_on_c, 9, 42, 0
6, 888, Note_on_c, 9, 36, 0
6, 900, Note_on_c, 9, 42, 127
6, 930, Note_on_c, 9, 42, 0
6, 960, Note_on_c, 9, 42, 127
6, 960, Note_on_c, 9, 36, 127
6, 987, Note_on_c, 9, 42, 0
6, 1020, Note_on_c, 9, 42, 127
6, 1050, Note_on_c, 9, 42, 0
6, 1062, Note_on_c, 9, 36, 0
6, 1080, Note_on_c, 9, 42, 127
6, 1109, Note_on_c, 9, 42, 0
6, 1140, Note_on_c, 9, 36, 127
6, 1140, Note_on_c, 9, 42, 127
6, 1174, Note_on_c, 9, 42, 0
6, 1183, Note_on_c, 9, 36, 0
6, 1200, Note_on_c, 9, 38, 127
6, 1200, Note_on_c, 9, 42, 127
6, 1231, Note_on_c, 9, 42, 0
6, 1260, Note_on_c, 9, 42, 127
6, 1276, Note_on_c, 9, 38, 0
6, 1293, Note_on_c, 9, 42, 0
6, 1320, Note_on_c, 9, 42, 127
6, 1352, Note_on_c, 9, 42, 0
6, 1380, Note_on_c, 9, 36, 127
6, 1380, Note_on_c, 9, 42, 127
6, 1410, Note_on_c, 9, 42, 0
6, 1440, Note_on_c, 9, 42, 127
6, 1440, Note_on_c, 9, 42, 127
6, 1444, Note_on_c, 9, 42, 0
6, 1444, Note_on_c, 9, 42, 0
6, 1495, Note_on_c, 9, 36, 0
6, 1500, Note_on_c, 9, 42, 127
6, 1535, Note_on_c, 9, 42, 0
6, 1560, Note_on_c, 9, 36, 127
6, 1560, Note_on_c, 9, 42, 127
6, 1590, Note_on_c, 9, 42, 0
6, 1620, Note_on_c, 9, 42, 127
6, 1631, Note_on_c, 9, 36, 0
6, 1651, Note_on_c, 9, 42, 0
6, 1680, Note_on_c, 9, 42, 127
6, 1680, Note_on_c, 9, 38, 127
6, 1698, Note_on_c, 9, 42, 0
6, 1740, Note_on_c, 9, 46, 127
6, 1752, Note_on_c, 9, 38, 0
6, 1764, Note_on_c, 9, 46, 0
6, 1800, Note_on_c, 9, 42, 127
6, 1800, Note_on_c, 9, 42, 127
6, 1827, Note_on_c, 9, 42, 0
6, 1827, Note_on_c, 9, 42, 0
6, 1860, Note_on_c, 9, 42, 127
6, 1860, Note_on_c, 9, 36, 127
6, 1880, Note_on_c, 9, 36, 0
6, 1887, Note_on_c, 9, 42, 0
6, 1920, Note_on_c, 9, 42, 127
6, 1920, Note_on_c, 9, 36, 127
6, 1942, Note_on_c, 9, 42, 0
6, 1980, Note_on_c, 9, 42, 127
6, 2015, Note_on_c, 9, 42, 0
6, 2036, Note_on_c, 9, 36, 0
6, 2040, Note_on_c, 9, 42, 127
6, 2070, Note_on_c, 9, 42, 0
6, 2100, Note_on_c, 9, 42, 127
6, 2100, Note_on_c, 9, 36, 127
6, 2131, Note_on_c, 9, 42, 0
6, 2138, Note_on_c, 9, 36, 0
6, 2160, Note_on_c, 9, 38, 127
6, 2160, Note_on_c, 9, 42, 127
6, 2186, Note_on_c, 9, 42, 0
6, 2220, Note_on_c, 9, 42, 127
6, 2228, Note_on_c, 9, 38, 0
6, 2251, Note_on_c, 9, 42, 0
6, 2280, Note_on_c, 9, 42, 127
6, 2280, Note_on_c, 9, 36, 127
6, 2308, Note_on_c, 9, 42, 0
6, 2340, Note_on_c, 9, 42, 127
6, 2367, Note_on_c, 9, 42, 0
6, 2400, Note_on_c, 9, 42, 127
6, 2427, Note_on_c, 9, 42, 0
6, 2460, Note_on_c, 9, 42, 127
6, 2490, Note_on_c, 9, 42, 0
6, 2520, Note_on_c, 9, 42, 127
6, 2549, Note_on_c, 9, 42, 0
6, 2580, Note_on_c, 9, 42, 127
6, 2597, Note_on_c, 9, 36, 0
6, 2614, Note_on_c, 9, 42, 0
6, 2640, Note_on_c, 9, 42, 127
6, 2640, Note_on_c, 9, 38, 127
6, 2671, Note_on_c, 9, 42, 0
6, 2700, Note_on_c, 9, 42, 127
6, 2721, Note_on_c, 9, 38, 0
6, 2733, Note_on_c, 9, 42, 0
6, 2760, Note_on_c, 9, 42, 127
6, 2760, Note_on_c, 9, 36, 127
6, 2792, Note_on_c, 9, 42, 0
6, 2806, Note_on_c, 9, 36, 0
6, 2820, Note_on_c, 9, 42, 127
6, 2850, Note_on_c, 9, 42, 0
6, 2880, Note_on_c, 9, 42, 127
6, 2880, Note_on_c, 9, 42, 127
6, 2880, Note_on_c, 9, 36, 127
6, 2884, Note_on_c, 9, 42, 0
6, 2884, Note_on_c, 9, 42, 0
6, 2940, Note_on_c, 9, 42, 127
6, 2975, Note_on_c, 9, 42, 0
6, 2991, Note_on_c, 9, 36, 0
6, 3000, Note_on_c, 9, 42, 127
6, 3030, Note_on_c, 9, 42, 0
6, 3060, Note_on_c, 9, 42, 127
6, 3060, Note_on_c, 9, 36, 127
6, 3091, Note_on_c, 9, 42, 0
6, 3106, Note_on_c, 9, 36, 0
6, 3120, Note_on_c, 9, 38, 127
6, 3120, Note_on_c, 9, 42, 127
6, 3138, Note_on_c, 9, 42, 0
6, 3180, Note_on_c, 9, 46, 127
6, 3196, Note_on_c, 9, 38, 0
6, 3204, Note_on_c, 9, 46, 0
6, 3240, Note_on_c, 9, 42, 127
6, 3240, Note_on_c, 9, 42, 127
6, 3267, Note_on_c, 9, 42, 0
6, 3267, Note_on_c, 9, 42, 0
6, 3300, Note_on_c, 9, 42, 127
6, 3300, Note_on_c, 9, 36, 127
6, 3327, Note_on_c, 9, 42, 0
6, 3360, Note_on_c, 9, 42, 127
6, 3361, Note_on_c, 9, 42, 0
6, 3420, Note_on_c, 9, 42, 127
6, 3426, Note_on_c, 9, 36, 0
6, 3450, Note_on_c, 9, 42, 0
6, 3480, Note_on_c, 9, 36, 127
6, 3480, Note_on_c, 9, 42, 127
6, 3509, Note_on_c, 9, 42, 0
6, 3540, Note_on_c, 9, 42, 127
6, 3560, Note_on_c, 9, 36, 0
6, 3574, Note_on_c, 9, 42, 0
6, 3600, Note_on_c, 9, 38, 127
6, 3600, Note_on_c, 9, 42, 127
6, 3631, Note_on_c, 9, 42, 0
6, 3660, Note_on_c, 9, 42, 127
6, 3672, Note_on_c, 9, 38, 0
6, 3693, Note_on_c, 9, 42, 0
6, 3720, Note_on_c, 9, 36, 127
6, 3720, Note_on_c, 9, 43, 127
6, 3720, Note_on_c, 9, 42, 127
6, 3752, Note_on_c, 9, 42, 0
6, 3759, Note_on_c, 9, 43, 0
6, 3760, Note_on_c, 9, 36, 0
6, 3780, Note_on_c, 9, 42, 127
6, 3810, Note_on_c, 9, 42, 0
6, 3840, Note_on_c, 9, 42, 127
6, 3840, Note_on_c, 9, 36, 127
6, 3862, Note_on_c, 9, 42, 0
6, 3900, Note_on_c, 9, 42, 127
6, 3935, Note_on_c, 9, 42, 0
6, 3949, Note_on_c, 9, 36, 0
6, 3960, Note_on_c, 9, 42, 127
6, 3990, Note_on_c, 9, 42, 0
6, 4020, Note_on_c, 9, 36, 127
6, 4020, Note_on_c, 9, 42, 127
6, 4051, Note_on_c, 9, 42, 0
6, 4055, Note_on_c, 9, 36, 0
6, 4080, Note_on_c, 9, 42, 127
6, 4080, Note_on_c, 9, 38, 127
6, 4106, Note_on_c, 9, 42, 0
6, 4140, Note_on_c, 9, 42, 127
6, 4148, Note_on_c, 9, 38, 0
6, 4171, Note_on_c, 9, 42, 0
6, 4200, Note_on_c, 9, 36, 127
6, 4200, Note_on_c, 9, 42, 127
6, 4228, Note_on_c, 9, 42, 0
6, 4260, Note_on_c, 9, 42, 127
6, 4287, Note_on_c, 9, 42, 0
6, 4320, Note_on_c, 9, 42, 127
6, 4347, Note_on_c, 9, 42, 0
6, 4380, Note_on_c, 9, 42, 127
6, 4410, Note_on_c, 9, 42, 0
6, 4440, Note_on_c, 9, 42, 127
6, 4469, Note_on_c, 9, 42, 0
6, 4500, Note_on_c, 9, 42, 127
6, 4510, Note_on_c, 9, 36, 0
6, 4534, Note_on_c, 9, 42, 0
6, 4560, Note_on_c, 9, 38, 127
6, 4560, Note_on_c, 9, 42, 127
6, 4591, Note_on_c, 9, 42, 0
6, 4620, Note_on_c, 9, 42, 127
6, 4641, Note_on_c, 9, 38, 0
6, 4653, Note_on_c, 9, 42, 0
6, 4680, Note_on_c, 9, 36, 127
6, 4680, Note_on_c, 9, 42, 127
6, 4712, Note_on_c, 9, 42, 0
6, 4725, Note_on_c, 9, 36, 0
6, 4740, Note_on_c, 9, 42, 127
6, 4770, Note_on_c, 9, 42, 0
6, 4800, Note_on_c, 9, 42, 127
6, 4800, Note_on_c, 9, 36, 127
6, 4827, Note_on_c, 9, 42, 0
6, 4860, Note_on_c, 9, 42, 127
6, 4890, Note_on_c, 9, 42, 0
6, 4909, Note_on_c, 9, 36, 0
6, 4920, Note_on_c, 9, 42, 127
6, 4949, Note_on_c, 9, 42, 0
6, 4980, Note_on_c, 9, 42, 127
6, 4980, Note_on_c, 9, 36, 127
6, 5014, Note_on_c, 9, 42, 0
6, 5023, Note_on_c, 9, 36, 0
6, 5040, Note_on_c, 9, 42, 127
6, 5040, Note_on_c, 9, 38, 127
6, 5071, Note_on_c, 9, 42, 0
6, 5100, Note_on_c, 9, 42, 127
6, 5116, Note_on_c, 9, 38, 0
6, 5133, Note_on_c, 9, 42, 0
6, 5160, Note_on_c, 9, 42, 127
6, 5192, Note_on_c, 9, 42, 0
6, 5220, Note_on_c, 9, 42, 127
6, 5220, Note_on_c, 9, 36, 127
6, 5250, Note_on_c, 9, 42, 0
6, 5280, Note_on_c, 9, 42, 127
6, 5280, Note_on_c, 9, 42, 127
6, 5284, Note_on_c, 9, 42, 0
6, 5284, Note_on_c, 9, 42, 0
6, 5328, Note_on_c, 9, 36, 0
6, 5340, Note_on_c, 9, 42, 127
6, 5375, Note_on_c, 9, 42, 0
6, 5400, Note_on_c, 9, 36, 127
6, 5400, Note_on_c, 9, 42, 127
6, 5430, Note_on_c, 9, 42, 0
6, 5460, Note_on_c, 9, 42, 127
6, 5467, Note_on_c, 9, 36, 0
6, 5491, Note_on_c, 9, 42, 0
6, 5520, Note_on_c, 9, 38, 127
6, 5520, Note_on_c, 9, 42, 127
6, 5538, Note_on_c, 9, 42, 0
6, 5580, Note_on_c, 9, 46, 127
6, 5592, Note_on_c, 9, 38, 0
6, 5604, Note_on_c, 9, 46, 0
6, 5640, Note_on_c, 9, 42, 127
6, 5640, Note_on_c, 9, 42, 127
6, 5667, Note_on_c, 9, 42, 0
6, 5667, Note_on_c, 9, 42, 0
6, 5700, Note_on_c, 9, 36, 127
6, 5700, Note_on_c, 9, 42, 127
6, 5723, Note_on_c, 9, 36, 0
6, 5727, Note_on_c, 9, 42, 0
6, 5760, Note_on_c, 9, 42, 127
6, 5760, Note_on_c, 9, 36, 127
6, 5782, Note_on_c, 9, 42, 0
6, 5820, Note_on_c, 9, 42, 127
6, 5842, Note_on_c, 9, 36, 0
6, 5855, Note_on_c, 9, 42, 0
6, 5880, Note_on_c, 9, 42, 127
6, 5910, Note_on_c, 9, 42, 0
6, 5940, Note_on_c, 9, 36, 127
6, 5940, Note_on_c, 9, 42, 127
6, 5971, Note_on_c, 9, 42, 0
6, 5978, Note_on_c, 9, 36, 0
6, 6000, Note_on_c, 9, 42, 127
6, 6000, Note_on_c, 9, 38, 127
6, 6026, Note_on_c, 9, 42, 0
6, 6060, Note_on_c, 9, 42, 127
6, 6068, Note_on_c, 9, 38, 0
6, 6091, Note_on_c, 9, 42, 0
6, 6120, Note_on_c, 9, 36, 127
6, 6120, Note_on_c, 9, 42, 127
6, 6148, Note_on_c, 9, 42, 0
6, 6180, Note_on_c, 9, 42, 127
6, 6207, Note_on_c, 9, 42, 0
6, 6240, Note_on_c, 9, 42, 127
6, 6267, Note_on_c, 9, 42, 0
6, 6300, Note_on_c, 9, 42, 127
6, 6330, Note_on_c, 9, 42, 0
6, 6360, Note_on_c, 9, 42, 127
6, 6372, Note_on_c, 9, 36, 0
6, 6389, Note_on_c, 9, 42, 0
6, 6420, Note_on_c, 9, 42, 127
6, 6454, Note_on_c, 9, 42, 0
6, 6480, Note_on_c, 9, 38, 127
6, 6480, Note_on_c, 9, 42, 127
6, 6511, Note_on_c, 9, 42, 0
6, 6540, Note_on_c, 9, 42, 127
6, 6561, Note_on_c, 9, 38, 0
6, 6573, Note_on_c, 9, 42, 0
6, 6600, Note_on_c, 9, 42, 127
6, 6600, Note_on_c, 9, 36, 127
6, 6632, Note_on_c, 9, 42, 0
6, 6655, Note_on_c, 9, 36, 0
6, 6660, Note_on_c, 9, 42, 127
6, 6690, Note_on_c, 9, 42, 0
6, 6720, Note_on_c, 9, 42, 127
6, 6720, Note_on_c, 9, 36, 127
6, 6720, Note_on_c, 9, 42, 127
6, 6724, Note_on_c, 9, 42, 0
6, 6724, Note_on_c, 9, 42, 0
6, 6780, Note_on_c, 9, 42, 127
6, 6815, Note_on_c, 9, 42, 0
6, 6823, Note_on_c, 9, 36, 0
6, 6840, Note_on_c, 9, 42, 127
6, 6870, Note_on_c, 9, 42, 0
6, 6900, Note_on_c, 9, 36, 127
6, 6900, Note_on_c, 9, 42, 127
6, 6931, Note_on_c, 9, 42, 0
6, 6942, Note_on_c, 9, 36, 0
6, 6960, Note_on_c, 9, 42, 127
6, 6960, Note_on_c, 9, 38, 127
6, 6978, Note_on_c, 9, 42, 0
6, 7020, Note_on_c, 9, 46, 127
6, 7036, Note_on_c, 9, 38, 0
6, 7044, Note_on_c, 9, 46, 0
6, 7080, Note_on_c, 9, 42, 127
6, 7080, Note_on_c, 9, 42, 127
6, 7107, Note_on_c, 9, 42, 0
6, 7107, Note_on_c, 9, 42, 0
6, 7140, Note_on_c, 9, 42, 127
6, 7140, Note_on_c, 9, 36, 127
6, 7167, Note_on_c, 9, 42, 0
6, 7190, Note_on_c, 9, 36, 0
6, 7200, Note_on_c, 9, 42, 127
6, 7201, Note_on_c, 9, 42, 0
6, 7260, Note_on_c, 9, 36, 127
6, 7260, Note_on_c, 9, 42, 127
6, 7278, Note_on_c, 9, 36, 0
6, 7290, Note_on_c, 9, 42, 0
6, 7320, Note_on_c, 9, 36, 127
6, 7320, Note_on_c, 9, 42, 127
6, 7349, Note_on_c, 9, 42, 0
6, 7368, Note_on_c, 9, 36, 0
6, 7380, Note_on_c, 9, 42, 127
6, 7414, Note_on_c, 9, 42, 0
6, 7440, Note_on_c, 9, 42, 127
6, 7440, Note_on_c, 9, 38, 127
6, 7471, Note_on_c, 9, 42, 0
6, 7500, Note_on_c, 9, 42, 127
6, 7500, Note_on_c, 9, 48, 127
6, 7501, Note_on_c, 9, 38, 0
6, 7530, Note_on_c, 9, 47, 127
6, 7533, Note_on_c, 9, 42, 0
6, 7536, Note_on_c, 9, 48, 0
6, 7552, Note_on_c, 9, 47, 0
6, 7560, Note_on_c, 9, 43, 127
6, 7560, Note_on_c, 9, 38, 127
6, 7560, Note_on_c, 9, 42, 127
6, 7592, Note_on_c, 9, 42, 0
6, 7606, Note_on_c, 9, 43, 0
6, 7620, Note_on_c, 9, 42, 127
6, 7630, Note_on_c, 9, 38, 0
6, 7650, Note_on_c, 9, 42, 0
6, 7680, Note_on_c, 9, 49, 127
6, 7680, Note_on_c, 9, 42, 127
6, 7680, Note_on_c, 9, 36, 127
6, 7702, Note_on_c, 9, 42, 0
6, 7728, Note_on_c, 9, 49, 0
6, 7740, Note_on_c, 9, 42, 127
6, 7775, Note_on_c, 9, 42, 0
6, 7789, Note_on_c, 9, 36, 0
6, 7800, Note_on_c, 9, 42, 127
6, 7830, Note_on_c, 9, 42, 0
6, 7860, Note_on_c, 9, 36, 127
6, 7860, Note_on_c, 9, 42, 127
6, 7891, Note_on_c, 9, 42, 0
6, 7895, Note_on_c, 9, 36, 0
6, 7920, Note_on_c, 9, 38, 127
6, 7920, Note_on_c, 9, 42, 127
6, 7946, Note_on_c, 9, 42, 0
6, 7980, Note_on_c, 9, 42, 127
6, 7988, Note_on_c, 9, 38, 0
6, 8011, Note_on_c, 9, 42, 0
6, 8040, Note_on_c, 9, 36, 127
6, 8040, Note_on_c, 9, 42, 127
6, 8068, Note_on_c, 9, 42, 0
6, 8100, Note_on_c, 9, 42, 127
6, 8127, Note_on_c, 9, 42, 0
6, 8160, Note_on_c, 9, 42, 127
6, 8187, Note_on_c, 9, 42, 0
6, 8220, Note_on_c, 9, 42, 127
6, 8250, Note_on_c, 9, 42, 0
6, 8280, Note_on_c, 9, 42, 127
6, 8309, Note_on_c, 9, 42, 0
6, 8340, Note_on_c, 9, 42, 127
6, 8350, Note_on_c, 9, 36, 0
6, 8374, Note_on_c, 9, 42, 0
6, 8400, Note_on_c, 9, 42, 127
6, 8400, Note_on_c, 9, 38, 127
6, 8431, Note_on_c, 9, 42, 0
6, 8460, Note_on_c, 9, 42, 127
6, 8481, Note_on_c, 9, 38, 0
6, 8493, Note_on_c, 9, 42, 0
6, 8520, Note_on_c, 9, 42, 127
6, 8520, Note_on_c, 9, 36, 127
6, 8552, Note_on_c, 9, 42, 0
6, 8565, Note_on_c, 9, 36, 0
6, 8580, Note_on_c, 9, 42, 127
6, 8610, Note_on_c, 9, 42, 0
6, 8640, Note_on_c, 9, 36, 127
6, 8640, Note_on_c, 9, 42, 127
6, 8667, Note_on_c, 9, 42, 0
6, 8700, Note_on_c, 9, 42, 127
6, 8730, Note_on_c, 9, 42, 0
6, 8749, Note_on_c, 9, 36, 0
6, 8760, Note_on_c, 9, 42, 127
6, 8789, Note_on_c, 9, 42, 0
6, 8820, Note_on_c, 9, 36, 127
6, 8820, Note_on_c, 9, 42, 127
6, 8854, Note_on_c, 9, 42, 0
6, 8863, Note_on_c, 9, 36, 0
6, 8880, Note_on_c, 9, 38, 127
6, 8880, Note_on_c, 9, 42, 127
6, 8911, Note_on_c, 9, 42, 0
6, 8940, Note_on_c, 9, 42, 127
6, 8956, Note_on_c, 9, 38, 0
6, 8973, Note_on_c, 9, 42, 0
6, 9000, Note_on_c, 9, 42, 127
6, 9032, Note_on_c, 9, 42, 0
6, 9060, Note_on_c, 9, 36, 127
6, 9060, Note_on_c, 9, 42, 127
6, 9090, Note_on_c, 9, 42, 0
6, 9120, Note_on_c, 9, 42, 127
6, 9120, Note_on_c, 9, 42, 127
6, 9124, Note_on_c, 9, 42, 0
6, 9124, Note_on_c, 9, 42, 0
6, 9168, Note_on_c, 9, 36, 0
6, 9180, Note_on_c, 9, 42, 127
6, 9215, Note_on_c, 9, 42, 0
6, 9240, Note_on_c, 9, 36, 127
6, 9240, Note_on_c, 9, 42, 127
6, 9270, Note_on_c, 9, 42, 0
6, 9300, Note_on_c, 9, 42, 127
6, 9307, Note_on_c, 9, 36, 0
6, 9331, Note_on_c, 9, 42, 0
6, 9360, Note_on_c, 9, 42, 127
6, 9360, Note_on_c, 9, 38, 127
6, 9378, Note_on_c, 9, 42, 0
6, 9420, Note_on_c, 9, 46, 127
6, 9432, Note_on_c, 9, 38, 0
6, 9444, Note_on_c, 9, 46, 0
6, 9480, Note_on_c, 9, 42, 127
6, 9480, Note_on_c, 9, 42, 127
6, 9507, Note_on_c, 9, 42, 0
6, 9507, Note_on_c, 9, 42, 0
6, 9540, Note_on_c, 9, 36, 127
6, 9540, Note_on_c, 9, 42, 127
6, 9563, Note_on_c, 9, 36, 0
6, 9567, Note_on_c, 9, 42, 0
6, 9600, Note_on_c, 9, 36, 127
6, 9600, Note_on_c, 9, 42, 127
6, 9622, Note_on_c, 9, 42, 0
6, 9660, Note_on_c, 9, 42, 127
6, 9682, Note_on_c, 9, 36, 0
6, 9695, Note_on_c, 9, 42, 0
6, 9720, Note_on_c, 9, 42, 127
6, 9750, Note_on_c, 9, 42, 0
6, 9780, Note_on_c, 9, 36, 127
6, 9780, Note_on_c, 9, 42, 127
6, 9811, Note_on_c, 9, 42, 0
6, 9818, Note_on_c, 9, 36, 0
6, 9840, Note_on_c, 9, 42, 127
6, 9840, Note_on_c, 9, 38, 127
6, 9866, Note_on_c, 9, 42, 0
6, 9900, Note_on_c, 9, 42, 127
6, 9908, Note_on_c, 9, 38, 0
6, 9931, Note_on_c, 9, 42, 0
6, 9960, Note_on_c, 9, 42, 127
6, 9960, Note_on_c, 9, 36, 127
6, 9988, Note_on_c, 9, 42, 0
6, 10020, Note_on_c, 9, 42, 127
6, 10047, Note_on_c, 9, 42, 0
6, 10080, Note_on_c, 9, 42, 127
6, 10102, Note_on_c, 9, 42, 0
6, 10140, Note_on_c, 9, 42, 127
6, 10175, Note_on_c, 9, 42, 0
6, 10200, Note_on_c, 9, 42, 127
6, 10212, Note_on_c, 9, 36, 0
6, 10230, Note_on_c, 9, 42, 0
6, 10260, Note_on_c, 9, 42, 127
6, 10291, Note_on_c, 9, 42, 0
6, 10320, Note_on_c, 9, 42, 127
6, 10320, Note_on_c, 9, 38, 127
6, 10346, Note_on_c, 9, 42, 0
6, 10380, Note_on_c, 9, 42, 127
6, 10401, Note_on_c, 9, 38, 0
6, 10411, Note_on_c, 9, 42, 0
6, 10440, Note_on_c, 9, 36, 127
6, 10440, Note_on_c, 9, 42, 127
6, 10468, Note_on_c, 9, 42, 0
6, 10495, Note_on_c, 9, 36, 0
6, 10500, Note_on_c, 9, 42, 127
6, 10527, Note_on_c, 9, 42, 0
6, 10560, Note_on_c, 9, 36, 127
6, 10560, Note_on_c, 9, 42, 127
6, 10560, Note_on_c, 9, 42, 127
6, 10564, Note_on_c, 9, 42, 0
6, 10564, Note_on_c, 9, 42, 0
6, 10620, Note_on_c, 9, 42, 127
6, 10655, Note_on_c, 9, 42, 0
6, 10663, Note_on_c, 9, 36, 0
6, 10680, Note_on_c, 9, 42, 127
6, 10710, Note_on_c, 9, 42, 0
6, 10740, Note_on_c, 9, 42, 127
6, 10740, Note_on_c, 9, 36, 127
6, 10771, Note_on_c, 9, 42, 0
6, 10782, Note_on_c, 9, 36, 0
6, 10800, Note_on_c, 9, 38, 127
6, 10800, Note_on_c, 9, 42, 127
6, 10818, Note_on_c, 9, 42, 0
6, 10860, Note_on_c, 9, 46, 127
6, 10876, Note_on_c, 9, 38, 0
6, 10884, Note_on_c, 9, 46, 0
6, 10920, Note_on_c, 9, 42, 127
6, 10920, Note_on_c, 9, 42, 127
6, 10947, Note_on_c, 9, 42, 0
6, 10947, Note_on_c, 9, 42, 0
6, 10980, Note_on_c, 9, 36, 127
6, 10980, Note_on_c, 9, 42, 127
6, 11007, Note_on_c, 9, 42, 0
6, 11030, Note_on_c, 9, 36, 0
6, 11040, Note_on_c, 9, 42, 127
6, 11041, Note_on_c, 9, 42, 0
6, 11100, Note_on_c, 9, 36, 127
6, 11100, Note_on_c, 9, 47, 127
6, 11100, Note_on_c, 9, 42, 127
6, 11118, Note_on_c, 9, 36, 0
6, 11124, Note_on_c, 9, 47, 0
6, 11130, Note_on_c, 9, 42, 0
6, 11160, Note_on_c, 9, 42, 127
6, 11160, Note_on_c, 9, 36, 127
6, 11189, Note_on_c, 9, 42, 0
6, 11208, Note_on_c, 9, 36, 0
6, 11220, Note_on_c, 9, 42, 127
6, 11254, Note_on_c, 9, 42, 0
6, 11280, Note_on_c, 9, 38, 127
6, 11280, Note_on_c, 9, 42, 127
6, 11311, Note_on_c, 9, 42, 0
6, 11340, Note_on_c, 9, 42, 127
6, 11352, Note_on_c, 9, 38, 0
6, 11373, Note_on_c, 9, 42, 0
6, 11400, Note_on_c, 9, 42, 127
6, 11432, Note_on_c, 9, 42, 0
6, 11460, Note_on_c, 9, 42, 127
6, 11490, Note_on_c, 9, 42, 0
6, 11520, Note_on_c, 9, 42, 127
6, 11520, Note_on_c, 9, 36, 127
6, 11542, Note_on_c, 9, 42, 0
6, 11580, Note_on_c, 9, 42, 127
6, 11615, Note_on_c, 9, 42, 0
6, 11637, Note_on_c, 9, 36, 0
6, 11640, Note_on_c, 9, 42, 127
6, 11670, Note_on_c, 9, 42, 0
6, 11700, Note_on_c, 9, 36, 127
6, 11700, Note_on_c, 9, 42, 127
6, 11731, Note_on_c, 9, 42, 0
6, 11743, Note_on_c, 9, 36, 0
6, 11760, Note_on_c, 9, 42, 127
6, 11760, Note_on_c, 9, 38, 127
6, 11786, Note_on_c, 9, 42, 0
6, 11820, Note_on_c, 9, 42, 127
6, 11828, Note_on_c, 9, 38, 0
6, 11851, Note_on_c, 9, 42, 0
6, 11880, Note_on_c, 9, 36, 127
6, 11880, Note_on_c, 9, 42, 127
6, 11908, Note_on_c, 9, 42, 0
6, 11940, Note_on_c, 9, 42, 127
6, 11967, Note_on_c, 9, 42, 0
6, 12000, Note_on_c, 9, 42, 127
6, 12026, Note_on_c, 9, 36, 0
6, 12027, Note_on_c, 9, 42, 0
6, 12060, Note_on_c, 9, 42, 127
6, 12090, Note_on_c, 9, 42, 0
6, 12120, Note_on_c, 9, 42, 127
6, 12120, Note_on_c, 9, 36, 127
6, 12149, Note_on_c, 9, 42, 0
6, 12170, Note_on_c, 9, 36, 0
6, 12180, Note_on_c, 9, 42, 127
6, 12214, Note_on_c, 9, 42, 0
6, 12240, Note_on_c, 9, 42, 127
6, 12240, Note_on_c, 9, 38, 127
6, 12271, Note_on_c, 9, 42, 0
6, 12300, Note_on_c, 9, 42, 127
6, 12321, Note_on_c, 9, 38, 0
6, 12333, Note_on_c, 9, 42, 0
6, 12360, Note_on_c, 9, 36, 127
6, 12360, Note_on_c, 9, 42, 127
6, 12392, Note_on_c, 9, 42, 0
6, 12401, Note_on_c, 9, 36, 0
6, 12420, Note_on_c, 9, 42, 127
6, 12450, Note_on_c, 9, 42, 0
6, 12480, Note_on_c, 9, 42, 127
6, 12480, Note_on_c, 9, 36, 127
6, 12507, Note_on_c, 9, 42, 0
6, 12540, Note_on_c, 9, 42, 127
6, 12570, Note_on_c, 9, 42, 0
6, 12595, Note_on_c, 9, 36, 0
6, 12600, Note_on_c, 9, 42, 127
6, 12629, Note_on_c, 9, 42, 0
6, 12660, Note_on_c, 9, 42, 127
6, 12660, Note_on_c, 9, 36, 127
6, 12694, Note_on_c, 9, 36, 0
6, 12694, Note_on_c, 9, 42, 0
6, 12720, Note_on_c, 9, 42, 127
6, 12720, Note_on_c, 9, 38, 127
6, 12751, Note_on_c, 9, 42, 0
6, 12780, Note_on_c, 9, 42, 127
6, 12796, Note_on_c, 9, 38, 0
6, 12813, Note_on_c, 9, 42, 0
6, 12840, Note_on_c, 9, 42, 127
6, 12872, Note_on_c, 9, 42, 0
6, 12900, Note_on_c, 9, 36, 127
6, 12900, Note_on_c, 9, 42, 127
6, 12930, Note_on_c, 9, 42, 0
6, 12960, Note_on_c, 9, 42, 127
6, 12960, Note_on_c, 9, 42, 127
6, 12964, Note_on_c, 9, 42, 0
6, 12964, Note_on_c, 9, 42, 0
6, 13014, Note_on_c, 9, 36, 0
6, 13020, Note_on_c, 9, 42, 127
6, 13055, Note_on_c, 9, 42, 0
6, 13080, Note_on_c, 9, 42, 127
6, 13080, Note_on_c, 9, 36, 127
6, 13110, Note_on_c, 9, 42, 0
6, 13137, Note_on_c, 9, 36, 0
6, 13140, Note_on_c, 9, 42, 127
6, 13171, Note_on_c, 9, 42, 0
6, 13200, Note_on_c, 9, 42, 127
6, 13200, Note_on_c, 9, 38, 127
6, 13218, Note_on_c, 9, 42, 0
6, 13260, Note_on_c, 9, 46, 127
6, 13260, Note_on_c, 9, 36, 127
6, 13272, Note_on_c, 9, 38, 0
6, 13284, Note_on_c, 9, 46, 0
6, 13307, Note_on_c, 9, 36, 0
6, 13320, Note_on_c, 9, 42, 127
6, 13320, Note_on_c, 9, 42, 127
6, 13347, Note_on_c, 9, 42, 0
6, 13347, Note_on_c, 9, 42, 0
6, 13380, Note_on_c, 9, 42, 127
6, 13380, Note_on_c, 9, 36, 127
6, 13404, Note_on_c, 9, 36, 0
6, 13407, Note_on_c, 9, 42, 0
6, 13440, Note_on_c, 9, 42, 127
6, 13440, Note_on_c, 9, 36, 127
6, 13462, Note_on_c, 9, 42, 0
6, 13500, Note_on_c, 9, 42, 127
6, 13521, Note_on_c, 9, 36, 0
6, 13535, Note_on_c, 9, 42, 0
6, 13560, Note_on_c, 9, 42, 127
6, 13590, Note_on_c, 9, 42, 0
6, 13620, Note_on_c, 9, 36, 127
6, 13620, Note_on_c, 9, 42, 127
6, 13651, Note_on_c, 9, 42, 0
6, 13657, Note_on_c, 9, 36, 0
6, 13680, Note_on_c, 9, 38, 127
6, 13680, Note_on_c, 9, 42, 127
6, 13706, Note_on_c, 9, 42, 0
6, 13740, Note_on_c, 9, 42, 127
6, 13748, Note_on_c, 9, 38, 0
6, 13771, Note_on_c, 9, 42, 0
6, 13800, Note_on_c, 9, 42, 127
6, 13800, Note_on_c, 9, 36, 127
6, 13828, Note_on_c, 9, 42, 0
6, 13860, Note_on_c, 9, 42, 127
6, 13887, Note_on_c, 9, 42, 0
6, 13920, Note_on_c, 9, 42, 127
6, 13942, Note_on_c, 9, 42, 0
6, 13947, Note_on_c, 9, 36, 0
6, 13980, Note_on_c, 9, 42, 127
6, 14015, Note_on_c, 9, 42, 0
6, 14040, Note_on_c, 9, 42, 127
6, 14040, Note_on_c, 9, 36, 127
6, 14070, Note_on_c, 9, 42, 0
6, 14100, Note_on_c, 9, 42, 127
6, 14131, Note_on_c, 9, 42, 0
6, 14142, Note_on_c, 9, 36, 0
6, 14160, Note_on_c, 9, 38, 127
6, 14160, Note_on_c, 9, 42, 127
6, 14186, Note_on_c, 9, 42, 0
6, 14220, Note_on_c, 9, 42, 127
6, 14241, Note_on_c, 9, 38, 0
6, 14251, Note_on_c, 9, 42, 0
6, 14280, Note_on_c, 9, 42, 127
6, 14280, Note_on_c, 9, 36, 127
6, 14308, Note_on_c, 9, 42, 0
6, 14322, Note_on_c, 9, 36, 0
6, 14340, Note_on_c, 9, 42, 127
6, 14367, Note_on_c, 9, 42, 0
6, 14400, Note_on_c, 9, 42, 127
6, 14400, Note_on_c, 9, 36, 127
6, 14400, Note_on_c, 9, 42, 127
6, 14404, Note_on_c, 9, 42, 0
6, 14404, Note_on_c, 9, 42, 0
6, 14460, Note_on_c, 9, 42, 127
6, 14495, Note_on_c, 9, 42, 0
6, 14509, Note_on_c, 9, 36, 0
6, 14520, Note_on_c, 9, 42, 127
6, 14550, Note_on_c, 9, 42, 0
6, 14580, Note_on_c, 9, 36, 127
6, 14580, Note_on_c, 9, 42, 127
6, 14611, Note_on_c, 9, 42, 0
6, 14617, Note_on_c, 9, 36, 0
6, 14640, Note_on_c, 9, 38, 127
6, 14640, Note_on_c, 9, 42, 127
6, 14658, Note_on_c, 9, 42, 0
6, 14700, Note_on_c, 9, 46, 127
6, 14716, Note_on_c, 9, 38, 0
6, 14724, Note_on_c, 9, 46, 0
6, 14760, Note_on_c, 9, 42, 127
6, 14760, Note_on_c, 9, 42, 127
6, 14787, Note_on_c, 9, 42, 0
6, 14787, Note_on_c, 9, 42, 0
6, 14820, Note_on_c, 9, 42, 127
6, 14820, Note_on_c, 9, 36, 127
6, 14847, Note_on_c, 9, 42, 0
6, 14880, Note_on_c, 9, 42, 127
6, 14881, Note_on_c, 9, 42, 0
6, 14920, Note_on_c, 9, 36, 0
6, 14940, Note_on_c, 9, 47, 127
6, 14940, Note_on_c, 9, 42, 127
6, 14970, Note_on_c, 9, 42, 0
6, 14971, Note_on_c, 9, 47, 0
6, 15000, Note_on_c, 9, 42, 127
6, 15000, Note_on_c, 9, 36, 127
6, 15029, Note_on_c, 9, 42, 0
6, 15060, Note_on_c, 9, 42, 127
6, 15069, Note_on_c, 9, 36, 0
6, 15094, Note_on_c, 9, 42, 0
6, 15120, Note_on_c, 9, 42, 127
6, 15120, Note_on_c, 9, 38, 127
6, 15151, Note_on_c, 9, 42, 0
6, 15180, Note_on_c, 9, 36, 127
6, 15180, Note_on_c, 9, 42, 127
6, 15192, Note_on_c, 9, 38, 0
6, 15213, Note_on_c, 9, 42, 0
6, 15225, Note_on_c, 9, 36, 0
6, 15240, Note_on_c, 9, 42, 127
6, 15272, Note_on_c, 9, 42, 0
6, 15300, Note_on_c, 9, 36, 127
6, 15300, Note_on_c, 9, 42, 127
6, 15330, Note_on_c, 9, 42, 0
6, 15333, Note_on_c, 9, 36, 0
6, 15360, Note_on_c, 9, 36, 127
6, 15360, Note_on_c, 9, 42, 127
6, 15382, Note_on_c, 9, 42, 0
6, 15420, Note_on_c, 9, 42, 127
6, 15455, Note_on_c, 9, 42, 0
6, 15477, Note_on_c, 9, 36, 0
6, 15480, Note_on_c, 9, 42, 127
6, 15510, Note_on_c, 9, 42, 0
6, 15540, Note_on_c, 9, 42, 127
6, 15540, Note_on_c, 9, 36, 127
6, 15571, Note_on_c, 9, 42, 0
6, 15583, Note_on_c, 9, 36, 0
6, 15600, Note_on_c, 9, 42, 127
6, 15600, Note_on_c, 9, 38, 127
6, 15626, Note_on_c, 9, 42, 0
6, 15660, Note_on_c, 9, 42, 127
6, 15668, Note_on_c, 9, 38, 0
6, 15691, Note_on_c, 9, 42, 0
6, 15720, Note_on_c, 9, 36, 127
6, 15720, Note_on_c, 9, 42, 127
6, 15748, Note_on_c, 9, 42, 0
6, 15780, Note_on_c, 9, 42, 127
6, 15807, Note_on_c, 9, 42, 0
6, 15840, Note_on_c, 9, 42, 127
6, 15866, Note_on_c, 9, 36, 0
6, 15867, Note_on_c, 9, 42, 0
6, 15900, Note_on_c, 9, 42, 127
6, 15930, Note_on_c, 9, 42, 0
6, 15960, Note_on_c, 9, 42, 127
6, 15960, Note_on_c, 9, 36, 127
6, 15989, Note_on_c, 9, 42, 0
6, 16010, Note_on_c, 9, 36, 0
6, 16020, Note_on_c, 9, 42, 127
6, 16054, Note_on_c, 9, 42, 0
6, 16080, Note_on_c, 9, 42, 127
6, 16080, Note_on_c, 9, 38, 127
6, 16111, Note_on_c, 9, 42, 0
6, 16140, Note_on_c, 9, 42, 127
6, 16161, Note_on_c, 9, 38, 0
6, 16173, Note_on_c, 9, 42, 0
6, 16200, Note_on_c, 9, 42, 127
6, 16200, Note_on_c, 9, 36, 127
6, 16232, Note_on_c, 9, 42, 0
6, 16241, Note_on_c, 9, 36, 0
6, 16260, Note_on_c, 9, 42, 127
6, 16290, Note_on_c, 9, 42, 0
6, 16320, Note_on_c, 9, 36, 127
6, 16320, Note_on_c, 9, 42, 127
6, 16347, Note_on_c, 9, 42, 0
6, 16380, Note_on_c, 9, 42, 127
6, 16410, Note_on_c, 9, 42, 0
6, 16435, Note_on_c, 9, 36, 0
6, 16440, Note_on_c, 9, 42, 127
6, 16469, Note_on_c, 9, 42, 0
6, 16500, Note_on_c, 9, 42, 127
6, 16500, Note_on_c, 9, 36, 127
6, 16534, Note_on_c, 9, 36, 0
6, 16534, Note_on_c, 9, 42, 0
6, 16560, Note_on_c, 9, 42, 127
6, 16560, Note_on_c, 9, 38, 127
6, 16591, Note_on_c, 9, 42, 0
6, 16620, Note_on_c, 9, 42, 127
6, 16636, Note_on_c, 9, 38, 0
6, 16653, Note_on_c, 9, 42, 0
6, 16680, Note_on_c, 9, 42, 127
6, 16712, Note_on_c, 9, 42, 0
6, 16740, Note_on_c, 9, 42, 127
6, 16740, Note_on_c, 9, 36, 127
6, 16770, Note_on_c, 9, 42, 0
6, 16800, Note_on_c, 9, 42, 127
6, 16800, Note_on_c, 9, 42, 127
6, 16804, Note_on_c, 9, 42, 0
6, 16804, Note_on_c, 9, 42, 0
6, 16854, Note_on_c, 9, 36, 0
6, 16860, Note_on_c, 9, 42, 127
6, 16895, Note_on_c, 9, 42, 0
6, 16920, Note_on_c, 9, 42, 127
6, 16920, Note_on_c, 9, 36, 127
6, 16950, Note_on_c, 9, 42, 0
6, 16977, Note_on_c, 9, 36, 0
6, 16980, Note_on_c, 9, 42, 127
6, 17011, Note_on_c, 9, 42, 0
6, 17040, Note_on_c, 9, 38, 127
6, 17040, Note_on_c, 9, 42, 127
6, 17058, Note_on_c, 9, 42, 0
6, 17100, Note_on_c, 9, 36, 127
6, 17100, Note_on_c, 9, 46, 127
6, 17112, Note_on_c, 9, 38, 0
6, 17124, Note_on_c, 9, 46, 0
6, 17147, Note_on_c, 9, 36, 0
6, 17160, Note_on_c, 9, 42, 127
6, 17160, Note_on_c, 9, 42, 127
6, 17187, Note_on_c, 9, 42, 0
6, 17187, Note_on_c, 9, 42, 0
6, 17220, Note_on_c, 9, 42, 127
6, 17220, Note_on_c, 9, 36, 127
6, 17244, Note_on_c, 9, 36, 0
6, 17247, Note_on_c, 9, 42, 0
6, 17280, Note_on_c, 9, 42, 127
6, 17280, Note_on_c, 9, 42, 127
6, 17280, Note_on_c, 9, 36, 127
6, 17284, Note_on_c, 9, 42, 0
6, 17284, Note_on_c, 9, 42, 0
6, 17340, Note_on_c, 9, 42, 127
6, 17361, Note_on_c, 9, 36, 0
6, 17375, Note_on_c, 9, 42, 0
6, 17400, Note_on_c, 9, 42, 127
6, 17430, Note_on_c, 9, 42, 0
6, 17460, Note_on_c, 9, 42, 127
6, 17460, Note_on_c, 9, 36, 127
6, 17491, Note_on_c, 9, 42, 0
6, 17497, Note_on_c, 9, 36, 0
6, 17520, Note_on_c, 9, 42, 127
6, 17520, Note_on_c, 9, 38, 127
6, 17546, Note_on_c, 9, 42, 0
6, 17580, Note_on_c, 9, 42, 127
6, 17588, Note_on_c, 9, 38, 0
6, 17611, Note_on_c, 9, 42, 0
6, 17640, Note_on_c, 9, 42, 127
6, 17640, Note_on_c, 9, 36, 127
6, 17668, Note_on_c, 9, 42, 0
6, 17700, Note_on_c, 9, 42, 127
6, 17727, Note_on_c, 9, 42, 0
6, 17760, Note_on_c, 9, 42, 127
6, 17787, Note_on_c, 9, 42, 0
6, 17787, Note_on_c, 9, 36, 0
6, 17820, Note_on_c, 9, 42, 127
6, 17850, Note_on_c, 9, 42, 0
6, 17880, Note_on_c, 9, 42, 127
6, 17880, Note_on_c, 9, 36, 127
6, 17909, Note_on_c, 9, 42, 0
6, 17940, Note_on_c, 9, 42, 127
6, 17974, Note_on_c, 9, 42, 0
6, 17982, Note_on_c, 9, 36, 0
6, 18000, Note_on_c, 9, 38, 127
6, 18000, Note_on_c, 9, 42, 127
6, 18031, Note_on_c, 9, 42, 0
6, 18060, Note_on_c, 9, 42, 127
6, 18081, Note_on_c, 9, 38, 0
6, 18093, Note_on_c, 9, 42, 0
6, 18120, Note_on_c, 9, 42, 127
6, 18120, Note_on_c, 9, 36, 127
6, 18152, Note_on_c, 9, 42, 0
6, 18162, Note_on_c, 9, 36, 0
6, 18180, Note_on_c, 9, 42, 127
6, 18210, Note_on_c, 9, 42, 0
6, 18240, Note_on_c, 9, 42, 127
6, 18240, Note_on_c, 9, 36, 127
6, 18240, Note_on_c, 9, 42, 127
6, 18244, Note_on_c, 9, 42, 0
6, 18244, Note_on_c, 9, 42, 0
6, 18300, Note_on_c, 9, 42, 127
6, 18335, Note_on_c, 9, 42, 0
6, 18349, Note_on_c, 9, 36, 0
6, 18360, Note_on_c, 9, 42, 127
6, 18390, Note_on_c, 9, 42, 0
6, 18420, Note_on_c, 9, 42, 127
6, 18420, Note_on_c, 9, 36, 127
6, 18451, Note_on_c, 9, 42, 0
6, 18457, Note_on_c, 9, 36, 0
6, 18480, Note_on_c, 9, 42, 127
6, 18480, Note_on_c, 9, 38, 127
6, 18506, Note_on_c, 9, 42, 0
6, 18540, Note_on_c, 9, 42, 127
6, 18540, Note_on_c, 9, 47, 127
6, 18556, Note_on_c, 9, 38, 0
6, 18571, Note_on_c, 9, 42, 0
6, 18572, Note_on_c, 9, 47, 0
6, 18600, Note_on_c, 9, 42, 127
6, 18628, Note_on_c, 9, 42, 0
6, 18660, Note_on_c, 9, 36, 127
6, 18660, Note_on_c, 9, 42, 127
6, 18687, Note_on_c, 9, 42, 0
6, 18720, Note_on_c, 9, 42, 127
6, 18747, Note_on_c, 9, 42, 0
6, 18760, Note_on_c, 9, 36, 0
6, 18780, Note_on_c, 9, 45, 127
6, 18780, Note_on_c, 9, 42, 127
6, 18810, Note_on_c, 9, 42, 0
6, 18814, Note_on_c, 9, 45, 0
6, 18840, Note_on_c, 9, 42, 127
6, 18840, Note_on_c, 9, 36, 127
6, 18869, Note_on_c, 9, 42, 0
6, 18900, Note_on_c, 9, 42, 127
6, 18909, Note_on_c, 9, 36, 0
6, 18934, Note_on_c, 9, 42, 0
6, 18960, Note_on_c, 9, 42, 127
6, 18991, Note_on_c, 9, 42, 0
6, 19020, Note_on_c, 9, 36, 127
6, 19020, Note_on_c, 9, 46, 127
6, 19025, Note_on_c, 9, 48, 127
6, 19044, Note_on_c, 9, 45, 127
6, 19050, Note_on_c, 9, 46, 0
6, 19054, Note_on_c, 9, 48, 0
6, 19065, Note_on_c, 9, 36, 0
6, 19066, Note_on_c, 9, 45, 0
6, 19074, Note_on_c, 9, 41, 127
6, 19080, Note_on_c, 9, 42, 127
6, 19100, Note_on_c, 9, 41, 0
6, 19112, Note_on_c, 9, 42, 0
6, 19140, Note_on_c, 9, 36, 127
6, 19140, Note_on_c, 9, 42, 127
6, 19170, Note_on_c, 9, 42, 0
6, 19173, Note_on_c, 9, 36, 0
6, 19200, Note_on_c, 9, 42, 127
6, 19200, Note_on_c, 9, 36, 127
6, 19200, Note_on_c, 9, 70, 127
6, 19222, Note_on_c, 9, 42, 0
6, 19253, Note_on_c, 9, 70, 0
6, 19260, Note_on_c, 9, 42, 127
6, 19295, Note_on_c, 9, 42, 0
6, 19317, Note_on_c, 9, 36, 0
6, 19320, Note_on_c, 9, 42, 127
6, 19320, Note_on_c, 9, 70, 127
6, 19348, Note_on_c, 9, 70, 0
6, 19350, Note_on_c, 9, 42, 0
6, 19380, Note_on_c, 9, 82, 127
6, 19380, Note_on_c, 9, 42, 127
6, 19380, Note_on_c, 9, 36, 127
6, 19411, Note_on_c, 9, 42, 0
6, 19423, Note_on_c, 9, 36, 0
6, 19434, Note_on_c, 9, 82, 0
6, 19440, Note_on_c, 9, 70, 127
6, 19440, Note_on_c, 9, 42, 127
6, 19440, Note_on_c, 9, 38, 127
6, 19466, Note_on_c, 9, 42, 0
6, 19479, Note_on_c, 9, 70, 0
6, 19500, Note_on_c, 9, 42, 127
6, 19508, Note_on_c, 9, 38, 0
6, 19530, Note_on_c, 9, 42, 0
6, 19560, Note_on_c, 9, 42, 127
6, 19560, Note_on_c, 9, 36, 127
6, 19560, Note_on_c, 9, 70, 127
6, 19585, Note_on_c, 9, 70, 0
6, 19588, Note_on_c, 9, 42, 0
6, 19620, Note_on_c, 9, 82, 127
6, 19620, Note_on_c, 9, 42, 127
6, 19647, Note_on_c, 9, 42, 0
6, 19680, Note_on_c, 9, 42, 127
6, 19680, Note_on_c, 9, 70, 127
6, 19684, Note_on_c, 9, 82, 0
6, 19706, Note_on_c, 9, 36, 0
6, 19707, Note_on_c, 9, 42, 0
6, 19718, Note_on_c, 9, 70, 0
6, 19740, Note_on_c, 9, 42, 127
6, 19770, Note_on_c, 9, 42, 0
6, 19800, Note_on_c, 9, 70, 127
6, 19800, Note_on_c, 9, 36, 127
6, 19800, Note_on_c, 9, 42, 127
6, 19827, Note_on_c, 9, 70, 0
6, 19829, Note_on_c, 9, 42, 0
6, 19850, Note_on_c, 9, 36, 0
6, 19860, Note_on_c, 9, 82, 127
6, 19860, Note_on_c, 9, 42, 127
6, 19894, Note_on_c, 9, 42, 0
6, 19908, Note_on_c, 9, 82, 0
6, 19920, Note_on_c, 9, 38, 127
6, 19920, Note_on_c, 9, 42, 127
6, 19920, Note_on_c, 9, 70, 127
6, 19951, Note_on_c, 9, 42, 0
6, 19955, Note_on_c, 9, 70, 0
6, 19980, Note_on_c, 9, 42, 127
6, 20001, Note_on_c, 9, 38, 0
6, 20013, Note_on_c, 9, 42, 0
6, 20040, Note_on_c, 9, 42, 127
6, 20040, Note_on_c, 9, 70, 127
6, 20040, Note_on_c, 9, 36, 127
6, 20065, Note_on_c, 9, 70, 0
6, 20072, Note_on_c, 9, 42, 0
6, 20081, Note_on_c, 9, 36, 0
6, 20100, Note_on_c, 9, 42, 127
6, 20100, Note_on_c, 9, 82, 127
6, 20130, Note_on_c, 9, 42, 0
6, 20148, Note_on_c, 9, 82, 0
6, 20160, Note_on_c, 9, 36, 127
6, 20160, Note_on_c, 9, 70, 127
6, 20160, Note_on_c, 9, 42, 127
6, 20187, Note_on_c, 9, 42, 0
6, 20192, Note_on_c, 9, 70, 0
6, 20220, Note_on_c, 9, 42, 127
6, 20250, Note_on_c, 9, 42, 0
6, 20275, Note_on_c, 9, 36, 0
6, 20280, Note_on_c, 9, 42, 127
6, 20280, Note_on_c, 9, 70, 127
6, 20307, Note_on_c, 9, 70, 0
6, 20309, Note_on_c, 9, 42, 0
6, 20340, Note_on_c, 9, 82, 127
6, 20340, Note_on_c, 9, 42, 127
6, 20340, Note_on_c, 9, 36, 127
6, 20374, Note_on_c, 9, 36, 0
6, 20374, Note_on_c, 9, 42, 0
6, 20388, Note_on_c, 9, 82, 0
6, 20400, Note_on_c, 9, 42, 127
6, 20400, Note_on_c, 9, 70, 127
6, 20400, Note_on_c, 9, 38, 127
6, 20431, Note_on_c, 9, 42, 0
6, 20441, Note_on_c, 9, 70, 0
6, 20460, Note_on_c, 9, 42, 127
6, 20476, Note_on_c, 9, 38, 0
6, 20493, Note_on_c, 9, 42, 0
6, 20520, Note_on_c, 9, 70, 127
6, 20520, Note_on_c, 9, 42, 127
6, 20548, Note_on_c, 9, 70, 0
6, 20552, Note_on_c, 9, 42, 0
6, 20580, Note_on_c, 9, 42, 127
6, 20580, Note_on_c, 9, 82, 127
6, 20580, Note_on_c, 9, 36, 127
6, 20610, Note_on_c, 9, 42, 0
6, 20633, Note_on_c, 9, 82, 0
6, 20640, Note_on_c, 9, 70, 127
6, 20640, Note_on_c, 9, 42, 127
6, 20640, Note_on_c, 9, 42, 127
6, 20644, Note_on_c, 9, 42, 0
6, 20644, Note_on_c, 9, 42, 0
6, 20678, Note_on_c, 9, 70, 0
6, 20694, Note_on_c, 9, 36, 0
6, 20700, Note_on_c, 9, 42, 127
6, 20735, Note_on_c, 9, 42, 0
6, 20760, Note_on_c, 9, 42, 127
6, 20760, Note_on_c, 9, 36, 127
6, 20760, Note_on_c, 9, 70, 127
6, 20790, Note_on_c, 9, 42, 0
6, 20794, Note_on_c, 9, 70, 0
6, 20817, Note_on_c, 9, 36, 0
6, 20820, Note_on_c, 9, 82, 127
6, 20820, Note_on_c, 9, 42, 127
6, 20851, Note_on_c, 9, 42, 0
6, 20873, Note_on_c, 9, 82, 0
6, 20880, Note_on_c, 9, 38, 127
6, 20880, Note_on_c, 9, 70, 127
6, 20880, Note_on_c, 9, 42, 127
6, 20898, Note_on_c, 9, 42, 0
6, 20923, Note_on_c, 9, 70, 0
6, 20940, Note_on_c, 9, 36, 127
6, 20940, Note_on_c, 9, 46, 127
6, 20952, Note_on_c, 9, 38, 0
6, 20964, Note_on_c, 9, 46, 0
6, 20987, Note_on_c, 9, 36, 0
6, 21000, Note_on_c, 9, 70, 127
6, 21000, Note_on_c, 9, 42, 127
6, 21000, Note_on_c, 9, 42, 127
6, 21027, Note_on_c, 9, 42, 0
6, 21027, Note_on_c, 9, 42, 0
6, 21032, Note_on_c, 9, 70, 0
6, 21060, Note_on_c, 9, 36, 127
6, 21060, Note_on_c, 9, 82, 127
6, 21060, Note_on_c, 9, 42, 127
6, 21084, Note_on_c, 9, 36, 0
6, 21087, Note_on_c, 9, 42, 0
6, 21099, Note_on_c, 9, 82, 0
6, 21180, Note_on_c, 9, 46, 127
6, 21180, Note_on_c, 9, 47, 127
6, 21180, Note_on_c, 9, 38, 127
6, 21207, Note_on_c, 9, 46, 0
6, 21210, Note_on_c, 9, 45, 127
6, 21211, Note_on_c, 9, 47, 0
6, 21240, Note_on_c, 9, 38, 0
6, 21240, Note_on_c, 9, 44, 127
6, 21240, Note_on_c, 9, 43, 127
6, 21254, Note_on_c, 9, 45, 0
6, 21265, Note_on_c, 9, 43, 0
6, 21267, Note_on_c, 9, 44, 0
6, 21360, Note_on_c, 9, 38, 127
6, 21360, Note_on_c, 9, 58, 127
6, 21360, Note_on_c, 9, 36, 127
6, 21360, Note_on_c, 9, 44, 127
6, 21360, Note_on_c, 9, 41, 127
6, 21392, Note_on_c, 9, 44, 0
6, 21424, Note_on_c, 9, 36, 0
6, 21430, Note_on_c, 9, 41, 0
6, 21436, Note_on_c, 9, 38, 0
6, 21440, Note_on_c, 9, 58, 0
6, 21440, End_track
0, 0, End_of_file
