0, 0, Header, 1, 10, 96
1, 0, Start_track
1, 0, Time_signature, 6, 2, 96, 8
1, 0, Tempo, 320512
1, 0, End_track
2, 0, Start_track
2, 0, Control_c, 0, 0, 0
2, 0, Program_c, 0, 32
2, 0, Time_signature, 6, 2, 96, 8
2, 0, Tempo, 320512
2, 1148, Note_on_c, 0, 48, 64
2, 2201, Note_on_c, 0, 43, 64
2, 2217, Note_off_c, 0, 48, 0
2, 2306, Note_on_c, 0, 48, 64
2, 2311, Note_off_c, 0, 43, 0
2, 3355, Note_on_c, 0, 43, 64
2, 3359, Note_off_c, 0, 48, 0
2, 3451, Note_on_c, 0, 50, 64
2, 3462, Note_off_c, 0, 43, 0
2, 4413, Note_on_c, 0, 45, 64
2, 4415, Note_off_c, 0, 50, 0
2, 4511, Note_off_c, 0, 45, 0
2, 4512, Note_on_c, 0, 44, 64
2, 4601, Note_off_c, 0, 44, 0
2, 4609, Note_on_c, 0, 43, 64
2, 5673, Note_on_c, 0, 45, 64
2, 5687, Note_off_c, 0, 43, 0
2, 5761, Note_on_c, 0, 50, 64
2, 5764, Note_off_c, 0, 45, 0
2, 6146, Note_on_c, 0, 45, 64
2, 6153, Note_off_c, 0, 50, 0
2, 6237, Note_off_c, 0, 45, 0
2, 6238, Note_on_c, 0, 50, 64
2, 6337, Note_off_c, 0, 50, 0
2, 6337, Note_on_c, 0, 49, 64
2, 6718, Note_off_c, 0, 49, 0
2, 6719, Note_on_c, 0, 45, 64
2, 6809, Note_off_c, 0, 45, 0
2, 6809, Note_on_c, 0, 49, 64
2, 6905, Note_off_c, 0, 49, 0
2, 6913, Note_on_c, 0, 48, 64
2, 7295, Note_off_c, 0, 48, 0
2, 7297, Note_on_c, 0, 45, 64
2, 7377, Note_off_c, 0, 45, 0
2, 7378, Note_on_c, 0, 48, 64
2, 7379, Note_on_c, 0, 45, 64
2, 7394, Note_off_c, 0, 45, 0
2, 7493, Note_on_c, 0, 47, 64
2, 7498, Note_off_c, 0, 48, 0
2, 7734, Note_off_c, 0, 47, 0
2, 7777, Note_on_c, 0, 47, 64
2, 7863, Note_off_c, 0, 47, 0
2, 7868, Note_on_c, 0, 45, 64
2, 7961, Note_off_c, 0, 45, 0
2, 7965, Note_on_c, 0, 43, 64
2, 8007, Note_off_c, 0, 43, 0
2, 8067, Note_on_c, 0, 36, 64
2, 9215, Note_on_c, 0, 48, 64
2, 9222, Note_off_c, 0, 36, 0
2, 9324, Note_off_c, 0, 48, 0
2, 9397, Note_on_c, 0, 48, 64
2, 9500, Note_on_c, 0, 46, 64
2, 9509, Note_off_c, 0, 48, 0
2, 9601, Note_off_c, 0, 46, 0
2, 9688, Note_on_c, 0, 46, 64
2, 9782, Note_off_c, 0, 46, 0
2, 9791, Note_on_c, 0, 45, 64
2, 9870, Note_off_c, 0, 45, 0
2, 9976, Note_on_c, 0, 45, 64
2, 10076, Note_off_c, 0, 45, 0
2, 10076, Note_on_c, 0, 43, 64
2, 10176, Note_off_c, 0, 43, 0
2, 10264, Note_on_c, 0, 43, 64
2, 10355, Note_off_c, 0, 43, 0
2, 10375, Note_on_c, 0, 41, 64
2, 10849, Note_on_c, 0, 45, 64
2, 10868, Note_off_c, 0, 41, 0
2, 10943, Note_off_c, 0, 45, 0
2, 10945, Note_on_c, 0, 48, 64
2, 11237, Note_on_c, 0, 45, 64
2, 11239, Note_off_c, 0, 48, 0
2, 11421, Note_on_c, 0, 48, 64
2, 11422, Note_off_c, 0, 45, 0
2, 11515, Note_off_c, 0, 48, 0
2, 11527, Note_on_c, 0, 41, 64
2, 11529, Note_on_c, 0, 43, 64
2, 11533, Note_off_c, 0, 43, 0
2, 12007, Note_on_c, 0, 44, 64
2, 12019, Note_off_c, 0, 41, 0
2, 12100, Note_on_c, 0, 48, 64
2, 12103, Note_off_c, 0, 44, 0
2, 12385, Note_off_c, 0, 48, 0
2, 12389, Note_on_c, 0, 44, 64
2, 12577, Note_on_c, 0, 48, 64
2, 12582, Note_off_c, 0, 44, 0
2, 12630, Note_off_c, 0, 48, 0
2, 12682, Note_on_c, 0, 48, 64
2, 13139, Note_off_c, 0, 48, 0
2, 13140, Note_on_c, 0, 43, 64
2, 13253, Note_on_c, 0, 48, 64
2, 13255, Note_off_c, 0, 43, 0
2, 13444, Note_off_c, 0, 48, 0
2, 13451, Note_on_c, 0, 43, 64
2, 13535, Note_on_c, 0, 48, 64
2, 13548, Note_off_c, 0, 43, 0
2, 13621, Note_off_c, 0, 48, 0
2, 13635, Note_on_c, 0, 46, 64
2, 13670, Note_off_c, 0, 46, 0
2, 13676, Note_on_c, 0, 47, 64
2, 13734, Note_off_c, 0, 47, 0
2, 13740, Note_on_c, 0, 46, 64
2, 13746, Note_on_c, 0, 47, 64
2, 13750, Note_on_c, 0, 45, 64
2, 13751, Note_off_c, 0, 45, 0
2, 13759, Note_off_c, 0, 46, 0
2, 13818, Note_off_c, 0, 47, 0
2, 13873, Note_on_c, 0, 45, 64
2, 14298, Note_on_c, 0, 49, 64
2, 14318, Note_off_c, 0, 45, 0
2, 14396, Note_off_c, 0, 49, 0
2, 14399, Note_on_c, 0, 52, 64
2, 14693, Note_off_c, 0, 52, 0
2, 14696, Note_on_c, 0, 49, 64
2, 14990, Note_off_c, 0, 49, 0
2, 14996, Note_on_c, 0, 50, 64
2, 15454, Note_off_c, 0, 50, 0
2, 15455, Note_on_c, 0, 45, 64
2, 15558, Note_on_c, 0, 50, 64
2, 15563, Note_off_c, 0, 45, 0
2, 15930, Note_on_c, 0, 45, 64
2, 15933, Note_off_c, 0, 50, 0
2, 16017, Note_off_c, 0, 45, 0
2, 16024, Note_on_c, 0, 44, 64
2, 16117, Note_off_c, 0, 44, 0
2, 16134, Note_on_c, 0, 43, 64
2, 16612, Note_on_c, 0, 47, 64
2, 16626, Note_off_c, 0, 43, 0
2, 16699, Note_off_c, 0, 47, 0
2, 16707, Note_on_c, 0, 50, 64
2, 16996, Note_off_c, 0, 50, 0
2, 17002, Note_on_c, 0, 47, 64
2, 17289, Note_off_c, 0, 47, 0
2, 17291, Note_on_c, 0, 48, 64
2, 17751, Note_off_c, 0, 48, 0
2, 17751, Note_on_c, 0, 43, 64
2, 17862, Note_on_c, 0, 48, 64
2, 17869, Note_off_c, 0, 43, 0
2, 18077, Note_off_c, 0, 48, 0
2, 18135, Note_on_c, 0, 48, 64
2, 18208, Note_off_c, 0, 48, 0
2, 18229, Note_on_c, 0, 47, 64
2, 18292, Note_off_c, 0, 47, 0
2, 18323, Note_on_c, 0, 46, 64
2, 18425, Note_off_c, 0, 46, 0
2, 18440, Note_on_c, 0, 45, 64
2, 18895, Note_on_c, 0, 49, 64
2, 18908, Note_off_c, 0, 45, 0
2, 18999, Note_off_c, 0, 49, 0
2, 19006, Note_on_c, 0, 52, 64
2, 19302, Note_off_c, 0, 52, 0
2, 19307, Note_on_c, 0, 49, 64
2, 19495, Note_off_c, 0, 49, 0
2, 19497, Note_on_c, 0, 52, 64
2, 19555, Note_off_c, 0, 52, 0
2, 19599, Note_on_c, 0, 38, 64
2, 19886, Note_on_c, 0, 41, 64
2, 19898, Note_off_c, 0, 38, 0
2, 20157, Note_off_c, 0, 41, 0
2, 20161, Note_on_c, 0, 45, 64
2, 20449, Note_off_c, 0, 45, 0
2, 20453, Note_on_c, 0, 50, 64
2, 20637, Note_off_c, 0, 50, 0
2, 20642, Note_on_c, 0, 45, 64
2, 20713, Note_off_c, 0, 45, 0
2, 20738, Note_on_c, 0, 45, 64
2, 20743, Note_on_c, 0, 43, 64
2, 20746, Note_off_c, 0, 45, 0
2, 21031, Note_on_c, 0, 47, 64
2, 21048, Note_off_c, 0, 43, 0
2, 21313, Note_off_c, 0, 47, 0
2, 21314, Note_on_c, 0, 50, 64
2, 21600, Note_off_c, 0, 50, 0
2, 21609, Note_on_c, 0, 43, 64
2, 21703, Note_on_c, 0, 45, 64
2, 21712, Note_off_c, 0, 43, 0
2, 21789, Note_on_c, 0, 47, 64
2, 21791, Note_off_c, 0, 45, 0
2, 21896, Note_off_c, 0, 47, 0
2, 21901, Note_on_c, 0, 48, 64
2, 22776, Note_off_c, 0, 48, 0
2, 22776, End_track
3, 0, Start_track
3, 0, Title_t, "DRUM1"
3, 0, Control_c, 9, 0, 0
3, 0, Program_c, 9, 22
3, 0, Control_c, 9, 10, 105
3, 0, Time_signature, 6, 2, 96, 8
3, 0, Tempo, 320512
3, 9891, Note_on_c, 9, 47, 41
3, 9909, Note_off_c, 9, 47, 0
3, 9977, Note_on_c, 9, 45, 41
3, 9992, Note_off_c, 9, 45, 0
3, 10069, Note_on_c, 9, 43, 41
3, 10085, Note_off_c, 9, 43, 0
3, 10166, Note_on_c, 9, 48, 41
3, 10183, Note_off_c, 9, 48, 0
3, 10219, Note_on_c, 9, 43, 41
3, 10243, Note_off_c, 9, 43, 0
3, 10262, Note_on_c, 9, 47, 41
3, 10281, Note_off_c, 9, 47, 0
3, 10371, Note_on_c, 9, 36, 41
3, 10372, Note_on_c, 9, 49, 41
3, 10385, Note_off_c, 9, 49, 0
3, 10466, Note_on_c, 9, 42, 41
3, 10479, Note_off_c, 9, 42, 0
3, 10566, Note_on_c, 9, 42, 41
3, 10584, Note_off_c, 9, 42, 0
3, 10656, Note_off_c, 9, 36, 0
3, 10664, Note_on_c, 9, 40, 41
3, 10673, Note_on_c, 9, 42, 41
3, 10692, Note_off_c, 9, 42, 0
3, 10764, Note_on_c, 9, 42, 41
3, 10784, Note_off_c, 9, 42, 0
3, 10840, Note_on_c, 9, 36, 41
3, 10846, Note_off_c, 9, 40, 0
3, 10857, Note_on_c, 9, 42, 41
3, 10878, Note_off_c, 9, 36, 0
3, 10878, Note_off_c, 9, 42, 0
3, 10952, Note_on_c, 9, 36, 41
3, 10957, Note_on_c, 9, 42, 41
3, 10978, Note_off_c, 9, 42, 0
3, 11046, Note_on_c, 9, 42, 41
3, 11062, Note_off_c, 9, 42, 0
3, 11092, Note_on_c, 9, 42, 41
3, 11099, Note_off_c, 9, 36, 0
3, 11105, Note_off_c, 9, 42, 0
3, 11139, Note_on_c, 9, 42, 41
3, 11159, Note_off_c, 9, 42, 0
3, 11242, Note_on_c, 9, 42, 41
3, 11244, Note_on_c, 9, 40, 41
3, 11260, Note_off_c, 9, 42, 0
3, 11263, Note_off_c, 9, 40, 0
3, 11329, Note_on_c, 9, 42, 41
3, 11349, Note_off_c, 9, 42, 0
3, 11432, Note_on_c, 9, 42, 41
3, 11448, Note_off_c, 9, 42, 0
3, 11524, Note_on_c, 9, 42, 41
3, 11541, Note_off_c, 9, 42, 0
3, 11622, Note_on_c, 9, 42, 41
3, 11634, Note_off_c, 9, 42, 0
3, 11670, Note_on_c, 9, 42, 41
3, 11679, Note_off_c, 9, 42, 0
3, 11715, Note_on_c, 9, 42, 41
3, 11729, Note_off_c, 9, 42, 0
3, 11811, Note_on_c, 9, 49, 41
3, 11813, Note_on_c, 9, 48, 41
3, 11824, Note_off_c, 9, 48, 0
3, 11831, Note_off_c, 9, 49, 0
3, 12013, Note_on_c, 9, 42, 41
3, 12026, Note_off_c, 9, 42, 0
3, 12105, Note_on_c, 9, 42, 41
3, 12116, Note_off_c, 9, 42, 0
3, 12680, Note_on_c, 9, 49, 41
3, 13100, Note_off_c, 9, 49, 0
3, 14508, Note_on_c, 9, 47, 41
3, 14520, Note_off_c, 9, 47, 0
3, 14600, Note_on_c, 9, 45, 41
3, 14614, Note_off_c, 9, 45, 0
3, 14696, Note_on_c, 9, 43, 41
3, 14711, Note_off_c, 9, 43, 0
3, 14783, Note_on_c, 9, 47, 41
3, 14814, Note_off_c, 9, 47, 0
3, 14824, Note_on_c, 9, 45, 41
3, 14831, Note_off_c, 9, 45, 0
3, 14853, Note_on_c, 9, 45, 41
3, 14867, Note_off_c, 9, 45, 0
3, 14898, Note_on_c, 9, 41, 41
3, 14912, Note_off_c, 9, 41, 0
3, 14993, Note_on_c, 9, 49, 41
3, 15002, Note_on_c, 9, 48, 41
3, 15008, Note_off_c, 9, 49, 0
3, 15014, Note_off_c, 9, 48, 0
3, 17302, Note_on_c, 9, 49, 41
3, 17709, Note_off_c, 9, 49, 0
3, 18450, Note_on_c, 9, 49, 41
3, 18957, Note_off_c, 9, 49, 0
3, 19108, Note_on_c, 9, 47, 41
3, 19126, Note_off_c, 9, 47, 0
3, 19200, Note_on_c, 9, 45, 41
3, 19218, Note_off_c, 9, 45, 0
3, 19395, Note_on_c, 9, 47, 41
3, 19413, Note_off_c, 9, 47, 0
3, 19428, Note_on_c, 9, 45, 41
3, 19430, Note_on_c, 9, 47, 41
3, 19432, Note_off_c, 9, 47, 0
3, 19437, Note_off_c, 9, 45, 0
3, 19454, Note_on_c, 9, 44, 41
3, 19456, Note_off_c, 9, 44, 0
3, 19458, Note_on_c, 9, 45, 41
3, 19472, Note_off_c, 9, 45, 0
3, 19496, Note_on_c, 9, 43, 41
3, 19504, Note_off_c, 9, 43, 0
3, 19607, Note_on_c, 9, 49, 41
3, 19623, Note_off_c, 9, 49, 0
3, 20734, Note_on_c, 9, 49, 41
3, 21255, Note_off_c, 9, 49, 0
3, 21400, Note_on_c, 9, 47, 41
3, 21421, Note_off_c, 9, 47, 0
3, 21503, Note_on_c, 9, 45, 41
3, 21524, Note_off_c, 9, 45, 0
3, 21600, Note_on_c, 9, 43, 41
3, 21622, Note_off_c, 9, 43, 0
3, 21695, Note_on_c, 9, 40, 41
3, 21695, Note_on_c, 9, 41, 41
3, 21700, Note_off_c, 9, 41, 0
3, 21716, Note_off_c, 9, 40, 0
3, 21791, Note_on_c, 9, 38, 41
3, 21809, Note_off_c, 9, 38, 0
3, 21895, Note_on_c, 9, 49, 41
3, 21896, Note_on_c, 9, 36, 41
3, 21933, Note_off_c, 9, 49, 0
3, 21948, Note_off_c, 9, 36, 0
3, 21948, End_track
4, 0, Start_track
4, 0, Control_c, 9, 0, 0
4, 0, Program_c, 9, 0
4, 0, Time_signature, 6, 2, 96, 8
4, 0, Tempo, 320512
4, 865, Note_on_c, 9, 47, 64
4, 887, Note_off_c, 9, 47, 0
4, 960, Note_on_c, 9, 45, 64
4, 981, Note_off_c, 9, 45, 0
4, 1052, Note_on_c, 9, 43, 64
4, 1078, Note_off_c, 9, 43, 0
4, 1154, Note_on_c, 9, 36, 64
4, 1161, Note_on_c, 9, 42, 64
4, 1162, Note_on_c, 9, 44, 64
4, 1167, Note_off_c, 9, 44, 0
4, 1174, Note_off_c, 9, 42, 0
4, 1265, Note_on_c, 9, 42, 64
4, 1278, Note_off_c, 9, 42, 0
4, 1306, Note_on_c, 9, 42, 64
4, 1319, Note_off_c, 9, 42, 0
4, 1344, Note_on_c, 9, 42, 64
4, 1362, Note_off_c, 9, 42, 0
4, 1433, Note_off_c, 9, 36, 0
4, 1440, Note_on_c, 9, 40, 64
4, 1441, Note_on_c, 9, 38, 64
4, 1441, Note_on_c, 9, 42, 64
4, 1468, Note_off_c, 9, 42, 0
4, 1487, Note_off_c, 9, 38, 0
4, 1537, Note_on_c, 9, 42, 64
4, 1565, Note_off_c, 9, 42, 0
4, 1627, Note_off_c, 9, 40, 0
4, 1628, Note_on_c, 9, 36, 64
4, 1629, Note_on_c, 9, 42, 64
4, 1653, Note_off_c, 9, 42, 0
4, 1659, Note_off_c, 9, 36, 0
4, 1726, Note_on_c, 9, 36, 64
4, 1732, Note_on_c, 9, 42, 64
4, 1756, Note_off_c, 9, 42, 0
4, 1821, Note_on_c, 9, 42, 64
4, 1838, Note_off_c, 9, 42, 0
4, 1868, Note_on_c, 9, 42, 64
4, 1884, Note_off_c, 9, 42, 0
4, 1914, Note_on_c, 9, 42, 64
4, 1938, Note_off_c, 9, 42, 0
4, 2016, Note_off_c, 9, 36, 0
4, 2017, Note_on_c, 9, 40, 64
4, 2020, Note_on_c, 9, 42, 64
4, 2047, Note_off_c, 9, 42, 0
4, 2112, Note_on_c, 9, 42, 64
4, 2148, Note_off_c, 9, 42, 0
4, 2208, Note_on_c, 9, 42, 64
4, 2233, Note_off_c, 9, 42, 0
4, 2309, Note_on_c, 9, 42, 64
4, 2311, Note_off_c, 9, 40, 0
4, 2312, Note_on_c, 9, 36, 64
4, 2336, Note_off_c, 9, 42, 0
4, 2405, Note_on_c, 9, 42, 64
4, 2426, Note_off_c, 9, 42, 0
4, 2455, Note_on_c, 9, 42, 64
4, 2472, Note_off_c, 9, 42, 0
4, 2501, Note_on_c, 9, 42, 64
4, 2524, Note_off_c, 9, 42, 0
4, 2595, Note_off_c, 9, 36, 0
4, 2599, Note_on_c, 9, 40, 64
4, 2601, Note_on_c, 9, 42, 64
4, 2626, Note_off_c, 9, 42, 0
4, 2693, Note_on_c, 9, 42, 64
4, 2721, Note_off_c, 9, 42, 0
4, 2790, Note_on_c, 9, 42, 64
4, 2792, Note_on_c, 9, 36, 64
4, 2799, Note_off_c, 9, 40, 0
4, 2814, Note_off_c, 9, 42, 0
4, 2826, Note_off_c, 9, 36, 0
4, 2887, Note_on_c, 9, 36, 64
4, 2889, Note_on_c, 9, 42, 64
4, 2916, Note_off_c, 9, 42, 0
4, 2983, Note_on_c, 9, 42, 64
4, 3001, Note_off_c, 9, 42, 0
4, 3028, Note_on_c, 9, 42, 64
4, 3047, Note_off_c, 9, 42, 0
4, 3074, Note_on_c, 9, 42, 64
4, 3096, Note_off_c, 9, 42, 0
4, 3169, Note_off_c, 9, 36, 0
4, 3178, Note_on_c, 9, 42, 64
4, 3179, Note_on_c, 9, 40, 64
4, 3203, Note_off_c, 9, 42, 0
4, 3269, Note_on_c, 9, 42, 64
4, 3295, Note_off_c, 9, 42, 0
4, 3351, Note_on_c, 9, 36, 64
4, 3359, Note_on_c, 9, 42, 64
4, 3360, Note_off_c, 9, 40, 0
4, 3383, Note_off_c, 9, 42, 0
4, 3387, Note_off_c, 9, 36, 0
4, 3458, Note_on_c, 9, 42, 64
4, 3459, Note_on_c, 9, 36, 64
4, 3489, Note_off_c, 9, 42, 0
4, 3549, Note_on_c, 9, 42, 64
4, 3568, Note_off_c, 9, 42, 0
4, 3599, Note_on_c, 9, 42, 64
4, 3619, Note_off_c, 9, 42, 0
4, 3645, Note_on_c, 9, 42, 64
4, 3670, Note_off_c, 9, 42, 0
4, 3747, Note_off_c, 9, 36, 0
4, 3754, Note_on_c, 9, 42, 64
4, 3755, Note_on_c, 9, 40, 64
4, 3780, Note_off_c, 9, 42, 0
4, 3848, Note_on_c, 9, 42, 64
4, 3878, Note_off_c, 9, 42, 0
4, 3940, Note_on_c, 9, 36, 64
4, 3941, Note_on_c, 9, 42, 64
4, 3945, Note_off_c, 9, 40, 0
4, 3967, Note_off_c, 9, 42, 0
4, 3973, Note_off_c, 9, 36, 0
4, 4035, Note_on_c, 9, 36, 64
4, 4040, Note_on_c, 9, 42, 64
4, 4069, Note_off_c, 9, 42, 0
4, 4131, Note_on_c, 9, 42, 64
4, 4151, Note_off_c, 9, 42, 0
4, 4181, Note_on_c, 9, 42, 64
4, 4198, Note_off_c, 9, 42, 0
4, 4227, Note_on_c, 9, 42, 64
4, 4253, Note_off_c, 9, 42, 0
4, 4325, Note_off_c, 9, 36, 0
4, 4325, Note_on_c, 9, 40, 64
4, 4326, Note_on_c, 9, 42, 64
4, 4360, Note_off_c, 9, 42, 0
4, 4426, Note_on_c, 9, 42, 64
4, 4454, Note_off_c, 9, 42, 0
4, 4505, Note_on_c, 9, 36, 64
4, 4513, Note_on_c, 9, 42, 64
4, 4514, Note_off_c, 9, 40, 0
4, 4540, Note_off_c, 9, 36, 0
4, 4541, Note_off_c, 9, 42, 0
4, 4615, Note_on_c, 9, 42, 64
4, 4619, Note_on_c, 9, 36, 64
4, 4646, Note_off_c, 9, 42, 0
4, 4711, Note_on_c, 9, 42, 64
4, 4728, Note_off_c, 9, 42, 0
4, 4759, Note_on_c, 9, 42, 64
4, 4778, Note_off_c, 9, 42, 0
4, 4803, Note_on_c, 9, 42, 64
4, 4826, Note_off_c, 9, 42, 0
4, 4896, Note_off_c, 9, 36, 0
4, 4902, Note_on_c, 9, 42, 64
4, 4904, Note_on_c, 9, 40, 64
4, 4929, Note_off_c, 9, 42, 0
4, 4997, Note_on_c, 9, 42, 64
4, 5025, Note_off_c, 9, 42, 0
4, 5088, Note_on_c, 9, 42, 64
4, 5122, Note_off_c, 9, 42, 0
4, 5193, Note_off_c, 9, 40, 0
4, 5193, Note_on_c, 9, 42, 64
4, 5195, Note_on_c, 9, 36, 64
4, 5221, Note_off_c, 9, 42, 0
4, 5276, Note_on_c, 9, 42, 64
4, 5295, Note_off_c, 9, 42, 0
4, 5330, Note_on_c, 9, 42, 64
4, 5344, Note_off_c, 9, 42, 0
4, 5378, Note_on_c, 9, 42, 64
4, 5404, Note_off_c, 9, 42, 0
4, 5467, Note_on_c, 9, 42, 64
4, 5471, Note_off_c, 9, 36, 0
4, 5473, Note_on_c, 9, 40, 64
4, 5494, Note_off_c, 9, 42, 0
4, 5499, Note_off_c, 9, 40, 0
4, 5568, Note_on_c, 9, 42, 64
4, 5572, Note_on_c, 9, 40, 64
4, 5593, Note_off_c, 9, 42, 0
4, 5597, Note_off_c, 9, 40, 0
4, 5663, Note_on_c, 9, 40, 64
4, 5667, Note_on_c, 9, 42, 64
4, 5689, Note_off_c, 9, 40, 0
4, 5690, Note_off_c, 9, 42, 0
4, 5766, Note_on_c, 9, 36, 64
4, 5770, Note_on_c, 9, 42, 64
4, 5797, Note_off_c, 9, 42, 0
4, 5861, Note_on_c, 9, 42, 64
4, 5879, Note_off_c, 9, 42, 0
4, 5908, Note_on_c, 9, 42, 64
4, 5926, Note_off_c, 9, 42, 0
4, 5955, Note_on_c, 9, 42, 64
4, 5980, Note_off_c, 9, 42, 0
4, 6059, Note_on_c, 9, 42, 64
4, 6062, Note_on_c, 9, 40, 64
4, 6064, Note_off_c, 9, 36, 0
4, 6085, Note_off_c, 9, 42, 0
4, 6154, Note_on_c, 9, 42, 64
4, 6182, Note_off_c, 9, 42, 0
4, 6246, Note_on_c, 9, 42, 64
4, 6271, Note_off_c, 9, 42, 0
4, 6343, Note_on_c, 9, 42, 64
4, 6344, Note_off_c, 9, 40, 0
4, 6348, Note_on_c, 9, 36, 64
4, 6371, Note_off_c, 9, 42, 0
4, 6435, Note_on_c, 9, 42, 64
4, 6453, Note_off_c, 9, 42, 0
4, 6485, Note_on_c, 9, 42, 64
4, 6502, Note_off_c, 9, 42, 0
4, 6529, Note_on_c, 9, 42, 64
4, 6552, Note_off_c, 9, 42, 0
4, 6626, Note_off_c, 9, 36, 0
4, 6629, Note_on_c, 9, 42, 64
4, 6631, Note_on_c, 9, 40, 64
4, 6657, Note_off_c, 9, 42, 0
4, 6724, Note_on_c, 9, 42, 64
4, 6753, Note_off_c, 9, 42, 0
4, 6816, Note_on_c, 9, 42, 64
4, 6841, Note_off_c, 9, 42, 0
4, 6916, Note_off_c, 9, 40, 0
4, 6919, Note_on_c, 9, 36, 64
4, 6922, Note_on_c, 9, 42, 64
4, 6949, Note_off_c, 9, 42, 0
4, 7016, Note_on_c, 9, 42, 64
4, 7034, Note_off_c, 9, 42, 0
4, 7061, Note_on_c, 9, 42, 64
4, 7083, Note_off_c, 9, 42, 0
4, 7115, Note_on_c, 9, 42, 64
4, 7136, Note_off_c, 9, 42, 0
4, 7204, Note_off_c, 9, 36, 0
4, 7204, Note_on_c, 9, 40, 64
4, 7206, Note_on_c, 9, 42, 64
4, 7233, Note_off_c, 9, 42, 0
4, 7295, Note_on_c, 9, 42, 64
4, 7321, Note_off_c, 9, 42, 0
4, 7350, Note_on_c, 9, 42, 64
4, 7364, Note_off_c, 9, 42, 0
4, 7402, Note_on_c, 9, 42, 64
4, 7424, Note_off_c, 9, 42, 0
4, 7493, Note_off_c, 9, 40, 0
4, 7494, Note_on_c, 9, 42, 64
4, 7494, Note_on_c, 9, 36, 64
4, 7521, Note_off_c, 9, 42, 0
4, 7584, Note_on_c, 9, 42, 64
4, 7600, Note_off_c, 9, 42, 0
4, 7634, Note_on_c, 9, 42, 64
4, 7651, Note_off_c, 9, 42, 0
4, 7683, Note_on_c, 9, 42, 64
4, 7709, Note_off_c, 9, 42, 0
4, 7776, Note_off_c, 9, 36, 0
4, 7780, Note_on_c, 9, 40, 64
4, 7782, Note_on_c, 9, 42, 64
4, 7808, Note_off_c, 9, 42, 0
4, 7877, Note_on_c, 9, 42, 64
4, 7907, Note_off_c, 9, 42, 0
4, 7974, Note_on_c, 9, 42, 64
4, 8001, Note_off_c, 9, 42, 0
4, 8071, Note_off_c, 9, 40, 0
4, 8074, Note_on_c, 9, 36, 64
4, 8075, Note_on_c, 9, 42, 64
4, 8103, Note_off_c, 9, 42, 0
4, 8158, Note_on_c, 9, 42, 64
4, 8173, Note_off_c, 9, 42, 0
4, 8204, Note_on_c, 9, 42, 64
4, 8222, Note_off_c, 9, 42, 0
4, 8258, Note_on_c, 9, 42, 64
4, 8280, Note_off_c, 9, 42, 0
4, 8358, Note_off_c, 9, 36, 0
4, 8362, Note_on_c, 9, 40, 64
4, 8364, Note_on_c, 9, 42, 64
4, 8391, Note_off_c, 9, 42, 0
4, 8456, Note_on_c, 9, 42, 64
4, 8483, Note_off_c, 9, 42, 0
4, 8498, Note_off_c, 9, 40, 0
4, 8545, Note_on_c, 9, 42, 64
4, 8549, Note_on_c, 9, 36, 64
4, 8568, Note_off_c, 9, 42, 0
4, 8577, Note_off_c, 9, 36, 0
4, 8640, Note_on_c, 9, 36, 64
4, 8649, Note_on_c, 9, 42, 64
4, 8675, Note_off_c, 9, 42, 0
4, 8731, Note_on_c, 9, 42, 64
4, 8751, Note_off_c, 9, 42, 0
4, 8784, Note_on_c, 9, 42, 64
4, 8801, Note_off_c, 9, 42, 0
4, 8833, Note_on_c, 9, 42, 64
4, 8855, Note_off_c, 9, 42, 0
4, 8906, Note_off_c, 9, 36, 0
4, 8916, Note_on_c, 9, 40, 64
4, 8917, Note_on_c, 9, 42, 64
4, 8946, Note_off_c, 9, 42, 0
4, 9004, Note_on_c, 9, 42, 64
4, 9032, Note_off_c, 9, 42, 0
4, 9124, Note_on_c, 9, 42, 64
4, 9136, Note_on_c, 9, 36, 64
4, 9145, Note_off_c, 9, 40, 0
4, 9151, Note_off_c, 9, 42, 0
4, 9168, Note_off_c, 9, 36, 0
4, 9224, Note_on_c, 9, 42, 64
4, 9226, Note_on_c, 9, 36, 64
4, 9250, Note_off_c, 9, 42, 0
4, 9303, Note_off_c, 9, 36, 0
4, 9311, Note_on_c, 9, 36, 64
4, 9315, Note_on_c, 9, 42, 64
4, 9331, Note_on_c, 9, 40, 64
4, 9333, Note_off_c, 9, 36, 0
4, 9342, Note_off_c, 9, 42, 0
4, 9358, Note_off_c, 9, 40, 0
4, 9418, Note_on_c, 9, 42, 64
4, 9419, Note_on_c, 9, 40, 64
4, 9442, Note_off_c, 9, 40, 0
4, 9446, Note_off_c, 9, 42, 0
4, 9509, Note_on_c, 9, 40, 64
4, 9513, Note_on_c, 9, 42, 64
4, 9515, Note_on_c, 9, 36, 64
4, 9529, Note_off_c, 9, 36, 0
4, 9535, Note_off_c, 9, 40, 0
4, 9537, Note_off_c, 9, 42, 0
4, 9602, Note_on_c, 9, 40, 64
4, 9604, Note_on_c, 9, 42, 64
4, 9608, Note_on_c, 9, 36, 64
4, 9618, Note_off_c, 9, 36, 0
4, 9626, Note_off_c, 9, 40, 0
4, 9631, Note_off_c, 9, 42, 0
4, 9694, Note_on_c, 9, 40, 64
4, 9698, Note_on_c, 9, 36, 64
4, 9699, Note_on_c, 9, 42, 64
4, 9717, Note_off_c, 9, 36, 0
4, 9719, Note_off_c, 9, 40, 0
4, 9724, Note_off_c, 9, 42, 0
4, 9792, Note_on_c, 9, 40, 64
4, 9794, Note_on_c, 9, 36, 64
4, 9798, Note_on_c, 9, 42, 64
4, 9816, Note_off_c, 9, 40, 0
4, 9816, Note_off_c, 9, 36, 0
4, 9822, Note_off_c, 9, 42, 0
4, 9880, Note_on_c, 9, 40, 64
4, 9880, Note_on_c, 9, 36, 64
4, 9886, Note_on_c, 9, 42, 64
4, 9901, Note_off_c, 9, 36, 0
4, 9904, Note_off_c, 9, 40, 0
4, 9910, Note_off_c, 9, 42, 0
4, 9981, Note_on_c, 9, 40, 64
4, 9981, Note_on_c, 9, 36, 64
4, 9982, Note_on_c, 9, 42, 64
4, 10001, Note_off_c, 9, 40, 0
4, 10002, Note_off_c, 9, 36, 0
4, 10008, Note_off_c, 9, 42, 0
4, 10081, Note_on_c, 9, 36, 64
4, 10083, Note_on_c, 9, 40, 64
4, 10084, Note_on_c, 9, 42, 64
4, 10106, Note_off_c, 9, 42, 0
4, 10107, Note_off_c, 9, 40, 0
4, 10109, Note_off_c, 9, 36, 0
4, 10175, Note_on_c, 9, 40, 64
4, 10175, Note_on_c, 9, 36, 64
4, 10181, Note_on_c, 9, 45, 64
4, 10184, Note_on_c, 9, 47, 64
4, 10189, Note_off_c, 9, 47, 0
4, 10196, Note_off_c, 9, 36, 0
4, 10197, Note_off_c, 9, 40, 0
4, 10200, Note_off_c, 9, 45, 0
4, 10269, Note_on_c, 9, 36, 64
4, 10270, Note_on_c, 9, 40, 64
4, 10278, Note_on_c, 9, 43, 64
4, 10293, Note_off_c, 9, 40, 0
4, 10294, Note_off_c, 9, 36, 0
4, 10298, Note_off_c, 9, 43, 0
4, 10375, Note_on_c, 9, 36, 64
4, 10379, Note_on_c, 9, 52, 64
4, 10382, Note_on_c, 9, 53, 64
4, 10382, Note_on_c, 9, 51, 64
4, 10385, Note_off_c, 9, 53, 0
4, 10385, Note_off_c, 9, 51, 0
4, 10390, Note_off_c, 9, 52, 0
4, 10479, Note_on_c, 9, 42, 64
4, 10491, Note_off_c, 9, 42, 0
4, 10522, Note_on_c, 9, 42, 64
4, 10534, Note_off_c, 9, 42, 0
4, 10566, Note_on_c, 9, 42, 64
4, 10581, Note_off_c, 9, 42, 0
4, 10657, Note_off_c, 9, 36, 0
4, 10666, Note_on_c, 9, 40, 64
4, 10668, Note_on_c, 9, 42, 64
4, 10687, Note_off_c, 9, 42, 0
4, 10765, Note_on_c, 9, 42, 64
4, 10787, Note_off_c, 9, 42, 0
4, 10846, Note_off_c, 9, 40, 0
4, 10850, Note_on_c, 9, 36, 64
4, 10855, Note_on_c, 9, 42, 64
4, 10872, Note_off_c, 9, 36, 0
4, 10878, Note_off_c, 9, 42, 0
4, 10947, Note_on_c, 9, 36, 64
4, 10957, Note_on_c, 9, 42, 64
4, 10982, Note_off_c, 9, 42, 0
4, 11046, Note_on_c, 9, 42, 64
4, 11064, Note_off_c, 9, 42, 0
4, 11094, Note_on_c, 9, 42, 64
4, 11111, Note_off_c, 9, 42, 0
4, 11140, Note_on_c, 9, 42, 64
4, 11160, Note_off_c, 9, 42, 0
4, 11233, Note_off_c, 9, 36, 0
4, 11237, Note_on_c, 9, 40, 64
4, 11242, Note_on_c, 9, 42, 64
4, 11268, Note_off_c, 9, 42, 0
4, 11340, Note_on_c, 9, 42, 64
4, 11365, Note_off_c, 9, 42, 0
4, 11430, Note_on_c, 9, 42, 64
4, 11458, Note_off_c, 9, 42, 0
4, 11531, Note_off_c, 9, 40, 0
4, 11534, Note_on_c, 9, 36, 64
4, 11535, Note_on_c, 9, 42, 64
4, 11559, Note_off_c, 9, 42, 0
4, 11624, Note_on_c, 9, 42, 64
4, 11640, Note_off_c, 9, 42, 0
4, 11674, Note_on_c, 9, 42, 64
4, 11692, Note_off_c, 9, 42, 0
4, 11722, Note_on_c, 9, 42, 64
4, 11743, Note_off_c, 9, 42, 0
4, 11815, Note_off_c, 9, 36, 0
4, 11815, Note_on_c, 9, 40, 64
4, 11817, Note_on_c, 9, 42, 64
4, 11842, Note_off_c, 9, 42, 0
4, 11914, Note_on_c, 9, 42, 64
4, 11943, Note_off_c, 9, 42, 0
4, 12001, Note_on_c, 9, 36, 64
4, 12003, Note_on_c, 9, 42, 64
4, 12009, Note_off_c, 9, 40, 0
4, 12026, Note_off_c, 9, 42, 0
4, 12031, Note_off_c, 9, 36, 0
4, 12108, Note_on_c, 9, 36, 64
4, 12109, Note_on_c, 9, 42, 64
4, 12133, Note_off_c, 9, 42, 0
4, 12197, Note_on_c, 9, 42, 64
4, 12213, Note_off_c, 9, 42, 0
4, 12248, Note_on_c, 9, 42, 64
4, 12266, Note_off_c, 9, 42, 0
4, 12296, Note_on_c, 9, 42, 64
4, 12314, Note_off_c, 9, 42, 0
4, 12381, Note_off_c, 9, 36, 0
4, 12388, Note_on_c, 9, 42, 64
4, 12388, Note_on_c, 9, 40, 64
4, 12413, Note_off_c, 9, 42, 0
4, 12481, Note_on_c, 9, 42, 64
4, 12509, Note_off_c, 9, 42, 0
4, 12577, Note_on_c, 9, 42, 64
4, 12599, Note_off_c, 9, 42, 0
4, 12685, Note_on_c, 9, 42, 64
4, 12685, Note_on_c, 9, 36, 64
4, 12686, Note_off_c, 9, 40, 0
4, 12710, Note_off_c, 9, 42, 0
4, 12787, Note_on_c, 9, 42, 64
4, 12806, Note_off_c, 9, 42, 0
4, 12838, Note_on_c, 9, 42, 64
4, 12855, Note_off_c, 9, 42, 0
4, 12879, Note_on_c, 9, 42, 64
4, 12896, Note_off_c, 9, 42, 0
4, 12966, Note_on_c, 9, 40, 64
4, 12970, Note_off_c, 9, 36, 0
4, 12975, Note_on_c, 9, 42, 64
4, 12997, Note_off_c, 9, 42, 0
4, 13063, Note_on_c, 9, 42, 64
4, 13092, Note_off_c, 9, 42, 0
4, 13154, Note_on_c, 9, 36, 64
4, 13156, Note_on_c, 9, 42, 64
4, 13159, Note_off_c, 9, 40, 0
4, 13181, Note_off_c, 9, 42, 0
4, 13188, Note_off_c, 9, 36, 0
4, 13256, Note_on_c, 9, 36, 64
4, 13261, Note_on_c, 9, 42, 64
4, 13285, Note_off_c, 9, 42, 0
4, 13352, Note_on_c, 9, 42, 64
4, 13373, Note_off_c, 9, 42, 0
4, 13408, Note_on_c, 9, 42, 64
4, 13423, Note_off_c, 9, 42, 0
4, 13445, Note_on_c, 9, 42, 64
4, 13466, Note_off_c, 9, 42, 0
4, 13530, Note_off_c, 9, 36, 0
4, 13539, Note_on_c, 9, 40, 64
4, 13542, Note_on_c, 9, 42, 64
4, 13569, Note_off_c, 9, 42, 0
4, 13645, Note_on_c, 9, 42, 64
4, 13670, Note_off_c, 9, 42, 0
4, 13742, Note_on_c, 9, 42, 64
4, 13765, Note_off_c, 9, 42, 0
4, 13838, Note_off_c, 9, 40, 0
4, 13844, Note_on_c, 9, 36, 64
4, 13854, Note_on_c, 9, 42, 64
4, 13876, Note_off_c, 9, 42, 0
4, 13941, Note_on_c, 9, 42, 64
4, 13958, Note_off_c, 9, 42, 0
4, 13989, Note_on_c, 9, 42, 64
4, 14007, Note_off_c, 9, 42, 0
4, 14026, Note_on_c, 9, 42, 64
4, 14037, Note_off_c, 9, 42, 0
4, 14115, Note_off_c, 9, 36, 0
4, 14121, Note_on_c, 9, 42, 64
4, 14123, Note_on_c, 9, 40, 64
4, 14146, Note_off_c, 9, 42, 0
4, 14217, Note_on_c, 9, 42, 64
4, 14243, Note_off_c, 9, 42, 0
4, 14297, Note_on_c, 9, 36, 64
4, 14304, Note_off_c, 9, 40, 0
4, 14309, Note_on_c, 9, 42, 64
4, 14333, Note_off_c, 9, 42, 0
4, 14335, Note_off_c, 9, 36, 0
4, 14409, Note_on_c, 9, 42, 64
4, 14411, Note_on_c, 9, 36, 64
4, 14437, Note_off_c, 9, 42, 0
4, 14497, Note_on_c, 9, 42, 64
4, 14517, Note_off_c, 9, 42, 0
4, 14552, Note_on_c, 9, 42, 64
4, 14571, Note_off_c, 9, 42, 0
4, 14592, Note_on_c, 9, 42, 64
4, 14613, Note_off_c, 9, 42, 0
4, 14684, Note_off_c, 9, 36, 0
4, 14692, Note_on_c, 9, 40, 64
4, 14698, Note_on_c, 9, 42, 64
4, 14723, Note_off_c, 9, 42, 0
4, 14803, Note_on_c, 9, 42, 64
4, 14831, Note_off_c, 9, 42, 0
4, 14896, Note_on_c, 9, 42, 64
4, 14921, Note_off_c, 9, 42, 0
4, 14995, Note_off_c, 9, 40, 0
4, 14999, Note_on_c, 9, 42, 64
4, 14999, Note_on_c, 9, 36, 64
4, 15023, Note_off_c, 9, 42, 0
4, 15096, Note_on_c, 9, 42, 64
4, 15111, Note_off_c, 9, 42, 0
4, 15141, Note_on_c, 9, 42, 64
4, 15157, Note_off_c, 9, 42, 0
4, 15182, Note_on_c, 9, 42, 64
4, 15204, Note_off_c, 9, 42, 0
4, 15271, Note_off_c, 9, 36, 0
4, 15274, Note_on_c, 9, 40, 64
4, 15280, Note_on_c, 9, 42, 64
4, 15304, Note_off_c, 9, 42, 0
4, 15371, Note_on_c, 9, 42, 64
4, 15398, Note_off_c, 9, 42, 0
4, 15455, Note_on_c, 9, 36, 64
4, 15459, Note_on_c, 9, 42, 64
4, 15467, Note_off_c, 9, 40, 0
4, 15484, Note_off_c, 9, 42, 0
4, 15493, Note_off_c, 9, 36, 0
4, 15565, Note_on_c, 9, 36, 64
4, 15568, Note_on_c, 9, 42, 64
4, 15593, Note_off_c, 9, 42, 0
4, 15659, Note_on_c, 9, 42, 64
4, 15677, Note_off_c, 9, 42, 0
4, 15703, Note_on_c, 9, 42, 64
4, 15722, Note_off_c, 9, 42, 0
4, 15739, Note_on_c, 9, 42, 64
4, 15750, Note_off_c, 9, 42, 0
4, 15831, Note_off_c, 9, 36, 0
4, 15838, Note_on_c, 9, 40, 64
4, 15843, Note_on_c, 9, 42, 64
4, 15869, Note_off_c, 9, 42, 0
4, 15941, Note_on_c, 9, 42, 64
4, 15965, Note_off_c, 9, 42, 0
4, 16037, Note_on_c, 9, 42, 64
4, 16059, Note_off_c, 9, 42, 0
4, 16144, Note_on_c, 9, 36, 64
4, 16145, Note_on_c, 9, 42, 64
4, 16151, Note_off_c, 9, 40, 0
4, 16168, Note_off_c, 9, 42, 0
4, 16238, Note_on_c, 9, 42, 64
4, 16257, Note_off_c, 9, 42, 0
4, 16289, Note_on_c, 9, 42, 64
4, 16304, Note_off_c, 9, 42, 0
4, 16322, Note_on_c, 9, 42, 64
4, 16340, Note_off_c, 9, 42, 0
4, 16412, Note_off_c, 9, 36, 0
4, 16420, Note_on_c, 9, 40, 64
4, 16422, Note_on_c, 9, 42, 64
4, 16442, Note_off_c, 9, 42, 0
4, 16519, Note_on_c, 9, 42, 64
4, 16541, Note_off_c, 9, 42, 0
4, 16604, Note_on_c, 9, 36, 64
4, 16606, Note_on_c, 9, 42, 64
4, 16618, Note_off_c, 9, 40, 0
4, 16630, Note_off_c, 9, 42, 0
4, 16648, Note_off_c, 9, 36, 0
4, 16708, Note_on_c, 9, 36, 64
4, 16710, Note_on_c, 9, 42, 64
4, 16737, Note_off_c, 9, 42, 0
4, 16805, Note_on_c, 9, 42, 64
4, 16826, Note_off_c, 9, 42, 0
4, 16853, Note_on_c, 9, 42, 64
4, 16869, Note_off_c, 9, 42, 0
4, 16893, Note_on_c, 9, 42, 64
4, 16916, Note_off_c, 9, 42, 0
4, 16996, Note_off_c, 9, 36, 0
4, 17002, Note_on_c, 9, 40, 64
4, 17007, Note_on_c, 9, 42, 64
4, 17031, Note_off_c, 9, 42, 0
4, 17054, Note_off_c, 9, 40, 0
4, 17095, Note_on_c, 9, 44, 64
4, 17095, Note_on_c, 9, 43, 64
4, 17097, Note_on_c, 9, 40, 64
4, 17107, Note_off_c, 9, 44, 0
4, 17117, Note_off_c, 9, 43, 0
4, 17128, Note_off_c, 9, 40, 0
4, 17196, Note_on_c, 9, 40, 64
4, 17200, Note_on_c, 9, 43, 64
4, 17224, Note_off_c, 9, 43, 0
4, 17226, Note_off_c, 9, 40, 0
4, 17296, Note_on_c, 9, 36, 64
4, 17301, Note_on_c, 9, 42, 64
4, 17328, Note_off_c, 9, 42, 0
4, 17401, Note_on_c, 9, 42, 64
4, 17418, Note_off_c, 9, 42, 0
4, 17448, Note_on_c, 9, 42, 64
4, 17465, Note_off_c, 9, 42, 0
4, 17485, Note_on_c, 9, 42, 64
4, 17502, Note_off_c, 9, 42, 0
4, 17581, Note_off_c, 9, 36, 0
4, 17584, Note_on_c, 9, 40, 64
4, 17588, Note_on_c, 9, 42, 64
4, 17612, Note_off_c, 9, 42, 0
4, 17683, Note_on_c, 9, 42, 64
4, 17707, Note_off_c, 9, 42, 0
4, 17762, Note_on_c, 9, 36, 64
4, 17769, Note_on_c, 9, 42, 64
4, 17770, Note_off_c, 9, 40, 0
4, 17793, Note_off_c, 9, 36, 0
4, 17793, Note_off_c, 9, 42, 0
4, 17868, Note_on_c, 9, 36, 64
4, 17873, Note_on_c, 9, 42, 64
4, 17896, Note_off_c, 9, 42, 0
4, 17956, Note_on_c, 9, 42, 64
4, 17971, Note_off_c, 9, 42, 0
4, 18004, Note_on_c, 9, 42, 64
4, 18019, Note_off_c, 9, 42, 0
4, 18050, Note_on_c, 9, 42, 64
4, 18072, Note_off_c, 9, 42, 0
4, 18143, Note_off_c, 9, 36, 0
4, 18151, Note_on_c, 9, 40, 64
4, 18155, Note_on_c, 9, 42, 64
4, 18175, Note_off_c, 9, 42, 0
4, 18177, Note_off_c, 9, 40, 0
4, 18242, Note_on_c, 9, 40, 64
4, 18248, Note_on_c, 9, 45, 64
4, 18249, Note_on_c, 9, 47, 64
4, 18254, Note_off_c, 9, 47, 0
4, 18268, Note_off_c, 9, 45, 0
4, 18273, Note_off_c, 9, 40, 0
4, 18347, Note_on_c, 9, 40, 64
4, 18351, Note_on_c, 9, 43, 64
4, 18371, Note_off_c, 9, 43, 0
4, 18375, Note_off_c, 9, 40, 0
4, 18447, Note_on_c, 9, 36, 64
4, 18450, Note_on_c, 9, 42, 64
4, 18473, Note_off_c, 9, 42, 0
4, 18544, Note_on_c, 9, 42, 64
4, 18563, Note_off_c, 9, 42, 0
4, 18596, Note_on_c, 9, 42, 64
4, 18611, Note_off_c, 9, 42, 0
4, 18641, Note_on_c, 9, 42, 64
4, 18660, Note_off_c, 9, 42, 0
4, 18720, Note_off_c, 9, 36, 0
4, 18728, Note_on_c, 9, 40, 64
4, 18729, Note_on_c, 9, 42, 64
4, 18753, Note_off_c, 9, 42, 0
4, 18825, Note_on_c, 9, 42, 64
4, 18849, Note_off_c, 9, 42, 0
4, 18911, Note_off_c, 9, 40, 0
4, 18914, Note_on_c, 9, 36, 64
4, 18917, Note_on_c, 9, 42, 64
4, 18941, Note_off_c, 9, 36, 0
4, 18941, Note_off_c, 9, 42, 0
4, 19016, Note_on_c, 9, 36, 64
4, 19018, Note_on_c, 9, 42, 64
4, 19044, Note_off_c, 9, 42, 0
4, 19103, Note_on_c, 9, 42, 64
4, 19120, Note_off_c, 9, 42, 0
4, 19151, Note_on_c, 9, 42, 64
4, 19170, Note_off_c, 9, 42, 0
4, 19198, Note_on_c, 9, 42, 64
4, 19219, Note_off_c, 9, 42, 0
4, 19296, Note_off_c, 9, 36, 0
4, 19307, Note_on_c, 9, 40, 64
4, 19308, Note_on_c, 9, 42, 64
4, 19333, Note_off_c, 9, 42, 0
4, 19404, Note_on_c, 9, 42, 64
4, 19428, Note_off_c, 9, 42, 0
4, 19507, Note_on_c, 9, 42, 64
4, 19507, Note_on_c, 9, 36, 64
4, 19517, Note_off_c, 9, 40, 0
4, 19529, Note_off_c, 9, 42, 0
4, 19534, Note_off_c, 9, 36, 0
4, 19622, Note_on_c, 9, 42, 64
4, 19623, Note_on_c, 9, 36, 64
4, 20691, Note_off_c, 9, 42, 0
4, 20697, Note_off_c, 9, 36, 0
4, 20776, Note_on_c, 9, 36, 64
4, 21862, Note_off_c, 9, 36, 0
4, 21925, Note_on_c, 9, 36, 64
4, 22282, Note_off_c, 9, 36, 0
4, 22282, End_track
5, 0, Start_track
5, 0, Control_c, 9, 0, 0
5, 0, Program_c, 9, 0
5, 0, Time_signature, 6, 2, 96, 8
5, 0, Tempo, 320512
5, 1154, Note_on_c, 9, 49, 64
5, 1398, Note_off_c, 9, 49, 0
5, 10374, Note_on_c, 9, 57, 64
5, 11434, Note_off_c, 9, 57, 0
5, 18444, Note_on_c, 9, 49, 64
5, 18911, Note_off_c, 9, 49, 0
5, 19605, Note_on_c, 9, 51, 64
5, 19797, Note_off_c, 9, 51, 0
5, 19876, Note_on_c, 9, 51, 64
5, 19938, Note_off_c, 9, 51, 0
5, 20166, Note_on_c, 9, 51, 64
5, 20187, Note_off_c, 9, 51, 0
5, 20451, Note_on_c, 9, 51, 64
5, 20467, Note_off_c, 9, 51, 0
5, 20742, Note_on_c, 9, 51, 64
5, 20762, Note_off_c, 9, 51, 0
5, 21024, Note_on_c, 9, 51, 64
5, 21039, Note_off_c, 9, 51, 0
5, 21306, Note_on_c, 9, 51, 64
5, 21328, Note_off_c, 9, 51, 0
5, 21600, Note_on_c, 9, 51, 64
5, 21623, Note_off_c, 9, 51, 0
5, 21897, Note_on_c, 9, 51, 64
5, 21918, Note_off_c, 9, 51, 0
5, 22174, Note_on_c, 9, 51, 64
5, 22192, Note_off_c, 9, 51, 0
5, 22462, Note_on_c, 9, 51, 64
5, 22484, Note_off_c, 9, 51, 0
5, 22752, Note_on_c, 9, 51, 64
5, 22771, Note_off_c, 9, 51, 0
5, 23044, Note_on_c, 9, 51, 64
5, 23056, Note_off_c, 9, 51, 0
5, 23056, End_track
6, 0, Start_track
6, 0, Title_t, "37"
6, 0, Control_c, 4, 0, 0
6, 0, Program_c, 4, 37
6, 0, Control_c, 4, 10, 58
6, 0, Time_signature, 6, 2, 96, 8
6, 0, Tempo, 320512
6, 1154, Note_on_c, 4, 64, 75
6, 1981, Note_off_c, 4, 64, 0
6, 2008, Note_on_c, 4, 64, 75
6, 2111, Note_on_c, 4, 62, 75
6, 2120, Note_off_c, 4, 64, 0
6, 2201, Note_off_c, 4, 62, 0
6, 2202, Note_on_c, 4, 60, 75
6, 2301, Note_on_c, 4, 64, 75
6, 2307, Note_off_c, 4, 60, 0
6, 3314, Note_off_c, 4, 64, 0
6, 3361, Note_on_c, 4, 64, 75
6, 3452, Note_off_c, 4, 64, 0
6, 3453, Note_on_c, 4, 62, 75
6, 3499, Note_on_c, 4, 64, 75
6, 3502, Note_off_c, 4, 62, 0
6, 3553, Note_on_c, 4, 65, 75
6, 3557, Note_off_c, 4, 64, 0
6, 5331, Note_off_c, 4, 65, 0
6, 5659, Note_on_c, 4, 69, 75
6, 5764, Note_on_c, 4, 74, 75
6, 5767, Note_off_c, 4, 69, 0
6, 6142, Note_off_c, 4, 74, 0
6, 6144, Note_on_c, 4, 69, 75
6, 6243, Note_on_c, 4, 74, 75
6, 6249, Note_off_c, 4, 69, 0
6, 6344, Note_off_c, 4, 74, 0
6, 6344, Note_on_c, 4, 73, 75
6, 6724, Note_on_c, 4, 69, 75
6, 6732, Note_off_c, 4, 73, 0
6, 6817, Note_on_c, 4, 73, 75
6, 6826, Note_off_c, 4, 69, 0
6, 6914, Note_off_c, 4, 73, 0
6, 6920, Note_on_c, 4, 72, 75
6, 7291, Note_on_c, 4, 69, 75
6, 7294, Note_off_c, 4, 72, 0
6, 7386, Note_on_c, 4, 72, 75
6, 7390, Note_off_c, 4, 69, 0
6, 7494, Note_on_c, 4, 71, 75
6, 7503, Note_off_c, 4, 72, 0
6, 7789, Note_on_c, 4, 69, 75
6, 7798, Note_off_c, 4, 71, 0
6, 7971, Note_on_c, 4, 67, 75
6, 7977, Note_off_c, 4, 69, 0
6, 8063, Note_off_c, 4, 67, 0
6, 8065, Note_on_c, 4, 60, 75
6, 8130, Note_on_c, 4, 62, 75
6, 8134, Note_off_c, 4, 60, 0
6, 8183, Note_on_c, 4, 64, 75
6, 8184, Note_off_c, 4, 62, 0
6, 10021, Note_off_c, 4, 64, 0
6, 10369, Note_on_c, 4, 69, 75
6, 11194, Note_off_c, 4, 69, 0
6, 11242, Note_on_c, 4, 69, 75
6, 11334, Note_on_c, 4, 67, 75
6, 11349, Note_off_c, 4, 69, 0
6, 11425, Note_on_c, 4, 65, 75
6, 11428, Note_off_c, 4, 67, 0
6, 11528, Note_off_c, 4, 65, 0
6, 11540, Note_on_c, 4, 67, 75
6, 11560, Note_off_c, 4, 67, 0
6, 11585, Note_on_c, 4, 68, 75
6, 11693, Note_off_c, 4, 68, 0
6, 11708, Note_on_c, 4, 68, 75
6, 11881, Note_off_c, 4, 68, 0
6, 11910, Note_on_c, 4, 68, 75
6, 11989, Note_on_c, 4, 71, 75
6, 12013, Note_off_c, 4, 68, 0
6, 12054, Note_off_c, 4, 71, 0
6, 12055, Note_on_c, 4, 68, 75
6, 12560, Note_on_c, 4, 70, 75
6, 12578, Note_off_c, 4, 68, 0
6, 12603, Note_off_c, 4, 70, 0
6, 12611, Note_on_c, 4, 68, 75
6, 12680, Note_on_c, 4, 67, 75
6, 12682, Note_off_c, 4, 68, 0
6, 13627, Note_on_c, 4, 66, 75
6, 13638, Note_off_c, 4, 67, 0
6, 13722, Note_on_c, 4, 67, 75
6, 13728, Note_off_c, 4, 66, 0
6, 13826, Note_on_c, 4, 69, 75
6, 13827, Note_off_c, 4, 67, 0
6, 14421, Note_on_c, 4, 67, 75
6, 14429, Note_off_c, 4, 69, 0
6, 14689, Note_on_c, 4, 64, 75
6, 14697, Note_off_c, 4, 67, 0
6, 14992, Note_off_c, 4, 64, 0
6, 14992, Note_on_c, 4, 62, 75
6, 15924, Note_on_c, 4, 64, 75
6, 15936, Note_off_c, 4, 62, 0
6, 16027, Note_off_c, 4, 64, 0
6, 16027, Note_on_c, 4, 65, 75
6, 16123, Note_on_c, 4, 67, 75
6, 16133, Note_off_c, 4, 65, 0
6, 16708, Note_on_c, 4, 63, 75
6, 16719, Note_off_c, 4, 67, 0
6, 17198, Note_off_c, 4, 63, 0
6, 17198, Note_on_c, 4, 62, 75
6, 17296, Note_off_c, 4, 62, 0
6, 17302, Note_on_c, 4, 60, 75
6, 18240, Note_off_c, 4, 60, 0
6, 18243, Note_on_c, 4, 67, 75
6, 18326, Note_on_c, 4, 68, 75
6, 18334, Note_off_c, 4, 67, 0
6, 18436, Note_on_c, 4, 69, 75
6, 18437, Note_off_c, 4, 68, 0
6, 18732, Note_on_c, 4, 67, 75
6, 18745, Note_off_c, 4, 69, 0
6, 19006, Note_on_c, 4, 65, 75
6, 19019, Note_off_c, 4, 67, 0
6, 19298, Note_on_c, 4, 64, 75
6, 19303, Note_off_c, 4, 65, 0
6, 19597, Note_on_c, 4, 62, 75
6, 19598, Note_off_c, 4, 64, 0
6, 20736, Note_on_c, 4, 67, 75
6, 20741, Note_off_c, 4, 62, 0
6, 21332, Note_on_c, 4, 63, 75
6, 21343, Note_off_c, 4, 67, 0
6, 21787, Note_on_c, 4, 62, 75
6, 21789, Note_off_c, 4, 62, 0
6, 21791, Note_on_c, 4, 62, 75
6, 21799, Note_off_c, 4, 63, 0
6, 21902, Note_on_c, 4, 64, 75
6, 21904, Note_off_c, 4, 62, 0
6, 21912, Note_on_c, 4, 60, 75
6, 23616, Note_off_c, 4, 64, 0
6, 23621, Note_off_c, 4, 60, 0
6, 23621, End_track
7, 0, Start_track
7, 0, Control_c, 5, 0, 0
7, 0, Program_c, 5, 25
7, 0, Control_c, 5, 10, 51
7, 0, Control_c, 5, 91, 55
7, 0, Control_c, 5, 93, 48
7, 0, Time_signature, 6, 2, 96, 8
7, 0, Tempo, 320512
7, 1156, Note_on_c, 5, 60, 73
7, 1244, Note_on_c, 5, 64, 73
7, 1259, Note_off_c, 5, 60, 0
7, 1344, Note_on_c, 5, 67, 73
7, 1355, Note_off_c, 5, 64, 0
7, 1447, Note_on_c, 5, 72, 73
7, 1458, Note_off_c, 5, 67, 0
7, 1538, Note_on_c, 5, 67, 73
7, 1554, Note_off_c, 5, 72, 0
7, 1638, Note_on_c, 5, 64, 73
7, 1654, Note_off_c, 5, 67, 0
7, 1731, Note_on_c, 5, 60, 73
7, 1733, Note_off_c, 5, 64, 0
7, 1817, Note_on_c, 5, 64, 73
7, 1909, Note_on_c, 5, 67, 73
7, 1915, Note_off_c, 5, 60, 0
7, 1959, Note_off_c, 5, 64, 0
7, 2017, Note_on_c, 5, 72, 73
7, 2034, Note_off_c, 5, 67, 0
7, 2105, Note_on_c, 5, 67, 73
7, 2142, Note_off_c, 5, 72, 0
7, 2208, Note_on_c, 5, 64, 73
7, 2256, Note_off_c, 5, 67, 0
7, 2311, Note_on_c, 5, 60, 73
7, 2319, Note_off_c, 5, 64, 0
7, 2399, Note_on_c, 5, 64, 73
7, 2444, Note_off_c, 5, 60, 0
7, 2498, Note_on_c, 5, 68, 73
7, 2595, Note_on_c, 5, 72, 73
7, 2603, Note_off_c, 5, 68, 0
7, 2610, Note_off_c, 5, 64, 0
7, 2689, Note_on_c, 5, 68, 73
7, 2768, Note_off_c, 5, 72, 0
7, 2795, Note_on_c, 5, 64, 73
7, 2846, Note_off_c, 5, 68, 0
7, 2896, Note_on_c, 5, 60, 73
7, 2913, Note_off_c, 5, 64, 0
7, 2990, Note_on_c, 5, 64, 73
7, 3072, Note_on_c, 5, 68, 73
7, 3084, Note_off_c, 5, 60, 0
7, 3156, Note_off_c, 5, 64, 0
7, 3178, Note_on_c, 5, 72, 73
7, 3196, Note_off_c, 5, 68, 0
7, 3259, Note_on_c, 5, 68, 73
7, 3345, Note_off_c, 5, 72, 0
7, 3363, Note_on_c, 5, 64, 73
7, 3434, Note_off_c, 5, 68, 0
7, 3453, Note_off_c, 5, 64, 0
7, 3459, Note_on_c, 5, 62, 73
7, 3548, Note_on_c, 5, 65, 73
7, 3651, Note_on_c, 5, 69, 73
7, 3652, Note_off_c, 5, 65, 0
7, 3689, Note_off_c, 5, 62, 0
7, 3750, Note_on_c, 5, 74, 73
7, 3763, Note_off_c, 5, 69, 0
7, 3826, Note_on_c, 5, 69, 73
7, 3858, Note_off_c, 5, 74, 0
7, 3936, Note_on_c, 5, 65, 73
7, 3991, Note_off_c, 5, 69, 0
7, 4038, Note_on_c, 5, 62, 73
7, 4044, Note_off_c, 5, 65, 0
7, 4135, Note_on_c, 5, 65, 73
7, 4214, Note_off_c, 5, 62, 0
7, 4227, Note_on_c, 5, 69, 73
7, 4254, Note_off_c, 5, 65, 0
7, 4326, Note_on_c, 5, 72, 73
7, 4353, Note_off_c, 5, 69, 0
7, 4419, Note_on_c, 5, 69, 73
7, 4441, Note_off_c, 5, 72, 0
7, 4517, Note_on_c, 5, 65, 73
7, 4567, Note_off_c, 5, 65, 0
7, 4591, Note_off_c, 5, 69, 0
7, 4614, Note_on_c, 5, 55, 73
7, 4702, Note_on_c, 5, 59, 73
7, 4775, Note_off_c, 5, 55, 0
7, 4799, Note_on_c, 5, 62, 73
7, 4826, Note_off_c, 5, 59, 0
7, 4899, Note_on_c, 5, 67, 73
7, 4918, Note_off_c, 5, 62, 0
7, 4992, Note_on_c, 5, 62, 73
7, 5022, Note_off_c, 5, 67, 0
7, 5093, Note_on_c, 5, 59, 73
7, 5110, Note_off_c, 5, 62, 0
7, 5191, Note_on_c, 5, 55, 73
7, 5201, Note_off_c, 5, 59, 0
7, 5287, Note_on_c, 5, 59, 73
7, 5377, Note_off_c, 5, 55, 0
7, 5384, Note_on_c, 5, 62, 73
7, 5432, Note_off_c, 5, 59, 0
7, 5478, Note_on_c, 5, 67, 73
7, 5495, Note_off_c, 5, 62, 0
7, 5571, Note_on_c, 5, 62, 73
7, 5608, Note_off_c, 5, 67, 0
7, 5673, Note_on_c, 5, 59, 73
7, 5688, Note_off_c, 5, 62, 0
7, 5741, Note_off_c, 5, 59, 0
7, 5773, Note_on_c, 5, 62, 73
7, 5864, Note_on_c, 5, 65, 73
7, 5947, Note_on_c, 5, 69, 73
7, 5960, Note_off_c, 5, 62, 0
7, 5988, Note_off_c, 5, 65, 0
7, 6051, Note_on_c, 5, 74, 73
7, 6052, Note_on_c, 5, 72, 73
7, 6056, Note_off_c, 5, 72, 0
7, 6062, Note_off_c, 5, 69, 0
7, 6143, Note_on_c, 5, 69, 73
7, 6183, Note_off_c, 5, 74, 0
7, 6249, Note_on_c, 5, 65, 73
7, 6268, Note_off_c, 5, 69, 0
7, 6347, Note_on_c, 5, 61, 73
7, 6356, Note_off_c, 5, 65, 0
7, 6439, Note_on_c, 5, 65, 73
7, 6525, Note_off_c, 5, 61, 0
7, 6531, Note_on_c, 5, 69, 73
7, 6578, Note_off_c, 5, 65, 0
7, 6633, Note_on_c, 5, 73, 73
7, 6638, Note_off_c, 5, 69, 0
7, 6718, Note_on_c, 5, 69, 73
7, 6752, Note_off_c, 5, 73, 0
7, 6822, Note_on_c, 5, 65, 73
7, 6845, Note_off_c, 5, 69, 0
7, 6918, Note_on_c, 5, 60, 73
7, 6923, Note_off_c, 5, 65, 0
7, 7014, Note_on_c, 5, 65, 73
7, 7112, Note_on_c, 5, 69, 73
7, 7119, Note_off_c, 5, 60, 0
7, 7136, Note_off_c, 5, 65, 0
7, 7212, Note_on_c, 5, 72, 73
7, 7229, Note_off_c, 5, 69, 0
7, 7289, Note_on_c, 5, 69, 73
7, 7338, Note_off_c, 5, 72, 0
7, 7400, Note_on_c, 5, 65, 73
7, 7493, Note_off_c, 5, 69, 0
7, 7497, Note_off_c, 5, 65, 0
7, 7499, Note_on_c, 5, 59, 73
7, 7586, Note_on_c, 5, 62, 73
7, 7693, Note_on_c, 5, 67, 73
7, 7724, Note_off_c, 5, 62, 0
7, 7782, Note_on_c, 5, 71, 73
7, 7796, Note_off_c, 5, 67, 0
7, 7862, Note_on_c, 5, 67, 73
7, 7940, Note_off_c, 5, 71, 0
7, 7973, Note_on_c, 5, 63, 73
7, 7973, Note_on_c, 5, 62, 73
7, 7979, Note_off_c, 5, 59, 0
7, 7988, Note_off_c, 5, 63, 0
7, 7998, Note_off_c, 5, 67, 0
7, 8056, Note_off_c, 5, 62, 0
7, 8075, Note_on_c, 5, 60, 73
7, 8159, Note_on_c, 5, 63, 73
7, 8183, Note_on_c, 5, 64, 73
7, 8184, Note_off_c, 5, 63, 0
7, 8249, Note_on_c, 5, 67, 73
7, 8253, Note_off_c, 5, 60, 0
7, 8352, Note_off_c, 5, 64, 0
7, 8353, Note_on_c, 5, 72, 73
7, 8366, Note_off_c, 5, 67, 0
7, 8446, Note_on_c, 5, 67, 73
7, 8506, Note_off_c, 5, 72, 0
7, 8547, Note_on_c, 5, 64, 73
7, 8576, Note_off_c, 5, 67, 0
7, 8644, Note_on_c, 5, 60, 73
7, 8655, Note_off_c, 5, 64, 0
7, 8729, Note_on_c, 5, 64, 73
7, 8821, Note_off_c, 5, 60, 0
7, 8827, Note_on_c, 5, 67, 73
7, 8891, Note_off_c, 5, 64, 0
7, 8930, Note_on_c, 5, 72, 73
7, 8948, Note_off_c, 5, 67, 0
7, 9007, Note_on_c, 5, 67, 73
7, 9033, Note_off_c, 5, 72, 0
7, 9115, Note_on_c, 5, 64, 73
7, 9140, Note_off_c, 5, 67, 0
7, 9214, Note_off_c, 5, 64, 0
7, 9219, Note_on_c, 5, 60, 73
7, 9304, Note_on_c, 5, 64, 73
7, 9395, Note_off_c, 5, 60, 0
7, 9413, Note_on_c, 5, 67, 73
7, 9468, Note_off_c, 5, 64, 0
7, 9477, Note_on_c, 5, 64, 73
7, 9501, Note_off_c, 5, 64, 0
7, 9518, Note_on_c, 5, 70, 73
7, 9533, Note_off_c, 5, 67, 0
7, 9597, Note_on_c, 5, 67, 73
7, 9612, Note_off_c, 5, 70, 0
7, 9704, Note_on_c, 5, 64, 73
7, 9740, Note_off_c, 5, 67, 0
7, 9803, Note_on_c, 5, 60, 73
7, 9806, Note_off_c, 5, 64, 0
7, 9891, Note_on_c, 5, 64, 73
7, 9981, Note_off_c, 5, 60, 0
7, 9986, Note_on_c, 5, 67, 73
7, 10058, Note_off_c, 5, 64, 0
7, 10082, Note_on_c, 5, 70, 73
7, 10098, Note_off_c, 5, 67, 0
7, 10176, Note_on_c, 5, 67, 73
7, 10194, Note_off_c, 5, 70, 0
7, 10274, Note_on_c, 5, 64, 73
7, 10292, Note_off_c, 5, 67, 0
7, 10366, Note_on_c, 5, 65, 73
7, 10367, Note_off_c, 5, 64, 0
7, 10469, Note_on_c, 5, 69, 73
7, 10501, Note_off_c, 5, 65, 0
7, 10572, Note_on_c, 5, 72, 73
7, 10596, Note_off_c, 5, 69, 0
7, 10663, Note_on_c, 5, 77, 73
7, 10685, Note_off_c, 5, 72, 0
7, 10761, Note_on_c, 5, 72, 73
7, 10804, Note_off_c, 5, 77, 0
7, 10855, Note_on_c, 5, 69, 73
7, 10873, Note_off_c, 5, 72, 0
7, 10958, Note_on_c, 5, 65, 73
7, 10967, Note_off_c, 5, 69, 0
7, 11056, Note_on_c, 5, 69, 73
7, 11091, Note_off_c, 5, 65, 0
7, 11146, Note_on_c, 5, 72, 73
7, 11182, Note_off_c, 5, 69, 0
7, 11239, Note_on_c, 5, 77, 73
7, 11255, Note_off_c, 5, 72, 0
7, 11327, Note_on_c, 5, 72, 73
7, 11357, Note_off_c, 5, 77, 0
7, 11433, Note_on_c, 5, 69, 73
7, 11452, Note_off_c, 5, 72, 0
7, 11528, Note_on_c, 5, 65, 73
7, 11529, Note_off_c, 5, 69, 0
7, 11622, Note_on_c, 5, 68, 73
7, 11655, Note_off_c, 5, 65, 0
7, 11717, Note_on_c, 5, 72, 73
7, 11749, Note_off_c, 5, 68, 0
7, 11815, Note_on_c, 5, 77, 73
7, 11834, Note_off_c, 5, 72, 0
7, 11903, Note_on_c, 5, 72, 73
7, 11934, Note_off_c, 5, 77, 0
7, 12007, Note_on_c, 5, 68, 73
7, 12027, Note_off_c, 5, 72, 0
7, 12097, Note_on_c, 5, 65, 73
7, 12100, Note_off_c, 5, 68, 0
7, 12196, Note_on_c, 5, 68, 73
7, 12223, Note_off_c, 5, 65, 0
7, 12289, Note_on_c, 5, 72, 73
7, 12328, Note_off_c, 5, 68, 0
7, 12390, Note_on_c, 5, 77, 73
7, 12402, Note_off_c, 5, 72, 0
7, 12475, Note_on_c, 5, 72, 73
7, 12510, Note_off_c, 5, 77, 0
7, 12578, Note_on_c, 5, 68, 73
7, 12600, Note_off_c, 5, 68, 0
7, 12619, Note_on_c, 5, 68, 73
7, 12632, Note_off_c, 5, 68, 0
7, 12660, Note_off_c, 5, 72, 0
7, 12673, Note_on_c, 5, 60, 73
7, 12771, Note_on_c, 5, 64, 73
7, 12837, Note_off_c, 5, 60, 0
7, 12867, Note_on_c, 5, 67, 73
7, 12908, Note_off_c, 5, 64, 0
7, 12965, Note_on_c, 5, 72, 73
7, 12977, Note_off_c, 5, 67, 0
7, 13055, Note_on_c, 5, 67, 73
7, 13072, Note_off_c, 5, 72, 0
7, 13161, Note_on_c, 5, 64, 73
7, 13176, Note_off_c, 5, 67, 0
7, 13249, Note_off_c, 5, 64, 0
7, 13253, Note_on_c, 5, 60, 73
7, 13338, Note_on_c, 5, 64, 73
7, 13364, Note_off_c, 5, 60, 0
7, 13438, Note_on_c, 5, 67, 73
7, 13473, Note_off_c, 5, 64, 0
7, 13538, Note_on_c, 5, 72, 73
7, 13550, Note_off_c, 5, 67, 0
7, 13620, Note_on_c, 5, 67, 73
7, 13649, Note_off_c, 5, 72, 0
7, 13732, Note_on_c, 5, 64, 73
7, 13746, Note_off_c, 5, 67, 0
7, 13837, Note_on_c, 5, 61, 73
7, 13842, Note_off_c, 5, 64, 0
7, 13938, Note_on_c, 5, 64, 73
7, 13970, Note_off_c, 5, 61, 0
7, 14020, Note_on_c, 5, 67, 73
7, 14042, Note_off_c, 5, 64, 0
7, 14126, Note_on_c, 5, 69, 73
7, 14135, Note_off_c, 5, 67, 0
7, 14207, Note_on_c, 5, 67, 73
7, 14219, Note_off_c, 5, 69, 0
7, 14310, Note_on_c, 5, 64, 73
7, 14328, Note_off_c, 5, 67, 0
7, 14405, Note_on_c, 5, 61, 73
7, 14409, Note_off_c, 5, 64, 0
7, 14498, Note_on_c, 5, 64, 73
7, 14608, Note_off_c, 5, 61, 0
7, 14679, Note_on_c, 5, 69, 73
7, 14684, Note_off_c, 5, 64, 0
7, 14780, Note_on_c, 5, 67, 73
7, 14781, Note_on_c, 5, 66, 73
7, 14786, Note_off_c, 5, 69, 0
7, 14805, Note_off_c, 5, 66, 0
7, 14880, Note_on_c, 5, 64, 73
7, 14892, Note_off_c, 5, 67, 0
7, 14980, Note_off_c, 5, 64, 0
7, 14984, Note_on_c, 5, 62, 73
7, 15075, Note_on_c, 5, 65, 73
7, 15092, Note_off_c, 5, 62, 0
7, 15176, Note_on_c, 5, 69, 73
7, 15204, Note_off_c, 5, 65, 0
7, 15280, Note_on_c, 5, 72, 73
7, 15296, Note_off_c, 5, 69, 0
7, 15358, Note_on_c, 5, 69, 73
7, 15383, Note_off_c, 5, 72, 0
7, 15465, Note_on_c, 5, 65, 73
7, 15484, Note_off_c, 5, 69, 0
7, 15562, Note_on_c, 5, 62, 73
7, 15571, Note_off_c, 5, 65, 0
7, 15653, Note_on_c, 5, 65, 73
7, 15701, Note_off_c, 5, 62, 0
7, 15747, Note_on_c, 5, 69, 73
7, 15795, Note_off_c, 5, 65, 0
7, 15849, Note_on_c, 5, 74, 73
7, 15861, Note_off_c, 5, 69, 0
7, 15935, Note_on_c, 5, 69, 73
7, 15970, Note_off_c, 5, 74, 0
7, 16033, Note_on_c, 5, 65, 73
7, 16071, Note_off_c, 5, 69, 0
7, 16115, Note_off_c, 5, 65, 0
7, 16130, Note_on_c, 5, 55, 73
7, 16222, Note_on_c, 5, 59, 73
7, 16243, Note_off_c, 5, 55, 0
7, 16325, Note_on_c, 5, 62, 73
7, 16380, Note_off_c, 5, 59, 0
7, 16431, Note_on_c, 5, 69, 73
7, 16431, Note_on_c, 5, 67, 73
7, 16442, Note_off_c, 5, 62, 0
7, 16501, Note_off_c, 5, 69, 0
7, 16535, Note_on_c, 5, 62, 73
7, 16564, Note_off_c, 5, 67, 0
7, 16618, Note_on_c, 5, 59, 73
7, 16647, Note_off_c, 5, 62, 0
7, 16709, Note_off_c, 5, 59, 0
7, 16711, Note_on_c, 5, 55, 73
7, 16807, Note_on_c, 5, 59, 73
7, 16824, Note_off_c, 5, 55, 0
7, 16899, Note_on_c, 5, 62, 73
7, 16932, Note_off_c, 5, 59, 0
7, 16996, Note_on_c, 5, 67, 73
7, 17017, Note_off_c, 5, 62, 0
7, 17084, Note_on_c, 5, 62, 73
7, 17110, Note_off_c, 5, 67, 0
7, 17192, Note_on_c, 5, 59, 73
7, 17211, Note_off_c, 5, 62, 0
7, 17281, Note_off_c, 5, 59, 0
7, 17284, Note_on_c, 5, 60, 73
7, 17375, Note_on_c, 5, 64, 73
7, 17395, Note_off_c, 5, 60, 0
7, 17473, Note_on_c, 5, 67, 73
7, 17515, Note_off_c, 5, 64, 0
7, 17576, Note_on_c, 5, 72, 73
7, 17595, Note_off_c, 5, 67, 0
7, 17664, Note_on_c, 5, 67, 73
7, 17681, Note_off_c, 5, 72, 0
7, 17768, Note_on_c, 5, 64, 73
7, 17788, Note_off_c, 5, 67, 0
7, 17856, Note_off_c, 5, 64, 0
7, 17861, Note_on_c, 5, 60, 73
7, 17950, Note_on_c, 5, 64, 73
7, 18001, Note_off_c, 5, 60, 0
7, 18048, Note_on_c, 5, 67, 73
7, 18098, Note_off_c, 5, 64, 0
7, 18156, Note_on_c, 5, 72, 73
7, 18173, Note_off_c, 5, 67, 0
7, 18237, Note_on_c, 5, 67, 73
7, 18270, Note_off_c, 5, 72, 0
7, 18341, Note_on_c, 5, 64, 73
7, 18364, Note_off_c, 5, 67, 0
7, 18442, Note_off_c, 5, 64, 0
7, 18444, Note_on_c, 5, 57, 73
7, 18531, Note_on_c, 5, 61, 73
7, 18553, Note_off_c, 5, 57, 0
7, 18630, Note_on_c, 5, 64, 73
7, 18648, Note_off_c, 5, 61, 0
7, 18732, Note_on_c, 5, 67, 73
7, 18762, Note_off_c, 5, 64, 0
7, 18819, Note_on_c, 5, 64, 73
7, 18856, Note_off_c, 5, 67, 0
7, 18919, Note_on_c, 5, 61, 73
7, 18943, Note_off_c, 5, 64, 0
7, 19016, Note_off_c, 5, 61, 0
7, 19017, Note_on_c, 5, 57, 73
7, 19103, Note_on_c, 5, 61, 73
7, 19132, Note_off_c, 5, 57, 0
7, 19200, Note_on_c, 5, 64, 73
7, 19211, Note_off_c, 5, 61, 0
7, 19311, Note_on_c, 5, 67, 73
7, 19317, Note_off_c, 5, 64, 0
7, 19392, Note_on_c, 5, 64, 73
7, 19408, Note_off_c, 5, 67, 0
7, 19500, Note_on_c, 5, 61, 73
7, 19514, Note_off_c, 5, 64, 0
7, 19600, Note_off_c, 5, 61, 0
7, 19605, Note_on_c, 5, 62, 73
7, 19695, Note_on_c, 5, 65, 73
7, 19709, Note_off_c, 5, 62, 0
7, 19792, Note_on_c, 5, 69, 73
7, 19812, Note_off_c, 5, 65, 0
7, 19890, Note_on_c, 5, 74, 73
7, 19903, Note_off_c, 5, 69, 0
7, 19967, Note_on_c, 5, 69, 73
7, 20000, Note_off_c, 5, 74, 0
7, 20074, Note_on_c, 5, 65, 73
7, 20123, Note_off_c, 5, 69, 0
7, 20175, Note_on_c, 5, 62, 73
7, 20177, Note_off_c, 5, 65, 0
7, 20265, Note_on_c, 5, 65, 73
7, 20319, Note_off_c, 5, 62, 0
7, 20353, Note_on_c, 5, 69, 73
7, 20381, Note_off_c, 5, 65, 0
7, 20458, Note_on_c, 5, 72, 73
7, 20476, Note_off_c, 5, 69, 0
7, 20547, Note_on_c, 5, 69, 73
7, 20576, Note_off_c, 5, 72, 0
7, 20634, Note_on_c, 5, 66, 73
7, 20643, Note_on_c, 5, 65, 73
7, 20649, Note_off_c, 5, 69, 0
7, 20658, Note_off_c, 5, 66, 0
7, 20672, Note_off_c, 5, 65, 0
7, 20730, Note_on_c, 5, 55, 73
7, 20757, Note_on_c, 5, 59, 73
7, 20768, Note_on_c, 5, 62, 73
7, 20786, Note_on_c, 5, 67, 73
7, 21667, Note_off_c, 5, 62, 0
7, 21670, Note_off_c, 5, 55, 0
7, 21671, Note_off_c, 5, 59, 0
7, 21678, Note_off_c, 5, 67, 0
7, 21901, Note_on_c, 5, 60, 73
7, 21986, Note_on_c, 5, 64, 73
7, 22013, Note_off_c, 5, 60, 0
7, 22085, Note_on_c, 5, 67, 73
7, 22106, Note_off_c, 5, 64, 0
7, 22175, Note_on_c, 5, 72, 73
7, 22194, Note_off_c, 5, 67, 0
7, 22269, Note_on_c, 5, 67, 73
7, 22289, Note_off_c, 5, 72, 0
7, 22369, Note_on_c, 5, 64, 73
7, 22395, Note_off_c, 5, 67, 0
7, 22463, Note_off_c, 5, 64, 0
7, 22467, Note_on_c, 5, 60, 73
7, 22560, Note_on_c, 5, 64, 73
7, 22583, Note_off_c, 5, 60, 0
7, 22659, Note_on_c, 5, 67, 73
7, 22702, Note_off_c, 5, 64, 0
7, 22761, Note_on_c, 5, 72, 73
7, 22782, Note_off_c, 5, 67, 0
7, 22846, Note_on_c, 5, 67, 73
7, 22860, Note_off_c, 5, 72, 0
7, 22951, Note_on_c, 5, 64, 73
7, 22966, Note_off_c, 5, 67, 0
7, 22992, Note_off_c, 5, 64, 0
7, 23033, Note_on_c, 5, 60, 73
7, 23048, Note_on_c, 5, 64, 73
7, 23070, Note_on_c, 5, 67, 73
7, 23071, Note_off_c, 5, 60, 0
7, 23088, Note_on_c, 5, 72, 73
7, 23109, Note_off_c, 5, 64, 0
7, 23143, Note_off_c, 5, 67, 0
7, 23464, Note_off_c, 5, 72, 0
7, 23464, End_track
8, 0, Start_track
8, 0, Title_t, "Grand Piano1"
8, 0, Control_c, 6, 0, 0
8, 0, Program_c, 6, 1
8, 0, Control_c, 6, 10, 29
8, 0, Time_signature, 6, 2, 96, 8
8, 0, Tempo, 320512
8, 9222, Note_on_c, 6, 67, 61
8, 9315, Note_off_c, 6, 67, 0
8, 9315, Note_on_c, 6, 76, 61
8, 9318, Note_on_c, 6, 72, 61
8, 9337, Note_off_c, 6, 72, 0
8, 9352, Note_off_c, 6, 76, 0
8, 9410, Note_on_c, 6, 67, 61
8, 9462, Note_off_c, 6, 67, 0
8, 9512, Note_on_c, 6, 74, 61
8, 9515, Note_on_c, 6, 70, 61
8, 9566, Note_off_c, 6, 70, 0
8, 9576, Note_off_c, 6, 74, 0
8, 9601, Note_on_c, 6, 67, 61
8, 9651, Note_off_c, 6, 67, 0
8, 9691, Note_on_c, 6, 70, 61
8, 9694, Note_on_c, 6, 74, 61
8, 9731, Note_off_c, 6, 74, 0
8, 9733, Note_off_c, 6, 70, 0
8, 9796, Note_on_c, 6, 72, 61
8, 9797, Note_on_c, 6, 69, 61
8, 9846, Note_off_c, 6, 69, 0
8, 9856, Note_off_c, 6, 72, 0
8, 9882, Note_on_c, 6, 65, 61
8, 9931, Note_off_c, 6, 65, 0
8, 9976, Note_on_c, 6, 69, 61
8, 9977, Note_on_c, 6, 72, 61
8, 10003, Note_off_c, 6, 72, 0
8, 10006, Note_off_c, 6, 69, 0
8, 10084, Note_on_c, 6, 70, 61
8, 10086, Note_on_c, 6, 67, 61
8, 10088, Note_on_c, 6, 62, 61
8, 10117, Note_off_c, 6, 62, 0
8, 10159, Note_off_c, 6, 67, 0
8, 10161, Note_off_c, 6, 70, 0
8, 10170, Note_on_c, 6, 62, 61
8, 10209, Note_off_c, 6, 62, 0
8, 10266, Note_on_c, 6, 70, 61
8, 10268, Note_on_c, 6, 67, 61
8, 10300, Note_off_c, 6, 67, 0
8, 10301, Note_off_c, 6, 70, 0
8, 10366, Note_on_c, 6, 69, 61
8, 10370, Note_on_c, 6, 60, 61
8, 10371, Note_on_c, 6, 65, 61
8, 11369, Note_off_c, 6, 69, 0
8, 11370, Note_off_c, 6, 60, 0
8, 11371, Note_off_c, 6, 65, 0
8, 11520, Note_on_c, 6, 68, 61
8, 11521, Note_on_c, 6, 65, 61
8, 11521, Note_on_c, 6, 60, 61
8, 11534, Note_on_c, 6, 53, 61
8, 11536, Note_on_c, 6, 41, 61
8, 11651, Note_off_c, 6, 41, 0
8, 11679, Note_on_c, 6, 41, 61
8, 12548, Note_off_c, 6, 68, 0
8, 12549, Note_off_c, 6, 65, 0
8, 12579, Note_off_c, 6, 41, 0
8, 12587, Note_off_c, 6, 53, 0
8, 12602, Note_off_c, 6, 60, 0
8, 12673, Note_on_c, 6, 64, 61
8, 12675, Note_on_c, 6, 67, 61
8, 12679, Note_on_c, 6, 60, 61
8, 12681, Note_on_c, 6, 48, 61
8, 13548, Note_off_c, 6, 60, 0
8, 13565, Note_off_c, 6, 67, 0
8, 13573, Note_off_c, 6, 64, 0
8, 13596, Note_off_c, 6, 48, 0
8, 13829, Note_on_c, 6, 64, 61
8, 13830, Note_on_c, 6, 49, 61
8, 13830, Note_on_c, 6, 67, 61
8, 13831, Note_on_c, 6, 61, 61
8, 14724, Note_off_c, 6, 67, 0
8, 14730, Note_off_c, 6, 64, 0
8, 14733, Note_off_c, 6, 61, 0
8, 14848, Note_off_c, 6, 49, 0
8, 14984, Note_on_c, 6, 69, 61
8, 14986, Note_on_c, 6, 65, 61
8, 14992, Note_on_c, 6, 50, 61
8, 14993, Note_on_c, 6, 62, 61
8, 15877, Note_off_c, 6, 65, 0
8, 15890, Note_off_c, 6, 69, 0
8, 15891, Note_off_c, 6, 62, 0
8, 15921, Note_off_c, 6, 50, 0
8, 16130, Note_on_c, 6, 67, 61
8, 16132, Note_on_c, 6, 71, 61
8, 16133, Note_on_c, 6, 62, 61
8, 16134, Note_on_c, 6, 43, 61
8, 17115, Note_off_c, 6, 67, 0
8, 17115, Note_off_c, 6, 71, 0
8, 17122, Note_off_c, 6, 62, 0
8, 17123, Note_off_c, 6, 43, 0
8, 17302, Note_on_c, 6, 64, 61
8, 17303, Note_on_c, 6, 48, 61
8, 17305, Note_on_c, 6, 67, 61
8, 17310, Note_on_c, 6, 72, 61
8, 18161, Note_off_c, 6, 72, 0
8, 18169, Note_off_c, 6, 64, 0
8, 18169, Note_off_c, 6, 67, 0
8, 18195, Note_off_c, 6, 48, 0
8, 18441, Note_on_c, 6, 69, 61
8, 18447, Note_on_c, 6, 61, 61
8, 18448, Note_on_c, 6, 64, 61
8, 18449, Note_on_c, 6, 45, 61
8, 18974, Note_off_c, 6, 61, 0
8, 18979, Note_off_c, 6, 69, 0
8, 18987, Note_off_c, 6, 64, 0
8, 19010, Note_on_c, 6, 64, 61
8, 19019, Note_on_c, 6, 61, 61
8, 19022, Note_on_c, 6, 67, 61
8, 19428, Note_off_c, 6, 67, 0
8, 19438, Note_off_c, 6, 61, 0
8, 19440, Note_off_c, 6, 64, 0
8, 19579, Note_on_c, 6, 62, 61
8, 19585, Note_on_c, 6, 65, 61
8, 19610, Note_on_c, 6, 69, 61
8, 19611, Note_on_c, 6, 50, 61
8, 19625, Note_off_c, 6, 45, 0
8, 19626, Note_on_c, 6, 74, 61
8, 20383, Note_off_c, 6, 65, 0
8, 20403, Note_off_c, 6, 62, 0
8, 20419, Note_off_c, 6, 74, 0
8, 20425, Note_off_c, 6, 69, 0
8, 20452, Note_off_c, 6, 50, 0
8, 20732, Note_on_c, 6, 67, 61
8, 20737, Note_on_c, 6, 71, 61
8, 20741, Note_on_c, 6, 55, 61
8, 20745, Note_on_c, 6, 74, 61
8, 20768, Note_on_c, 6, 79, 61
8, 21655, Note_off_c, 6, 79, 0
8, 21662, Note_off_c, 6, 74, 0
8, 21665, Note_off_c, 6, 71, 0
8, 21667, Note_off_c, 6, 67, 0
8, 21742, Note_off_c, 6, 55, 0
8, 21871, Note_on_c, 6, 60, 61
8, 21892, Note_on_c, 6, 64, 61
8, 21902, Note_on_c, 6, 48, 61
8, 21908, Note_on_c, 6, 67, 61
8, 21936, Note_on_c, 6, 72, 61
8, 21940, Note_on_c, 6, 70, 61
8, 21945, Note_off_c, 6, 70, 0
8, 22540, Note_off_c, 6, 48, 0
8, 23320, Note_off_c, 6, 72, 0
8, 23322, Note_off_c, 6, 60, 0
8, 23325, Note_off_c, 6, 67, 0
8, 23326, Note_off_c, 6, 64, 0
8, 23326, End_track
9, 0, Start_track
9, 0, Title_t, "pianogrand2"
9, 0, Control_c, 7, 0, 0
9, 0, Program_c, 7, 0
9, 0, Control_c, 7, 10, 105
9, 0, Control_c, 7, 91, 58
9, 0, Control_c, 7, 93, 58
9, 0, Time_signature, 6, 2, 96, 8
9, 0, Tempo, 320512
9, 9229, Note_on_c, 7, 48, 67
9, 9513, Note_off_c, 7, 48, 0
9, 9513, Note_on_c, 7, 50, 67
9, 9797, Note_on_c, 7, 51, 67
9, 9803, Note_off_c, 7, 50, 0
9, 10083, Note_off_c, 7, 51, 0
9, 10085, Note_on_c, 7, 52, 67
9, 10374, Note_on_c, 7, 60, 67
9, 10378, Note_off_c, 7, 52, 0
9, 10379, Note_on_c, 7, 53, 67
9, 10666, Note_on_c, 7, 65, 67
9, 10667, Note_on_c, 7, 69, 67
9, 10677, Note_off_c, 7, 60, 0
9, 10681, Note_off_c, 7, 69, 0
9, 10684, Note_off_c, 7, 65, 0
9, 10851, Note_on_c, 7, 60, 67
9, 10889, Note_off_c, 7, 60, 0
9, 10952, Note_on_c, 7, 60, 67
9, 11246, Note_on_c, 7, 69, 67
9, 11246, Note_on_c, 7, 65, 67
9, 11255, Note_off_c, 7, 60, 0
9, 11282, Note_off_c, 7, 69, 0
9, 11295, Note_off_c, 7, 65, 0
9, 11440, Note_off_c, 7, 53, 0
9, 11532, Note_on_c, 7, 60, 67
9, 11546, Note_on_c, 7, 53, 67
9, 11812, Note_on_c, 7, 68, 67
9, 11812, Note_on_c, 7, 65, 67
9, 11831, Note_off_c, 7, 60, 0
9, 11840, Note_off_c, 7, 68, 0
9, 11841, Note_off_c, 7, 65, 0
9, 12388, Note_on_c, 7, 68, 67
9, 12388, Note_on_c, 7, 60, 67
9, 12390, Note_on_c, 7, 65, 67
9, 12429, Note_off_c, 7, 60, 0
9, 12432, Note_off_c, 7, 65, 0
9, 12434, Note_off_c, 7, 68, 0
9, 12691, Note_off_c, 7, 53, 0
9, 12693, Note_on_c, 7, 48, 67
9, 12974, Note_on_c, 7, 72, 67
9, 12975, Note_on_c, 7, 64, 67
9, 12975, Note_on_c, 7, 60, 67
9, 12979, Note_on_c, 7, 67, 67
9, 12981, Note_off_c, 7, 60, 0
9, 13002, Note_off_c, 7, 67, 0
9, 13004, Note_off_c, 7, 72, 0
9, 13005, Note_off_c, 7, 64, 0
9, 13544, Note_on_c, 7, 64, 67
9, 13544, Note_on_c, 7, 60, 67
9, 13545, Note_on_c, 7, 67, 67
9, 13575, Note_off_c, 7, 60, 0
9, 13584, Note_off_c, 7, 67, 0
9, 13585, Note_off_c, 7, 64, 0
9, 13829, Note_off_c, 7, 48, 0
9, 13832, Note_on_c, 7, 45, 67
9, 14126, Note_on_c, 7, 69, 67
9, 14126, Note_on_c, 7, 64, 67
9, 14127, Note_on_c, 7, 61, 67
9, 14127, Note_on_c, 7, 49, 67
9, 14135, Note_off_c, 7, 45, 0
9, 14155, Note_off_c, 7, 61, 0
9, 14156, Note_off_c, 7, 69, 0
9, 14157, Note_off_c, 7, 64, 0
9, 14417, Note_off_c, 7, 49, 0
9, 14421, Note_on_c, 7, 52, 67
9, 14706, Note_on_c, 7, 64, 67
9, 14707, Note_on_c, 7, 61, 67
9, 14707, Note_on_c, 7, 69, 67
9, 14711, Note_on_c, 7, 55, 67
9, 14717, Note_off_c, 7, 52, 0
9, 14735, Note_off_c, 7, 61, 0
9, 14737, Note_off_c, 7, 69, 0
9, 14739, Note_off_c, 7, 64, 0
9, 14984, Note_on_c, 7, 50, 67
9, 14987, Note_off_c, 7, 55, 0
9, 15272, Note_on_c, 7, 65, 67
9, 15275, Note_on_c, 7, 69, 67
9, 15275, Note_on_c, 7, 62, 67
9, 15295, Note_off_c, 7, 62, 0
9, 15299, Note_off_c, 7, 65, 0
9, 15299, Note_off_c, 7, 69, 0
9, 15839, Note_on_c, 7, 69, 67
9, 15839, Note_on_c, 7, 65, 67
9, 15840, Note_on_c, 7, 62, 67
9, 15863, Note_off_c, 7, 62, 0
9, 15868, Note_off_c, 7, 65, 0
9, 15870, Note_off_c, 7, 69, 0
9, 15924, Note_on_c, 7, 45, 67
9, 15932, Note_off_c, 7, 50, 0
9, 16016, Note_on_c, 7, 44, 67
9, 16026, Note_off_c, 7, 45, 0
9, 16128, Note_off_c, 7, 44, 0
9, 16129, Note_on_c, 7, 43, 67
9, 16421, Note_on_c, 7, 65, 67
9, 16423, Note_on_c, 7, 59, 67
9, 16425, Note_on_c, 7, 62, 67
9, 16447, Note_off_c, 7, 62, 0
9, 16452, Note_off_c, 7, 59, 0
9, 16456, Note_off_c, 7, 65, 0
9, 16708, Note_on_c, 7, 51, 67
9, 16719, Note_off_c, 7, 43, 0
9, 17002, Note_on_c, 7, 63, 67
9, 17002, Note_on_c, 7, 59, 67
9, 17005, Note_on_c, 7, 67, 67
9, 17031, Note_off_c, 7, 67, 0
9, 17033, Note_off_c, 7, 59, 0
9, 17038, Note_off_c, 7, 63, 0
9, 17205, Note_off_c, 7, 51, 0
9, 17205, Note_on_c, 7, 50, 67
9, 17310, Note_on_c, 7, 48, 67
9, 17311, Note_off_c, 7, 50, 0
9, 17569, Note_on_c, 7, 64, 67
9, 17572, Note_on_c, 7, 60, 67
9, 17573, Note_on_c, 7, 67, 67
9, 17601, Note_off_c, 7, 60, 0
9, 17605, Note_off_c, 7, 64, 0
9, 17609, Note_off_c, 7, 67, 0
9, 18143, Note_on_c, 7, 60, 67
9, 18144, Note_on_c, 7, 64, 67
9, 18149, Note_on_c, 7, 72, 67
9, 18149, Note_on_c, 7, 67, 67
9, 18168, Note_off_c, 7, 67, 0
9, 18172, Note_off_c, 7, 60, 0
9, 18173, Note_off_c, 7, 72, 0
9, 18174, Note_off_c, 7, 64, 0
9, 18443, Note_on_c, 7, 49, 67
9, 18450, Note_off_c, 7, 48, 0
9, 18730, Note_on_c, 7, 71, 67
9, 18730, Note_on_c, 7, 61, 67
9, 18731, Note_on_c, 7, 64, 67
9, 18738, Note_on_c, 7, 67, 67
9, 18743, Note_off_c, 7, 67, 0
9, 18756, Note_off_c, 7, 64, 0
9, 18760, Note_off_c, 7, 61, 0
9, 18762, Note_off_c, 7, 71, 0
9, 19027, Note_off_c, 7, 49, 0
9, 19027, Note_on_c, 7, 45, 67
9, 19302, Note_on_c, 7, 64, 67
9, 19302, Note_on_c, 7, 61, 67
9, 19304, Note_on_c, 7, 71, 67
9, 19307, Note_on_c, 7, 52, 67
9, 19308, Note_off_c, 7, 45, 0
9, 19312, Note_on_c, 7, 67, 67
9, 19316, Note_off_c, 7, 67, 0
9, 19340, Note_off_c, 7, 64, 0
9, 19342, Note_off_c, 7, 61, 0
9, 19346, Note_off_c, 7, 71, 0
9, 19610, Note_off_c, 7, 52, 0
9, 19610, Note_on_c, 7, 50, 67
9, 20395, Note_off_c, 7, 50, 0
9, 20717, Note_on_c, 7, 55, 67
9, 20730, Note_on_c, 7, 59, 67
9, 20741, Note_on_c, 7, 43, 67
9, 20749, Note_on_c, 7, 62, 67
9, 20766, Note_on_c, 7, 67, 67
9, 21195, Note_off_c, 7, 67, 0
9, 21197, Note_off_c, 7, 55, 0
9, 21201, Note_off_c, 7, 62, 0
9, 21208, Note_off_c, 7, 59, 0
9, 21298, Note_on_c, 7, 55, 67
9, 21311, Note_on_c, 7, 59, 67
9, 21324, Note_on_c, 7, 63, 67
9, 21327, Note_on_c, 7, 51, 67
9, 21337, Note_off_c, 7, 43, 0
9, 21345, Note_on_c, 7, 67, 67
9, 21800, Note_off_c, 7, 55, 0
9, 21806, Note_off_c, 7, 59, 0
9, 21816, Note_off_c, 7, 63, 0
9, 21830, Note_off_c, 7, 67, 0
9, 21836, Note_off_c, 7, 51, 0
9, 21836, End_track
10, 0, Start_track
10, 0, Title_t, "51"
10, 0, Control_c, 8, 0, 0
10, 0, Program_c, 8, 50
10, 0, Control_c, 8, 10, 101
10, 0, Control_c, 8, 91, 51
10, 0, Control_c, 8, 93, 48
10, 0, Time_signature, 6, 2, 96, 8
10, 0, Tempo, 320512
10, 5761, Note_on_c, 8, 74, 45
10, 5764, Note_on_c, 8, 69, 45
10, 6347, Note_on_c, 8, 73, 45
10, 6358, Note_off_c, 8, 74, 0
10, 6917, Note_on_c, 8, 72, 45
10, 6925, Note_off_c, 8, 73, 0
10, 7481, Note_on_c, 8, 71, 45
10, 7481, Note_on_c, 8, 67, 45
10, 7489, Note_off_c, 8, 72, 0
10, 7491, Note_off_c, 8, 69, 0
10, 8071, Note_on_c, 8, 72, 45
10, 8079, Note_off_c, 8, 71, 0
10, 9515, Note_on_c, 8, 74, 45
10, 9521, Note_off_c, 8, 72, 0
10, 9794, Note_on_c, 8, 75, 45
10, 9802, Note_off_c, 8, 74, 0
10, 10075, Note_on_c, 8, 76, 45
10, 10079, Note_off_c, 8, 75, 0
10, 10336, Note_off_c, 8, 67, 0
10, 10355, Note_off_c, 8, 76, 0
10, 10378, Note_on_c, 8, 81, 45
10, 10379, Note_on_c, 8, 77, 45
10, 10379, Note_on_c, 8, 79, 45
10, 10382, Note_on_c, 8, 72, 45
10, 10402, Note_off_c, 8, 79, 0
10, 11514, Note_on_c, 8, 80, 45
10, 11534, Note_off_c, 8, 81, 0
10, 12620, Note_off_c, 8, 77, 0
10, 12676, Note_on_c, 8, 76, 45
10, 12686, Note_on_c, 8, 79, 45
10, 12693, Note_off_c, 8, 80, 0
10, 13738, Note_off_c, 8, 72, 0
10, 13819, Note_on_c, 8, 81, 45
10, 13831, Note_off_c, 8, 79, 0
10, 13835, Note_on_c, 8, 73, 45
10, 14399, Note_on_c, 8, 79, 45
10, 14409, Note_off_c, 8, 81, 0
10, 14896, Note_off_c, 8, 76, 0
10, 14984, Note_on_c, 8, 77, 45
10, 14990, Note_on_c, 8, 81, 45
10, 15000, Note_off_c, 8, 73, 0
10, 15000, Note_off_c, 8, 79, 0
10, 15002, Note_on_c, 8, 72, 45
10, 15013, Note_on_c, 8, 74, 45
10, 15015, Note_off_c, 8, 72, 0
10, 16104, Note_on_c, 8, 71, 45
10, 16127, Note_off_c, 8, 81, 0
10, 16668, Note_off_c, 8, 74, 0
10, 16714, Note_on_c, 8, 75, 45
10, 17273, Note_off_c, 8, 71, 0
10, 17299, Note_off_c, 8, 75, 0
10, 17303, Note_on_c, 8, 76, 45
10, 17307, Note_on_c, 8, 79, 45
10, 17310, Note_on_c, 8, 72, 45
10, 17340, Note_off_c, 8, 77, 0
10, 18358, Note_off_c, 8, 72, 0
10, 18428, Note_off_c, 8, 79, 0
10, 18438, Note_on_c, 8, 81, 45
10, 18440, Note_on_c, 8, 73, 45
10, 18442, Note_on_c, 8, 45, 45
10, 18722, Note_on_c, 8, 49, 45
10, 18743, Note_off_c, 8, 45, 0
10, 19020, Note_on_c, 8, 52, 45
10, 19031, Note_off_c, 8, 49, 0
10, 19297, Note_on_c, 8, 55, 45
10, 19298, Note_off_c, 8, 52, 0
10, 19520, Note_off_c, 8, 76, 0
10, 19563, Note_off_c, 8, 73, 0
10, 19576, Note_off_c, 8, 81, 0
10, 19594, Note_on_c, 8, 74, 45
10, 19601, Note_on_c, 8, 69, 45
10, 19606, Note_on_c, 8, 50, 45
10, 19611, Note_off_c, 8, 55, 0
10, 19617, Note_on_c, 8, 77, 45
10, 20557, Note_off_c, 8, 74, 0
10, 20737, Note_on_c, 8, 74, 45
10, 20738, Note_on_c, 8, 71, 45
10, 20738, Note_on_c, 8, 43, 45
10, 20744, Note_off_c, 8, 50, 0
10, 20755, Note_off_c, 8, 69, 0
10, 21321, Note_on_c, 8, 75, 45
10, 21322, Note_off_c, 8, 74, 0
10, 21325, Note_on_c, 8, 67, 45
10, 21397, Note_off_c, 8, 77, 0
10, 21864, Note_off_c, 8, 71, 0
10, 21897, Note_on_c, 8, 72, 45
10, 21903, Note_on_c, 8, 77, 45
10, 21904, Note_on_c, 8, 76, 45
10, 21906, Note_on_c, 8, 48, 45
10, 21912, Note_off_c, 8, 75, 0
10, 21920, Note_off_c, 8, 43, 0
10, 21922, Note_off_c, 8, 77, 0
10, 22557, Note_off_c, 8, 48, 0
10, 22799, Control_c, 8, 64, 64
10, 23079, Note_off_c, 8, 76, 0
10, 23081, Note_off_c, 8, 67, 0
10, 23082, Note_off_c, 8, 72, 0
10, 23598, Note_on_c, 8, 67, 45
10, 23599, Note_on_c, 8, 72, 45
10, 23602, Note_on_c, 8, 76, 45
10, 23615, Note_off_c, 8, 67, 0
10, 23615, Note_off_c, 8, 72, 0
10, 23615, Note_off_c, 8, 76, 0
10, 23746, Control_c, 8, 64, 0
10, 23746, End_track
0, 0, End_of_file
