0, 0, Header, 1, 4, 480
1, 0, Start_track
1, 0, Tempo, 461538
1, 0, Title_t, "Lafayette Blues"
1, 0, Time_signature, 4, 2, 7, 10
1, 92160, Tempo, 400000
1, 109440, Tempo, 600000
1, 117240, Tempo, 600000
1, 117360, Tempo, 600000
1, 117480, Tempo, 606060
1, 117600, Tempo, 606060
1, 117720, Tempo, 606060
1, 117840, Tempo, 612244
1, 117960, Tempo, 612244
1, 118080, Tempo, 612244
1, 118200, Tempo, 612244
1, 118320, Tempo, 612244
1, 118440, Tempo, 618556
1, 118560, Tempo, 618556
1, 118680, Tempo, 618556
1, 118800, Tempo, 625000
1, 118920, Tempo, 625000
1, 119040, Tempo, 625000
1, 119160, Tempo, 625000
1, 119280, Tempo, 625000
1, 119400, Tempo, 631578
1, 119520, Tempo, 631578
1, 119640, Tempo, 631578
1, 119760, Tempo, 638297
1, 119880, Tempo, 638297
1, 120000, Tempo, 638297
1, 120120, Tempo, 638297
1, 120240, Tempo, 638297
1, 120360, Tempo, 645161
1, 120480, Tempo, 645161
1, 120600, Tempo, 645161
1, 120720, Tempo, 652173
1, 120840, Tempo, 652173
1, 120960, Tempo, 652173
1, 121080, Tempo, 652173
1, 121200, Tempo, 652173
1, 121320, Tempo, 659340
1, 121440, Tempo, 659340
1, 121560, Tempo, 659340
1, 121680, Tempo, 666666
1, 121800, Tempo, 666666
1, 121920, Tempo, 666666
1, 128640, Tempo, 461538
1, 130560, Tempo, 461538
1, 130560, End_track
2, 0, Start_track
2, 0, Title_t, "Jack White"
2, 0, Control_c, 0, 100, 0
2, 0, Control_c, 0, 101, 0
2, 0, Control_c, 0, 6, 12
2, 0, Pitch_bend_c, 0, 8192
2, 0, Control_c, 1, 100, 0
2, 0, Control_c, 1, 101, 0
2, 0, Control_c, 1, 6, 12
2, 0, Pitch_bend_c, 1, 8192
2, 0, Program_c, 0, 29
2, 0, Program_c, 1, 29
2, 0, Control_c, 0, 7, 104
2, 0, Control_c, 1, 7, 104
2, 0, Control_c, 0, 10, 64
2, 0, Control_c, 1, 10, 64
2, 0, Control_c, 0, 93, 127
2, 0, Control_c, 1, 93, 127
2, 0, Control_c, 0, 91, 0
2, 0, Control_c, 1, 91, 0
2, 0, Control_c, 0, 92, 0
2, 0, Control_c, 1, 92, 0
2, 0, Control_c, 0, 95, 0
2, 0, Control_c, 1, 95, 0
2, 1680, Note_on_c, 0, 45, 95
2, 1920, Note_off_c, 0, 45, 80
2, 1920, Note_on_c, 0, 52, 95
2, 2160, Note_off_c, 0, 52, 80
2, 2160, Note_on_c, 0, 52, 95
2, 2280, Note_off_c, 0, 52, 80
2, 2280, Note_on_c, 0, 52, 95
2, 2400, Note_off_c, 0, 52, 80
2, 2400, Note_on_c, 0, 56, 95
2, 2640, Note_off_c, 0, 56, 80
2, 2640, Note_on_c, 0, 57, 95
2, 2880, Note_off_c, 0, 57, 80
2, 2880, Note_on_c, 0, 59, 95
2, 3120, Note_off_c, 0, 59, 80
2, 3120, Note_on_c, 0, 57, 95
2, 3360, Note_off_c, 0, 57, 80
2, 3360, Note_on_c, 0, 56, 95
2, 3600, Note_off_c, 0, 56, 80
2, 3600, Note_on_c, 0, 52, 95
2, 3840, Note_off_c, 0, 52, 80
2, 3840, Note_on_c, 0, 50, 95
2, 4080, Note_off_c, 0, 50, 80
2, 4080, Note_on_c, 0, 50, 95
2, 4200, Note_off_c, 0, 50, 80
2, 4200, Note_on_c, 0, 50, 95
2, 4320, Note_off_c, 0, 50, 80
2, 4320, Note_on_c, 0, 54, 95
2, 4560, Note_off_c, 0, 54, 80
2, 4560, Note_on_c, 0, 55, 95
2, 4800, Note_off_c, 0, 55, 80
2, 4800, Note_on_c, 0, 57, 95
2, 5040, Note_off_c, 0, 57, 80
2, 5040, Note_on_c, 0, 55, 95
2, 5280, Note_off_c, 0, 55, 80
2, 5280, Note_on_c, 0, 54, 95
2, 5520, Note_off_c, 0, 54, 80
2, 5520, Note_on_c, 0, 50, 95
2, 5760, Note_off_c, 0, 50, 80
2, 5760, Note_on_c, 0, 52, 95
2, 6000, Note_off_c, 0, 52, 80
2, 6000, Note_on_c, 0, 52, 95
2, 6120, Note_off_c, 0, 52, 80
2, 6120, Note_on_c, 0, 52, 95
2, 6240, Note_off_c, 0, 52, 80
2, 6240, Note_on_c, 0, 56, 95
2, 6480, Note_off_c, 0, 56, 80
2, 6480, Note_on_c, 0, 57, 95
2, 6720, Note_off_c, 0, 57, 80
2, 6720, Note_on_c, 0, 59, 95
2, 6960, Note_off_c, 0, 59, 80
2, 6960, Note_on_c, 0, 57, 95
2, 7200, Note_off_c, 0, 57, 80
2, 7200, Note_on_c, 0, 56, 95
2, 7440, Note_off_c, 0, 56, 80
2, 7440, Note_on_c, 0, 52, 95
2, 7680, Note_off_c, 0, 52, 80
2, 7680, Note_on_c, 0, 50, 95
2, 7920, Note_off_c, 0, 50, 80
2, 7920, Note_on_c, 0, 50, 95
2, 8040, Note_off_c, 0, 50, 80
2, 8040, Note_on_c, 0, 50, 95
2, 8160, Note_off_c, 0, 50, 80
2, 8160, Note_on_c, 0, 54, 95
2, 8400, Note_off_c, 0, 54, 80
2, 8400, Note_on_c, 0, 55, 95
2, 8640, Note_off_c, 0, 55, 80
2, 8640, Note_on_c, 0, 57, 95
2, 8880, Note_off_c, 0, 57, 80
2, 8880, Note_on_c, 0, 55, 95
2, 9120, Note_off_c, 0, 55, 80
2, 9120, Note_on_c, 0, 54, 95
2, 9360, Note_off_c, 0, 54, 80
2, 9360, Note_on_c, 0, 50, 95
2, 9600, Note_off_c, 0, 50, 80
2, 9600, Note_on_c, 0, 52, 95
2, 9840, Note_off_c, 0, 52, 80
2, 9840, Note_on_c, 0, 52, 95
2, 9960, Note_off_c, 0, 52, 80
2, 9960, Note_on_c, 0, 52, 95
2, 10080, Note_off_c, 0, 52, 80
2, 10080, Note_on_c, 0, 56, 95
2, 10320, Note_off_c, 0, 56, 80
2, 10320, Note_on_c, 0, 57, 95
2, 10560, Note_off_c, 0, 57, 80
2, 10560, Note_on_c, 0, 59, 95
2, 10800, Note_off_c, 0, 59, 80
2, 10800, Note_on_c, 0, 57, 95
2, 11040, Note_off_c, 0, 57, 80
2, 11040, Note_on_c, 0, 56, 95
2, 11280, Note_off_c, 0, 56, 80
2, 11280, Note_on_c, 0, 52, 95
2, 11520, Note_off_c, 0, 52, 80
2, 11520, Note_on_c, 0, 50, 95
2, 11760, Note_off_c, 0, 50, 80
2, 11760, Note_on_c, 0, 50, 95
2, 11880, Note_off_c, 0, 50, 80
2, 11880, Note_on_c, 0, 50, 95
2, 12000, Note_off_c, 0, 50, 80
2, 12000, Note_on_c, 0, 54, 95
2, 12240, Note_off_c, 0, 54, 80
2, 12240, Note_on_c, 0, 55, 95
2, 12480, Note_off_c, 0, 55, 80
2, 12480, Note_on_c, 0, 57, 95
2, 12720, Note_off_c, 0, 57, 80
2, 12720, Note_on_c, 0, 55, 95
2, 12960, Note_off_c, 0, 55, 80
2, 12960, Note_on_c, 0, 54, 95
2, 13200, Note_off_c, 0, 54, 80
2, 13200, Note_on_c, 0, 50, 95
2, 13440, Note_off_c, 0, 50, 80
2, 13440, Note_on_c, 0, 52, 95
2, 13680, Note_off_c, 0, 52, 80
2, 13680, Note_on_c, 0, 52, 95
2, 13800, Note_off_c, 0, 52, 80
2, 13800, Note_on_c, 0, 52, 95
2, 13920, Note_off_c, 0, 52, 80
2, 13920, Note_on_c, 0, 56, 95
2, 14160, Note_off_c, 0, 56, 80
2, 14160, Note_on_c, 0, 57, 95
2, 14400, Note_off_c, 0, 57, 80
2, 14400, Note_on_c, 0, 59, 95
2, 14640, Note_off_c, 0, 59, 80
2, 14640, Note_on_c, 0, 57, 95
2, 14880, Note_off_c, 0, 57, 80
2, 14880, Note_on_c, 0, 56, 95
2, 15120, Note_off_c, 0, 56, 80
2, 15120, Note_on_c, 0, 52, 95
2, 15360, Note_off_c, 0, 52, 80
2, 15360, Note_on_c, 0, 50, 95
2, 15600, Note_off_c, 0, 50, 80
2, 15600, Note_on_c, 0, 50, 95
2, 15720, Note_off_c, 0, 50, 80
2, 15720, Note_on_c, 0, 50, 95
2, 15840, Note_off_c, 0, 50, 80
2, 15840, Note_on_c, 0, 54, 95
2, 16080, Note_off_c, 0, 54, 80
2, 16080, Note_on_c, 0, 55, 95
2, 16320, Note_off_c, 0, 55, 80
2, 16320, Note_on_c, 0, 57, 95
2, 16560, Note_off_c, 0, 57, 80
2, 16560, Note_on_c, 0, 55, 95
2, 16800, Note_off_c, 0, 55, 80
2, 16800, Note_on_c, 0, 54, 95
2, 17040, Note_off_c, 0, 54, 80
2, 17040, Note_on_c, 0, 50, 95
2, 17280, Note_off_c, 0, 50, 80
2, 17280, Note_on_c, 0, 52, 95
2, 17280, Note_on_c, 0, 47, 95
2, 17280, Note_on_c, 0, 40, 95
2, 19200, Note_off_c, 0, 52, 80
2, 19200, Note_off_c, 0, 47, 80
2, 19200, Note_off_c, 0, 40, 80
2, 19200, Note_on_c, 0, 52, 95
2, 19200, Note_on_c, 0, 47, 95
2, 19200, Note_on_c, 0, 40, 95
2, 19680, Note_off_c, 0, 52, 80
2, 19680, Note_off_c, 0, 47, 80
2, 19680, Note_off_c, 0, 40, 80
2, 21120, Note_on_c, 0, 52, 95
2, 21120, Note_on_c, 0, 47, 95
2, 21120, Note_on_c, 0, 40, 95
2, 23040, Note_off_c, 0, 52, 80
2, 23040, Note_off_c, 0, 47, 80
2, 23040, Note_off_c, 0, 40, 80
2, 23040, Note_on_c, 0, 52, 95
2, 23040, Note_on_c, 0, 47, 95
2, 23040, Note_on_c, 0, 40, 95
2, 23520, Note_off_c, 0, 52, 80
2, 23520, Note_off_c, 0, 47, 80
2, 23520, Note_off_c, 0, 40, 80
2, 23520, Note_on_c, 0, 50, 95
2, 23520, Note_on_c, 0, 45, 95
2, 23520, Note_on_c, 0, 40, 95
2, 23540, Note_off_c, 0, 50, 80
2, 23540, Note_off_c, 0, 45, 80
2, 23540, Note_off_c, 0, 40, 80
2, 24000, Note_on_c, 0, 50, 95
2, 24000, Note_on_c, 0, 45, 95
2, 24000, Note_on_c, 0, 40, 95
2, 24020, Note_off_c, 0, 50, 80
2, 24020, Note_off_c, 0, 45, 80
2, 24020, Note_off_c, 0, 40, 80
2, 24480, Note_on_c, 0, 50, 95
2, 24480, Note_on_c, 0, 45, 95
2, 24480, Note_on_c, 0, 40, 95
2, 24500, Note_off_c, 0, 50, 80
2, 24500, Note_off_c, 0, 45, 80
2, 24500, Note_off_c, 0, 40, 80
2, 24960, Note_on_c, 0, 52, 95
2, 24960, Note_on_c, 0, 47, 95
2, 24960, Note_on_c, 0, 40, 95
2, 26880, Note_off_c, 0, 52, 80
2, 26880, Note_off_c, 0, 47, 80
2, 26880, Note_off_c, 0, 40, 80
2, 26880, Note_on_c, 0, 52, 95
2, 26880, Note_on_c, 0, 47, 95
2, 26880, Note_on_c, 0, 40, 95
2, 27360, Note_off_c, 0, 52, 80
2, 27360, Note_off_c, 0, 47, 80
2, 27360, Note_off_c, 0, 40, 80
2, 28800, Note_on_c, 0, 52, 95
2, 28800, Note_on_c, 0, 47, 95
2, 28800, Note_on_c, 0, 40, 95
2, 30720, Note_off_c, 0, 52, 80
2, 30720, Note_off_c, 0, 47, 80
2, 30720, Note_off_c, 0, 40, 80
2, 30720, Note_on_c, 0, 52, 95
2, 30720, Note_on_c, 0, 47, 95
2, 30720, Note_on_c, 0, 40, 95
2, 31200, Note_off_c, 0, 52, 80
2, 31200, Note_off_c, 0, 47, 80
2, 31200, Note_off_c, 0, 40, 80
2, 31200, Note_on_c, 1, 57, 95
2, 31200, Pitch_bend_c, 1, 8192
2, 31216, Pitch_bend_c, 1, 8320
2, 31248, Pitch_bend_c, 1, 8448
2, 31264, Pitch_bend_c, 1, 8576
2, 31280, Pitch_bend_c, 1, 8704
2, 31312, Pitch_bend_c, 1, 8832
2, 31328, Pitch_bend_c, 1, 8960
2, 31360, Pitch_bend_c, 1, 9088
2, 31376, Pitch_bend_c, 1, 9216
2, 31392, Pitch_bend_c, 1, 9344
2, 31424, Pitch_bend_c, 1, 9472
2, 31440, Pitch_bend_c, 1, 9600
2, 31696, Pitch_bend_c, 1, 9472
2, 31712, Pitch_bend_c, 1, 9344
2, 31744, Pitch_bend_c, 1, 9216
2, 31760, Pitch_bend_c, 1, 9088
2, 31776, Pitch_bend_c, 1, 8960
2, 31808, Pitch_bend_c, 1, 8832
2, 31824, Pitch_bend_c, 1, 8704
2, 31856, Pitch_bend_c, 1, 8576
2, 31872, Pitch_bend_c, 1, 8448
2, 31888, Pitch_bend_c, 1, 8320
2, 31920, Pitch_bend_c, 1, 8192
2, 32160, Note_off_c, 1, 57, 80
2, 32160, Pitch_bend_c, 1, 8192
2, 32160, Note_on_c, 0, 55, 95
2, 32640, Note_off_c, 0, 55, 80
2, 32640, Note_on_c, 0, 57, 95
2, 32640, Note_on_c, 0, 52, 95
2, 32640, Note_on_c, 0, 45, 95
2, 34560, Note_off_c, 0, 57, 80
2, 34560, Note_off_c, 0, 52, 80
2, 34560, Note_off_c, 0, 45, 80
2, 34560, Note_on_c, 0, 57, 95
2, 34560, Note_on_c, 0, 52, 95
2, 34560, Note_on_c, 0, 45, 95
2, 35040, Note_off_c, 0, 57, 80
2, 35040, Note_off_c, 0, 52, 80
2, 35040, Note_off_c, 0, 45, 80
2, 36480, Note_on_c, 0, 52, 95
2, 36480, Note_on_c, 0, 47, 95
2, 36480, Note_on_c, 0, 40, 95
2, 38400, Note_off_c, 0, 52, 80
2, 38400, Note_off_c, 0, 47, 80
2, 38400, Note_off_c, 0, 40, 80
2, 38400, Note_on_c, 0, 52, 95
2, 38400, Note_on_c, 0, 47, 95
2, 38400, Note_on_c, 0, 40, 95
2, 38880, Note_off_c, 0, 52, 80
2, 38880, Note_off_c, 0, 47, 80
2, 38880, Note_off_c, 0, 40, 80
2, 40320, Note_on_c, 0, 54, 86
2, 40320, Note_on_c, 0, 47, 86
2, 40440, Note_off_c, 0, 54, 80
2, 40440, Note_off_c, 0, 47, 80
2, 40560, Note_on_c, 0, 54, 86
2, 40560, Note_on_c, 0, 47, 86
2, 40680, Note_off_c, 0, 54, 80
2, 40680, Note_off_c, 0, 47, 80
2, 40800, Note_on_c, 0, 54, 86
2, 40800, Note_on_c, 0, 47, 86
2, 40920, Note_off_c, 0, 54, 80
2, 40920, Note_off_c, 0, 47, 80
2, 41040, Note_on_c, 0, 54, 86
2, 41040, Note_on_c, 0, 47, 86
2, 41160, Note_off_c, 0, 54, 80
2, 41160, Note_off_c, 0, 47, 80
2, 41280, Note_on_c, 0, 54, 86
2, 41280, Note_on_c, 0, 47, 86
2, 41400, Note_off_c, 0, 54, 80
2, 41400, Note_off_c, 0, 47, 80
2, 41520, Note_on_c, 0, 54, 86
2, 41520, Note_on_c, 0, 47, 86
2, 41640, Note_off_c, 0, 54, 80
2, 41640, Note_off_c, 0, 47, 80
2, 41760, Note_on_c, 0, 54, 86
2, 41760, Note_on_c, 0, 47, 86
2, 41880, Note_off_c, 0, 54, 80
2, 41880, Note_off_c, 0, 47, 80
2, 42000, Note_on_c, 0, 54, 86
2, 42000, Note_on_c, 0, 47, 86
2, 42120, Note_off_c, 0, 54, 80
2, 42120, Note_off_c, 0, 47, 80
2, 42240, Note_on_c, 0, 52, 86
2, 42240, Note_on_c, 0, 45, 86
2, 42360, Note_off_c, 0, 52, 80
2, 42360, Note_off_c, 0, 45, 80
2, 42480, Note_on_c, 0, 52, 86
2, 42480, Note_on_c, 0, 45, 86
2, 42600, Note_off_c, 0, 52, 80
2, 42600, Note_off_c, 0, 45, 80
2, 42720, Note_on_c, 0, 52, 86
2, 42720, Note_on_c, 0, 45, 86
2, 42840, Note_off_c, 0, 52, 80
2, 42840, Note_off_c, 0, 45, 80
2, 42960, Note_on_c, 0, 52, 86
2, 42960, Note_on_c, 0, 45, 86
2, 43080, Note_off_c, 0, 52, 80
2, 43080, Note_off_c, 0, 45, 80
2, 43200, Note_on_c, 0, 52, 86
2, 43200, Note_on_c, 0, 45, 86
2, 43320, Note_off_c, 0, 52, 80
2, 43320, Note_off_c, 0, 45, 80
2, 43440, Note_on_c, 0, 52, 86
2, 43440, Note_on_c, 0, 45, 86
2, 43560, Note_off_c, 0, 52, 80
2, 43560, Note_off_c, 0, 45, 80
2, 43680, Note_on_c, 0, 52, 86
2, 43680, Note_on_c, 0, 45, 86
2, 43800, Note_off_c, 0, 52, 80
2, 43800, Note_off_c, 0, 45, 80
2, 43920, Note_on_c, 0, 52, 86
2, 43920, Note_on_c, 0, 45, 86
2, 44040, Note_off_c, 0, 52, 80
2, 44040, Note_off_c, 0, 45, 80
2, 44160, Note_on_c, 0, 52, 95
2, 44160, Note_on_c, 0, 47, 95
2, 44160, Note_on_c, 0, 40, 95
2, 46080, Note_off_c, 0, 52, 80
2, 46080, Note_off_c, 0, 47, 80
2, 46080, Note_off_c, 0, 40, 80
2, 46080, Note_on_c, 0, 52, 95
2, 46080, Note_on_c, 0, 47, 95
2, 46080, Note_on_c, 0, 40, 95
2, 46560, Note_off_c, 0, 52, 80
2, 46560, Note_off_c, 0, 47, 80
2, 46560, Note_off_c, 0, 40, 80
2, 48000, Note_on_c, 0, 64, 95
2, 48240, Note_off_c, 0, 64, 80
2, 48240, Note_on_c, 0, 64, 95
2, 48360, Note_off_c, 0, 64, 80
2, 48360, Note_on_c, 0, 64, 95
2, 48480, Note_off_c, 0, 64, 80
2, 48480, Note_on_c, 0, 68, 95
2, 48720, Note_off_c, 0, 68, 80
2, 48720, Note_on_c, 0, 69, 95
2, 48960, Note_off_c, 0, 69, 80
2, 48960, Note_on_c, 0, 71, 95
2, 49200, Note_off_c, 0, 71, 80
2, 49200, Note_on_c, 0, 69, 95
2, 49440, Note_off_c, 0, 69, 80
2, 49440, Note_on_c, 0, 68, 95
2, 49680, Note_off_c, 0, 68, 80
2, 49680, Note_on_c, 0, 64, 95
2, 49920, Note_off_c, 0, 64, 80
2, 49920, Note_on_c, 0, 62, 95
2, 50160, Note_off_c, 0, 62, 80
2, 50160, Note_on_c, 0, 62, 95
2, 50280, Note_off_c, 0, 62, 80
2, 50280, Note_on_c, 0, 62, 95
2, 50400, Note_off_c, 0, 62, 80
2, 50400, Note_on_c, 0, 62, 95
2, 50640, Note_off_c, 0, 62, 80
2, 50640, Note_on_c, 0, 64, 95
2, 50880, Note_off_c, 0, 64, 80
2, 50880, Note_on_c, 0, 66, 95
2, 51120, Note_off_c, 0, 66, 80
2, 51120, Note_on_c, 1, 64, 95
2, 51120, Pitch_bend_c, 1, 8192
2, 51152, Pitch_bend_c, 1, 8320
2, 51200, Pitch_bend_c, 1, 8448
2, 51248, Pitch_bend_c, 1, 8576
2, 51280, Pitch_bend_c, 1, 8704
2, 51328, Pitch_bend_c, 1, 8832
2, 51600, Note_off_c, 1, 64, 80
2, 51600, Pitch_bend_c, 1, 8192
2, 51600, Note_on_c, 0, 62, 95
2, 51840, Note_off_c, 0, 62, 80
2, 51840, Note_on_c, 0, 64, 95
2, 52080, Note_off_c, 0, 64, 80
2, 52080, Note_on_c, 0, 64, 95
2, 52200, Note_off_c, 0, 64, 80
2, 52200, Note_on_c, 0, 64, 95
2, 52320, Note_off_c, 0, 64, 80
2, 52320, Note_on_c, 0, 68, 95
2, 52560, Note_off_c, 0, 68, 80
2, 52560, Note_on_c, 0, 69, 95
2, 52800, Note_off_c, 0, 69, 80
2, 52800, Note_on_c, 0, 71, 95
2, 53040, Note_off_c, 0, 71, 80
2, 53040, Note_on_c, 0, 69, 95
2, 53280, Note_off_c, 0, 69, 80
2, 53280, Note_on_c, 0, 68, 95
2, 53520, Note_off_c, 0, 68, 80
2, 53520, Note_on_c, 0, 64, 95
2, 53760, Note_off_c, 0, 64, 80
2, 53760, Note_on_c, 0, 62, 95
2, 54000, Note_off_c, 0, 62, 80
2, 54000, Note_on_c, 0, 62, 95
2, 54120, Note_off_c, 0, 62, 80
2, 54120, Note_on_c, 0, 62, 95
2, 54240, Note_off_c, 0, 62, 80
2, 54240, Note_on_c, 0, 62, 95
2, 54480, Note_off_c, 0, 62, 80
2, 54480, Note_on_c, 0, 64, 95
2, 54720, Note_off_c, 0, 64, 80
2, 54720, Note_on_c, 0, 66, 95
2, 54960, Note_off_c, 0, 66, 80
2, 54960, Note_on_c, 1, 64, 95
2, 54960, Pitch_bend_c, 1, 8192
2, 54992, Pitch_bend_c, 1, 8320
2, 55040, Pitch_bend_c, 1, 8448
2, 55088, Pitch_bend_c, 1, 8576
2, 55120, Pitch_bend_c, 1, 8704
2, 55168, Pitch_bend_c, 1, 8832
2, 55440, Note_off_c, 1, 64, 80
2, 55440, Pitch_bend_c, 1, 8192
2, 55440, Note_on_c, 0, 62, 95
2, 55680, Note_off_c, 0, 62, 80
2, 55680, Note_on_c, 0, 64, 95
2, 55920, Note_off_c, 0, 64, 80
2, 55920, Note_on_c, 0, 64, 95
2, 56040, Note_off_c, 0, 64, 80
2, 56040, Note_on_c, 0, 64, 95
2, 56160, Note_off_c, 0, 64, 80
2, 56160, Note_on_c, 0, 68, 95
2, 56400, Note_off_c, 0, 68, 80
2, 56400, Note_on_c, 0, 69, 95
2, 56640, Note_off_c, 0, 69, 80
2, 56640, Note_on_c, 0, 71, 95
2, 56880, Note_off_c, 0, 71, 80
2, 56880, Note_on_c, 0, 69, 95
2, 57120, Note_off_c, 0, 69, 80
2, 57120, Note_on_c, 0, 68, 95
2, 57360, Note_off_c, 0, 68, 80
2, 57360, Note_on_c, 0, 64, 95
2, 57600, Note_off_c, 0, 64, 80
2, 57600, Note_on_c, 0, 62, 95
2, 57840, Note_off_c, 0, 62, 80
2, 57840, Note_on_c, 0, 62, 95
2, 57960, Note_off_c, 0, 62, 80
2, 57960, Note_on_c, 0, 62, 95
2, 58080, Note_off_c, 0, 62, 80
2, 58080, Note_on_c, 0, 62, 95
2, 58320, Note_off_c, 0, 62, 80
2, 58320, Note_on_c, 0, 64, 95
2, 58560, Note_off_c, 0, 64, 80
2, 58560, Note_on_c, 0, 66, 95
2, 58800, Note_off_c, 0, 66, 80
2, 58800, Note_on_c, 1, 64, 95
2, 58800, Pitch_bend_c, 1, 8192
2, 58832, Pitch_bend_c, 1, 8320
2, 58880, Pitch_bend_c, 1, 8448
2, 58928, Pitch_bend_c, 1, 8576
2, 58960, Pitch_bend_c, 1, 8704
2, 59008, Pitch_bend_c, 1, 8832
2, 59280, Note_off_c, 1, 64, 80
2, 59280, Pitch_bend_c, 1, 8192
2, 59280, Note_on_c, 0, 62, 95
2, 59520, Note_off_c, 0, 62, 80
2, 59520, Note_on_c, 0, 64, 95
2, 59760, Note_off_c, 0, 64, 80
2, 59760, Note_on_c, 0, 64, 95
2, 59880, Note_off_c, 0, 64, 80
2, 59880, Note_on_c, 0, 64, 95
2, 60000, Note_off_c, 0, 64, 80
2, 60000, Note_on_c, 0, 68, 95
2, 60240, Note_off_c, 0, 68, 80
2, 60240, Note_on_c, 0, 69, 95
2, 60480, Note_off_c, 0, 69, 80
2, 60480, Note_on_c, 0, 71, 95
2, 60720, Note_off_c, 0, 71, 80
2, 60720, Note_on_c, 0, 69, 95
2, 60960, Note_off_c, 0, 69, 80
2, 60960, Note_on_c, 0, 68, 95
2, 61200, Note_off_c, 0, 68, 80
2, 61200, Note_on_c, 0, 64, 95
2, 61440, Note_off_c, 0, 64, 80
2, 61440, Note_on_c, 0, 62, 95
2, 61680, Note_off_c, 0, 62, 80
2, 61680, Note_on_c, 0, 62, 95
2, 61800, Note_off_c, 0, 62, 80
2, 61800, Note_on_c, 0, 62, 95
2, 61920, Note_off_c, 0, 62, 80
2, 61920, Note_on_c, 0, 62, 95
2, 62160, Note_off_c, 0, 62, 80
2, 62160, Note_on_c, 0, 64, 95
2, 62400, Note_off_c, 0, 64, 80
2, 62400, Note_on_c, 0, 66, 95
2, 62640, Note_off_c, 0, 66, 80
2, 62640, Note_on_c, 1, 64, 95
2, 62640, Pitch_bend_c, 1, 8192
2, 62672, Pitch_bend_c, 1, 8320
2, 62720, Pitch_bend_c, 1, 8448
2, 62768, Pitch_bend_c, 1, 8576
2, 62800, Pitch_bend_c, 1, 8704
2, 62848, Pitch_bend_c, 1, 8832
2, 63120, Note_off_c, 1, 64, 80
2, 63120, Pitch_bend_c, 1, 8192
2, 63120, Note_on_c, 0, 62, 95
2, 63360, Note_off_c, 0, 62, 80
2, 63360, Note_on_c, 0, 52, 95
2, 63360, Note_on_c, 0, 47, 95
2, 63360, Note_on_c, 0, 40, 95
2, 65280, Note_off_c, 0, 52, 80
2, 65280, Note_off_c, 0, 47, 80
2, 65280, Note_off_c, 0, 40, 80
2, 65280, Note_on_c, 0, 52, 95
2, 65280, Note_on_c, 0, 47, 95
2, 65280, Note_on_c, 0, 40, 95
2, 65760, Note_off_c, 0, 52, 80
2, 65760, Note_off_c, 0, 47, 80
2, 65760, Note_off_c, 0, 40, 80
2, 67200, Note_on_c, 0, 52, 95
2, 67200, Note_on_c, 0, 47, 95
2, 67200, Note_on_c, 0, 40, 95
2, 69120, Note_off_c, 0, 52, 80
2, 69120, Note_off_c, 0, 47, 80
2, 69120, Note_off_c, 0, 40, 80
2, 69120, Note_on_c, 0, 52, 95
2, 69120, Note_on_c, 0, 47, 95
2, 69120, Note_on_c, 0, 40, 95
2, 69600, Note_off_c, 0, 52, 80
2, 69600, Note_off_c, 0, 47, 80
2, 69600, Note_off_c, 0, 40, 80
2, 69600, Note_on_c, 1, 55, 95
2, 69840, Pitch_bend_c, 1, 8832
2, 69880, Pitch_bend_c, 1, 9600
2, 69920, Pitch_bend_c, 1, 10240
2, 69960, Pitch_bend_c, 1, 10880
2, 70000, Pitch_bend_c, 1, 11648
2, 70040, Pitch_bend_c, 1, 12288
2, 70080, Note_off_c, 1, 55, 80
2, 70080, Pitch_bend_c, 1, 8192
2, 70080, Note_on_c, 1, 62, 86
2, 70320, Pitch_bend_c, 1, 7552
2, 70360, Pitch_bend_c, 1, 6784
2, 70400, Pitch_bend_c, 1, 6144
2, 70440, Pitch_bend_c, 1, 5504
2, 70480, Pitch_bend_c, 1, 4736
2, 70520, Pitch_bend_c, 1, 4096
2, 70560, Note_off_c, 1, 62, 80
2, 70560, Pitch_bend_c, 1, 8192
2, 70560, Note_on_c, 0, 55, 86
2, 71040, Note_off_c, 0, 55, 80
2, 71040, Note_on_c, 0, 52, 95
2, 71040, Note_on_c, 0, 47, 95
2, 71040, Note_on_c, 0, 40, 95
2, 72960, Note_off_c, 0, 52, 80
2, 72960, Note_off_c, 0, 47, 80
2, 72960, Note_off_c, 0, 40, 80
2, 72960, Note_on_c, 0, 52, 95
2, 72960, Note_on_c, 0, 47, 95
2, 72960, Note_on_c, 0, 40, 95
2, 73440, Note_off_c, 0, 52, 80
2, 73440, Note_off_c, 0, 47, 80
2, 73440, Note_off_c, 0, 40, 80
2, 74880, Note_on_c, 0, 52, 95
2, 74880, Note_on_c, 0, 47, 95
2, 74880, Note_on_c, 0, 40, 95
2, 76800, Note_off_c, 0, 52, 80
2, 76800, Note_off_c, 0, 47, 80
2, 76800, Note_off_c, 0, 40, 80
2, 76800, Note_on_c, 0, 52, 95
2, 76800, Note_on_c, 0, 47, 95
2, 76800, Note_on_c, 0, 40, 95
2, 77280, Note_off_c, 0, 52, 80
2, 77280, Note_off_c, 0, 47, 80
2, 77280, Note_off_c, 0, 40, 80
2, 78720, Note_on_c, 0, 57, 95
2, 78720, Note_on_c, 0, 52, 95
2, 78720, Note_on_c, 0, 45, 95
2, 80640, Note_off_c, 0, 57, 80
2, 80640, Note_off_c, 0, 52, 80
2, 80640, Note_off_c, 0, 45, 80
2, 80640, Note_on_c, 0, 57, 95
2, 80640, Note_on_c, 0, 52, 95
2, 80640, Note_on_c, 0, 45, 95
2, 81120, Note_off_c, 0, 57, 80
2, 81120, Note_off_c, 0, 52, 80
2, 81120, Note_off_c, 0, 45, 80
2, 82560, Note_on_c, 0, 52, 95
2, 82560, Note_on_c, 0, 47, 95
2, 82560, Note_on_c, 0, 40, 95
2, 84480, Note_off_c, 0, 52, 80
2, 84480, Note_off_c, 0, 47, 80
2, 84480, Note_off_c, 0, 40, 80
2, 84480, Note_on_c, 0, 52, 95
2, 84480, Note_on_c, 0, 47, 95
2, 84480, Note_on_c, 0, 40, 95
2, 84960, Note_off_c, 0, 52, 80
2, 84960, Note_off_c, 0, 47, 80
2, 84960, Note_off_c, 0, 40, 80
2, 86400, Note_on_c, 0, 54, 86
2, 86400, Note_on_c, 0, 47, 86
2, 86520, Note_off_c, 0, 54, 80
2, 86520, Note_off_c, 0, 47, 80
2, 86640, Note_on_c, 0, 54, 86
2, 86640, Note_on_c, 0, 47, 86
2, 86760, Note_off_c, 0, 54, 80
2, 86760, Note_off_c, 0, 47, 80
2, 86880, Note_on_c, 0, 54, 86
2, 86880, Note_on_c, 0, 47, 86
2, 87000, Note_off_c, 0, 54, 80
2, 87000, Note_off_c, 0, 47, 80
2, 87120, Note_on_c, 0, 54, 86
2, 87120, Note_on_c, 0, 47, 86
2, 87240, Note_off_c, 0, 54, 80
2, 87240, Note_off_c, 0, 47, 80
2, 87360, Note_on_c, 0, 54, 86
2, 87360, Note_on_c, 0, 47, 86
2, 87480, Note_off_c, 0, 54, 80
2, 87480, Note_off_c, 0, 47, 80
2, 87600, Note_on_c, 0, 54, 86
2, 87600, Note_on_c, 0, 47, 86
2, 87720, Note_off_c, 0, 54, 80
2, 87720, Note_off_c, 0, 47, 80
2, 87840, Note_on_c, 0, 54, 86
2, 87840, Note_on_c, 0, 47, 86
2, 87960, Note_off_c, 0, 54, 80
2, 87960, Note_off_c, 0, 47, 80
2, 88080, Note_on_c, 0, 54, 86
2, 88080, Note_on_c, 0, 47, 86
2, 88200, Note_off_c, 0, 54, 80
2, 88200, Note_off_c, 0, 47, 80
2, 88320, Note_on_c, 0, 57, 86
2, 88320, Note_on_c, 0, 52, 86
2, 88320, Note_on_c, 0, 45, 86
2, 88440, Note_off_c, 0, 57, 80
2, 88440, Note_off_c, 0, 52, 80
2, 88440, Note_off_c, 0, 45, 80
2, 88560, Note_on_c, 0, 57, 86
2, 88560, Note_on_c, 0, 52, 86
2, 88560, Note_on_c, 0, 45, 86
2, 88680, Note_off_c, 0, 57, 80
2, 88680, Note_off_c, 0, 52, 80
2, 88680, Note_off_c, 0, 45, 80
2, 88800, Note_on_c, 0, 57, 86
2, 88800, Note_on_c, 0, 52, 86
2, 88800, Note_on_c, 0, 45, 86
2, 88920, Note_off_c, 0, 57, 80
2, 88920, Note_off_c, 0, 52, 80
2, 88920, Note_off_c, 0, 45, 80
2, 89040, Note_on_c, 0, 57, 86
2, 89040, Note_on_c, 0, 52, 86
2, 89040, Note_on_c, 0, 45, 86
2, 89160, Note_off_c, 0, 57, 80
2, 89160, Note_off_c, 0, 52, 80
2, 89160, Note_off_c, 0, 45, 80
2, 89280, Note_on_c, 0, 57, 86
2, 89280, Note_on_c, 0, 52, 86
2, 89280, Note_on_c, 0, 45, 86
2, 89400, Note_off_c, 0, 57, 80
2, 89400, Note_off_c, 0, 52, 80
2, 89400, Note_off_c, 0, 45, 80
2, 89520, Note_on_c, 0, 57, 86
2, 89520, Note_on_c, 0, 52, 86
2, 89520, Note_on_c, 0, 45, 86
2, 89640, Note_off_c, 0, 57, 80
2, 89640, Note_off_c, 0, 52, 80
2, 89640, Note_off_c, 0, 45, 80
2, 89760, Note_on_c, 0, 57, 86
2, 89760, Note_on_c, 0, 52, 86
2, 89760, Note_on_c, 0, 45, 86
2, 89880, Note_off_c, 0, 57, 80
2, 89880, Note_off_c, 0, 52, 80
2, 89880, Note_off_c, 0, 45, 80
2, 90000, Note_on_c, 0, 57, 86
2, 90000, Note_on_c, 0, 52, 86
2, 90000, Note_on_c, 0, 45, 86
2, 90120, Note_off_c, 0, 57, 80
2, 90120, Note_off_c, 0, 52, 80
2, 90120, Note_off_c, 0, 45, 80
2, 90240, Note_on_c, 0, 52, 86
2, 90240, Note_on_c, 0, 47, 86
2, 90240, Note_on_c, 0, 40, 86
2, 90360, Note_off_c, 0, 52, 80
2, 90360, Note_off_c, 0, 47, 80
2, 90360, Note_off_c, 0, 40, 80
2, 94080, Note_on_c, 0, 64, 95
2, 94080, Note_on_c, 0, 59, 95
2, 94080, Note_on_c, 0, 52, 95
2, 94320, Note_off_c, 0, 64, 80
2, 94320, Note_off_c, 0, 59, 80
2, 94320, Note_off_c, 0, 52, 80
2, 94320, Note_on_c, 0, 64, 95
2, 94320, Note_on_c, 0, 59, 95
2, 94320, Note_on_c, 0, 52, 95
2, 94560, Note_off_c, 0, 64, 80
2, 94560, Note_off_c, 0, 59, 80
2, 94560, Note_off_c, 0, 52, 80
2, 94560, Note_on_c, 0, 64, 95
2, 94560, Note_on_c, 0, 59, 95
2, 94560, Note_on_c, 0, 52, 95
2, 94800, Note_off_c, 0, 64, 80
2, 94800, Note_off_c, 0, 59, 80
2, 94800, Note_off_c, 0, 52, 80
2, 94800, Note_on_c, 0, 64, 95
2, 94800, Note_on_c, 0, 59, 95
2, 94800, Note_on_c, 0, 52, 95
2, 95040, Note_off_c, 0, 64, 80
2, 95040, Note_off_c, 0, 59, 80
2, 95040, Note_off_c, 0, 52, 80
2, 95040, Note_on_c, 0, 64, 95
2, 95040, Note_on_c, 0, 59, 95
2, 95040, Note_on_c, 0, 52, 95
2, 95280, Note_off_c, 0, 64, 80
2, 95280, Note_off_c, 0, 59, 80
2, 95280, Note_off_c, 0, 52, 80
2, 95280, Note_on_c, 0, 64, 95
2, 95280, Note_on_c, 0, 59, 95
2, 95280, Note_on_c, 0, 52, 95
2, 95520, Note_off_c, 0, 64, 80
2, 95520, Note_off_c, 0, 59, 80
2, 95520, Note_off_c, 0, 52, 80
2, 95520, Note_on_c, 0, 62, 95
2, 95520, Note_on_c, 0, 57, 95
2, 95520, Note_on_c, 0, 50, 95
2, 95760, Note_off_c, 0, 62, 80
2, 95760, Note_off_c, 0, 57, 80
2, 95760, Note_off_c, 0, 50, 80
2, 95760, Note_on_c, 0, 62, 95
2, 95760, Note_on_c, 0, 57, 95
2, 95760, Note_on_c, 0, 50, 95
2, 96000, Note_off_c, 0, 62, 80
2, 96000, Note_off_c, 0, 57, 80
2, 96000, Note_off_c, 0, 50, 80
2, 96000, Note_on_c, 0, 64, 95
2, 96000, Note_on_c, 0, 59, 95
2, 96000, Note_on_c, 0, 52, 95
2, 96240, Note_off_c, 0, 64, 80
2, 96240, Note_off_c, 0, 59, 80
2, 96240, Note_off_c, 0, 52, 80
2, 96240, Note_on_c, 0, 64, 95
2, 96240, Note_on_c, 0, 59, 95
2, 96240, Note_on_c, 0, 52, 95
2, 96480, Note_off_c, 0, 64, 80
2, 96480, Note_off_c, 0, 59, 80
2, 96480, Note_off_c, 0, 52, 80
2, 96480, Note_on_c, 0, 64, 95
2, 96480, Note_on_c, 0, 59, 95
2, 96480, Note_on_c, 0, 52, 95
2, 96720, Note_off_c, 0, 64, 80
2, 96720, Note_off_c, 0, 59, 80
2, 96720, Note_off_c, 0, 52, 80
2, 96720, Note_on_c, 0, 64, 95
2, 96720, Note_on_c, 0, 59, 95
2, 96720, Note_on_c, 0, 52, 95
2, 96960, Note_off_c, 0, 64, 80
2, 96960, Note_off_c, 0, 59, 80
2, 96960, Note_off_c, 0, 52, 80
2, 96960, Note_on_c, 0, 64, 95
2, 96960, Note_on_c, 0, 59, 95
2, 96960, Note_on_c, 0, 52, 95
2, 97200, Note_off_c, 0, 64, 80
2, 97200, Note_off_c, 0, 59, 80
2, 97200, Note_off_c, 0, 52, 80
2, 97200, Note_on_c, 0, 64, 95
2, 97200, Note_on_c, 0, 59, 95
2, 97200, Note_on_c, 0, 52, 95
2, 97440, Note_off_c, 0, 64, 80
2, 97440, Note_off_c, 0, 59, 80
2, 97440, Note_off_c, 0, 52, 80
2, 97440, Note_on_c, 0, 62, 95
2, 97440, Note_on_c, 0, 57, 95
2, 97440, Note_on_c, 0, 50, 95
2, 97680, Note_off_c, 0, 62, 80
2, 97680, Note_off_c, 0, 57, 80
2, 97680, Note_off_c, 0, 50, 80
2, 97680, Note_on_c, 0, 62, 95
2, 97680, Note_on_c, 0, 57, 95
2, 97680, Note_on_c, 0, 50, 95
2, 97920, Note_off_c, 0, 62, 80
2, 97920, Note_off_c, 0, 57, 80
2, 97920, Note_off_c, 0, 50, 80
2, 97920, Note_on_c, 0, 64, 95
2, 97920, Note_on_c, 0, 59, 95
2, 97920, Note_on_c, 0, 52, 95
2, 98160, Note_off_c, 0, 64, 80
2, 98160, Note_off_c, 0, 59, 80
2, 98160, Note_off_c, 0, 52, 80
2, 98160, Note_on_c, 0, 64, 95
2, 98160, Note_on_c, 0, 59, 95
2, 98160, Note_on_c, 0, 52, 95
2, 98400, Note_off_c, 0, 64, 80
2, 98400, Note_off_c, 0, 59, 80
2, 98400, Note_off_c, 0, 52, 80
2, 98400, Note_on_c, 0, 64, 95
2, 98400, Note_on_c, 0, 59, 95
2, 98400, Note_on_c, 0, 52, 95
2, 98640, Note_off_c, 0, 64, 80
2, 98640, Note_off_c, 0, 59, 80
2, 98640, Note_off_c, 0, 52, 80
2, 98640, Note_on_c, 0, 64, 95
2, 98640, Note_on_c, 0, 59, 95
2, 98640, Note_on_c, 0, 52, 95
2, 98880, Note_off_c, 0, 64, 80
2, 98880, Note_off_c, 0, 59, 80
2, 98880, Note_off_c, 0, 52, 80
2, 98880, Note_on_c, 0, 64, 95
2, 98880, Note_on_c, 0, 59, 95
2, 98880, Note_on_c, 0, 52, 95
2, 99120, Note_off_c, 0, 64, 80
2, 99120, Note_off_c, 0, 59, 80
2, 99120, Note_off_c, 0, 52, 80
2, 99120, Note_on_c, 0, 64, 95
2, 99120, Note_on_c, 0, 59, 95
2, 99120, Note_on_c, 0, 52, 95
2, 99360, Note_off_c, 0, 64, 80
2, 99360, Note_off_c, 0, 59, 80
2, 99360, Note_off_c, 0, 52, 80
2, 99360, Note_on_c, 0, 62, 95
2, 99360, Note_on_c, 0, 57, 95
2, 99360, Note_on_c, 0, 50, 95
2, 99600, Note_off_c, 0, 62, 80
2, 99600, Note_off_c, 0, 57, 80
2, 99600, Note_off_c, 0, 50, 80
2, 99600, Note_on_c, 0, 62, 95
2, 99600, Note_on_c, 0, 57, 95
2, 99600, Note_on_c, 0, 50, 95
2, 99840, Note_off_c, 0, 62, 80
2, 99840, Note_off_c, 0, 57, 80
2, 99840, Note_off_c, 0, 50, 80
2, 99840, Note_on_c, 0, 64, 95
2, 99840, Note_on_c, 0, 59, 95
2, 99840, Note_on_c, 0, 52, 95
2, 100080, Note_off_c, 0, 64, 80
2, 100080, Note_off_c, 0, 59, 80
2, 100080, Note_off_c, 0, 52, 80
2, 100080, Note_on_c, 0, 64, 95
2, 100080, Note_on_c, 0, 59, 95
2, 100080, Note_on_c, 0, 52, 95
2, 100320, Note_off_c, 0, 64, 80
2, 100320, Note_off_c, 0, 59, 80
2, 100320, Note_off_c, 0, 52, 80
2, 100320, Note_on_c, 0, 64, 95
2, 100320, Note_on_c, 0, 59, 95
2, 100320, Note_on_c, 0, 52, 95
2, 100560, Note_off_c, 0, 64, 80
2, 100560, Note_off_c, 0, 59, 80
2, 100560, Note_off_c, 0, 52, 80
2, 100560, Note_on_c, 0, 64, 95
2, 100560, Note_on_c, 0, 59, 95
2, 100560, Note_on_c, 0, 52, 95
2, 100800, Note_off_c, 0, 64, 80
2, 100800, Note_off_c, 0, 59, 80
2, 100800, Note_off_c, 0, 52, 80
2, 100800, Note_on_c, 0, 64, 95
2, 100800, Note_on_c, 0, 59, 95
2, 100800, Note_on_c, 0, 52, 95
2, 101040, Note_off_c, 0, 64, 80
2, 101040, Note_off_c, 0, 59, 80
2, 101040, Note_off_c, 0, 52, 80
2, 101040, Note_on_c, 0, 40, 95
2, 101280, Note_off_c, 0, 40, 80
2, 101280, Note_on_c, 0, 43, 95
2, 101520, Note_off_c, 0, 43, 80
2, 101520, Note_on_c, 0, 44, 95
2, 101760, Note_off_c, 0, 44, 80
2, 101760, Note_on_c, 0, 57, 95
2, 101760, Note_on_c, 0, 52, 95
2, 101760, Note_on_c, 0, 45, 95
2, 102000, Note_off_c, 0, 57, 80
2, 102000, Note_off_c, 0, 52, 80
2, 102000, Note_off_c, 0, 45, 80
2, 102000, Note_on_c, 0, 57, 95
2, 102000, Note_on_c, 0, 52, 95
2, 102000, Note_on_c, 0, 45, 95
2, 102240, Note_off_c, 0, 57, 80
2, 102240, Note_off_c, 0, 52, 80
2, 102240, Note_off_c, 0, 45, 80
2, 102240, Note_on_c, 0, 57, 95
2, 102240, Note_on_c, 0, 52, 95
2, 102240, Note_on_c, 0, 45, 95
2, 102480, Note_off_c, 0, 57, 80
2, 102480, Note_off_c, 0, 52, 80
2, 102480, Note_off_c, 0, 45, 80
2, 102480, Note_on_c, 0, 57, 95
2, 102480, Note_on_c, 0, 52, 95
2, 102480, Note_on_c, 0, 45, 95
2, 102720, Note_off_c, 0, 57, 80
2, 102720, Note_off_c, 0, 52, 80
2, 102720, Note_off_c, 0, 45, 80
2, 102720, Note_on_c, 0, 57, 95
2, 102720, Note_on_c, 0, 52, 95
2, 102720, Note_on_c, 0, 45, 95
2, 102960, Note_off_c, 0, 57, 80
2, 102960, Note_off_c, 0, 52, 80
2, 102960, Note_off_c, 0, 45, 80
2, 102960, Note_on_c, 0, 57, 95
2, 102960, Note_on_c, 0, 52, 95
2, 102960, Note_on_c, 0, 45, 95
2, 103200, Note_off_c, 0, 57, 80
2, 103200, Note_off_c, 0, 52, 80
2, 103200, Note_off_c, 0, 45, 80
2, 103200, Note_on_c, 0, 55, 95
2, 103200, Note_on_c, 0, 50, 95
2, 103200, Note_on_c, 0, 43, 95
2, 103440, Note_off_c, 0, 55, 80
2, 103440, Note_off_c, 0, 50, 80
2, 103440, Note_off_c, 0, 43, 80
2, 103440, Note_on_c, 0, 55, 95
2, 103440, Note_on_c, 0, 50, 95
2, 103440, Note_on_c, 0, 43, 95
2, 103680, Note_off_c, 0, 55, 80
2, 103680, Note_off_c, 0, 50, 80
2, 103680, Note_off_c, 0, 43, 80
2, 103680, Note_on_c, 0, 57, 95
2, 103680, Note_on_c, 0, 52, 95
2, 103680, Note_on_c, 0, 45, 95
2, 103920, Note_off_c, 0, 57, 80
2, 103920, Note_off_c, 0, 52, 80
2, 103920, Note_off_c, 0, 45, 80
2, 103920, Note_on_c, 0, 57, 95
2, 103920, Note_on_c, 0, 52, 95
2, 103920, Note_on_c, 0, 45, 95
2, 104160, Note_off_c, 0, 57, 80
2, 104160, Note_off_c, 0, 52, 80
2, 104160, Note_off_c, 0, 45, 80
2, 104160, Note_on_c, 0, 57, 95
2, 104160, Note_on_c, 0, 52, 95
2, 104160, Note_on_c, 0, 45, 95
2, 104400, Note_off_c, 0, 57, 80
2, 104400, Note_off_c, 0, 52, 80
2, 104400, Note_off_c, 0, 45, 80
2, 104400, Note_on_c, 0, 57, 95
2, 104400, Note_on_c, 0, 52, 95
2, 104400, Note_on_c, 0, 45, 95
2, 104640, Note_off_c, 0, 57, 80
2, 104640, Note_off_c, 0, 52, 80
2, 104640, Note_off_c, 0, 45, 80
2, 104640, Note_on_c, 0, 57, 95
2, 104640, Note_on_c, 0, 52, 95
2, 104640, Note_on_c, 0, 45, 95
2, 104880, Note_off_c, 0, 57, 80
2, 104880, Note_off_c, 0, 52, 80
2, 104880, Note_off_c, 0, 45, 80
2, 104880, Note_on_c, 0, 57, 95
2, 104880, Note_on_c, 0, 52, 95
2, 104880, Note_on_c, 0, 45, 95
2, 105120, Note_off_c, 0, 57, 80
2, 105120, Note_off_c, 0, 52, 80
2, 105120, Note_off_c, 0, 45, 80
2, 105120, Note_on_c, 0, 55, 95
2, 105120, Note_on_c, 0, 50, 95
2, 105120, Note_on_c, 0, 43, 95
2, 105360, Note_off_c, 0, 55, 80
2, 105360, Note_off_c, 0, 50, 80
2, 105360, Note_off_c, 0, 43, 80
2, 105360, Note_on_c, 0, 57, 95
2, 105360, Note_on_c, 0, 52, 95
2, 105360, Note_on_c, 0, 45, 95
2, 105600, Note_off_c, 0, 57, 80
2, 105600, Note_off_c, 0, 52, 80
2, 105600, Note_off_c, 0, 45, 80
2, 105600, Note_on_c, 0, 64, 95
2, 105600, Note_on_c, 0, 59, 95
2, 105600, Note_on_c, 0, 52, 95
2, 105840, Note_off_c, 0, 64, 80
2, 105840, Note_off_c, 0, 59, 80
2, 105840, Note_off_c, 0, 52, 80
2, 105840, Note_on_c, 0, 64, 95
2, 105840, Note_on_c, 0, 59, 95
2, 105840, Note_on_c, 0, 52, 95
2, 106080, Note_off_c, 0, 64, 80
2, 106080, Note_off_c, 0, 59, 80
2, 106080, Note_off_c, 0, 52, 80
2, 106080, Note_on_c, 0, 64, 95
2, 106080, Note_on_c, 0, 59, 95
2, 106080, Note_on_c, 0, 52, 95
2, 106320, Note_off_c, 0, 64, 80
2, 106320, Note_off_c, 0, 59, 80
2, 106320, Note_off_c, 0, 52, 80
2, 106320, Note_on_c, 0, 64, 95
2, 106320, Note_on_c, 0, 59, 95
2, 106320, Note_on_c, 0, 52, 95
2, 106560, Note_off_c, 0, 64, 80
2, 106560, Note_off_c, 0, 59, 80
2, 106560, Note_off_c, 0, 52, 80
2, 106560, Note_on_c, 0, 65, 95
2, 106560, Note_on_c, 0, 60, 95
2, 106560, Note_on_c, 0, 53, 95
2, 106800, Note_off_c, 0, 65, 80
2, 106800, Note_off_c, 0, 60, 80
2, 106800, Note_off_c, 0, 53, 80
2, 106800, Note_on_c, 0, 64, 95
2, 106800, Note_on_c, 0, 59, 95
2, 106800, Note_on_c, 0, 52, 95
2, 107040, Note_off_c, 0, 64, 80
2, 107040, Note_off_c, 0, 59, 80
2, 107040, Note_off_c, 0, 52, 80
2, 107040, Note_on_c, 0, 60, 95
2, 107040, Note_on_c, 0, 55, 95
2, 107040, Note_on_c, 0, 52, 95
2, 107280, Note_off_c, 0, 60, 80
2, 107280, Note_off_c, 0, 55, 80
2, 107280, Note_off_c, 0, 52, 80
2, 107280, Note_on_c, 0, 64, 95
2, 107280, Note_on_c, 0, 59, 95
2, 107280, Note_on_c, 0, 52, 95
2, 107520, Note_off_c, 0, 64, 80
2, 107520, Note_off_c, 0, 59, 80
2, 107520, Note_off_c, 0, 52, 80
2, 107520, Note_on_c, 0, 64, 95
2, 107520, Note_on_c, 0, 59, 95
2, 107520, Note_on_c, 0, 52, 95
2, 107760, Note_off_c, 0, 64, 80
2, 107760, Note_off_c, 0, 59, 80
2, 107760, Note_off_c, 0, 52, 80
2, 107760, Note_on_c, 0, 64, 95
2, 107760, Note_on_c, 0, 59, 95
2, 107760, Note_on_c, 0, 52, 95
2, 108000, Note_off_c, 0, 64, 80
2, 108000, Note_off_c, 0, 59, 80
2, 108000, Note_off_c, 0, 52, 80
2, 108000, Note_on_c, 0, 64, 95
2, 108000, Note_on_c, 0, 59, 95
2, 108000, Note_on_c, 0, 52, 95
2, 108240, Note_off_c, 0, 64, 80
2, 108240, Note_off_c, 0, 59, 80
2, 108240, Note_off_c, 0, 52, 80
2, 108240, Note_on_c, 0, 64, 95
2, 108240, Note_on_c, 0, 59, 95
2, 108240, Note_on_c, 0, 52, 95
2, 108480, Note_off_c, 0, 64, 80
2, 108480, Note_off_c, 0, 59, 80
2, 108480, Note_off_c, 0, 52, 80
2, 108480, Note_on_c, 0, 64, 95
2, 108480, Note_on_c, 0, 59, 95
2, 108480, Note_on_c, 0, 52, 95
2, 108720, Note_off_c, 0, 64, 80
2, 108720, Note_off_c, 0, 59, 80
2, 108720, Note_off_c, 0, 52, 80
2, 108720, Note_on_c, 0, 64, 95
2, 108720, Note_on_c, 0, 59, 95
2, 108720, Note_on_c, 0, 52, 95
2, 108960, Note_off_c, 0, 64, 80
2, 108960, Note_off_c, 0, 59, 80
2, 108960, Note_off_c, 0, 52, 80
2, 108960, Note_on_c, 0, 64, 95
2, 108960, Note_on_c, 0, 59, 95
2, 108960, Note_on_c, 0, 52, 95
2, 109200, Note_off_c, 0, 64, 80
2, 109200, Note_off_c, 0, 59, 80
2, 109200, Note_off_c, 0, 52, 80
2, 109200, Note_on_c, 0, 64, 95
2, 109200, Note_on_c, 0, 59, 95
2, 109200, Note_on_c, 0, 52, 95
2, 109440, Note_off_c, 0, 64, 80
2, 109440, Note_off_c, 0, 59, 80
2, 109440, Note_off_c, 0, 52, 80
2, 109440, Note_on_c, 0, 59, 95
2, 109440, Note_on_c, 0, 54, 95
2, 109440, Note_on_c, 0, 47, 95
2, 109920, Note_off_c, 0, 59, 80
2, 109920, Note_off_c, 0, 54, 80
2, 109920, Note_off_c, 0, 47, 80
2, 109920, Note_on_c, 0, 59, 95
2, 109920, Note_on_c, 0, 54, 95
2, 109920, Note_on_c, 0, 47, 95
2, 110400, Note_off_c, 0, 59, 80
2, 110400, Note_off_c, 0, 54, 80
2, 110400, Note_off_c, 0, 47, 80
2, 110400, Note_on_c, 0, 59, 95
2, 110400, Note_on_c, 0, 54, 95
2, 110400, Note_on_c, 0, 47, 95
2, 110880, Note_off_c, 0, 59, 80
2, 110880, Note_off_c, 0, 54, 80
2, 110880, Note_off_c, 0, 47, 80
2, 110880, Note_on_c, 0, 59, 95
2, 110880, Note_on_c, 0, 54, 95
2, 110880, Note_on_c, 0, 47, 95
2, 111360, Note_off_c, 0, 59, 80
2, 111360, Note_off_c, 0, 54, 80
2, 111360, Note_off_c, 0, 47, 80
2, 111360, Note_on_c, 0, 59, 95
2, 111360, Note_on_c, 0, 54, 95
2, 111360, Note_on_c, 0, 47, 95
2, 111840, Note_off_c, 0, 59, 80
2, 111840, Note_off_c, 0, 54, 80
2, 111840, Note_off_c, 0, 47, 80
2, 111840, Note_on_c, 0, 59, 95
2, 111840, Note_on_c, 0, 54, 95
2, 111840, Note_on_c, 0, 47, 95
2, 112320, Note_off_c, 0, 59, 80
2, 112320, Note_off_c, 0, 54, 80
2, 112320, Note_off_c, 0, 47, 80
2, 112320, Note_on_c, 0, 59, 95
2, 112320, Note_on_c, 0, 54, 95
2, 112320, Note_on_c, 0, 47, 95
2, 112800, Note_off_c, 0, 59, 80
2, 112800, Note_off_c, 0, 54, 80
2, 112800, Note_off_c, 0, 47, 80
2, 112800, Note_on_c, 0, 59, 95
2, 112800, Note_on_c, 0, 54, 95
2, 112800, Note_on_c, 0, 47, 95
2, 113280, Note_off_c, 0, 59, 80
2, 113280, Note_off_c, 0, 54, 80
2, 113280, Note_off_c, 0, 47, 80
2, 113280, Note_on_c, 0, 59, 95
2, 113280, Note_on_c, 0, 54, 95
2, 113280, Note_on_c, 0, 47, 95
2, 113760, Note_off_c, 0, 59, 80
2, 113760, Note_off_c, 0, 54, 80
2, 113760, Note_off_c, 0, 47, 80
2, 113760, Note_on_c, 0, 59, 95
2, 113760, Note_on_c, 0, 54, 95
2, 113760, Note_on_c, 0, 47, 95
2, 114240, Note_off_c, 0, 59, 80
2, 114240, Note_off_c, 0, 54, 80
2, 114240, Note_off_c, 0, 47, 80
2, 114240, Note_on_c, 0, 59, 95
2, 114240, Note_on_c, 0, 54, 95
2, 114240, Note_on_c, 0, 47, 95
2, 114720, Note_off_c, 0, 59, 80
2, 114720, Note_off_c, 0, 54, 80
2, 114720, Note_off_c, 0, 47, 80
2, 114720, Note_on_c, 0, 59, 95
2, 114720, Note_on_c, 0, 54, 95
2, 114720, Note_on_c, 0, 47, 95
2, 115200, Note_off_c, 0, 59, 80
2, 115200, Note_off_c, 0, 54, 80
2, 115200, Note_off_c, 0, 47, 80
2, 115200, Note_on_c, 0, 59, 95
2, 115200, Note_on_c, 0, 54, 95
2, 115200, Note_on_c, 0, 47, 95
2, 115680, Note_off_c, 0, 59, 80
2, 115680, Note_off_c, 0, 54, 80
2, 115680, Note_off_c, 0, 47, 80
2, 115680, Note_on_c, 0, 57, 95
2, 115680, Note_on_c, 0, 52, 95
2, 115680, Note_on_c, 0, 45, 95
2, 116160, Note_off_c, 0, 57, 80
2, 116160, Note_off_c, 0, 52, 80
2, 116160, Note_off_c, 0, 45, 80
2, 116160, Note_on_c, 0, 55, 95
2, 116160, Note_on_c, 0, 50, 95
2, 116160, Note_on_c, 0, 43, 95
2, 116640, Note_off_c, 0, 55, 80
2, 116640, Note_off_c, 0, 50, 80
2, 116640, Note_off_c, 0, 43, 80
2, 116640, Note_on_c, 0, 54, 95
2, 116640, Note_on_c, 0, 49, 95
2, 116640, Note_on_c, 0, 42, 95
2, 117120, Note_off_c, 0, 54, 80
2, 117120, Note_off_c, 0, 49, 80
2, 117120, Note_off_c, 0, 42, 80
2, 117120, Note_on_c, 0, 52, 95
2, 117120, Note_on_c, 0, 47, 95
2, 117120, Note_on_c, 0, 40, 95
2, 119040, Note_off_c, 0, 52, 80
2, 119040, Note_off_c, 0, 47, 80
2, 119040, Note_off_c, 0, 40, 80
2, 119040, Note_on_c, 0, 52, 95
2, 119040, Note_on_c, 0, 47, 95
2, 119040, Note_on_c, 0, 40, 95
2, 119520, Note_off_c, 0, 52, 80
2, 119520, Note_off_c, 0, 47, 80
2, 119520, Note_off_c, 0, 40, 80
2, 120720, Note_on_c, 0, 50, 95
2, 120720, Note_on_c, 0, 45, 95
2, 120720, Note_on_c, 0, 40, 95
2, 120740, Note_off_c, 0, 50, 80
2, 120740, Note_off_c, 0, 45, 80
2, 120740, Note_off_c, 0, 40, 80
2, 120960, Note_on_c, 0, 52, 95
2, 120960, Note_on_c, 0, 47, 95
2, 120960, Note_on_c, 0, 40, 95
2, 122880, Note_off_c, 0, 52, 80
2, 122880, Note_off_c, 0, 47, 80
2, 122880, Note_off_c, 0, 40, 80
2, 122880, Note_on_c, 0, 52, 95
2, 122880, Note_on_c, 0, 47, 95
2, 122880, Note_on_c, 0, 40, 95
2, 123360, Note_off_c, 0, 52, 80
2, 123360, Note_off_c, 0, 47, 80
2, 123360, Note_off_c, 0, 40, 80
2, 123360, Note_on_c, 1, 57, 95
2, 123360, Pitch_bend_c, 1, 8192
2, 123376, Pitch_bend_c, 1, 8320
2, 123408, Pitch_bend_c, 1, 8448
2, 123424, Pitch_bend_c, 1, 8576
2, 123440, Pitch_bend_c, 1, 8704
2, 123472, Pitch_bend_c, 1, 8832
2, 123488, Pitch_bend_c, 1, 8960
2, 123520, Pitch_bend_c, 1, 9088
2, 123536, Pitch_bend_c, 1, 9216
2, 123552, Pitch_bend_c, 1, 9344
2, 123584, Pitch_bend_c, 1, 9472
2, 123600, Pitch_bend_c, 1, 9600
2, 123856, Pitch_bend_c, 1, 9472
2, 123872, Pitch_bend_c, 1, 9344
2, 123904, Pitch_bend_c, 1, 9216
2, 123920, Pitch_bend_c, 1, 9088
2, 123936, Pitch_bend_c, 1, 8960
2, 123968, Pitch_bend_c, 1, 8832
2, 123984, Pitch_bend_c, 1, 8704
2, 124016, Pitch_bend_c, 1, 8576
2, 124032, Pitch_bend_c, 1, 8448
2, 124048, Pitch_bend_c, 1, 8320
2, 124080, Pitch_bend_c, 1, 8192
2, 124320, Note_off_c, 1, 57, 80
2, 124320, Pitch_bend_c, 1, 8192
2, 124320, Note_on_c, 0, 55, 95
2, 124800, Note_off_c, 0, 55, 80
2, 124800, Note_on_c, 0, 52, 95
2, 124800, Note_on_c, 0, 47, 95
2, 124800, Note_on_c, 0, 40, 95
2, 126720, Note_off_c, 0, 52, 80
2, 126720, Note_off_c, 0, 47, 80
2, 126720, Note_off_c, 0, 40, 80
2, 126720, Note_on_c, 0, 52, 95
2, 126720, Note_on_c, 0, 47, 95
2, 126720, Note_on_c, 0, 40, 95
2, 127200, Note_off_c, 0, 52, 80
2, 127200, Note_off_c, 0, 47, 80
2, 127200, Note_off_c, 0, 40, 80
2, 130560, Note_on_c, 0, 52, 95
2, 130560, Note_on_c, 0, 47, 95
2, 130560, Note_on_c, 0, 40, 95
2, 130740, Note_off_c, 0, 52, 80
2, 130740, Note_off_c, 0, 47, 80
2, 130740, Note_off_c, 0, 40, 80
2, 130920, Note_on_c, 0, 52, 95
2, 130920, Note_on_c, 0, 47, 95
2, 130920, Note_on_c, 0, 40, 95
2, 131100, Note_off_c, 0, 52, 80
2, 131100, Note_off_c, 0, 47, 80
2, 131100, Note_off_c, 0, 40, 80
2, 131280, Note_on_c, 0, 52, 95
2, 131280, Note_on_c, 0, 47, 95
2, 131280, Note_on_c, 0, 40, 95
2, 131520, Note_off_c, 0, 52, 80
2, 131520, Note_off_c, 0, 47, 80
2, 131520, Note_off_c, 0, 40, 80
2, 131520, End_track
3, 0, Start_track
3, 0, Title_t, "Meg White"
3, 0, Control_c, 9, 100, 0
3, 0, Control_c, 9, 101, 0
3, 0, Control_c, 9, 6, 12
3, 0, Pitch_bend_c, 9, 8192
3, 0, Program_c, 9, 18
3, 0, Control_c, 9, 7, 104
3, 0, Control_c, 9, 10, 64
3, 0, Control_c, 9, 93, 0
3, 0, Control_c, 9, 91, 0
3, 0, Control_c, 9, 92, 0
3, 0, Control_c, 9, 95, 0
3, 0, Note_on_c, 9, 33, 95
3, 480, Note_off_c, 9, 33, 80
3, 480, Note_on_c, 9, 33, 95
3, 960, Note_off_c, 9, 33, 80
3, 960, Note_on_c, 9, 33, 95
3, 1440, Note_off_c, 9, 33, 80
3, 1920, Note_on_c, 9, 36, 95
3, 1920, Note_on_c, 9, 49, 95
3, 1920, Note_on_c, 9, 57, 95
3, 3840, Note_off_c, 9, 36, 80
3, 3840, Note_off_c, 9, 49, 80
3, 3840, Note_off_c, 9, 57, 80
3, 3840, Note_on_c, 9, 36, 95
3, 3840, Note_on_c, 9, 49, 95
3, 3840, Note_on_c, 9, 57, 95
3, 5760, Note_off_c, 9, 36, 80
3, 5760, Note_off_c, 9, 49, 80
3, 5760, Note_off_c, 9, 57, 80
3, 5760, Note_on_c, 9, 36, 95
3, 5760, Note_on_c, 9, 49, 95
3, 5760, Note_on_c, 9, 57, 95
3, 7680, Note_off_c, 9, 36, 80
3, 7680, Note_off_c, 9, 49, 80
3, 7680, Note_off_c, 9, 57, 80
3, 7680, Note_on_c, 9, 36, 95
3, 7680, Note_on_c, 9, 49, 95
3, 7680, Note_on_c, 9, 57, 95
3, 9600, Note_off_c, 9, 36, 80
3, 9600, Note_off_c, 9, 49, 80
3, 9600, Note_off_c, 9, 57, 80
3, 9600, Note_on_c, 9, 36, 95
3, 9600, Note_on_c, 9, 49, 95
3, 9600, Note_on_c, 9, 57, 95
3, 10080, Note_off_c, 9, 36, 80
3, 10080, Note_on_c, 9, 36, 95
3, 10560, Note_off_c, 9, 36, 80
3, 10560, Note_on_c, 9, 36, 95
3, 11040, Note_off_c, 9, 36, 80
3, 11040, Note_on_c, 9, 36, 95
3, 11520, Note_off_c, 9, 49, 80
3, 11520, Note_off_c, 9, 57, 80
3, 11520, Note_off_c, 9, 36, 80
3, 11520, Note_on_c, 9, 36, 95
3, 12000, Note_off_c, 9, 36, 80
3, 12000, Note_on_c, 9, 36, 95
3, 12480, Note_off_c, 9, 36, 80
3, 12480, Note_on_c, 9, 36, 95
3, 12960, Note_off_c, 9, 36, 80
3, 12960, Note_on_c, 9, 36, 95
3, 13440, Note_off_c, 9, 36, 80
3, 13440, Note_on_c, 9, 36, 95
3, 13440, Note_on_c, 9, 49, 95
3, 13440, Note_on_c, 9, 57, 95
3, 13920, Note_off_c, 9, 36, 80
3, 13920, Note_on_c, 9, 36, 95
3, 14400, Note_off_c, 9, 36, 80
3, 14400, Note_on_c, 9, 36, 95
3, 14880, Note_off_c, 9, 36, 80
3, 14880, Note_on_c, 9, 36, 95
3, 15360, Note_off_c, 9, 49, 80
3, 15360, Note_off_c, 9, 57, 80
3, 15360, Note_off_c, 9, 36, 80
3, 15360, Note_on_c, 9, 36, 95
3, 15840, Note_off_c, 9, 36, 80
3, 15840, Note_on_c, 9, 36, 95
3, 16320, Note_off_c, 9, 36, 80
3, 16320, Note_on_c, 9, 36, 95
3, 16800, Note_off_c, 9, 36, 80
3, 16800, Note_on_c, 9, 36, 95
3, 17280, Note_off_c, 9, 36, 80
3, 17280, Note_on_c, 9, 36, 95
3, 17280, Note_on_c, 9, 49, 95
3, 17280, Note_on_c, 9, 57, 95
3, 17760, Note_off_c, 9, 36, 80
3, 17760, Note_off_c, 9, 49, 80
3, 17760, Note_off_c, 9, 57, 80
3, 17760, Note_on_c, 9, 36, 95
3, 18240, Note_off_c, 9, 36, 80
3, 18240, Note_on_c, 9, 36, 95
3, 18720, Note_off_c, 9, 36, 80
3, 18720, Note_on_c, 9, 36, 95
3, 19200, Note_off_c, 9, 36, 80
3, 19200, Note_on_c, 9, 36, 95
3, 19200, Note_on_c, 9, 42, 95
3, 19200, Note_on_c, 9, 44, 95
3, 19440, Note_off_c, 9, 36, 80
3, 19440, Note_off_c, 9, 42, 80
3, 19440, Note_off_c, 9, 44, 80
3, 19680, Note_on_c, 9, 36, 95
3, 20160, Note_off_c, 9, 36, 80
3, 20160, Note_on_c, 9, 36, 95
3, 20640, Note_off_c, 9, 36, 80
3, 20640, Note_on_c, 9, 36, 95
3, 21120, Note_off_c, 9, 36, 80
3, 21120, Note_on_c, 9, 36, 95
3, 21120, Note_on_c, 9, 49, 95
3, 21120, Note_on_c, 9, 57, 95
3, 21600, Note_off_c, 9, 36, 80
3, 21600, Note_off_c, 9, 49, 80
3, 21600, Note_off_c, 9, 57, 80
3, 21600, Note_on_c, 9, 36, 95
3, 22080, Note_off_c, 9, 36, 80
3, 22080, Note_on_c, 9, 36, 95
3, 22560, Note_off_c, 9, 36, 80
3, 22560, Note_on_c, 9, 36, 95
3, 23040, Note_off_c, 9, 36, 80
3, 23040, Note_on_c, 9, 36, 95
3, 23040, Note_on_c, 9, 42, 95
3, 23040, Note_on_c, 9, 44, 95
3, 23280, Note_off_c, 9, 36, 80
3, 23280, Note_off_c, 9, 42, 80
3, 23280, Note_off_c, 9, 44, 80
3, 23520, Note_on_c, 9, 36, 95
3, 24000, Note_off_c, 9, 36, 80
3, 24000, Note_on_c, 9, 36, 95
3, 24480, Note_off_c, 9, 36, 80
3, 24480, Note_on_c, 9, 36, 95
3, 24960, Note_off_c, 9, 36, 80
3, 24960, Note_on_c, 9, 36, 95
3, 24960, Note_on_c, 9, 49, 95
3, 24960, Note_on_c, 9, 57, 95
3, 25440, Note_off_c, 9, 36, 80
3, 25440, Note_off_c, 9, 49, 80
3, 25440, Note_off_c, 9, 57, 80
3, 25440, Note_on_c, 9, 36, 95
3, 25920, Note_off_c, 9, 36, 80
3, 25920, Note_on_c, 9, 36, 95
3, 26400, Note_off_c, 9, 36, 80
3, 26400, Note_on_c, 9, 36, 95
3, 26880, Note_off_c, 9, 36, 80
3, 26880, Note_on_c, 9, 36, 95
3, 26880, Note_on_c, 9, 42, 95
3, 26880, Note_on_c, 9, 44, 95
3, 27120, Note_off_c, 9, 36, 80
3, 27120, Note_off_c, 9, 42, 80
3, 27120, Note_off_c, 9, 44, 80
3, 27360, Note_on_c, 9, 36, 95
3, 27840, Note_off_c, 9, 36, 80
3, 27840, Note_on_c, 9, 36, 95
3, 28320, Note_off_c, 9, 36, 80
3, 28320, Note_on_c, 9, 36, 95
3, 28800, Note_off_c, 9, 36, 80
3, 28800, Note_on_c, 9, 36, 95
3, 28800, Note_on_c, 9, 49, 95
3, 28800, Note_on_c, 9, 57, 95
3, 29280, Note_off_c, 9, 36, 80
3, 29280, Note_off_c, 9, 49, 80
3, 29280, Note_off_c, 9, 57, 80
3, 29280, Note_on_c, 9, 36, 95
3, 29760, Note_off_c, 9, 36, 80
3, 29760, Note_on_c, 9, 36, 95
3, 30240, Note_off_c, 9, 36, 80
3, 30240, Note_on_c, 9, 36, 95
3, 30720, Note_off_c, 9, 36, 80
3, 30720, Note_on_c, 9, 36, 95
3, 30720, Note_on_c, 9, 42, 95
3, 30720, Note_on_c, 9, 44, 95
3, 30960, Note_off_c, 9, 36, 80
3, 30960, Note_off_c, 9, 42, 80
3, 30960, Note_off_c, 9, 44, 80
3, 31200, Note_on_c, 9, 36, 95
3, 31680, Note_off_c, 9, 36, 80
3, 31680, Note_on_c, 9, 36, 95
3, 32160, Note_off_c, 9, 36, 80
3, 32160, Note_on_c, 9, 36, 95
3, 32640, Note_off_c, 9, 36, 80
3, 32640, Note_on_c, 9, 36, 95
3, 32640, Note_on_c, 9, 49, 95
3, 32640, Note_on_c, 9, 57, 95
3, 33120, Note_off_c, 9, 36, 80
3, 33120, Note_off_c, 9, 49, 80
3, 33120, Note_off_c, 9, 57, 80
3, 33120, Note_on_c, 9, 36, 95
3, 33600, Note_off_c, 9, 36, 80
3, 33600, Note_on_c, 9, 36, 95
3, 34080, Note_off_c, 9, 36, 80
3, 34080, Note_on_c, 9, 36, 95
3, 34560, Note_off_c, 9, 36, 80
3, 34560, Note_on_c, 9, 36, 95
3, 34560, Note_on_c, 9, 42, 95
3, 34560, Note_on_c, 9, 44, 95
3, 34800, Note_off_c, 9, 36, 80
3, 34800, Note_off_c, 9, 42, 80
3, 34800, Note_off_c, 9, 44, 80
3, 35040, Note_on_c, 9, 36, 95
3, 35520, Note_off_c, 9, 36, 80
3, 35520, Note_on_c, 9, 36, 95
3, 36000, Note_off_c, 9, 36, 80
3, 36000, Note_on_c, 9, 36, 95
3, 36480, Note_off_c, 9, 36, 80
3, 36480, Note_on_c, 9, 36, 95
3, 36480, Note_on_c, 9, 49, 95
3, 36480, Note_on_c, 9, 57, 95
3, 36960, Note_off_c, 9, 36, 80
3, 36960, Note_off_c, 9, 49, 80
3, 36960, Note_off_c, 9, 57, 80
3, 36960, Note_on_c, 9, 36, 95
3, 37440, Note_off_c, 9, 36, 80
3, 37440, Note_on_c, 9, 36, 95
3, 37920, Note_off_c, 9, 36, 80
3, 37920, Note_on_c, 9, 36, 95
3, 38400, Note_off_c, 9, 36, 80
3, 38400, Note_on_c, 9, 36, 95
3, 38400, Note_on_c, 9, 42, 95
3, 38400, Note_on_c, 9, 44, 95
3, 38640, Note_off_c, 9, 36, 80
3, 38640, Note_off_c, 9, 42, 80
3, 38640, Note_off_c, 9, 44, 80
3, 38880, Note_on_c, 9, 36, 95
3, 39360, Note_off_c, 9, 36, 80
3, 39360, Note_on_c, 9, 36, 95
3, 39840, Note_off_c, 9, 36, 80
3, 39840, Note_on_c, 9, 36, 95
3, 40320, Note_off_c, 9, 36, 80
3, 40320, Note_on_c, 9, 36, 95
3, 40320, Note_on_c, 9, 49, 95
3, 40320, Note_on_c, 9, 57, 95
3, 40800, Note_off_c, 9, 36, 80
3, 40800, Note_off_c, 9, 49, 80
3, 40800, Note_off_c, 9, 57, 80
3, 40800, Note_on_c, 9, 36, 95
3, 41280, Note_off_c, 9, 36, 80
3, 41280, Note_on_c, 9, 36, 95
3, 41760, Note_off_c, 9, 36, 80
3, 41760, Note_on_c, 9, 36, 95
3, 42240, Note_off_c, 9, 36, 80
3, 42240, Note_on_c, 9, 36, 95
3, 42240, Note_on_c, 9, 42, 95
3, 42240, Note_on_c, 9, 44, 95
3, 42480, Note_off_c, 9, 36, 80
3, 42480, Note_off_c, 9, 42, 80
3, 42480, Note_off_c, 9, 44, 80
3, 42720, Note_on_c, 9, 36, 95
3, 43200, Note_off_c, 9, 36, 80
3, 43200, Note_on_c, 9, 36, 95
3, 43680, Note_off_c, 9, 36, 80
3, 43680, Note_on_c, 9, 36, 95
3, 44160, Note_off_c, 9, 36, 80
3, 44160, Note_on_c, 9, 36, 95
3, 44160, Note_on_c, 9, 49, 95
3, 44160, Note_on_c, 9, 57, 95
3, 44640, Note_off_c, 9, 36, 80
3, 44640, Note_off_c, 9, 49, 80
3, 44640, Note_off_c, 9, 57, 80
3, 44640, Note_on_c, 9, 36, 95
3, 45120, Note_off_c, 9, 36, 80
3, 45120, Note_on_c, 9, 36, 95
3, 45600, Note_off_c, 9, 36, 80
3, 45600, Note_on_c, 9, 36, 95
3, 46080, Note_off_c, 9, 36, 80
3, 46080, Note_on_c, 9, 36, 95
3, 46080, Note_on_c, 9, 42, 95
3, 46080, Note_on_c, 9, 44, 95
3, 46320, Note_off_c, 9, 36, 80
3, 46320, Note_off_c, 9, 42, 80
3, 46320, Note_off_c, 9, 44, 80
3, 46560, Note_on_c, 9, 36, 95
3, 47040, Note_off_c, 9, 36, 80
3, 47040, Note_on_c, 9, 36, 95
3, 47520, Note_off_c, 9, 36, 80
3, 47520, Note_on_c, 9, 36, 95
3, 48000, Note_off_c, 9, 36, 80
3, 48000, Note_on_c, 9, 36, 95
3, 48000, Note_on_c, 9, 49, 95
3, 48000, Note_on_c, 9, 57, 95
3, 49920, Note_off_c, 9, 36, 80
3, 49920, Note_off_c, 9, 49, 80
3, 49920, Note_off_c, 9, 57, 80
3, 49920, Note_on_c, 9, 36, 95
3, 49920, Note_on_c, 9, 49, 95
3, 49920, Note_on_c, 9, 57, 95
3, 51840, Note_off_c, 9, 36, 80
3, 51840, Note_off_c, 9, 49, 80
3, 51840, Note_off_c, 9, 57, 80
3, 51840, Note_on_c, 9, 36, 95
3, 51840, Note_on_c, 9, 49, 95
3, 51840, Note_on_c, 9, 57, 95
3, 53760, Note_off_c, 9, 36, 80
3, 53760, Note_off_c, 9, 49, 80
3, 53760, Note_off_c, 9, 57, 80
3, 53760, Note_on_c, 9, 36, 95
3, 53760, Note_on_c, 9, 49, 95
3, 53760, Note_on_c, 9, 57, 95
3, 55680, Note_off_c, 9, 36, 80
3, 55680, Note_off_c, 9, 49, 80
3, 55680, Note_off_c, 9, 57, 80
3, 55680, Note_on_c, 9, 36, 95
3, 55680, Note_on_c, 9, 49, 95
3, 55680, Note_on_c, 9, 57, 95
3, 56160, Note_off_c, 9, 36, 80
3, 56160, Note_on_c, 9, 36, 95
3, 56640, Note_off_c, 9, 36, 80
3, 56640, Note_on_c, 9, 36, 95
3, 57120, Note_off_c, 9, 36, 80
3, 57120, Note_on_c, 9, 36, 95
3, 57600, Note_off_c, 9, 49, 80
3, 57600, Note_off_c, 9, 57, 80
3, 57600, Note_off_c, 9, 36, 80
3, 57600, Note_on_c, 9, 36, 95
3, 58080, Note_off_c, 9, 36, 80
3, 58080, Note_on_c, 9, 36, 95
3, 58560, Note_off_c, 9, 36, 80
3, 58560, Note_on_c, 9, 36, 95
3, 59040, Note_off_c, 9, 36, 80
3, 59040, Note_on_c, 9, 36, 95
3, 59520, Note_off_c, 9, 36, 80
3, 59520, Note_on_c, 9, 36, 95
3, 59520, Note_on_c, 9, 49, 95
3, 59520, Note_on_c, 9, 57, 95
3, 60000, Note_off_c, 9, 36, 80
3, 60000, Note_on_c, 9, 36, 95
3, 60480, Note_off_c, 9, 36, 80
3, 60480, Note_on_c, 9, 36, 95
3, 60960, Note_off_c, 9, 36, 80
3, 60960, Note_on_c, 9, 36, 95
3, 61440, Note_off_c, 9, 49, 80
3, 61440, Note_off_c, 9, 57, 80
3, 61440, Note_off_c, 9, 36, 80
3, 61440, Note_on_c, 9, 36, 95
3, 61920, Note_off_c, 9, 36, 80
3, 61920, Note_on_c, 9, 36, 95
3, 62400, Note_off_c, 9, 36, 80
3, 62400, Note_on_c, 9, 36, 95
3, 62880, Note_off_c, 9, 36, 80
3, 62880, Note_on_c, 9, 36, 95
3, 63360, Note_off_c, 9, 36, 80
3, 63360, Note_on_c, 9, 36, 95
3, 63360, Note_on_c, 9, 49, 95
3, 63360, Note_on_c, 9, 57, 95
3, 63840, Note_off_c, 9, 36, 80
3, 63840, Note_off_c, 9, 49, 80
3, 63840, Note_off_c, 9, 57, 80
3, 63840, Note_on_c, 9, 36, 95
3, 64320, Note_off_c, 9, 36, 80
3, 64320, Note_on_c, 9, 36, 95
3, 64800, Note_off_c, 9, 36, 80
3, 64800, Note_on_c, 9, 36, 95
3, 65280, Note_off_c, 9, 36, 80
3, 65280, Note_on_c, 9, 36, 95
3, 65280, Note_on_c, 9, 42, 95
3, 65280, Note_on_c, 9, 44, 95
3, 65520, Note_off_c, 9, 36, 80
3, 65520, Note_off_c, 9, 42, 80
3, 65520, Note_off_c, 9, 44, 80
3, 65760, Note_on_c, 9, 36, 95
3, 66240, Note_off_c, 9, 36, 80
3, 66240, Note_on_c, 9, 36, 95
3, 66720, Note_off_c, 9, 36, 80
3, 66720, Note_on_c, 9, 36, 95
3, 67200, Note_off_c, 9, 36, 80
3, 67200, Note_on_c, 9, 36, 95
3, 67200, Note_on_c, 9, 49, 95
3, 67200, Note_on_c, 9, 57, 95
3, 67680, Note_off_c, 9, 36, 80
3, 67680, Note_off_c, 9, 49, 80
3, 67680, Note_off_c, 9, 57, 80
3, 67680, Note_on_c, 9, 36, 95
3, 68160, Note_off_c, 9, 36, 80
3, 68160, Note_on_c, 9, 36, 95
3, 68640, Note_off_c, 9, 36, 80
3, 68640, Note_on_c, 9, 36, 95
3, 69120, Note_off_c, 9, 36, 80
3, 69120, Note_on_c, 9, 36, 95
3, 69120, Note_on_c, 9, 42, 95
3, 69120, Note_on_c, 9, 44, 95
3, 69360, Note_off_c, 9, 36, 80
3, 69360, Note_off_c, 9, 42, 80
3, 69360, Note_off_c, 9, 44, 80
3, 69600, Note_on_c, 9, 36, 95
3, 70080, Note_off_c, 9, 36, 80
3, 70080, Note_on_c, 9, 36, 95
3, 70560, Note_off_c, 9, 36, 80
3, 70560, Note_on_c, 9, 36, 95
3, 71040, Note_off_c, 9, 36, 80
3, 71040, Note_on_c, 9, 36, 95
3, 71040, Note_on_c, 9, 49, 95
3, 71040, Note_on_c, 9, 57, 95
3, 71520, Note_off_c, 9, 36, 80
3, 71520, Note_off_c, 9, 49, 80
3, 71520, Note_off_c, 9, 57, 80
3, 71520, Note_on_c, 9, 36, 95
3, 72000, Note_off_c, 9, 36, 80
3, 72000, Note_on_c, 9, 36, 95
3, 72480, Note_off_c, 9, 36, 80
3, 72480, Note_on_c, 9, 36, 95
3, 72960, Note_off_c, 9, 36, 80
3, 72960, Note_on_c, 9, 36, 95
3, 72960, Note_on_c, 9, 42, 95
3, 72960, Note_on_c, 9, 44, 95
3, 73200, Note_off_c, 9, 36, 80
3, 73200, Note_off_c, 9, 42, 80
3, 73200, Note_off_c, 9, 44, 80
3, 73440, Note_on_c, 9, 36, 95
3, 73920, Note_off_c, 9, 36, 80
3, 73920, Note_on_c, 9, 36, 95
3, 74400, Note_off_c, 9, 36, 80
3, 74400, Note_on_c, 9, 36, 95
3, 74880, Note_off_c, 9, 36, 80
3, 74880, Note_on_c, 9, 36, 95
3, 74880, Note_on_c, 9, 49, 95
3, 74880, Note_on_c, 9, 57, 95
3, 75360, Note_off_c, 9, 36, 80
3, 75360, Note_off_c, 9, 49, 80
3, 75360, Note_off_c, 9, 57, 80
3, 75360, Note_on_c, 9, 36, 95
3, 75840, Note_off_c, 9, 36, 80
3, 75840, Note_on_c, 9, 36, 95
3, 76320, Note_off_c, 9, 36, 80
3, 76320, Note_on_c, 9, 36, 95
3, 76800, Note_off_c, 9, 36, 80
3, 76800, Note_on_c, 9, 36, 95
3, 76800, Note_on_c, 9, 42, 95
3, 76800, Note_on_c, 9, 44, 95
3, 77040, Note_off_c, 9, 36, 80
3, 77040, Note_off_c, 9, 42, 80
3, 77040, Note_off_c, 9, 44, 80
3, 77280, Note_on_c, 9, 36, 95
3, 77760, Note_off_c, 9, 36, 80
3, 77760, Note_on_c, 9, 36, 95
3, 78240, Note_off_c, 9, 36, 80
3, 78240, Note_on_c, 9, 36, 95
3, 78720, Note_off_c, 9, 36, 80
3, 78720, Note_on_c, 9, 36, 95
3, 78720, Note_on_c, 9, 49, 95
3, 78720, Note_on_c, 9, 57, 95
3, 79200, Note_off_c, 9, 36, 80
3, 79200, Note_off_c, 9, 49, 80
3, 79200, Note_off_c, 9, 57, 80
3, 79200, Note_on_c, 9, 36, 95
3, 79680, Note_off_c, 9, 36, 80
3, 79680, Note_on_c, 9, 36, 95
3, 80160, Note_off_c, 9, 36, 80
3, 80160, Note_on_c, 9, 36, 95
3, 80640, Note_off_c, 9, 36, 80
3, 80640, Note_on_c, 9, 36, 95
3, 80640, Note_on_c, 9, 42, 95
3, 80640, Note_on_c, 9, 44, 95
3, 80880, Note_off_c, 9, 36, 80
3, 80880, Note_off_c, 9, 42, 80
3, 80880, Note_off_c, 9, 44, 80
3, 81120, Note_on_c, 9, 36, 95
3, 81600, Note_off_c, 9, 36, 80
3, 81600, Note_on_c, 9, 36, 95
3, 82080, Note_off_c, 9, 36, 80
3, 82080, Note_on_c, 9, 36, 95
3, 82560, Note_off_c, 9, 36, 80
3, 82560, Note_on_c, 9, 36, 95
3, 82560, Note_on_c, 9, 49, 95
3, 82560, Note_on_c, 9, 57, 95
3, 83040, Note_off_c, 9, 36, 80
3, 83040, Note_off_c, 9, 49, 80
3, 83040, Note_off_c, 9, 57, 80
3, 83040, Note_on_c, 9, 36, 95
3, 83520, Note_off_c, 9, 36, 80
3, 83520, Note_on_c, 9, 36, 95
3, 84000, Note_off_c, 9, 36, 80
3, 84000, Note_on_c, 9, 36, 95
3, 84480, Note_off_c, 9, 36, 80
3, 84480, Note_on_c, 9, 36, 95
3, 84480, Note_on_c, 9, 42, 95
3, 84480, Note_on_c, 9, 44, 95
3, 84720, Note_off_c, 9, 36, 80
3, 84720, Note_off_c, 9, 42, 80
3, 84720, Note_off_c, 9, 44, 80
3, 84960, Note_on_c, 9, 36, 95
3, 85440, Note_off_c, 9, 36, 80
3, 85440, Note_on_c, 9, 36, 95
3, 85920, Note_off_c, 9, 36, 80
3, 85920, Note_on_c, 9, 36, 95
3, 86400, Note_off_c, 9, 36, 80
3, 86400, Note_on_c, 9, 36, 95
3, 86400, Note_on_c, 9, 49, 95
3, 86400, Note_on_c, 9, 57, 95
3, 86880, Note_off_c, 9, 36, 80
3, 86880, Note_off_c, 9, 49, 80
3, 86880, Note_off_c, 9, 57, 80
3, 86880, Note_on_c, 9, 36, 95
3, 87360, Note_off_c, 9, 36, 80
3, 87360, Note_on_c, 9, 36, 95
3, 87840, Note_off_c, 9, 36, 80
3, 87840, Note_on_c, 9, 36, 95
3, 88320, Note_off_c, 9, 36, 80
3, 88320, Note_on_c, 9, 36, 95
3, 88320, Note_on_c, 9, 42, 95
3, 88320, Note_on_c, 9, 44, 95
3, 88560, Note_off_c, 9, 36, 80
3, 88560, Note_off_c, 9, 42, 80
3, 88560, Note_off_c, 9, 44, 80
3, 88800, Note_on_c, 9, 36, 95
3, 89280, Note_off_c, 9, 36, 80
3, 89280, Note_on_c, 9, 36, 95
3, 89760, Note_off_c, 9, 36, 80
3, 89760, Note_on_c, 9, 36, 95
3, 90240, Note_off_c, 9, 36, 80
3, 90240, Note_on_c, 9, 36, 95
3, 90240, Note_on_c, 9, 49, 95
3, 90240, Note_on_c, 9, 57, 95
3, 92160, Note_off_c, 9, 36, 80
3, 92160, Note_off_c, 9, 49, 80
3, 92160, Note_off_c, 9, 57, 80
3, 93600, Note_on_c, 9, 40, 95
3, 94080, Note_off_c, 9, 40, 80
3, 94080, Note_on_c, 9, 36, 95
3, 94080, Note_on_c, 9, 49, 95
3, 94320, Note_off_c, 9, 36, 80
3, 94320, Note_off_c, 9, 49, 80
3, 94320, Note_on_c, 9, 40, 95
3, 94560, Note_off_c, 9, 40, 80
3, 94560, Note_on_c, 9, 36, 95
3, 94800, Note_off_c, 9, 36, 80
3, 94800, Note_on_c, 9, 40, 95
3, 95040, Note_off_c, 9, 40, 80
3, 95040, Note_on_c, 9, 36, 95
3, 95280, Note_off_c, 9, 36, 80
3, 95280, Note_on_c, 9, 40, 95
3, 95520, Note_off_c, 9, 40, 80
3, 95520, Note_on_c, 9, 36, 95
3, 95760, Note_off_c, 9, 36, 80
3, 95760, Note_on_c, 9, 40, 95
3, 96000, Note_off_c, 9, 40, 80
3, 96000, Note_on_c, 9, 36, 95
3, 96240, Note_off_c, 9, 36, 80
3, 96240, Note_on_c, 9, 40, 95
3, 96480, Note_off_c, 9, 40, 80
3, 96480, Note_on_c, 9, 36, 95
3, 96720, Note_off_c, 9, 36, 80
3, 96720, Note_on_c, 9, 40, 95
3, 96960, Note_off_c, 9, 40, 80
3, 96960, Note_on_c, 9, 36, 95
3, 97200, Note_off_c, 9, 36, 80
3, 97200, Note_on_c, 9, 40, 95
3, 97440, Note_off_c, 9, 40, 80
3, 97440, Note_on_c, 9, 36, 95
3, 97680, Note_off_c, 9, 36, 80
3, 97680, Note_on_c, 9, 40, 95
3, 97920, Note_off_c, 9, 40, 80
3, 97920, Note_on_c, 9, 36, 95
3, 98160, Note_off_c, 9, 36, 80
3, 98160, Note_on_c, 9, 40, 95
3, 98400, Note_off_c, 9, 40, 80
3, 98400, Note_on_c, 9, 36, 95
3, 98640, Note_off_c, 9, 36, 80
3, 98640, Note_on_c, 9, 40, 95
3, 98880, Note_off_c, 9, 40, 80
3, 98880, Note_on_c, 9, 36, 95
3, 99120, Note_off_c, 9, 36, 80
3, 99120, Note_on_c, 9, 40, 95
3, 99360, Note_off_c, 9, 40, 80
3, 99360, Note_on_c, 9, 36, 95
3, 99600, Note_off_c, 9, 36, 80
3, 99600, Note_on_c, 9, 40, 95
3, 99840, Note_off_c, 9, 40, 80
3, 99840, Note_on_c, 9, 36, 95
3, 100080, Note_off_c, 9, 36, 80
3, 100080, Note_on_c, 9, 40, 95
3, 100320, Note_off_c, 9, 40, 80
3, 100320, Note_on_c, 9, 36, 95
3, 100560, Note_off_c, 9, 36, 80
3, 100560, Note_on_c, 9, 40, 95
3, 100800, Note_off_c, 9, 40, 80
3, 100800, Note_on_c, 9, 36, 95
3, 101040, Note_off_c, 9, 36, 80
3, 101040, Note_on_c, 9, 40, 95
3, 101280, Note_off_c, 9, 40, 80
3, 101280, Note_on_c, 9, 36, 95
3, 101520, Note_off_c, 9, 36, 80
3, 101520, Note_on_c, 9, 40, 95
3, 101760, Note_off_c, 9, 40, 80
3, 101760, Note_on_c, 9, 36, 95
3, 102000, Note_off_c, 9, 36, 80
3, 102000, Note_on_c, 9, 40, 95
3, 102240, Note_off_c, 9, 40, 80
3, 102240, Note_on_c, 9, 36, 95
3, 102480, Note_off_c, 9, 36, 80
3, 102480, Note_on_c, 9, 40, 95
3, 102720, Note_off_c, 9, 40, 80
3, 102720, Note_on_c, 9, 36, 95
3, 102960, Note_off_c, 9, 36, 80
3, 102960, Note_on_c, 9, 40, 95
3, 103200, Note_off_c, 9, 40, 80
3, 103200, Note_on_c, 9, 36, 95
3, 103440, Note_off_c, 9, 36, 80
3, 103440, Note_on_c, 9, 40, 95
3, 103680, Note_off_c, 9, 40, 80
3, 103680, Note_on_c, 9, 36, 95
3, 103920, Note_off_c, 9, 36, 80
3, 103920, Note_on_c, 9, 40, 95
3, 104160, Note_off_c, 9, 40, 80
3, 104160, Note_on_c, 9, 36, 95
3, 104400, Note_off_c, 9, 36, 80
3, 104400, Note_on_c, 9, 40, 95
3, 104640, Note_off_c, 9, 40, 80
3, 104640, Note_on_c, 9, 36, 95
3, 104880, Note_off_c, 9, 36, 80
3, 104880, Note_on_c, 9, 40, 95
3, 105120, Note_off_c, 9, 40, 80
3, 105120, Note_on_c, 9, 36, 95
3, 105360, Note_off_c, 9, 36, 80
3, 105360, Note_on_c, 9, 40, 95
3, 105600, Note_off_c, 9, 40, 80
3, 105600, Note_on_c, 9, 36, 95
3, 105840, Note_off_c, 9, 36, 80
3, 105840, Note_on_c, 9, 40, 95
3, 106080, Note_off_c, 9, 40, 80
3, 106080, Note_on_c, 9, 36, 95
3, 106320, Note_off_c, 9, 36, 80
3, 106320, Note_on_c, 9, 40, 95
3, 106560, Note_off_c, 9, 40, 80
3, 106560, Note_on_c, 9, 36, 95
3, 106800, Note_off_c, 9, 36, 80
3, 106800, Note_on_c, 9, 40, 95
3, 107040, Note_off_c, 9, 40, 80
3, 107040, Note_on_c, 9, 36, 95
3, 107280, Note_off_c, 9, 36, 80
3, 107280, Note_on_c, 9, 40, 95
3, 107520, Note_off_c, 9, 40, 80
3, 107520, Note_on_c, 9, 36, 95
3, 107760, Note_off_c, 9, 36, 80
3, 107760, Note_on_c, 9, 40, 95
3, 108000, Note_off_c, 9, 40, 80
3, 108000, Note_on_c, 9, 36, 95
3, 108240, Note_off_c, 9, 36, 80
3, 108240, Note_on_c, 9, 40, 95
3, 108480, Note_off_c, 9, 40, 80
3, 108480, Note_on_c, 9, 36, 95
3, 108720, Note_off_c, 9, 36, 80
3, 108720, Note_on_c, 9, 40, 95
3, 108960, Note_off_c, 9, 40, 80
3, 108960, Note_on_c, 9, 36, 95
3, 109200, Note_off_c, 9, 36, 80
3, 109200, Note_on_c, 9, 40, 95
3, 109440, Note_off_c, 9, 40, 80
3, 109440, Note_on_c, 9, 36, 95
3, 109440, Note_on_c, 9, 49, 95
3, 109440, Note_on_c, 9, 57, 95
3, 109920, Note_off_c, 9, 36, 80
3, 109920, Note_off_c, 9, 49, 80
3, 109920, Note_off_c, 9, 57, 80
3, 109920, Note_on_c, 9, 36, 95
3, 109920, Note_on_c, 9, 49, 95
3, 109920, Note_on_c, 9, 57, 95
3, 110400, Note_off_c, 9, 36, 80
3, 110400, Note_off_c, 9, 49, 80
3, 110400, Note_off_c, 9, 57, 80
3, 110400, Note_on_c, 9, 36, 95
3, 110400, Note_on_c, 9, 49, 95
3, 110400, Note_on_c, 9, 57, 95
3, 110880, Note_off_c, 9, 36, 80
3, 110880, Note_off_c, 9, 49, 80
3, 110880, Note_off_c, 9, 57, 80
3, 110880, Note_on_c, 9, 36, 95
3, 110880, Note_on_c, 9, 49, 95
3, 110880, Note_on_c, 9, 57, 95
3, 111360, Note_off_c, 9, 36, 80
3, 111360, Note_off_c, 9, 49, 80
3, 111360, Note_off_c, 9, 57, 80
3, 111360, Note_on_c, 9, 36, 95
3, 111360, Note_on_c, 9, 49, 95
3, 111360, Note_on_c, 9, 57, 95
3, 111840, Note_off_c, 9, 36, 80
3, 111840, Note_off_c, 9, 49, 80
3, 111840, Note_off_c, 9, 57, 80
3, 111840, Note_on_c, 9, 36, 95
3, 111840, Note_on_c, 9, 49, 95
3, 111840, Note_on_c, 9, 57, 95
3, 112320, Note_off_c, 9, 36, 80
3, 112320, Note_off_c, 9, 49, 80
3, 112320, Note_off_c, 9, 57, 80
3, 112320, Note_on_c, 9, 36, 95
3, 112320, Note_on_c, 9, 49, 95
3, 112320, Note_on_c, 9, 57, 95
3, 112800, Note_off_c, 9, 36, 80
3, 112800, Note_off_c, 9, 49, 80
3, 112800, Note_off_c, 9, 57, 80
3, 112800, Note_on_c, 9, 36, 95
3, 112800, Note_on_c, 9, 49, 95
3, 112800, Note_on_c, 9, 57, 95
3, 113280, Note_off_c, 9, 36, 80
3, 113280, Note_off_c, 9, 49, 80
3, 113280, Note_off_c, 9, 57, 80
3, 113280, Note_on_c, 9, 36, 95
3, 113280, Note_on_c, 9, 49, 95
3, 113280, Note_on_c, 9, 57, 95
3, 113760, Note_off_c, 9, 36, 80
3, 113760, Note_off_c, 9, 49, 80
3, 113760, Note_off_c, 9, 57, 80
3, 113760, Note_on_c, 9, 36, 95
3, 113760, Note_on_c, 9, 49, 95
3, 113760, Note_on_c, 9, 57, 95
3, 114240, Note_off_c, 9, 36, 80
3, 114240, Note_off_c, 9, 49, 80
3, 114240, Note_off_c, 9, 57, 80
3, 114240, Note_on_c, 9, 36, 95
3, 114240, Note_on_c, 9, 49, 95
3, 114240, Note_on_c, 9, 57, 95
3, 114720, Note_off_c, 9, 36, 80
3, 114720, Note_off_c, 9, 49, 80
3, 114720, Note_off_c, 9, 57, 80
3, 114720, Note_on_c, 9, 36, 95
3, 114720, Note_on_c, 9, 49, 95
3, 114720, Note_on_c, 9, 57, 95
3, 115200, Note_off_c, 9, 36, 80
3, 115200, Note_off_c, 9, 49, 80
3, 115200, Note_off_c, 9, 57, 80
3, 115200, Note_on_c, 9, 36, 95
3, 115200, Note_on_c, 9, 49, 95
3, 115200, Note_on_c, 9, 57, 95
3, 115680, Note_off_c, 9, 36, 80
3, 115680, Note_off_c, 9, 49, 80
3, 115680, Note_off_c, 9, 57, 80
3, 115680, Note_on_c, 9, 36, 95
3, 116160, Note_off_c, 9, 36, 80
3, 116160, Note_on_c, 9, 36, 95
3, 116640, Note_off_c, 9, 36, 80
3, 116640, Note_on_c, 9, 36, 95
3, 117120, Note_off_c, 9, 36, 80
3, 117120, Note_on_c, 9, 36, 95
3, 117120, Note_on_c, 9, 49, 95
3, 117120, Note_on_c, 9, 57, 95
3, 117600, Note_off_c, 9, 36, 80
3, 117600, Note_off_c, 9, 49, 80
3, 117600, Note_off_c, 9, 57, 80
3, 117600, Note_on_c, 9, 36, 95
3, 118080, Note_off_c, 9, 36, 80
3, 118080, Note_on_c, 9, 36, 95
3, 118560, Note_off_c, 9, 36, 80
3, 118560, Note_on_c, 9, 36, 95
3, 119040, Note_off_c, 9, 36, 80
3, 119040, Note_on_c, 9, 36, 95
3, 119040, Note_on_c, 9, 49, 95
3, 119040, Note_on_c, 9, 57, 95
3, 119520, Note_off_c, 9, 36, 80
3, 119520, Note_off_c, 9, 49, 80
3, 119520, Note_off_c, 9, 57, 80
3, 119520, Note_on_c, 9, 36, 95
3, 120000, Note_off_c, 9, 36, 80
3, 120000, Note_on_c, 9, 36, 95
3, 120480, Note_off_c, 9, 36, 80
3, 120480, Note_on_c, 9, 36, 95
3, 120960, Note_off_c, 9, 36, 80
3, 120960, Note_on_c, 9, 36, 95
3, 121440, Note_off_c, 9, 36, 80
3, 121440, Note_on_c, 9, 36, 95
3, 121920, Note_off_c, 9, 36, 80
3, 121920, Note_on_c, 9, 36, 95
3, 122400, Note_off_c, 9, 36, 80
3, 122400, Note_on_c, 9, 36, 95
3, 122880, Note_off_c, 9, 36, 80
3, 122880, Note_on_c, 9, 36, 95
3, 123360, Note_off_c, 9, 36, 80
3, 123360, Note_on_c, 9, 36, 95
3, 123840, Note_off_c, 9, 36, 80
3, 123840, Note_on_c, 9, 36, 95
3, 124320, Note_off_c, 9, 36, 80
3, 124320, Note_on_c, 9, 36, 95
3, 124800, Note_off_c, 9, 36, 80
3, 124800, Note_on_c, 9, 36, 95
3, 125280, Note_off_c, 9, 36, 80
3, 125280, Note_on_c, 9, 36, 95
3, 125760, Note_off_c, 9, 36, 80
3, 125760, Note_on_c, 9, 36, 95
3, 126240, Note_off_c, 9, 36, 80
3, 126240, Note_on_c, 9, 36, 95
3, 126720, Note_off_c, 9, 36, 80
3, 126720, Note_on_c, 9, 36, 95
3, 127680, Note_off_c, 9, 36, 80
3, 127680, Note_on_c, 9, 36, 95
3, 128160, Note_off_c, 9, 36, 80
3, 130560, Note_on_c, 9, 36, 95
3, 130560, Note_on_c, 9, 49, 95
3, 130560, Note_on_c, 9, 57, 95
3, 130740, Note_off_c, 9, 36, 80
3, 130740, Note_off_c, 9, 49, 80
3, 130740, Note_off_c, 9, 57, 80
3, 130920, Note_on_c, 9, 36, 95
3, 130920, Note_on_c, 9, 49, 95
3, 130920, Note_on_c, 9, 57, 95
3, 131100, Note_off_c, 9, 36, 80
3, 131100, Note_off_c, 9, 49, 80
3, 131100, Note_off_c, 9, 57, 80
3, 131280, Note_on_c, 9, 36, 95
3, 131280, Note_on_c, 9, 49, 95
3, 131280, Note_on_c, 9, 57, 95
3, 131520, Note_off_c, 9, 36, 80
3, 131520, Note_off_c, 9, 49, 80
3, 131520, Note_off_c, 9, 57, 80
3, 131520, End_track
4, 0, Start_track
4, 0, Title_t, "Jack White (whammy pedal)"
4, 0, Control_c, 2, 100, 0
4, 0, Control_c, 2, 101, 0
4, 0, Control_c, 2, 6, 12
4, 0, Pitch_bend_c, 2, 8192
4, 0, Control_c, 3, 100, 0
4, 0, Control_c, 3, 101, 0
4, 0, Control_c, 3, 6, 12
4, 0, Pitch_bend_c, 3, 8192
4, 0, Program_c, 2, 29
4, 0, Program_c, 3, 29
4, 0, Control_c, 2, 7, 104
4, 0, Control_c, 3, 7, 104
4, 0, Control_c, 2, 10, 64
4, 0, Control_c, 3, 10, 64
4, 0, Control_c, 2, 93, 0
4, 0, Control_c, 3, 93, 0
4, 0, Control_c, 2, 91, 0
4, 0, Control_c, 3, 91, 0
4, 0, Control_c, 2, 92, 0
4, 0, Control_c, 3, 92, 0
4, 0, Control_c, 2, 95, 0
4, 0, Control_c, 3, 95, 0
4, 31200, Note_on_c, 3, 59, 95
4, 31440, Pitch_bend_c, 3, 8832
4, 31480, Pitch_bend_c, 3, 9600
4, 31520, Pitch_bend_c, 3, 10240
4, 31560, Pitch_bend_c, 3, 10880
4, 31600, Pitch_bend_c, 3, 11648
4, 31640, Pitch_bend_c, 3, 12288
4, 31680, Note_off_c, 3, 59, 80
4, 31680, Pitch_bend_c, 3, 8192
4, 31680, Note_on_c, 3, 66, 86
4, 31920, Pitch_bend_c, 3, 7552
4, 31960, Pitch_bend_c, 3, 6784
4, 32000, Pitch_bend_c, 3, 6144
4, 32040, Pitch_bend_c, 3, 5504
4, 32080, Pitch_bend_c, 3, 4736
4, 32120, Pitch_bend_c, 3, 4096
4, 32160, Note_off_c, 3, 66, 80
4, 32160, Pitch_bend_c, 3, 8192
4, 32160, Note_on_c, 2, 59, 86
4, 32640, Note_off_c, 2, 59, 80
4, 48000, Note_on_c, 2, 76, 95
4, 48240, Note_off_c, 2, 76, 80
4, 48240, Note_on_c, 2, 76, 95
4, 48360, Note_off_c, 2, 76, 80
4, 48360, Note_on_c, 2, 76, 95
4, 48480, Note_off_c, 2, 76, 80
4, 48480, Note_on_c, 2, 80, 95
4, 48720, Note_off_c, 2, 80, 80
4, 48720, Note_on_c, 2, 81, 95
4, 48960, Note_off_c, 2, 81, 80
4, 48960, Note_on_c, 2, 83, 95
4, 49200, Note_off_c, 2, 83, 80
4, 49200, Note_on_c, 2, 81, 95
4, 49440, Note_off_c, 2, 81, 80
4, 49440, Note_on_c, 2, 80, 95
4, 49680, Note_off_c, 2, 80, 80
4, 49680, Note_on_c, 2, 76, 95
4, 49920, Note_off_c, 2, 76, 80
4, 49920, Note_on_c, 2, 74, 95
4, 50160, Note_off_c, 2, 74, 80
4, 50160, Note_on_c, 2, 74, 95
4, 50280, Note_off_c, 2, 74, 80
4, 50280, Note_on_c, 2, 74, 95
4, 50400, Note_off_c, 2, 74, 80
4, 50400, Note_on_c, 2, 74, 95
4, 50640, Note_off_c, 2, 74, 80
4, 50640, Note_on_c, 2, 76, 95
4, 50880, Note_off_c, 2, 76, 80
4, 50880, Note_on_c, 2, 78, 95
4, 51120, Note_off_c, 2, 78, 80
4, 51120, Note_on_c, 3, 76, 95
4, 51120, Pitch_bend_c, 3, 8192
4, 51152, Pitch_bend_c, 3, 8320
4, 51200, Pitch_bend_c, 3, 8448
4, 51248, Pitch_bend_c, 3, 8576
4, 51280, Pitch_bend_c, 3, 8704
4, 51328, Pitch_bend_c, 3, 8832
4, 51600, Note_off_c, 3, 76, 80
4, 51600, Pitch_bend_c, 3, 8192
4, 51600, Note_on_c, 2, 74, 95
4, 51840, Note_off_c, 2, 74, 80
4, 51840, Note_on_c, 2, 76, 95
4, 52080, Note_off_c, 2, 76, 80
4, 52080, Note_on_c, 2, 76, 95
4, 52200, Note_off_c, 2, 76, 80
4, 52200, Note_on_c, 2, 76, 95
4, 52320, Note_off_c, 2, 76, 80
4, 52320, Note_on_c, 2, 80, 95
4, 52560, Note_off_c, 2, 80, 80
4, 52560, Note_on_c, 2, 81, 95
4, 52800, Note_off_c, 2, 81, 80
4, 52800, Note_on_c, 2, 83, 95
4, 53040, Note_off_c, 2, 83, 80
4, 53040, Note_on_c, 2, 81, 95
4, 53280, Note_off_c, 2, 81, 80
4, 53280, Note_on_c, 2, 80, 95
4, 53520, Note_off_c, 2, 80, 80
4, 53520, Note_on_c, 2, 76, 95
4, 53760, Note_off_c, 2, 76, 80
4, 53760, Note_on_c, 2, 74, 95
4, 54000, Note_off_c, 2, 74, 80
4, 54000, Note_on_c, 2, 74, 95
4, 54120, Note_off_c, 2, 74, 80
4, 54120, Note_on_c, 2, 74, 95
4, 54240, Note_off_c, 2, 74, 80
4, 54240, Note_on_c, 2, 74, 95
4, 54480, Note_off_c, 2, 74, 80
4, 54480, Note_on_c, 2, 76, 95
4, 54720, Note_off_c, 2, 76, 80
4, 54720, Note_on_c, 2, 78, 95
4, 54960, Note_off_c, 2, 78, 80
4, 54960, Note_on_c, 3, 76, 95
4, 54960, Pitch_bend_c, 3, 8192
4, 54992, Pitch_bend_c, 3, 8320
4, 55040, Pitch_bend_c, 3, 8448
4, 55088, Pitch_bend_c, 3, 8576
4, 55120, Pitch_bend_c, 3, 8704
4, 55168, Pitch_bend_c, 3, 8832
4, 55440, Note_off_c, 3, 76, 80
4, 55440, Pitch_bend_c, 3, 8192
4, 55440, Note_on_c, 2, 74, 95
4, 55680, Note_off_c, 2, 74, 80
4, 55680, Note_on_c, 2, 76, 95
4, 55920, Note_off_c, 2, 76, 80
4, 55920, Note_on_c, 2, 76, 95
4, 56040, Note_off_c, 2, 76, 80
4, 56040, Note_on_c, 2, 76, 95
4, 56160, Note_off_c, 2, 76, 80
4, 56160, Note_on_c, 2, 80, 95
4, 56400, Note_off_c, 2, 80, 80
4, 56400, Note_on_c, 2, 81, 95
4, 56640, Note_off_c, 2, 81, 80
4, 56640, Note_on_c, 2, 83, 95
4, 56880, Note_off_c, 2, 83, 80
4, 56880, Note_on_c, 2, 81, 95
4, 57120, Note_off_c, 2, 81, 80
4, 57120, Note_on_c, 2, 80, 95
4, 57360, Note_off_c, 2, 80, 80
4, 57360, Note_on_c, 2, 76, 95
4, 57600, Note_off_c, 2, 76, 80
4, 57600, Note_on_c, 2, 74, 95
4, 57840, Note_off_c, 2, 74, 80
4, 57840, Note_on_c, 2, 74, 95
4, 57960, Note_off_c, 2, 74, 80
4, 57960, Note_on_c, 2, 74, 95
4, 58080, Note_off_c, 2, 74, 80
4, 58080, Note_on_c, 2, 74, 95
4, 58320, Note_off_c, 2, 74, 80
4, 58320, Note_on_c, 2, 76, 95
4, 58560, Note_off_c, 2, 76, 80
4, 58560, Note_on_c, 2, 78, 95
4, 58800, Note_off_c, 2, 78, 80
4, 58800, Note_on_c, 3, 76, 95
4, 58800, Pitch_bend_c, 3, 8192
4, 58832, Pitch_bend_c, 3, 8320
4, 58880, Pitch_bend_c, 3, 8448
4, 58928, Pitch_bend_c, 3, 8576
4, 58960, Pitch_bend_c, 3, 8704
4, 59008, Pitch_bend_c, 3, 8832
4, 59280, Note_off_c, 3, 76, 80
4, 59280, Pitch_bend_c, 3, 8192
4, 59280, Note_on_c, 2, 74, 95
4, 59520, Note_off_c, 2, 74, 80
4, 59520, Note_on_c, 2, 76, 95
4, 59760, Note_off_c, 2, 76, 80
4, 59760, Note_on_c, 2, 76, 95
4, 59880, Note_off_c, 2, 76, 80
4, 59880, Note_on_c, 2, 76, 95
4, 60000, Note_off_c, 2, 76, 80
4, 60000, Note_on_c, 2, 80, 95
4, 60240, Note_off_c, 2, 80, 80
4, 60240, Note_on_c, 2, 81, 95
4, 60480, Note_off_c, 2, 81, 80
4, 60480, Note_on_c, 2, 83, 95
4, 60720, Note_off_c, 2, 83, 80
4, 60720, Note_on_c, 2, 81, 95
4, 60960, Note_off_c, 2, 81, 80
4, 60960, Note_on_c, 2, 80, 95
4, 61200, Note_off_c, 2, 80, 80
4, 61200, Note_on_c, 2, 76, 95
4, 61440, Note_off_c, 2, 76, 80
4, 61440, Note_on_c, 2, 74, 95
4, 61680, Note_off_c, 2, 74, 80
4, 61680, Note_on_c, 2, 74, 95
4, 61800, Note_off_c, 2, 74, 80
4, 61800, Note_on_c, 2, 74, 95
4, 61920, Note_off_c, 2, 74, 80
4, 61920, Note_on_c, 2, 74, 95
4, 62160, Note_off_c, 2, 74, 80
4, 62160, Note_on_c, 2, 76, 95
4, 62400, Note_off_c, 2, 76, 80
4, 62400, Note_on_c, 2, 78, 95
4, 62640, Note_off_c, 2, 78, 80
4, 62640, Note_on_c, 3, 76, 95
4, 62640, Pitch_bend_c, 3, 8192
4, 62672, Pitch_bend_c, 3, 8320
4, 62720, Pitch_bend_c, 3, 8448
4, 62768, Pitch_bend_c, 3, 8576
4, 62800, Pitch_bend_c, 3, 8704
4, 62848, Pitch_bend_c, 3, 8832
4, 63120, Note_off_c, 3, 76, 80
4, 63120, Pitch_bend_c, 3, 8192
4, 63120, Note_on_c, 2, 74, 95
4, 63360, Note_off_c, 2, 74, 80
4, 69600, Note_on_c, 3, 59, 95
4, 69840, Pitch_bend_c, 3, 8832
4, 69880, Pitch_bend_c, 3, 9600
4, 69920, Pitch_bend_c, 3, 10240
4, 69960, Pitch_bend_c, 3, 10880
4, 70000, Pitch_bend_c, 3, 11648
4, 70040, Pitch_bend_c, 3, 12288
4, 70080, Note_off_c, 3, 59, 80
4, 70080, Pitch_bend_c, 3, 8192
4, 70080, Note_on_c, 3, 66, 86
4, 70320, Pitch_bend_c, 3, 7552
4, 70360, Pitch_bend_c, 3, 6784
4, 70400, Pitch_bend_c, 3, 6144
4, 70440, Pitch_bend_c, 3, 5504
4, 70480, Pitch_bend_c, 3, 4736
4, 70520, Pitch_bend_c, 3, 4096
4, 70560, Note_off_c, 3, 66, 80
4, 70560, Pitch_bend_c, 3, 8192
4, 70560, Note_on_c, 2, 59, 86
4, 71040, Note_off_c, 2, 59, 80
4, 71040, End_track
0, 0, End_of_file
