0, 0, Header, 1, 3, 120
1, 0, Start_track
1, 0, Time_signature, 4, 2, 24, 8
1, 0, Tempo, 327869
1, 1920, Time_signature, 2, 2, 24, 8
1, 2160, Time_signature, 4, 2, 24, 8
1, 9840, Time_signature, 2, 2, 24, 8
1, 10080, Time_signature, 4, 2, 24, 8
1, 13440, Time_signature, 2, 2, 24, 8
1, 13680, Time_signature, 4, 2, 24, 8
1, 21360, Time_signature, 2, 2, 24, 8
1, 21600, Time_signature, 4, 2, 24, 8
1, 33600, Time_signature, 2, 2, 24, 8
1, 33840, Time_signature, 4, 2, 24, 8
1, 41520, Time_signature, 2, 2, 24, 8
1, 41760, Time_signature, 4, 2, 24, 8
1, 42240, Time_signature, 2, 2, 24, 8
1, 42240, End_track
2, 0, Start_track
2, 0, Program_c, 1, 25
2, 0, Control_c, 1, 7, 127
2, 0, Note_on_c, 1, 56, 110
2, 0, Note_on_c, 1, 52, 110
2, 0, Note_on_c, 1, 47, 110
2, 0, Note_on_c, 1, 40, 110
2, 96, Note_off_c, 1, 40, 64
2, 96, Note_off_c, 1, 47, 64
2, 96, Note_off_c, 1, 52, 64
2, 96, Note_off_c, 1, 56, 64
2, 120, Note_on_c, 1, 57, 110
2, 216, Note_off_c, 1, 57, 64
2, 240, Note_on_c, 1, 59, 110
2, 312, Note_off_c, 1, 59, 64
2, 330, Note_on_c, 1, 40, 110
2, 354, Note_off_c, 1, 40, 64
2, 360, Note_on_c, 1, 47, 110
2, 360, Note_on_c, 1, 54, 110
2, 408, Note_off_c, 1, 54, 64
2, 408, Note_off_c, 1, 47, 64
2, 420, Note_on_c, 1, 59, 110
2, 420, Note_on_c, 1, 47, 110
2, 468, Note_off_c, 1, 47, 64
2, 468, Note_off_c, 1, 59, 64
2, 480, Note_on_c, 1, 56, 110
2, 480, Note_on_c, 1, 52, 110
2, 576, Note_off_c, 1, 52, 64
2, 576, Note_off_c, 1, 56, 64
2, 600, Note_on_c, 1, 57, 110
2, 600, Note_on_c, 1, 54, 110
2, 696, Note_off_c, 1, 54, 64
2, 696, Note_off_c, 1, 57, 64
2, 720, Note_on_c, 1, 47, 110
2, 816, Note_off_c, 1, 47, 64
2, 840, Note_on_c, 1, 57, 110
2, 840, Note_on_c, 1, 54, 110
2, 840, Note_on_c, 1, 40, 110
2, 840, Note_on_c, 1, 63, 110
2, 936, Note_off_c, 1, 63, 64
2, 936, Note_off_c, 1, 40, 64
2, 936, Note_off_c, 1, 54, 64
2, 936, Note_off_c, 1, 57, 64
2, 960, Note_on_c, 1, 56, 110
2, 960, Note_on_c, 1, 52, 110
2, 960, Note_on_c, 1, 47, 110
2, 960, Note_on_c, 1, 40, 110
2, 1056, Note_off_c, 1, 40, 64
2, 1056, Note_off_c, 1, 47, 64
2, 1056, Note_off_c, 1, 52, 64
2, 1056, Note_off_c, 1, 56, 64
2, 1080, Note_on_c, 1, 57, 110
2, 1176, Note_off_c, 1, 57, 64
2, 1200, Note_on_c, 1, 59, 110
2, 1272, Note_off_c, 1, 59, 64
2, 1290, Note_on_c, 1, 47, 110
2, 1314, Note_off_c, 1, 47, 64
2, 1320, Note_on_c, 1, 54, 110
2, 1536, Note_off_c, 1, 54, 64
2, 1560, Note_on_c, 1, 54, 110
2, 1560, Note_on_c, 1, 56, 110
2, 1632, Note_off_c, 1, 56, 64
2, 1632, Note_off_c, 1, 54, 64
2, 1650, Note_on_c, 1, 40, 110
2, 1674, Note_off_c, 1, 40, 64
2, 1680, Note_on_c, 1, 57, 110
2, 1728, Note_off_c, 1, 57, 64
2, 1740, Note_on_c, 1, 56, 110
2, 1788, Note_off_c, 1, 56, 64
2, 1800, Note_on_c, 1, 54, 110
2, 1896, Note_off_c, 1, 54, 64
2, 1920, Note_on_c, 1, 52, 110
2, 1920, Note_on_c, 1, 47, 110
2, 2016, Note_off_c, 1, 47, 64
2, 2016, Note_off_c, 1, 52, 64
2, 2040, Note_on_c, 1, 40, 110
2, 2088, Note_off_c, 1, 40, 64
2, 2100, Note_on_c, 1, 52, 110
2, 2148, Note_off_c, 1, 52, 64
2, 2160, Note_on_c, 1, 40, 110
2, 2160, Note_on_c, 1, 56, 110
2, 2208, Note_off_c, 1, 56, 64
2, 2220, Note_on_c, 1, 57, 110
2, 2256, Note_off_c, 1, 40, 64
2, 2280, Note_on_c, 1, 40, 110
2, 2316, Note_off_c, 1, 57, 64
2, 2340, Note_on_c, 1, 59, 110
2, 2376, Note_off_c, 1, 40, 64
2, 2400, Note_on_c, 1, 40, 110
2, 2448, Note_off_c, 1, 40, 64
2, 2460, Note_on_c, 1, 52, 110
2, 2496, Note_off_c, 1, 59, 64
2, 2520, Note_on_c, 1, 64, 110
2, 2556, Note_off_c, 1, 52, 64
2, 2580, Note_on_c, 1, 40, 110
2, 2628, Note_off_c, 1, 40, 64
2, 2640, Note_on_c, 1, 40, 110
2, 2688, Note_off_c, 1, 64, 64
2, 2700, Note_on_c, 1, 59, 110
2, 2736, Note_off_c, 1, 40, 64
2, 2760, Note_on_c, 1, 40, 110
2, 2808, Note_off_c, 1, 40, 64
2, 2820, Note_on_c, 1, 52, 110
2, 2844, Note_off_c, 1, 59, 64
2, 2880, Note_on_c, 1, 57, 110
2, 2928, Note_off_c, 1, 57, 64
2, 2940, Note_on_c, 1, 56, 110
2, 2976, Note_off_c, 1, 52, 64
2, 3000, Note_on_c, 1, 40, 110
2, 3048, Note_off_c, 1, 40, 64
2, 3060, Note_on_c, 1, 52, 110
2, 3084, Note_off_c, 1, 56, 64
2, 3108, Note_off_c, 1, 52, 64
2, 3120, Note_on_c, 1, 40, 110
2, 3120, Note_on_c, 1, 56, 110
2, 3168, Note_off_c, 1, 56, 64
2, 3180, Note_on_c, 1, 57, 110
2, 3216, Note_off_c, 1, 40, 64
2, 3240, Note_on_c, 1, 40, 110
2, 3276, Note_off_c, 1, 57, 64
2, 3300, Note_on_c, 1, 59, 110
2, 3336, Note_off_c, 1, 40, 64
2, 3420, Note_on_c, 1, 47, 110
2, 3456, Note_off_c, 1, 59, 64
2, 3480, Note_on_c, 1, 54, 110
2, 3564, Note_off_c, 1, 47, 64
2, 3600, Note_on_c, 1, 40, 110
2, 3648, Note_off_c, 1, 54, 64
2, 3660, Note_on_c, 1, 57, 110
2, 3696, Note_off_c, 1, 40, 64
2, 3720, Note_on_c, 1, 47, 110
2, 3768, Note_off_c, 1, 47, 64
2, 3780, Note_on_c, 1, 40, 110
2, 3804, Note_off_c, 1, 57, 64
2, 3840, Note_on_c, 1, 56, 110
2, 3936, Note_off_c, 1, 40, 64
2, 3960, Note_on_c, 1, 40, 110
2, 4008, Note_off_c, 1, 40, 64
2, 4020, Note_on_c, 1, 52, 110
2, 4032, Note_off_c, 1, 56, 64
2, 4068, Note_off_c, 1, 52, 64
2, 4080, Note_on_c, 1, 40, 110
2, 4080, Note_on_c, 1, 56, 110
2, 4128, Note_off_c, 1, 56, 64
2, 4140, Note_on_c, 1, 57, 110
2, 4176, Note_off_c, 1, 40, 64
2, 4200, Note_on_c, 1, 40, 110
2, 4236, Note_off_c, 1, 57, 64
2, 4260, Note_on_c, 1, 59, 110
2, 4296, Note_off_c, 1, 40, 64
2, 4320, Note_on_c, 1, 40, 110
2, 4368, Note_off_c, 1, 40, 64
2, 4380, Note_on_c, 1, 52, 110
2, 4416, Note_off_c, 1, 59, 64
2, 4440, Note_on_c, 1, 64, 110
2, 4476, Note_off_c, 1, 52, 64
2, 4500, Note_on_c, 1, 40, 110
2, 4548, Note_off_c, 1, 40, 64
2, 4560, Note_on_c, 1, 40, 110
2, 4608, Note_off_c, 1, 64, 64
2, 4620, Note_on_c, 1, 59, 110
2, 4656, Note_off_c, 1, 40, 64
2, 4680, Note_on_c, 1, 52, 110
2, 4728, Note_off_c, 1, 52, 64
2, 4740, Note_on_c, 1, 40, 110
2, 4764, Note_off_c, 1, 59, 64
2, 4788, Note_off_c, 1, 40, 64
2, 4800, Note_on_c, 1, 40, 110
2, 4800, Note_on_c, 1, 57, 110
2, 4848, Note_off_c, 1, 57, 64
2, 4860, Note_on_c, 1, 56, 110
2, 4896, Note_off_c, 1, 40, 64
2, 4920, Note_on_c, 1, 40, 110
2, 4968, Note_off_c, 1, 40, 64
2, 4980, Note_on_c, 1, 52, 110
2, 5004, Note_off_c, 1, 56, 64
2, 5028, Note_off_c, 1, 52, 64
2, 5040, Note_on_c, 1, 40, 110
2, 5040, Note_on_c, 1, 56, 110
2, 5088, Note_off_c, 1, 56, 64
2, 5100, Note_on_c, 1, 57, 110
2, 5136, Note_off_c, 1, 40, 64
2, 5160, Note_on_c, 1, 40, 110
2, 5196, Note_off_c, 1, 57, 64
2, 5220, Note_on_c, 1, 59, 110
2, 5256, Note_off_c, 1, 40, 64
2, 5268, Note_off_c, 1, 59, 64
2, 5280, Note_on_c, 1, 59, 110
2, 5340, Note_on_c, 1, 47, 110
2, 5376, Note_off_c, 1, 59, 64
2, 5400, Note_on_c, 1, 54, 110
2, 5568, Note_off_c, 1, 54, 64
2, 5568, Note_off_c, 1, 47, 64
2, 5580, Note_on_c, 1, 47, 110
2, 5580, Note_on_c, 1, 56, 110
2, 5676, Note_off_c, 1, 56, 64
2, 5676, Note_off_c, 1, 47, 64
2, 5700, Note_on_c, 1, 47, 110
2, 5700, Note_on_c, 1, 59, 110
2, 5748, Note_off_c, 1, 59, 64
2, 5748, Note_off_c, 1, 47, 64
2, 5760, Note_on_c, 1, 52, 110
2, 5880, Note_on_c, 1, 40, 110
2, 5952, Note_off_c, 1, 52, 64
2, 5976, Note_off_c, 1, 40, 64
2, 6000, Note_on_c, 1, 57, 110
2, 6000, Note_on_c, 1, 61, 110
2, 6048, Note_off_c, 1, 61, 64
2, 6060, Note_on_c, 1, 62, 110
2, 6096, Note_off_c, 1, 57, 64
2, 6120, Note_on_c, 1, 45, 110
2, 6156, Note_off_c, 1, 62, 64
2, 6180, Note_on_c, 1, 64, 110
2, 6216, Note_off_c, 1, 45, 64
2, 6240, Note_on_c, 1, 57, 110
2, 6288, Note_off_c, 1, 57, 64
2, 6300, Note_on_c, 1, 57, 110
2, 6336, Note_off_c, 1, 64, 64
2, 6348, Note_off_c, 1, 57, 64
2, 6360, Note_on_c, 1, 69, 110
2, 6360, Note_on_c, 1, 45, 110
2, 6456, Note_off_c, 1, 45, 64
2, 6480, Note_on_c, 1, 57, 110
2, 6528, Note_off_c, 1, 69, 64
2, 6540, Note_on_c, 1, 64, 110
2, 6576, Note_off_c, 1, 57, 64
2, 6600, Note_on_c, 1, 57, 110
2, 6648, Note_off_c, 1, 57, 64
2, 6660, Note_on_c, 1, 45, 110
2, 6684, Note_off_c, 1, 64, 64
2, 6708, Note_off_c, 1, 45, 64
2, 6720, Note_on_c, 1, 57, 110
2, 6720, Note_on_c, 1, 62, 110
2, 6768, Note_off_c, 1, 62, 64
2, 6780, Note_on_c, 1, 61, 110
2, 6816, Note_off_c, 1, 57, 64
2, 6840, Note_on_c, 1, 45, 110
2, 6888, Note_off_c, 1, 45, 64
2, 6900, Note_on_c, 1, 57, 110
2, 6924, Note_off_c, 1, 61, 64
2, 6948, Note_off_c, 1, 57, 64
2, 6960, Note_on_c, 1, 57, 110
2, 6960, Note_on_c, 1, 61, 110
2, 7008, Note_off_c, 1, 61, 64
2, 7020, Note_on_c, 1, 62, 110
2, 7056, Note_off_c, 1, 57, 64
2, 7080, Note_on_c, 1, 45, 110
2, 7116, Note_off_c, 1, 62, 64
2, 7140, Note_on_c, 1, 64, 110
2, 7176, Note_off_c, 1, 45, 64
2, 7260, Note_on_c, 1, 52, 110
2, 7296, Note_off_c, 1, 64, 64
2, 7320, Note_on_c, 1, 59, 110
2, 7404, Note_off_c, 1, 52, 64
2, 7440, Note_on_c, 1, 45, 110
2, 7488, Note_off_c, 1, 59, 64
2, 7500, Note_on_c, 1, 66, 110
2, 7536, Note_off_c, 1, 45, 64
2, 7560, Note_on_c, 1, 57, 110
2, 7608, Note_off_c, 1, 57, 64
2, 7620, Note_on_c, 1, 45, 110
2, 7644, Note_off_c, 1, 66, 64
2, 7680, Note_on_c, 1, 64, 110
2, 7776, Note_off_c, 1, 64, 64
2, 7776, Note_off_c, 1, 45, 64
2, 7800, Note_on_c, 1, 40, 110
2, 7848, Note_off_c, 1, 40, 64
2, 7860, Note_on_c, 1, 52, 110
2, 7908, Note_off_c, 1, 52, 64
2, 7920, Note_on_c, 1, 56, 110
2, 7968, Note_off_c, 1, 56, 64
2, 7980, Note_on_c, 1, 57, 110
2, 8040, Note_on_c, 1, 40, 110
2, 8076, Note_off_c, 1, 57, 64
2, 8100, Note_on_c, 1, 59, 110
2, 8136, Note_off_c, 1, 40, 64
2, 8160, Note_on_c, 1, 40, 110
2, 8208, Note_off_c, 1, 40, 64
2, 8220, Note_on_c, 1, 52, 110
2, 8256, Note_off_c, 1, 59, 64
2, 8280, Note_on_c, 1, 64, 110
2, 8316, Note_off_c, 1, 52, 64
2, 8340, Note_on_c, 1, 40, 110
2, 8388, Note_off_c, 1, 40, 64
2, 8400, Note_on_c, 1, 40, 110
2, 8448, Note_off_c, 1, 64, 64
2, 8460, Note_on_c, 1, 59, 110
2, 8496, Note_off_c, 1, 40, 64
2, 8520, Note_on_c, 1, 40, 110
2, 8568, Note_off_c, 1, 40, 64
2, 8580, Note_on_c, 1, 52, 110
2, 8604, Note_off_c, 1, 59, 64
2, 8640, Note_on_c, 1, 57, 110
2, 8688, Note_off_c, 1, 57, 64
2, 8700, Note_on_c, 1, 56, 110
2, 8736, Note_off_c, 1, 52, 64
2, 8760, Note_on_c, 1, 40, 110
2, 8808, Note_off_c, 1, 40, 64
2, 8820, Note_on_c, 1, 52, 110
2, 8844, Note_off_c, 1, 56, 64
2, 8868, Note_off_c, 1, 52, 64
2, 8880, Note_on_c, 1, 56, 110
2, 8928, Note_off_c, 1, 56, 64
2, 8940, Note_on_c, 1, 57, 110
2, 9000, Note_on_c, 1, 40, 110
2, 9036, Note_off_c, 1, 57, 64
2, 9060, Note_on_c, 1, 59, 110
2, 9096, Note_off_c, 1, 40, 64
2, 9120, Note_on_c, 1, 40, 110
2, 9168, Note_off_c, 1, 40, 64
2, 9180, Note_on_c, 1, 47, 110
2, 9216, Note_off_c, 1, 59, 64
2, 9240, Note_on_c, 1, 54, 110
2, 9324, Note_off_c, 1, 47, 64
2, 9360, Note_on_c, 1, 40, 110
2, 9408, Note_off_c, 1, 54, 64
2, 9420, Note_on_c, 1, 56, 110
2, 9456, Note_off_c, 1, 40, 64
2, 9480, Note_on_c, 1, 47, 110
2, 9528, Note_off_c, 1, 47, 64
2, 9540, Note_on_c, 1, 47, 110
2, 9564, Note_off_c, 1, 56, 64
2, 9588, Note_off_c, 1, 47, 64
2, 9600, Note_on_c, 1, 52, 110
2, 9720, Note_on_c, 1, 40, 110
2, 9744, Note_off_c, 1, 52, 64
2, 9780, Note_on_c, 1, 52, 110
2, 9816, Note_off_c, 1, 40, 64
2, 9828, Note_off_c, 1, 52, 64
2, 9840, Note_on_c, 1, 52, 110
2, 9936, Note_off_c, 1, 52, 64
2, 9960, Note_on_c, 1, 52, 110
2, 10056, Note_off_c, 1, 52, 64
2, 10080, Note_on_c, 1, 47, 110
2, 10080, Note_on_c, 1, 64, 110
2, 10080, Note_on_c, 1, 68, 110
2, 10128, Note_off_c, 1, 68, 64
2, 10128, Note_off_c, 1, 64, 64
2, 10128, Note_off_c, 1, 47, 64
2, 10200, Note_on_c, 1, 47, 110
2, 10248, Note_off_c, 1, 47, 64
2, 10260, Note_on_c, 1, 47, 110
2, 10260, Note_on_c, 1, 57, 110
2, 10260, Note_on_c, 1, 61, 110
2, 10260, Note_on_c, 1, 64, 110
2, 10308, Note_off_c, 1, 64, 64
2, 10308, Note_off_c, 1, 61, 64
2, 10308, Note_off_c, 1, 57, 64
2, 10308, Note_off_c, 1, 47, 64
2, 10380, Note_on_c, 1, 47, 110
2, 10428, Note_off_c, 1, 47, 64
2, 10440, Note_on_c, 1, 66, 110
2, 10440, Note_on_c, 1, 63, 110
2, 10440, Note_on_c, 1, 59, 110
2, 10440, Note_on_c, 1, 47, 110
2, 10488, Note_off_c, 1, 47, 64
2, 10500, Note_on_c, 1, 47, 110
2, 10608, Note_off_c, 1, 59, 64
2, 10608, Note_off_c, 1, 63, 64
2, 10608, Note_off_c, 1, 66, 64
2, 10620, Note_on_c, 1, 63, 110
2, 10668, Note_off_c, 1, 63, 64
2, 10680, Note_on_c, 1, 59, 110
2, 10704, Note_off_c, 1, 47, 64
2, 10728, Note_off_c, 1, 59, 64
2, 10740, Note_on_c, 1, 47, 110
2, 10740, Note_on_c, 1, 66, 110
2, 10788, Note_off_c, 1, 66, 64
2, 10788, Note_off_c, 1, 47, 64
2, 10800, Note_on_c, 1, 47, 110
2, 10800, Note_on_c, 1, 63, 110
2, 10848, Note_off_c, 1, 63, 64
2, 10860, Note_on_c, 1, 63, 110
2, 10896, Note_off_c, 1, 47, 64
2, 10908, Note_off_c, 1, 63, 64
2, 10920, Note_on_c, 1, 47, 110
2, 10920, Note_on_c, 1, 59, 110
2, 10968, Note_off_c, 1, 47, 64
2, 10980, Note_on_c, 1, 47, 110
2, 11016, Note_off_c, 1, 59, 64
2, 11028, Note_off_c, 1, 47, 64
2, 11040, Note_on_c, 1, 47, 110
2, 11040, Note_on_c, 1, 64, 110
2, 11040, Note_on_c, 1, 68, 110
2, 11088, Note_off_c, 1, 68, 64
2, 11088, Note_off_c, 1, 64, 64
2, 11088, Note_off_c, 1, 47, 64
2, 11160, Note_on_c, 1, 47, 110
2, 11208, Note_off_c, 1, 47, 64
2, 11220, Note_on_c, 1, 47, 110
2, 11220, Note_on_c, 1, 57, 110
2, 11220, Note_on_c, 1, 61, 110
2, 11220, Note_on_c, 1, 64, 110
2, 11268, Note_off_c, 1, 64, 64
2, 11268, Note_off_c, 1, 61, 64
2, 11268, Note_off_c, 1, 57, 64
2, 11268, Note_off_c, 1, 47, 64
2, 11340, Note_on_c, 1, 47, 110
2, 11388, Note_off_c, 1, 47, 64
2, 11400, Note_on_c, 1, 61, 110
2, 11400, Note_on_c, 1, 57, 110
2, 11400, Note_on_c, 1, 54, 110
2, 11400, Note_on_c, 1, 47, 110
2, 11448, Note_off_c, 1, 47, 64
2, 11460, Note_on_c, 1, 47, 110
2, 11616, Note_off_c, 1, 47, 64
2, 11640, Note_on_c, 1, 47, 110
2, 11664, Note_off_c, 1, 54, 64
2, 11664, Note_off_c, 1, 57, 64
2, 11664, Note_off_c, 1, 61, 64
2, 11700, Note_on_c, 1, 54, 110
2, 11736, Note_off_c, 1, 47, 64
2, 11748, Note_off_c, 1, 54, 64
2, 11760, Note_on_c, 1, 47, 110
2, 11760, Note_on_c, 1, 57, 110
2, 11760, Note_on_c, 1, 61, 110
2, 11808, Note_off_c, 1, 47, 64
2, 11820, Note_on_c, 1, 47, 110
2, 11856, Note_off_c, 1, 61, 64
2, 11856, Note_off_c, 1, 57, 64
2, 11868, Note_off_c, 1, 47, 64
2, 11880, Note_on_c, 1, 47, 110
2, 11928, Note_off_c, 1, 47, 64
2, 11940, Note_on_c, 1, 47, 110
2, 11988, Note_off_c, 1, 47, 64
2, 12000, Note_on_c, 1, 47, 110
2, 12000, Note_on_c, 1, 64, 110
2, 12000, Note_on_c, 1, 68, 110
2, 12048, Note_off_c, 1, 68, 64
2, 12048, Note_off_c, 1, 64, 64
2, 12048, Note_off_c, 1, 47, 64
2, 12120, Note_on_c, 1, 47, 110
2, 12168, Note_off_c, 1, 47, 64
2, 12180, Note_on_c, 1, 47, 110
2, 12180, Note_on_c, 1, 57, 110
2, 12180, Note_on_c, 1, 61, 110
2, 12180, Note_on_c, 1, 64, 110
2, 12228, Note_off_c, 1, 64, 64
2, 12228, Note_off_c, 1, 61, 64
2, 12228, Note_off_c, 1, 57, 64
2, 12228, Note_off_c, 1, 47, 64
2, 12300, Note_on_c, 1, 47, 110
2, 12348, Note_off_c, 1, 47, 64
2, 12360, Note_on_c, 1, 47, 110
2, 12360, Note_on_c, 1, 59, 110
2, 12360, Note_on_c, 1, 63, 110
2, 12360, Note_on_c, 1, 66, 110
2, 12408, Note_off_c, 1, 47, 64
2, 12420, Note_on_c, 1, 47, 110
2, 12456, Note_off_c, 1, 66, 64
2, 12456, Note_off_c, 1, 63, 64
2, 12456, Note_off_c, 1, 59, 64
2, 12480, Note_on_c, 1, 59, 110
2, 12480, Note_on_c, 1, 63, 110
2, 12480, Note_on_c, 1, 66, 110
2, 12528, Note_off_c, 1, 66, 64
2, 12528, Note_off_c, 1, 63, 64
2, 12528, Note_off_c, 1, 59, 64
2, 12540, Note_on_c, 1, 63, 110
2, 12576, Note_off_c, 1, 47, 64
2, 12588, Note_off_c, 1, 63, 64
2, 12600, Note_on_c, 1, 47, 110
2, 12600, Note_on_c, 1, 59, 110
2, 12648, Note_off_c, 1, 59, 64
2, 12648, Note_off_c, 1, 47, 64
2, 12660, Note_on_c, 1, 47, 110
2, 12660, Note_on_c, 1, 66, 110
2, 12708, Note_off_c, 1, 66, 64
2, 12708, Note_off_c, 1, 47, 64
2, 12720, Note_on_c, 1, 63, 110
2, 12768, Note_off_c, 1, 63, 64
2, 12780, Note_on_c, 1, 47, 110
2, 12780, Note_on_c, 1, 63, 110
2, 12828, Note_off_c, 1, 63, 64
2, 12828, Note_off_c, 1, 47, 64
2, 12840, Note_on_c, 1, 47, 110
2, 12840, Note_on_c, 1, 59, 110
2, 12888, Note_off_c, 1, 59, 64
2, 12900, Note_on_c, 1, 56, 110
2, 12936, Note_off_c, 1, 47, 64
2, 12948, Note_off_c, 1, 56, 64
2, 12960, Note_on_c, 1, 56, 110
2, 13008, Note_off_c, 1, 56, 64
2, 13020, Note_on_c, 1, 59, 110
2, 13068, Note_off_c, 1, 59, 64
2, 13080, Note_on_c, 1, 59, 110
2, 13128, Note_off_c, 1, 59, 64
2, 13140, Note_on_c, 1, 54, 110
2, 13188, Note_off_c, 1, 54, 64
2, 13200, Note_on_c, 1, 57, 110
2, 13248, Note_off_c, 1, 57, 64
2, 13260, Note_on_c, 1, 59, 110
2, 13308, Note_off_c, 1, 59, 64
2, 13320, Note_on_c, 1, 52, 110
2, 13368, Note_off_c, 1, 52, 64
2, 13380, Note_on_c, 1, 56, 110
2, 13428, Note_off_c, 1, 56, 64
2, 13440, Note_on_c, 1, 44, 110
2, 13488, Note_off_c, 1, 44, 64
2, 13500, Note_on_c, 1, 40, 110
2, 13548, Note_off_c, 1, 40, 64
2, 13560, Note_on_c, 1, 52, 110
2, 13560, Note_on_c, 1, 56, 110
2, 13656, Note_off_c, 1, 56, 64
2, 13656, Note_off_c, 1, 52, 64
2, 13680, Note_on_c, 1, 40, 110
2, 13680, Note_on_c, 1, 56, 110
2, 13728, Note_off_c, 1, 56, 64
2, 13740, Note_on_c, 1, 57, 110
2, 13776, Note_off_c, 1, 40, 64
2, 13800, Note_on_c, 1, 40, 110
2, 13836, Note_off_c, 1, 57, 64
2, 13860, Note_on_c, 1, 59, 110
2, 13896, Note_off_c, 1, 40, 64
2, 13920, Note_on_c, 1, 40, 110
2, 13968, Note_off_c, 1, 40, 64
2, 13980, Note_on_c, 1, 52, 110
2, 14016, Note_off_c, 1, 59, 64
2, 14040, Note_on_c, 1, 64, 110
2, 14076, Note_off_c, 1, 52, 64
2, 14100, Note_on_c, 1, 40, 110
2, 14148, Note_off_c, 1, 40, 64
2, 14160, Note_on_c, 1, 40, 110
2, 14208, Note_off_c, 1, 64, 64
2, 14220, Note_on_c, 1, 59, 110
2, 14256, Note_off_c, 1, 40, 64
2, 14280, Note_on_c, 1, 40, 110
2, 14328, Note_off_c, 1, 40, 64
2, 14340, Note_on_c, 1, 52, 110
2, 14364, Note_off_c, 1, 59, 64
2, 14400, Note_on_c, 1, 57, 110
2, 14448, Note_off_c, 1, 57, 64
2, 14460, Note_on_c, 1, 56, 110
2, 14496, Note_off_c, 1, 52, 64
2, 14520, Note_on_c, 1, 40, 110
2, 14568, Note_off_c, 1, 40, 64
2, 14580, Note_on_c, 1, 52, 110
2, 14604, Note_off_c, 1, 56, 64
2, 14628, Note_off_c, 1, 52, 64
2, 14640, Note_on_c, 1, 56, 110
2, 14640, Note_on_c, 1, 40, 110
2, 14688, Note_off_c, 1, 56, 64
2, 14700, Note_on_c, 1, 57, 110
2, 14736, Note_off_c, 1, 40, 64
2, 14760, Note_on_c, 1, 40, 110
2, 14796, Note_off_c, 1, 57, 64
2, 14820, Note_on_c, 1, 59, 110
2, 14856, Note_off_c, 1, 40, 64
2, 14940, Note_on_c, 1, 47, 110
2, 14976, Note_off_c, 1, 59, 64
2, 15000, Note_on_c, 1, 54, 110
2, 15084, Note_off_c, 1, 47, 64
2, 15120, Note_on_c, 1, 40, 110
2, 15168, Note_off_c, 1, 54, 64
2, 15180, Note_on_c, 1, 57, 110
2, 15216, Note_off_c, 1, 40, 64
2, 15240, Note_on_c, 1, 47, 110
2, 15288, Note_off_c, 1, 47, 64
2, 15300, Note_on_c, 1, 40, 110
2, 15324, Note_off_c, 1, 57, 64
2, 15360, Note_on_c, 1, 56, 110
2, 15456, Note_off_c, 1, 40, 64
2, 15480, Note_on_c, 1, 40, 110
2, 15528, Note_off_c, 1, 40, 64
2, 15540, Note_on_c, 1, 52, 110
2, 15552, Note_off_c, 1, 56, 64
2, 15588, Note_off_c, 1, 52, 64
2, 15600, Note_on_c, 1, 56, 110
2, 15600, Note_on_c, 1, 40, 110
2, 15648, Note_off_c, 1, 56, 64
2, 15660, Note_on_c, 1, 57, 110
2, 15696, Note_off_c, 1, 40, 64
2, 15720, Note_on_c, 1, 40, 110
2, 15756, Note_off_c, 1, 57, 64
2, 15780, Note_on_c, 1, 59, 110
2, 15816, Note_off_c, 1, 40, 64
2, 15840, Note_on_c, 1, 40, 110
2, 15888, Note_off_c, 1, 40, 64
2, 15900, Note_on_c, 1, 52, 110
2, 15936, Note_off_c, 1, 59, 64
2, 15960, Note_on_c, 1, 64, 110
2, 15996, Note_off_c, 1, 52, 64
2, 16020, Note_on_c, 1, 40, 110
2, 16068, Note_off_c, 1, 40, 64
2, 16080, Note_on_c, 1, 40, 110
2, 16128, Note_off_c, 1, 64, 64
2, 16140, Note_on_c, 1, 59, 110
2, 16176, Note_off_c, 1, 40, 64
2, 16200, Note_on_c, 1, 52, 110
2, 16248, Note_off_c, 1, 52, 64
2, 16260, Note_on_c, 1, 40, 110
2, 16284, Note_off_c, 1, 59, 64
2, 16308, Note_off_c, 1, 40, 64
2, 16320, Note_on_c, 1, 57, 110
2, 16320, Note_on_c, 1, 40, 110
2, 16368, Note_off_c, 1, 57, 64
2, 16380, Note_on_c, 1, 56, 110
2, 16416, Note_off_c, 1, 40, 64
2, 16440, Note_on_c, 1, 40, 110
2, 16488, Note_off_c, 1, 40, 64
2, 16500, Note_on_c, 1, 52, 110
2, 16524, Note_off_c, 1, 56, 64
2, 16548, Note_off_c, 1, 52, 64
2, 16560, Note_on_c, 1, 56, 110
2, 16560, Note_on_c, 1, 40, 110
2, 16608, Note_off_c, 1, 56, 64
2, 16620, Note_on_c, 1, 57, 110
2, 16656, Note_off_c, 1, 40, 64
2, 16680, Note_on_c, 1, 40, 110
2, 16716, Note_off_c, 1, 57, 64
2, 16740, Note_on_c, 1, 59, 110
2, 16776, Note_off_c, 1, 40, 64
2, 16788, Note_off_c, 1, 59, 64
2, 16800, Note_on_c, 1, 59, 110
2, 16860, Note_on_c, 1, 47, 110
2, 16896, Note_off_c, 1, 59, 64
2, 16920, Note_on_c, 1, 54, 110
2, 17088, Note_off_c, 1, 54, 64
2, 17088, Note_off_c, 1, 47, 64
2, 17100, Note_on_c, 1, 56, 110
2, 17100, Note_on_c, 1, 47, 110
2, 17196, Note_off_c, 1, 47, 64
2, 17196, Note_off_c, 1, 56, 64
2, 17220, Note_on_c, 1, 59, 110
2, 17220, Note_on_c, 1, 47, 110
2, 17268, Note_off_c, 1, 47, 64
2, 17268, Note_off_c, 1, 59, 64
2, 17280, Note_on_c, 1, 52, 110
2, 17400, Note_on_c, 1, 40, 110
2, 17472, Note_off_c, 1, 52, 64
2, 17496, Note_off_c, 1, 40, 64
2, 17520, Note_on_c, 1, 61, 110
2, 17520, Note_on_c, 1, 57, 110
2, 17568, Note_off_c, 1, 61, 64
2, 17580, Note_on_c, 1, 62, 110
2, 17616, Note_off_c, 1, 57, 64
2, 17640, Note_on_c, 1, 45, 110
2, 17676, Note_off_c, 1, 62, 64
2, 17700, Note_on_c, 1, 64, 110
2, 17736, Note_off_c, 1, 45, 64
2, 17760, Note_on_c, 1, 57, 110
2, 17808, Note_off_c, 1, 57, 64
2, 17820, Note_on_c, 1, 57, 110
2, 17856, Note_off_c, 1, 64, 64
2, 17868, Note_off_c, 1, 57, 64
2, 17880, Note_on_c, 1, 69, 110
2, 17880, Note_on_c, 1, 45, 110
2, 17976, Note_off_c, 1, 45, 64
2, 18000, Note_on_c, 1, 57, 110
2, 18048, Note_off_c, 1, 69, 64
2, 18060, Note_on_c, 1, 64, 110
2, 18096, Note_off_c, 1, 57, 64
2, 18120, Note_on_c, 1, 57, 110
2, 18168, Note_off_c, 1, 57, 64
2, 18180, Note_on_c, 1, 45, 110
2, 18204, Note_off_c, 1, 64, 64
2, 18228, Note_off_c, 1, 45, 64
2, 18240, Note_on_c, 1, 62, 110
2, 18240, Note_on_c, 1, 57, 110
2, 18288, Note_off_c, 1, 62, 64
2, 18300, Note_on_c, 1, 61, 110
2, 18336, Note_off_c, 1, 57, 64
2, 18360, Note_on_c, 1, 45, 110
2, 18408, Note_off_c, 1, 45, 64
2, 18420, Note_on_c, 1, 57, 110
2, 18444, Note_off_c, 1, 61, 64
2, 18468, Note_off_c, 1, 57, 64
2, 18480, Note_on_c, 1, 61, 110
2, 18480, Note_on_c, 1, 57, 110
2, 18528, Note_off_c, 1, 61, 64
2, 18540, Note_on_c, 1, 62, 110
2, 18576, Note_off_c, 1, 57, 64
2, 18600, Note_on_c, 1, 45, 110
2, 18636, Note_off_c, 1, 62, 64
2, 18660, Note_on_c, 1, 64, 110
2, 18696, Note_off_c, 1, 45, 64
2, 18780, Note_on_c, 1, 52, 110
2, 18816, Note_off_c, 1, 64, 64
2, 18840, Note_on_c, 1, 59, 110
2, 18924, Note_off_c, 1, 52, 64
2, 18960, Note_on_c, 1, 45, 110
2, 19008, Note_off_c, 1, 59, 64
2, 19020, Note_on_c, 1, 66, 110
2, 19056, Note_off_c, 1, 45, 64
2, 19080, Note_on_c, 1, 57, 110
2, 19128, Note_off_c, 1, 57, 64
2, 19140, Note_on_c, 1, 45, 110
2, 19164, Note_off_c, 1, 66, 64
2, 19200, Note_on_c, 1, 64, 110
2, 19296, Note_off_c, 1, 64, 64
2, 19296, Note_off_c, 1, 45, 64
2, 19320, Note_on_c, 1, 40, 110
2, 19368, Note_off_c, 1, 40, 64
2, 19380, Note_on_c, 1, 52, 110
2, 19428, Note_off_c, 1, 52, 64
2, 19440, Note_on_c, 1, 56, 110
2, 19488, Note_off_c, 1, 56, 64
2, 19500, Note_on_c, 1, 57, 110
2, 19560, Note_on_c, 1, 40, 110
2, 19596, Note_off_c, 1, 57, 64
2, 19620, Note_on_c, 1, 59, 110
2, 19656, Note_off_c, 1, 40, 64
2, 19680, Note_on_c, 1, 40, 110
2, 19728, Note_off_c, 1, 40, 64
2, 19740, Note_on_c, 1, 52, 110
2, 19776, Note_off_c, 1, 59, 64
2, 19800, Note_on_c, 1, 64, 110
2, 19836, Note_off_c, 1, 52, 64
2, 19860, Note_on_c, 1, 40, 110
2, 19908, Note_off_c, 1, 40, 64
2, 19920, Note_on_c, 1, 40, 110
2, 19968, Note_off_c, 1, 64, 64
2, 19980, Note_on_c, 1, 59, 110
2, 20016, Note_off_c, 1, 40, 64
2, 20040, Note_on_c, 1, 40, 110
2, 20088, Note_off_c, 1, 40, 64
2, 20100, Note_on_c, 1, 52, 110
2, 20124, Note_off_c, 1, 59, 64
2, 20160, Note_on_c, 1, 57, 110
2, 20208, Note_off_c, 1, 57, 64
2, 20220, Note_on_c, 1, 56, 110
2, 20256, Note_off_c, 1, 52, 64
2, 20280, Note_on_c, 1, 40, 110
2, 20328, Note_off_c, 1, 40, 64
2, 20340, Note_on_c, 1, 52, 110
2, 20364, Note_off_c, 1, 56, 64
2, 20388, Note_off_c, 1, 52, 64
2, 20400, Note_on_c, 1, 56, 110
2, 20448, Note_off_c, 1, 56, 64
2, 20460, Note_on_c, 1, 57, 110
2, 20520, Note_on_c, 1, 40, 110
2, 20556, Note_off_c, 1, 57, 64
2, 20580, Note_on_c, 1, 59, 110
2, 20616, Note_off_c, 1, 40, 64
2, 20640, Note_on_c, 1, 40, 110
2, 20688, Note_off_c, 1, 40, 64
2, 20700, Note_on_c, 1, 47, 110
2, 20736, Note_off_c, 1, 59, 64
2, 20760, Note_on_c, 1, 54, 110
2, 20844, Note_off_c, 1, 47, 64
2, 20880, Note_on_c, 1, 40, 110
2, 20928, Note_off_c, 1, 54, 64
2, 20940, Note_on_c, 1, 56, 110
2, 20976, Note_off_c, 1, 40, 64
2, 21000, Note_on_c, 1, 47, 110
2, 21048, Note_off_c, 1, 47, 64
2, 21060, Note_on_c, 1, 47, 110
2, 21084, Note_off_c, 1, 56, 64
2, 21108, Note_off_c, 1, 47, 64
2, 21120, Note_on_c, 1, 52, 110
2, 21240, Note_on_c, 1, 40, 110
2, 21264, Note_off_c, 1, 52, 64
2, 21300, Note_on_c, 1, 52, 110
2, 21336, Note_off_c, 1, 40, 64
2, 21348, Note_off_c, 1, 52, 64
2, 21360, Note_on_c, 1, 52, 110
2, 21456, Note_off_c, 1, 52, 64
2, 21480, Note_on_c, 1, 52, 110
2, 21576, Note_off_c, 1, 52, 64
2, 21600, Note_on_c, 1, 68, 110
2, 21600, Note_on_c, 1, 64, 110
2, 21600, Note_on_c, 1, 47, 110
2, 21648, Note_off_c, 1, 47, 64
2, 21648, Note_off_c, 1, 64, 64
2, 21648, Note_off_c, 1, 68, 64
2, 21720, Note_on_c, 1, 47, 110
2, 21768, Note_off_c, 1, 47, 64
2, 21780, Note_on_c, 1, 64, 110
2, 21780, Note_on_c, 1, 61, 110
2, 21780, Note_on_c, 1, 57, 110
2, 21780, Note_on_c, 1, 47, 110
2, 21828, Note_off_c, 1, 47, 64
2, 21828, Note_off_c, 1, 57, 64
2, 21828, Note_off_c, 1, 61, 64
2, 21828, Note_off_c, 1, 64, 64
2, 21900, Note_on_c, 1, 47, 110
2, 21948, Note_off_c, 1, 47, 64
2, 21960, Note_on_c, 1, 59, 110
2, 21960, Note_on_c, 1, 63, 110
2, 21960, Note_on_c, 1, 66, 110
2, 21960, Note_on_c, 1, 47, 110
2, 22008, Note_off_c, 1, 47, 64
2, 22020, Note_on_c, 1, 47, 110
2, 22128, Note_off_c, 1, 66, 64
2, 22128, Note_off_c, 1, 63, 64
2, 22128, Note_off_c, 1, 59, 64
2, 22140, Note_on_c, 1, 63, 110
2, 22188, Note_off_c, 1, 63, 64
2, 22200, Note_on_c, 1, 59, 110
2, 22224, Note_off_c, 1, 47, 64
2, 22248, Note_off_c, 1, 59, 64
2, 22260, Note_on_c, 1, 66, 110
2, 22260, Note_on_c, 1, 47, 110
2, 22308, Note_off_c, 1, 47, 64
2, 22308, Note_off_c, 1, 66, 64
2, 22320, Note_on_c, 1, 63, 110
2, 22320, Note_on_c, 1, 47, 110
2, 22368, Note_off_c, 1, 63, 64
2, 22380, Note_on_c, 1, 63, 110
2, 22416, Note_off_c, 1, 47, 64
2, 22428, Note_off_c, 1, 63, 64
2, 22440, Note_on_c, 1, 59, 110
2, 22440, Note_on_c, 1, 47, 110
2, 22488, Note_off_c, 1, 47, 64
2, 22500, Note_on_c, 1, 47, 110
2, 22536, Note_off_c, 1, 59, 64
2, 22548, Note_off_c, 1, 47, 64
2, 22560, Note_on_c, 1, 68, 110
2, 22560, Note_on_c, 1, 64, 110
2, 22560, Note_on_c, 1, 47, 110
2, 22608, Note_off_c, 1, 47, 64
2, 22608, Note_off_c, 1, 64, 64
2, 22608, Note_off_c, 1, 68, 64
2, 22680, Note_on_c, 1, 47, 110
2, 22728, Note_off_c, 1, 47, 64
2, 22740, Note_on_c, 1, 64, 110
2, 22740, Note_on_c, 1, 61, 110
2, 22740, Note_on_c, 1, 57, 110
2, 22740, Note_on_c, 1, 47, 110
2, 22788, Note_off_c, 1, 47, 64
2, 22788, Note_off_c, 1, 57, 64
2, 22788, Note_off_c, 1, 61, 64
2, 22788, Note_off_c, 1, 64, 64
2, 22860, Note_on_c, 1, 47, 110
2, 22908, Note_off_c, 1, 47, 64
2, 22920, Note_on_c, 1, 54, 110
2, 22920, Note_on_c, 1, 57, 110
2, 22920, Note_on_c, 1, 61, 110
2, 22920, Note_on_c, 1, 47, 110
2, 22968, Note_off_c, 1, 47, 64
2, 22980, Note_on_c, 1, 47, 110
2, 23136, Note_off_c, 1, 47, 64
2, 23160, Note_on_c, 1, 47, 110
2, 23184, Note_off_c, 1, 61, 64
2, 23184, Note_off_c, 1, 57, 64
2, 23184, Note_off_c, 1, 54, 64
2, 23220, Note_on_c, 1, 54, 110
2, 23256, Note_off_c, 1, 47, 64
2, 23268, Note_off_c, 1, 54, 64
2, 23280, Note_on_c, 1, 61, 110
2, 23280, Note_on_c, 1, 57, 110
2, 23280, Note_on_c, 1, 47, 110
2, 23328, Note_off_c, 1, 47, 64
2, 23340, Note_on_c, 1, 47, 110
2, 23376, Note_off_c, 1, 57, 64
2, 23376, Note_off_c, 1, 61, 64
2, 23388, Note_off_c, 1, 47, 64
2, 23400, Note_on_c, 1, 47, 110
2, 23448, Note_off_c, 1, 47, 64
2, 23460, Note_on_c, 1, 47, 110
2, 23508, Note_off_c, 1, 47, 64
2, 23520, Note_on_c, 1, 68, 110
2, 23520, Note_on_c, 1, 64, 110
2, 23520, Note_on_c, 1, 47, 110
2, 23568, Note_off_c, 1, 47, 64
2, 23568, Note_off_c, 1, 64, 64
2, 23568, Note_off_c, 1, 68, 64
2, 23640, Note_on_c, 1, 47, 110
2, 23688, Note_off_c, 1, 47, 64
2, 23700, Note_on_c, 1, 64, 110
2, 23700, Note_on_c, 1, 61, 110
2, 23700, Note_on_c, 1, 57, 110
2, 23700, Note_on_c, 1, 47, 110
2, 23748, Note_off_c, 1, 47, 64
2, 23748, Note_off_c, 1, 57, 64
2, 23748, Note_off_c, 1, 61, 64
2, 23748, Note_off_c, 1, 64, 64
2, 23820, Note_on_c, 1, 47, 110
2, 23868, Note_off_c, 1, 47, 64
2, 23880, Note_on_c, 1, 66, 110
2, 23880, Note_on_c, 1, 63, 110
2, 23880, Note_on_c, 1, 59, 110
2, 23880, Note_on_c, 1, 47, 110
2, 23928, Note_off_c, 1, 47, 64
2, 23940, Note_on_c, 1, 47, 110
2, 23976, Note_off_c, 1, 59, 64
2, 23976, Note_off_c, 1, 63, 64
2, 23976, Note_off_c, 1, 66, 64
2, 24000, Note_on_c, 1, 66, 110
2, 24000, Note_on_c, 1, 63, 110
2, 24000, Note_on_c, 1, 59, 110
2, 24048, Note_off_c, 1, 59, 64
2, 24048, Note_off_c, 1, 63, 64
2, 24048, Note_off_c, 1, 66, 64
2, 24060, Note_on_c, 1, 63, 110
2, 24096, Note_off_c, 1, 47, 64
2, 24108, Note_off_c, 1, 63, 64
2, 24120, Note_on_c, 1, 59, 110
2, 24120, Note_on_c, 1, 47, 110
2, 24168, Note_off_c, 1, 47, 64
2, 24168, Note_off_c, 1, 59, 64
2, 24180, Note_on_c, 1, 66, 110
2, 24180, Note_on_c, 1, 47, 110
2, 24228, Note_off_c, 1, 47, 64
2, 24228, Note_off_c, 1, 66, 64
2, 24240, Note_on_c, 1, 63, 110
2, 24288, Note_off_c, 1, 63, 64
2, 24300, Note_on_c, 1, 63, 110
2, 24300, Note_on_c, 1, 47, 110
2, 24348, Note_off_c, 1, 47, 64
2, 24348, Note_off_c, 1, 63, 64
2, 24360, Note_on_c, 1, 59, 110
2, 24360, Note_on_c, 1, 47, 110
2, 24408, Note_off_c, 1, 59, 64
2, 24420, Note_on_c, 1, 56, 110
2, 24456, Note_off_c, 1, 47, 64
2, 24468, Note_off_c, 1, 56, 64
2, 24480, Note_on_c, 1, 56, 110
2, 24528, Note_off_c, 1, 56, 64
2, 24540, Note_on_c, 1, 59, 110
2, 24588, Note_off_c, 1, 59, 64
2, 24600, Note_on_c, 1, 59, 110
2, 24648, Note_off_c, 1, 59, 64
2, 24660, Note_on_c, 1, 54, 110
2, 24708, Note_off_c, 1, 54, 64
2, 24720, Note_on_c, 1, 57, 110
2, 24768, Note_off_c, 1, 57, 64
2, 24780, Note_on_c, 1, 59, 110
2, 24828, Note_off_c, 1, 59, 64
2, 24840, Note_on_c, 1, 52, 110
2, 24888, Note_off_c, 1, 52, 64
2, 24900, Note_on_c, 1, 56, 110
2, 24948, Note_off_c, 1, 56, 64
2, 24960, Note_on_c, 1, 90, 110
2, 25080, Note_on_c, 1, 87, 110
2, 25200, Note_on_c, 1, 83, 110
2, 25248, Note_off_c, 1, 90, 64
2, 25272, Note_off_c, 1, 87, 64
2, 25296, Note_off_c, 1, 83, 64
2, 25320, Note_on_c, 1, 47, 110
2, 25416, Note_off_c, 1, 47, 64
2, 25440, Note_on_c, 1, 66, 110
2, 25440, Note_on_c, 1, 63, 110
2, 25440, Note_on_c, 1, 59, 110
2, 25488, Note_off_c, 1, 59, 64
2, 25488, Note_off_c, 1, 63, 64
2, 25488, Note_off_c, 1, 66, 64
2, 25500, Note_on_c, 1, 68, 110
2, 25500, Note_on_c, 1, 64, 110
2, 25500, Note_on_c, 1, 61, 110
2, 25548, Note_off_c, 1, 61, 64
2, 25548, Note_off_c, 1, 64, 64
2, 25548, Note_off_c, 1, 68, 64
2, 25560, Note_on_c, 1, 47, 110
2, 25608, Note_off_c, 1, 47, 64
2, 25620, Note_on_c, 1, 61, 110
2, 25680, Note_on_c, 1, 68, 110
2, 25680, Note_on_c, 1, 64, 110
2, 25728, Note_off_c, 1, 64, 64
2, 25728, Note_off_c, 1, 68, 64
2, 25728, Note_off_c, 1, 61, 64
2, 25740, Note_on_c, 1, 66, 110
2, 25740, Note_on_c, 1, 63, 110
2, 25740, Note_on_c, 1, 59, 110
2, 25788, Note_off_c, 1, 59, 64
2, 25788, Note_off_c, 1, 63, 64
2, 25788, Note_off_c, 1, 66, 64
2, 25800, Note_on_c, 1, 47, 110
2, 25848, Note_off_c, 1, 47, 64
2, 25860, Note_on_c, 1, 66, 110
2, 25860, Note_on_c, 1, 63, 110
2, 25860, Note_on_c, 1, 59, 110
2, 25908, Note_off_c, 1, 59, 64
2, 25908, Note_off_c, 1, 63, 64
2, 25908, Note_off_c, 1, 66, 64
2, 25980, Note_on_c, 1, 64, 110
2, 25980, Note_on_c, 1, 61, 110
2, 25980, Note_on_c, 1, 57, 110
2, 26076, Note_off_c, 1, 57, 64
2, 26076, Note_off_c, 1, 61, 64
2, 26076, Note_off_c, 1, 64, 64
2, 26100, Note_on_c, 1, 57, 110
2, 26148, Note_off_c, 1, 57, 64
2, 26160, Note_on_c, 1, 61, 110
2, 26208, Note_off_c, 1, 61, 64
2, 26220, Note_on_c, 1, 64, 110
2, 26268, Note_off_c, 1, 64, 64
2, 26280, Note_on_c, 1, 47, 110
2, 26328, Note_off_c, 1, 47, 64
2, 26340, Note_on_c, 1, 59, 110
2, 26400, Note_on_c, 1, 66, 110
2, 26400, Note_on_c, 1, 63, 110
2, 26448, Note_off_c, 1, 63, 64
2, 26448, Note_off_c, 1, 66, 64
2, 26448, Note_off_c, 1, 59, 64
2, 26460, Note_on_c, 1, 68, 110
2, 26460, Note_on_c, 1, 64, 110
2, 26460, Note_on_c, 1, 61, 110
2, 26508, Note_off_c, 1, 61, 64
2, 26508, Note_off_c, 1, 64, 64
2, 26508, Note_off_c, 1, 68, 64
2, 26520, Note_on_c, 1, 47, 110
2, 26568, Note_off_c, 1, 47, 64
2, 26580, Note_on_c, 1, 61, 110
2, 26640, Note_on_c, 1, 68, 110
2, 26640, Note_on_c, 1, 64, 110
2, 26688, Note_off_c, 1, 64, 64
2, 26688, Note_off_c, 1, 68, 64
2, 26688, Note_off_c, 1, 61, 64
2, 26700, Note_on_c, 1, 66, 110
2, 26700, Note_on_c, 1, 63, 110
2, 26700, Note_on_c, 1, 59, 110
2, 26748, Note_off_c, 1, 59, 64
2, 26748, Note_off_c, 1, 63, 64
2, 26748, Note_off_c, 1, 66, 64
2, 26760, Note_on_c, 1, 47, 110
2, 26808, Note_off_c, 1, 47, 64
2, 26820, Note_on_c, 1, 66, 110
2, 26820, Note_on_c, 1, 63, 110
2, 26820, Note_on_c, 1, 59, 110
2, 26868, Note_off_c, 1, 59, 64
2, 26868, Note_off_c, 1, 63, 64
2, 26868, Note_off_c, 1, 66, 64
2, 26940, Note_on_c, 1, 57, 110
2, 26988, Note_off_c, 1, 57, 64
2, 27000, Note_on_c, 1, 69, 110
2, 27000, Note_on_c, 1, 64, 110
2, 27000, Note_on_c, 1, 61, 110
2, 27000, Note_on_c, 1, 57, 110
2, 27192, Note_off_c, 1, 57, 64
2, 27192, Note_off_c, 1, 61, 64
2, 27192, Note_off_c, 1, 64, 64
2, 27192, Note_off_c, 1, 69, 64
2, 27240, Note_on_c, 1, 47, 110
2, 27336, Note_off_c, 1, 47, 64
2, 27360, Note_on_c, 1, 66, 110
2, 27360, Note_on_c, 1, 63, 110
2, 27360, Note_on_c, 1, 59, 110
2, 27408, Note_off_c, 1, 59, 64
2, 27408, Note_off_c, 1, 63, 64
2, 27408, Note_off_c, 1, 66, 64
2, 27420, Note_on_c, 1, 68, 110
2, 27420, Note_on_c, 1, 64, 110
2, 27420, Note_on_c, 1, 61, 110
2, 27468, Note_off_c, 1, 61, 64
2, 27468, Note_off_c, 1, 64, 64
2, 27468, Note_off_c, 1, 68, 64
2, 27480, Note_on_c, 1, 47, 110
2, 27528, Note_off_c, 1, 47, 64
2, 27540, Note_on_c, 1, 61, 110
2, 27600, Note_on_c, 1, 64, 110
2, 27600, Note_on_c, 1, 68, 110
2, 27648, Note_off_c, 1, 68, 64
2, 27648, Note_off_c, 1, 64, 64
2, 27648, Note_off_c, 1, 61, 64
2, 27660, Note_on_c, 1, 66, 110
2, 27660, Note_on_c, 1, 63, 110
2, 27660, Note_on_c, 1, 59, 110
2, 27708, Note_off_c, 1, 59, 64
2, 27708, Note_off_c, 1, 63, 64
2, 27708, Note_off_c, 1, 66, 64
2, 27720, Note_on_c, 1, 47, 110
2, 27768, Note_off_c, 1, 47, 64
2, 27780, Note_on_c, 1, 66, 110
2, 27780, Note_on_c, 1, 63, 110
2, 27780, Note_on_c, 1, 59, 110
2, 27828, Note_off_c, 1, 59, 64
2, 27828, Note_off_c, 1, 63, 64
2, 27828, Note_off_c, 1, 66, 64
2, 27900, Note_on_c, 1, 64, 110
2, 27900, Note_on_c, 1, 61, 110
2, 27900, Note_on_c, 1, 57, 110
2, 27996, Note_off_c, 1, 57, 64
2, 27996, Note_off_c, 1, 61, 64
2, 27996, Note_off_c, 1, 64, 64
2, 28020, Note_on_c, 1, 57, 110
2, 28080, Note_on_c, 1, 61, 110
2, 28176, Note_off_c, 1, 61, 64
2, 28176, Note_off_c, 1, 57, 64
2, 28200, Note_on_c, 1, 64, 110
2, 28248, Note_off_c, 1, 64, 64
2, 28260, Note_on_c, 1, 47, 110
2, 28320, Note_on_c, 1, 54, 110
2, 28320, Note_on_c, 1, 57, 110
2, 28320, Note_on_c, 1, 61, 110
2, 28356, Note_off_c, 1, 47, 64
2, 28464, Note_off_c, 1, 61, 64
2, 28464, Note_off_c, 1, 57, 64
2, 28464, Note_off_c, 1, 54, 64
2, 28500, Note_on_c, 1, 57, 110
2, 28500, Note_on_c, 1, 61, 110
2, 28500, Note_on_c, 1, 64, 110
2, 28608, Note_off_c, 1, 64, 64
2, 28608, Note_off_c, 1, 61, 64
2, 28608, Note_off_c, 1, 57, 64
2, 28620, Note_on_c, 1, 47, 110
2, 28668, Note_off_c, 1, 47, 64
2, 28680, Note_on_c, 1, 66, 110
2, 28680, Note_on_c, 1, 63, 110
2, 28680, Note_on_c, 1, 59, 110
2, 28848, Note_off_c, 1, 59, 64
2, 28848, Note_off_c, 1, 63, 64
2, 28848, Note_off_c, 1, 66, 64
2, 28860, Note_on_c, 1, 63, 110
2, 28860, Note_on_c, 1, 66, 110
2, 28956, Note_off_c, 1, 66, 64
2, 28956, Note_off_c, 1, 63, 64
2, 28980, Note_on_c, 1, 59, 110
2, 29028, Note_off_c, 1, 59, 64
2, 29040, Note_on_c, 1, 63, 110
2, 29040, Note_on_c, 1, 66, 110
2, 29136, Note_off_c, 1, 66, 64
2, 29136, Note_off_c, 1, 63, 64
2, 29160, Note_on_c, 1, 47, 110
2, 29256, Note_off_c, 1, 47, 64
2, 29280, Note_on_c, 1, 61, 110
2, 29280, Note_on_c, 1, 64, 110
2, 29280, Note_on_c, 1, 68, 110
2, 29328, Note_off_c, 1, 68, 64
2, 29328, Note_off_c, 1, 64, 64
2, 29328, Note_off_c, 1, 61, 64
2, 29400, Note_on_c, 1, 47, 110
2, 29448, Note_off_c, 1, 47, 64
2, 29460, Note_on_c, 1, 57, 110
2, 29460, Note_on_c, 1, 61, 110
2, 29460, Note_on_c, 1, 64, 110
2, 29508, Note_off_c, 1, 64, 64
2, 29508, Note_off_c, 1, 61, 64
2, 29508, Note_off_c, 1, 57, 64
2, 29580, Note_on_c, 1, 47, 110
2, 29628, Note_off_c, 1, 47, 64
2, 29640, Note_on_c, 1, 61, 110
2, 29640, Note_on_c, 1, 57, 110
2, 29640, Note_on_c, 1, 54, 110
2, 29808, Note_off_c, 1, 54, 64
2, 29808, Note_off_c, 1, 57, 64
2, 29808, Note_off_c, 1, 61, 64
2, 29820, Note_on_c, 1, 57, 110
2, 29820, Note_on_c, 1, 61, 110
2, 29916, Note_off_c, 1, 61, 64
2, 29916, Note_off_c, 1, 57, 64
2, 29940, Note_on_c, 1, 54, 110
2, 29988, Note_off_c, 1, 54, 64
2, 30000, Note_on_c, 1, 57, 110
2, 30000, Note_on_c, 1, 61, 110
2, 30096, Note_off_c, 1, 61, 64
2, 30096, Note_off_c, 1, 57, 64
2, 30120, Note_on_c, 1, 47, 110
2, 30216, Note_off_c, 1, 47, 64
2, 30240, Note_on_c, 1, 66, 110
2, 30240, Note_on_c, 1, 63, 110
2, 30240, Note_on_c, 1, 59, 110
2, 30288, Note_off_c, 1, 59, 64
2, 30288, Note_off_c, 1, 63, 64
2, 30288, Note_off_c, 1, 66, 64
2, 30300, Note_on_c, 1, 68, 110
2, 30300, Note_on_c, 1, 64, 110
2, 30300, Note_on_c, 1, 61, 110
2, 30348, Note_off_c, 1, 61, 64
2, 30348, Note_off_c, 1, 64, 64
2, 30348, Note_off_c, 1, 68, 64
2, 30360, Note_on_c, 1, 47, 110
2, 30408, Note_off_c, 1, 47, 64
2, 30420, Note_on_c, 1, 61, 110
2, 30480, Note_on_c, 1, 68, 110
2, 30480, Note_on_c, 1, 64, 110
2, 30528, Note_off_c, 1, 64, 64
2, 30528, Note_off_c, 1, 68, 64
2, 30528, Note_off_c, 1, 61, 64
2, 30540, Note_on_c, 1, 66, 110
2, 30540, Note_on_c, 1, 63, 110
2, 30540, Note_on_c, 1, 59, 110
2, 30588, Note_off_c, 1, 59, 64
2, 30588, Note_off_c, 1, 63, 64
2, 30588, Note_off_c, 1, 66, 64
2, 30600, Note_on_c, 1, 47, 110
2, 30648, Note_off_c, 1, 47, 64
2, 30660, Note_on_c, 1, 66, 110
2, 30660, Note_on_c, 1, 63, 110
2, 30660, Note_on_c, 1, 59, 110
2, 30708, Note_off_c, 1, 59, 64
2, 30708, Note_off_c, 1, 63, 64
2, 30708, Note_off_c, 1, 66, 64
2, 30780, Note_on_c, 1, 64, 110
2, 30780, Note_on_c, 1, 61, 110
2, 30780, Note_on_c, 1, 57, 110
2, 30876, Note_off_c, 1, 57, 64
2, 30876, Note_off_c, 1, 61, 64
2, 30876, Note_off_c, 1, 64, 64
2, 30900, Note_on_c, 1, 57, 110
2, 30948, Note_off_c, 1, 57, 64
2, 30960, Note_on_c, 1, 61, 110
2, 31008, Note_off_c, 1, 61, 64
2, 31020, Note_on_c, 1, 64, 110
2, 31068, Note_off_c, 1, 64, 64
2, 31080, Note_on_c, 1, 47, 110
2, 31128, Note_off_c, 1, 47, 64
2, 31140, Note_on_c, 1, 59, 110
2, 31200, Note_on_c, 1, 66, 110
2, 31200, Note_on_c, 1, 63, 110
2, 31248, Note_off_c, 1, 63, 64
2, 31248, Note_off_c, 1, 66, 64
2, 31248, Note_off_c, 1, 59, 64
2, 31260, Note_on_c, 1, 68, 110
2, 31260, Note_on_c, 1, 64, 110
2, 31260, Note_on_c, 1, 61, 110
2, 31308, Note_off_c, 1, 61, 64
2, 31308, Note_off_c, 1, 64, 64
2, 31308, Note_off_c, 1, 68, 64
2, 31320, Note_on_c, 1, 47, 110
2, 31368, Note_off_c, 1, 47, 64
2, 31380, Note_on_c, 1, 61, 110
2, 31440, Note_on_c, 1, 68, 110
2, 31440, Note_on_c, 1, 64, 110
2, 31488, Note_off_c, 1, 64, 64
2, 31488, Note_off_c, 1, 68, 64
2, 31488, Note_off_c, 1, 61, 64
2, 31500, Note_on_c, 1, 66, 110
2, 31500, Note_on_c, 1, 63, 110
2, 31500, Note_on_c, 1, 59, 110
2, 31548, Note_off_c, 1, 59, 64
2, 31548, Note_off_c, 1, 63, 64
2, 31548, Note_off_c, 1, 66, 64
2, 31560, Note_on_c, 1, 47, 110
2, 31608, Note_off_c, 1, 47, 64
2, 31620, Note_on_c, 1, 66, 110
2, 31620, Note_on_c, 1, 63, 110
2, 31620, Note_on_c, 1, 59, 110
2, 31668, Note_off_c, 1, 59, 64
2, 31668, Note_off_c, 1, 63, 64
2, 31668, Note_off_c, 1, 66, 64
2, 31740, Note_on_c, 1, 57, 110
2, 31788, Note_off_c, 1, 57, 64
2, 31800, Note_on_c, 1, 69, 110
2, 31800, Note_on_c, 1, 64, 110
2, 31800, Note_on_c, 1, 61, 110
2, 31800, Note_on_c, 1, 57, 110
2, 31992, Note_off_c, 1, 57, 64
2, 31992, Note_off_c, 1, 61, 64
2, 31992, Note_off_c, 1, 64, 64
2, 31992, Note_off_c, 1, 69, 64
2, 32040, Note_on_c, 1, 47, 110
2, 32136, Note_off_c, 1, 47, 64
2, 32160, Note_on_c, 1, 66, 110
2, 32160, Note_on_c, 1, 63, 110
2, 32160, Note_on_c, 1, 59, 110
2, 32208, Note_off_c, 1, 59, 64
2, 32208, Note_off_c, 1, 63, 64
2, 32208, Note_off_c, 1, 66, 64
2, 32220, Note_on_c, 1, 68, 110
2, 32220, Note_on_c, 1, 64, 110
2, 32220, Note_on_c, 1, 61, 110
2, 32268, Note_off_c, 1, 61, 64
2, 32268, Note_off_c, 1, 64, 64
2, 32268, Note_off_c, 1, 68, 64
2, 32280, Note_on_c, 1, 47, 110
2, 32328, Note_off_c, 1, 47, 64
2, 32340, Note_on_c, 1, 61, 110
2, 32400, Note_on_c, 1, 64, 110
2, 32400, Note_on_c, 1, 68, 110
2, 32448, Note_off_c, 1, 68, 64
2, 32448, Note_off_c, 1, 64, 64
2, 32448, Note_off_c, 1, 61, 64
2, 32460, Note_on_c, 1, 66, 110
2, 32460, Note_on_c, 1, 63, 110
2, 32460, Note_on_c, 1, 59, 110
2, 32508, Note_off_c, 1, 59, 64
2, 32508, Note_off_c, 1, 63, 64
2, 32508, Note_off_c, 1, 66, 64
2, 32520, Note_on_c, 1, 47, 110
2, 32568, Note_off_c, 1, 47, 64
2, 32580, Note_on_c, 1, 66, 110
2, 32580, Note_on_c, 1, 63, 110
2, 32580, Note_on_c, 1, 59, 110
2, 32628, Note_off_c, 1, 59, 64
2, 32628, Note_off_c, 1, 63, 64
2, 32628, Note_off_c, 1, 66, 64
2, 32700, Note_on_c, 1, 64, 110
2, 32700, Note_on_c, 1, 61, 110
2, 32700, Note_on_c, 1, 57, 110
2, 32796, Note_off_c, 1, 57, 64
2, 32796, Note_off_c, 1, 61, 64
2, 32796, Note_off_c, 1, 64, 64
2, 32820, Note_on_c, 1, 57, 110
2, 32880, Note_on_c, 1, 61, 110
2, 32976, Note_off_c, 1, 61, 64
2, 32976, Note_off_c, 1, 57, 64
2, 33000, Note_on_c, 1, 64, 110
2, 33048, Note_off_c, 1, 64, 64
2, 33060, Note_on_c, 1, 47, 110
2, 33120, Note_on_c, 1, 56, 110
2, 33156, Note_off_c, 1, 47, 64
2, 33168, Note_off_c, 1, 56, 64
2, 33180, Note_on_c, 1, 59, 110
2, 33228, Note_off_c, 1, 59, 64
2, 33240, Note_on_c, 1, 59, 110
2, 33288, Note_off_c, 1, 59, 64
2, 33300, Note_on_c, 1, 54, 110
2, 33348, Note_off_c, 1, 54, 64
2, 33360, Note_on_c, 1, 57, 110
2, 33408, Note_off_c, 1, 57, 64
2, 33420, Note_on_c, 1, 59, 110
2, 33468, Note_off_c, 1, 59, 64
2, 33480, Note_on_c, 1, 52, 110
2, 33528, Note_off_c, 1, 52, 64
2, 33540, Note_on_c, 1, 56, 110
2, 33588, Note_off_c, 1, 56, 64
2, 33600, Note_on_c, 1, 44, 110
2, 33648, Note_off_c, 1, 44, 64
2, 33660, Note_on_c, 1, 40, 110
2, 33708, Note_off_c, 1, 40, 64
2, 33720, Note_on_c, 1, 52, 110
2, 33816, Note_off_c, 1, 52, 64
2, 33840, Note_on_c, 1, 56, 110
2, 33840, Note_on_c, 1, 40, 110
2, 33888, Note_off_c, 1, 56, 64
2, 33900, Note_on_c, 1, 57, 110
2, 33936, Note_off_c, 1, 40, 64
2, 33960, Note_on_c, 1, 40, 110
2, 33996, Note_off_c, 1, 57, 64
2, 34020, Note_on_c, 1, 59, 110
2, 34056, Note_off_c, 1, 40, 64
2, 34080, Note_on_c, 1, 40, 110
2, 34128, Note_off_c, 1, 40, 64
2, 34140, Note_on_c, 1, 52, 110
2, 34176, Note_off_c, 1, 59, 64
2, 34200, Note_on_c, 1, 64, 110
2, 34236, Note_off_c, 1, 52, 64
2, 34260, Note_on_c, 1, 40, 110
2, 34308, Note_off_c, 1, 40, 64
2, 34320, Note_on_c, 1, 40, 110
2, 34368, Note_off_c, 1, 64, 64
2, 34380, Note_on_c, 1, 59, 110
2, 34416, Note_off_c, 1, 40, 64
2, 34440, Note_on_c, 1, 40, 110
2, 34488, Note_off_c, 1, 40, 64
2, 34500, Note_on_c, 1, 52, 110
2, 34524, Note_off_c, 1, 59, 64
2, 34560, Note_on_c, 1, 57, 110
2, 34608, Note_off_c, 1, 57, 64
2, 34620, Note_on_c, 1, 56, 110
2, 34656, Note_off_c, 1, 52, 64
2, 34680, Note_on_c, 1, 40, 110
2, 34728, Note_off_c, 1, 40, 64
2, 34740, Note_on_c, 1, 52, 110
2, 34764, Note_off_c, 1, 56, 64
2, 34788, Note_off_c, 1, 52, 64
2, 34800, Note_on_c, 1, 56, 110
2, 34800, Note_on_c, 1, 40, 110
2, 34848, Note_off_c, 1, 56, 64
2, 34860, Note_on_c, 1, 57, 110
2, 34896, Note_off_c, 1, 40, 64
2, 34920, Note_on_c, 1, 40, 110
2, 34956, Note_off_c, 1, 57, 64
2, 34980, Note_on_c, 1, 59, 110
2, 35016, Note_off_c, 1, 40, 64
2, 35100, Note_on_c, 1, 47, 110
2, 35136, Note_off_c, 1, 59, 64
2, 35160, Note_on_c, 1, 54, 110
2, 35244, Note_off_c, 1, 47, 64
2, 35280, Note_on_c, 1, 40, 110
2, 35328, Note_off_c, 1, 54, 64
2, 35340, Note_on_c, 1, 57, 110
2, 35376, Note_off_c, 1, 40, 64
2, 35400, Note_on_c, 1, 47, 110
2, 35448, Note_off_c, 1, 47, 64
2, 35460, Note_on_c, 1, 40, 110
2, 35484, Note_off_c, 1, 57, 64
2, 35520, Note_on_c, 1, 56, 110
2, 35616, Note_off_c, 1, 40, 64
2, 35640, Note_on_c, 1, 40, 110
2, 35688, Note_off_c, 1, 40, 64
2, 35700, Note_on_c, 1, 52, 110
2, 35712, Note_off_c, 1, 56, 64
2, 35748, Note_off_c, 1, 52, 64
2, 35760, Note_on_c, 1, 56, 110
2, 35760, Note_on_c, 1, 40, 110
2, 35808, Note_off_c, 1, 56, 64
2, 35820, Note_on_c, 1, 57, 110
2, 35856, Note_off_c, 1, 40, 64
2, 35880, Note_on_c, 1, 40, 110
2, 35916, Note_off_c, 1, 57, 64
2, 35940, Note_on_c, 1, 59, 110
2, 35976, Note_off_c, 1, 40, 64
2, 36000, Note_on_c, 1, 40, 110
2, 36048, Note_off_c, 1, 40, 64
2, 36060, Note_on_c, 1, 52, 110
2, 36096, Note_off_c, 1, 59, 64
2, 36120, Note_on_c, 1, 64, 110
2, 36156, Note_off_c, 1, 52, 64
2, 36180, Note_on_c, 1, 40, 110
2, 36228, Note_off_c, 1, 40, 64
2, 36240, Note_on_c, 1, 40, 110
2, 36288, Note_off_c, 1, 64, 64
2, 36300, Note_on_c, 1, 59, 110
2, 36336, Note_off_c, 1, 40, 64
2, 36360, Note_on_c, 1, 52, 110
2, 36408, Note_off_c, 1, 52, 64
2, 36420, Note_on_c, 1, 40, 110
2, 36444, Note_off_c, 1, 59, 64
2, 36468, Note_off_c, 1, 40, 64
2, 36480, Note_on_c, 1, 57, 110
2, 36480, Note_on_c, 1, 40, 110
2, 36528, Note_off_c, 1, 57, 64
2, 36540, Note_on_c, 1, 56, 110
2, 36576, Note_off_c, 1, 40, 64
2, 36600, Note_on_c, 1, 40, 110
2, 36648, Note_off_c, 1, 40, 64
2, 36660, Note_on_c, 1, 52, 110
2, 36684, Note_off_c, 1, 56, 64
2, 36708, Note_off_c, 1, 52, 64
2, 36720, Note_on_c, 1, 56, 110
2, 36720, Note_on_c, 1, 40, 110
2, 36768, Note_off_c, 1, 56, 64
2, 36780, Note_on_c, 1, 57, 110
2, 36816, Note_off_c, 1, 40, 64
2, 36840, Note_on_c, 1, 40, 110
2, 36876, Note_off_c, 1, 57, 64
2, 36900, Note_on_c, 1, 59, 110
2, 36936, Note_off_c, 1, 40, 64
2, 36948, Note_off_c, 1, 59, 64
2, 36960, Note_on_c, 1, 59, 110
2, 37020, Note_on_c, 1, 47, 110
2, 37056, Note_off_c, 1, 59, 64
2, 37080, Note_on_c, 1, 54, 110
2, 37248, Note_off_c, 1, 54, 64
2, 37248, Note_off_c, 1, 47, 64
2, 37260, Note_on_c, 1, 56, 110
2, 37260, Note_on_c, 1, 47, 110
2, 37356, Note_off_c, 1, 47, 64
2, 37356, Note_off_c, 1, 56, 64
2, 37380, Note_on_c, 1, 59, 110
2, 37380, Note_on_c, 1, 47, 110
2, 37428, Note_off_c, 1, 47, 64
2, 37428, Note_off_c, 1, 59, 64
2, 37440, Note_on_c, 1, 52, 110
2, 37560, Note_on_c, 1, 40, 110
2, 37632, Note_off_c, 1, 52, 64
2, 37656, Note_off_c, 1, 40, 64
2, 37680, Note_on_c, 1, 61, 110
2, 37680, Note_on_c, 1, 57, 110
2, 37728, Note_off_c, 1, 61, 64
2, 37740, Note_on_c, 1, 62, 110
2, 37776, Note_off_c, 1, 57, 64
2, 37800, Note_on_c, 1, 45, 110
2, 37836, Note_off_c, 1, 62, 64
2, 37860, Note_on_c, 1, 64, 110
2, 37896, Note_off_c, 1, 45, 64
2, 37920, Note_on_c, 1, 57, 110
2, 37968, Note_off_c, 1, 57, 64
2, 37980, Note_on_c, 1, 57, 110
2, 38016, Note_off_c, 1, 64, 64
2, 38028, Note_off_c, 1, 57, 64
2, 38040, Note_on_c, 1, 69, 110
2, 38040, Note_on_c, 1, 45, 110
2, 38136, Note_off_c, 1, 45, 64
2, 38160, Note_on_c, 1, 57, 110
2, 38208, Note_off_c, 1, 69, 64
2, 38220, Note_on_c, 1, 64, 110
2, 38256, Note_off_c, 1, 57, 64
2, 38280, Note_on_c, 1, 57, 110
2, 38328, Note_off_c, 1, 57, 64
2, 38340, Note_on_c, 1, 45, 110
2, 38364, Note_off_c, 1, 64, 64
2, 38388, Note_off_c, 1, 45, 64
2, 38400, Note_on_c, 1, 62, 110
2, 38400, Note_on_c, 1, 57, 110
2, 38448, Note_off_c, 1, 62, 64
2, 38460, Note_on_c, 1, 61, 110
2, 38496, Note_off_c, 1, 57, 64
2, 38520, Note_on_c, 1, 45, 110
2, 38568, Note_off_c, 1, 45, 64
2, 38580, Note_on_c, 1, 57, 110
2, 38604, Note_off_c, 1, 61, 64
2, 38628, Note_off_c, 1, 57, 64
2, 38640, Note_on_c, 1, 61, 110
2, 38640, Note_on_c, 1, 57, 110
2, 38688, Note_off_c, 1, 61, 64
2, 38700, Note_on_c, 1, 62, 110
2, 38736, Note_off_c, 1, 57, 64
2, 38760, Note_on_c, 1, 45, 110
2, 38796, Note_off_c, 1, 62, 64
2, 38820, Note_on_c, 1, 64, 110
2, 38856, Note_off_c, 1, 45, 64
2, 38940, Note_on_c, 1, 52, 110
2, 38976, Note_off_c, 1, 64, 64
2, 39000, Note_on_c, 1, 59, 110
2, 39084, Note_off_c, 1, 52, 64
2, 39120, Note_on_c, 1, 45, 110
2, 39168, Note_off_c, 1, 59, 64
2, 39180, Note_on_c, 1, 66, 110
2, 39216, Note_off_c, 1, 45, 64
2, 39240, Note_on_c, 1, 57, 110
2, 39288, Note_off_c, 1, 57, 64
2, 39300, Note_on_c, 1, 45, 110
2, 39324, Note_off_c, 1, 66, 64
2, 39360, Note_on_c, 1, 64, 110
2, 39456, Note_off_c, 1, 64, 64
2, 39456, Note_off_c, 1, 45, 64
2, 39480, Note_on_c, 1, 40, 110
2, 39528, Note_off_c, 1, 40, 64
2, 39540, Note_on_c, 1, 52, 110
2, 39588, Note_off_c, 1, 52, 64
2, 39600, Note_on_c, 1, 56, 110
2, 39648, Note_off_c, 1, 56, 64
2, 39660, Note_on_c, 1, 57, 110
2, 39720, Note_on_c, 1, 40, 110
2, 39756, Note_off_c, 1, 57, 64
2, 39780, Note_on_c, 1, 59, 110
2, 39816, Note_off_c, 1, 40, 64
2, 39840, Note_on_c, 1, 40, 110
2, 39888, Note_off_c, 1, 40, 64
2, 39900, Note_on_c, 1, 52, 110
2, 39936, Note_off_c, 1, 59, 64
2, 39960, Note_on_c, 1, 64, 110
2, 39996, Note_off_c, 1, 52, 64
2, 40020, Note_on_c, 1, 40, 110
2, 40068, Note_off_c, 1, 40, 64
2, 40080, Note_on_c, 1, 40, 110
2, 40128, Note_off_c, 1, 64, 64
2, 40140, Note_on_c, 1, 59, 110
2, 40176, Note_off_c, 1, 40, 64
2, 40200, Note_on_c, 1, 40, 110
2, 40248, Note_off_c, 1, 40, 64
2, 40260, Note_on_c, 1, 52, 110
2, 40284, Note_off_c, 1, 59, 64
2, 40320, Note_on_c, 1, 57, 110
2, 40368, Note_off_c, 1, 57, 64
2, 40380, Note_on_c, 1, 56, 110
2, 40416, Note_off_c, 1, 52, 64
2, 40440, Note_on_c, 1, 40, 110
2, 40488, Note_off_c, 1, 40, 64
2, 40500, Note_on_c, 1, 52, 110
2, 40524, Note_off_c, 1, 56, 64
2, 40548, Note_off_c, 1, 52, 64
2, 40560, Note_on_c, 1, 56, 110
2, 40608, Note_off_c, 1, 56, 64
2, 40620, Note_on_c, 1, 57, 110
2, 40680, Note_on_c, 1, 40, 110
2, 40716, Note_off_c, 1, 57, 64
2, 40740, Note_on_c, 1, 59, 110
2, 40776, Note_off_c, 1, 40, 64
2, 40800, Note_on_c, 1, 40, 110
2, 40848, Note_off_c, 1, 40, 64
2, 40860, Note_on_c, 1, 47, 110
2, 40896, Note_off_c, 1, 59, 64
2, 40920, Note_on_c, 1, 54, 110
2, 41004, Note_off_c, 1, 47, 64
2, 41040, Note_on_c, 1, 40, 110
2, 41088, Note_off_c, 1, 54, 64
2, 41100, Note_on_c, 1, 56, 110
2, 41136, Note_off_c, 1, 40, 64
2, 41160, Note_on_c, 1, 47, 110
2, 41208, Note_off_c, 1, 47, 64
2, 41220, Note_on_c, 1, 47, 110
2, 41244, Note_off_c, 1, 56, 64
2, 41268, Note_off_c, 1, 47, 64
2, 41280, Note_on_c, 1, 52, 110
2, 41400, Note_on_c, 1, 40, 110
2, 41424, Note_off_c, 1, 52, 64
2, 41460, Note_on_c, 1, 52, 110
2, 41496, Note_off_c, 1, 40, 64
2, 41508, Note_off_c, 1, 52, 64
2, 41520, Note_on_c, 1, 52, 110
2, 41616, Note_off_c, 1, 52, 64
2, 41640, Note_on_c, 1, 52, 110
2, 41736, Note_off_c, 1, 52, 64
2, 41760, Note_on_c, 1, 92, 110
2, 41760, Note_on_c, 1, 88, 110
2, 41760, Note_on_c, 1, 83, 110
2, 41760, Note_on_c, 1, 76, 110
2, 41904, Note_off_c, 1, 76, 64
2, 41904, Note_off_c, 1, 83, 64
2, 41904, Note_off_c, 1, 88, 64
2, 41904, Note_off_c, 1, 92, 64
2, 41940, Note_on_c, 1, 90, 110
2, 41940, Note_on_c, 1, 87, 110
2, 41940, Note_on_c, 1, 83, 110
2, 41940, Note_on_c, 1, 78, 110
2, 41940, Note_on_c, 1, 71, 110
2, 42096, Note_off_c, 1, 71, 64
2, 42096, Note_off_c, 1, 78, 64
2, 42096, Note_off_c, 1, 83, 64
2, 42096, Note_off_c, 1, 87, 64
2, 42096, Note_off_c, 1, 90, 64
2, 42120, Note_on_c, 1, 64, 110
2, 42120, Note_on_c, 1, 71, 110
2, 42120, Note_on_c, 1, 76, 110
2, 42120, Note_on_c, 1, 80, 110
2, 42288, Note_off_c, 1, 80, 64
2, 42288, Note_off_c, 1, 76, 64
2, 42288, Note_off_c, 1, 71, 64
2, 42288, Note_off_c, 1, 64, 64
2, 42300, Note_on_c, 1, 90, 110
2, 42300, Note_on_c, 1, 87, 110
2, 42300, Note_on_c, 1, 83, 110
2, 42300, Note_on_c, 1, 78, 110
2, 42300, Note_on_c, 1, 71, 110
2, 42444, Note_off_c, 1, 71, 64
2, 42444, Note_off_c, 1, 78, 64
2, 42444, Note_off_c, 1, 83, 64
2, 42444, Note_off_c, 1, 87, 64
2, 42444, Note_off_c, 1, 90, 64
2, 42480, Note_on_c, 1, 64, 110
2, 42480, Note_on_c, 1, 40, 110
2, 42480, Note_on_c, 1, 47, 110
2, 42480, Note_on_c, 1, 52, 110
2, 42480, Note_on_c, 1, 56, 110
2, 42480, Note_on_c, 1, 59, 110
2, 42672, Note_off_c, 1, 59, 64
2, 42672, Note_off_c, 1, 56, 64
2, 42672, Note_off_c, 1, 52, 64
2, 42672, Note_off_c, 1, 47, 64
2, 42672, Note_off_c, 1, 40, 64
2, 42672, Note_off_c, 1, 64, 64
2, 42672, End_track
3, 0, Start_track
3, 0, Program_c, 2, 25
3, 0, Control_c, 2, 7, 125
3, 0, Control_c, 2, 10, 127
3, 2160, Note_on_c, 2, 52, 108
3, 2208, Note_off_c, 2, 52, 64
3, 2220, Note_on_c, 2, 54, 108
3, 2316, Note_off_c, 2, 54, 64
3, 2340, Note_on_c, 2, 56, 108
3, 2496, Note_off_c, 2, 56, 64
3, 2520, Note_on_c, 2, 59, 108
3, 2688, Note_off_c, 2, 59, 64
3, 2700, Note_on_c, 2, 56, 108
3, 2844, Note_off_c, 2, 56, 64
3, 2880, Note_on_c, 2, 54, 108
3, 2928, Note_off_c, 2, 54, 64
3, 2940, Note_on_c, 2, 52, 108
3, 3084, Note_off_c, 2, 52, 64
3, 3120, Note_on_c, 2, 52, 108
3, 3168, Note_off_c, 2, 52, 64
3, 3180, Note_on_c, 2, 54, 108
3, 3276, Note_off_c, 2, 54, 64
3, 3300, Note_on_c, 2, 56, 108
3, 3456, Note_off_c, 2, 56, 64
3, 3480, Note_on_c, 2, 51, 108
3, 3648, Note_off_c, 2, 51, 64
3, 3660, Note_on_c, 2, 54, 108
3, 3804, Note_off_c, 2, 54, 64
3, 3840, Note_on_c, 2, 52, 108
3, 4032, Note_off_c, 2, 52, 64
3, 4080, Note_on_c, 2, 52, 108
3, 4128, Note_off_c, 2, 52, 64
3, 4140, Note_on_c, 2, 54, 108
3, 4236, Note_off_c, 2, 54, 64
3, 4260, Note_on_c, 2, 56, 108
3, 4416, Note_off_c, 2, 56, 64
3, 4440, Note_on_c, 2, 59, 108
3, 4608, Note_off_c, 2, 59, 64
3, 4620, Note_on_c, 2, 56, 108
3, 4764, Note_off_c, 2, 56, 64
3, 4800, Note_on_c, 2, 54, 108
3, 4848, Note_off_c, 2, 54, 64
3, 4860, Note_on_c, 2, 52, 108
3, 5004, Note_off_c, 2, 52, 64
3, 5040, Note_on_c, 2, 52, 108
3, 5088, Note_off_c, 2, 52, 64
3, 5100, Note_on_c, 2, 54, 108
3, 5196, Note_off_c, 2, 54, 64
3, 5220, Note_on_c, 2, 56, 108
3, 5376, Note_off_c, 2, 56, 64
3, 5400, Note_on_c, 2, 51, 108
3, 5568, Note_off_c, 2, 51, 64
3, 5580, Note_on_c, 2, 47, 108
3, 5724, Note_off_c, 2, 47, 64
3, 5760, Note_on_c, 2, 52, 108
3, 5952, Note_off_c, 2, 52, 64
3, 6000, Note_on_c, 2, 57, 108
3, 6048, Note_off_c, 2, 57, 64
3, 6060, Note_on_c, 2, 59, 108
3, 6156, Note_off_c, 2, 59, 64
3, 6180, Note_on_c, 2, 61, 108
3, 6336, Note_off_c, 2, 61, 64
3, 6360, Note_on_c, 2, 64, 108
3, 6528, Note_off_c, 2, 64, 64
3, 6540, Note_on_c, 2, 61, 108
3, 6684, Note_off_c, 2, 61, 64
3, 6720, Note_on_c, 2, 59, 108
3, 6768, Note_off_c, 2, 59, 64
3, 6780, Note_on_c, 2, 57, 108
3, 6924, Note_off_c, 2, 57, 64
3, 6960, Note_on_c, 2, 57, 108
3, 7008, Note_off_c, 2, 57, 64
3, 7020, Note_on_c, 2, 59, 108
3, 7116, Note_off_c, 2, 59, 64
3, 7140, Note_on_c, 2, 61, 108
3, 7296, Note_off_c, 2, 61, 64
3, 7320, Note_on_c, 2, 56, 108
3, 7488, Note_off_c, 2, 56, 64
3, 7500, Note_on_c, 2, 59, 108
3, 7644, Note_off_c, 2, 59, 64
3, 7680, Note_on_c, 2, 57, 108
3, 7872, Note_off_c, 2, 57, 64
3, 7920, Note_on_c, 2, 52, 108
3, 7968, Note_off_c, 2, 52, 64
3, 7980, Note_on_c, 2, 54, 108
3, 8076, Note_off_c, 2, 54, 64
3, 8100, Note_on_c, 2, 56, 108
3, 8256, Note_off_c, 2, 56, 64
3, 8280, Note_on_c, 2, 59, 108
3, 8448, Note_off_c, 2, 59, 64
3, 8460, Note_on_c, 2, 56, 108
3, 8604, Note_off_c, 2, 56, 64
3, 8640, Note_on_c, 2, 54, 108
3, 8688, Note_off_c, 2, 54, 64
3, 8700, Note_on_c, 2, 52, 108
3, 8844, Note_off_c, 2, 52, 64
3, 8880, Note_on_c, 2, 52, 108
3, 8928, Note_off_c, 2, 52, 64
3, 8940, Note_on_c, 2, 54, 108
3, 9036, Note_off_c, 2, 54, 64
3, 9060, Note_on_c, 2, 56, 108
3, 9216, Note_off_c, 2, 56, 64
3, 9240, Note_on_c, 2, 51, 108
3, 9408, Note_off_c, 2, 51, 64
3, 9420, Note_on_c, 2, 47, 108
3, 9564, Note_off_c, 2, 47, 64
3, 9600, Note_on_c, 2, 52, 108
3, 9792, Note_off_c, 2, 52, 64
3, 10080, Note_on_c, 2, 47, 108
3, 10080, Note_on_c, 2, 64, 108
3, 10080, Note_on_c, 2, 68, 108
3, 10080, Note_on_c, 2, 73, 108
3, 10128, Note_off_c, 2, 73, 64
3, 10128, Note_off_c, 2, 68, 64
3, 10128, Note_off_c, 2, 64, 64
3, 10128, Note_off_c, 2, 47, 64
3, 10200, Note_on_c, 2, 47, 108
3, 10248, Note_off_c, 2, 47, 64
3, 10260, Note_on_c, 2, 47, 108
3, 10260, Note_on_c, 2, 61, 108
3, 10260, Note_on_c, 2, 64, 108
3, 10260, Note_on_c, 2, 69, 108
3, 10308, Note_off_c, 2, 69, 64
3, 10308, Note_off_c, 2, 64, 64
3, 10308, Note_off_c, 2, 61, 64
3, 10308, Note_off_c, 2, 47, 64
3, 10380, Note_on_c, 2, 47, 108
3, 10428, Note_off_c, 2, 47, 64
3, 10440, Note_on_c, 2, 71, 108
3, 10440, Note_on_c, 2, 66, 108
3, 10440, Note_on_c, 2, 63, 108
3, 10440, Note_on_c, 2, 47, 108
3, 10488, Note_off_c, 2, 47, 64
3, 10500, Note_on_c, 2, 47, 108
3, 10608, Note_off_c, 2, 63, 64
3, 10608, Note_off_c, 2, 66, 64
3, 10608, Note_off_c, 2, 71, 64
3, 10620, Note_on_c, 2, 63, 108
3, 10668, Note_off_c, 2, 63, 64
3, 10680, Note_on_c, 2, 71, 108
3, 10704, Note_off_c, 2, 47, 64
3, 10728, Note_off_c, 2, 71, 64
3, 10740, Note_on_c, 2, 47, 108
3, 10740, Note_on_c, 2, 66, 108
3, 10788, Note_off_c, 2, 66, 64
3, 10788, Note_off_c, 2, 47, 64
3, 10800, Note_on_c, 2, 47, 108
3, 10800, Note_on_c, 2, 63, 108
3, 10848, Note_off_c, 2, 63, 64
3, 10860, Note_on_c, 2, 71, 108
3, 10896, Note_off_c, 2, 47, 64
3, 10908, Note_off_c, 2, 71, 64
3, 10920, Note_on_c, 2, 47, 108
3, 10920, Note_on_c, 2, 66, 108
3, 10968, Note_off_c, 2, 47, 64
3, 10980, Note_on_c, 2, 47, 108
3, 11016, Note_off_c, 2, 66, 64
3, 11028, Note_off_c, 2, 47, 64
3, 11040, Note_on_c, 2, 47, 108
3, 11040, Note_on_c, 2, 64, 108
3, 11040, Note_on_c, 2, 68, 108
3, 11040, Note_on_c, 2, 73, 108
3, 11088, Note_off_c, 2, 73, 64
3, 11088, Note_off_c, 2, 68, 64
3, 11088, Note_off_c, 2, 64, 64
3, 11088, Note_off_c, 2, 47, 64
3, 11160, Note_on_c, 2, 47, 108
3, 11208, Note_off_c, 2, 47, 64
3, 11220, Note_on_c, 2, 47, 108
3, 11220, Note_on_c, 2, 61, 108
3, 11220, Note_on_c, 2, 64, 108
3, 11220, Note_on_c, 2, 69, 108
3, 11268, Note_off_c, 2, 69, 64
3, 11268, Note_off_c, 2, 64, 64
3, 11268, Note_off_c, 2, 61, 64
3, 11268, Note_off_c, 2, 47, 64
3, 11340, Note_on_c, 2, 47, 108
3, 11388, Note_off_c, 2, 47, 64
3, 11400, Note_on_c, 2, 66, 108
3, 11400, Note_on_c, 2, 59, 108
3, 11400, Note_on_c, 2, 47, 108
3, 11448, Note_off_c, 2, 47, 64
3, 11460, Note_on_c, 2, 47, 108
3, 11568, Note_off_c, 2, 59, 64
3, 11568, Note_off_c, 2, 66, 64
3, 11580, Note_on_c, 2, 59, 108
3, 11616, Note_off_c, 2, 47, 64
3, 11628, Note_off_c, 2, 59, 64
3, 11640, Note_on_c, 2, 47, 108
3, 11640, Note_on_c, 2, 66, 108
3, 11688, Note_off_c, 2, 66, 64
3, 11700, Note_on_c, 2, 59, 108
3, 11736, Note_off_c, 2, 47, 64
3, 11748, Note_off_c, 2, 59, 64
3, 11760, Note_on_c, 2, 47, 108
3, 11760, Note_on_c, 2, 59, 108
3, 11808, Note_off_c, 2, 59, 64
3, 11808, Note_off_c, 2, 47, 64
3, 11820, Note_on_c, 2, 47, 108
3, 11820, Note_on_c, 2, 66, 108
3, 11868, Note_off_c, 2, 66, 64
3, 11868, Note_off_c, 2, 47, 64
3, 11880, Note_on_c, 2, 47, 108
3, 11880, Note_on_c, 2, 59, 108
3, 11928, Note_off_c, 2, 47, 64
3, 11940, Note_on_c, 2, 47, 108
3, 11976, Note_off_c, 2, 59, 64
3, 11988, Note_off_c, 2, 47, 64
3, 12000, Note_on_c, 2, 47, 108
3, 12000, Note_on_c, 2, 64, 108
3, 12000, Note_on_c, 2, 68, 108
3, 12000, Note_on_c, 2, 73, 108
3, 12048, Note_off_c, 2, 73, 64
3, 12048, Note_off_c, 2, 68, 64
3, 12048, Note_off_c, 2, 64, 64
3, 12048, Note_off_c, 2, 47, 64
3, 12120, Note_on_c, 2, 47, 108
3, 12168, Note_off_c, 2, 47, 64
3, 12180, Note_on_c, 2, 47, 108
3, 12180, Note_on_c, 2, 61, 108
3, 12180, Note_on_c, 2, 64, 108
3, 12180, Note_on_c, 2, 69, 108
3, 12228, Note_off_c, 2, 69, 64
3, 12228, Note_off_c, 2, 64, 64
3, 12228, Note_off_c, 2, 61, 64
3, 12228, Note_off_c, 2, 47, 64
3, 12300, Note_on_c, 2, 47, 108
3, 12348, Note_off_c, 2, 47, 64
3, 12360, Note_on_c, 2, 71, 108
3, 12360, Note_on_c, 2, 66, 108
3, 12360, Note_on_c, 2, 63, 108
3, 12360, Note_on_c, 2, 47, 108
3, 12408, Note_off_c, 2, 47, 64
3, 12420, Note_on_c, 2, 47, 108
3, 12528, Note_off_c, 2, 63, 64
3, 12528, Note_off_c, 2, 66, 64
3, 12528, Note_off_c, 2, 71, 64
3, 12540, Note_on_c, 2, 63, 108
3, 12576, Note_off_c, 2, 47, 64
3, 12588, Note_off_c, 2, 63, 64
3, 12600, Note_on_c, 2, 47, 108
3, 12600, Note_on_c, 2, 71, 108
3, 12648, Note_off_c, 2, 71, 64
3, 12648, Note_off_c, 2, 47, 64
3, 12660, Note_on_c, 2, 47, 108
3, 12660, Note_on_c, 2, 66, 108
3, 12708, Note_off_c, 2, 66, 64
3, 12708, Note_off_c, 2, 47, 64
3, 12720, Note_on_c, 2, 63, 108
3, 12768, Note_off_c, 2, 63, 64
3, 12780, Note_on_c, 2, 47, 108
3, 12780, Note_on_c, 2, 71, 108
3, 12828, Note_off_c, 2, 71, 64
3, 12828, Note_off_c, 2, 47, 64
3, 12840, Note_on_c, 2, 47, 108
3, 12840, Note_on_c, 2, 66, 108
3, 12936, Note_off_c, 2, 66, 64
3, 12936, Note_off_c, 2, 47, 64
3, 12960, Note_on_c, 2, 59, 108
3, 13008, Note_off_c, 2, 59, 64
3, 13020, Note_on_c, 2, 64, 108
3, 13068, Note_off_c, 2, 64, 64
3, 13080, Note_on_c, 2, 64, 108
3, 13128, Note_off_c, 2, 64, 64
3, 13140, Note_on_c, 2, 57, 108
3, 13188, Note_off_c, 2, 57, 64
3, 13200, Note_on_c, 2, 59, 108
3, 13248, Note_off_c, 2, 59, 64
3, 13260, Note_on_c, 2, 64, 108
3, 13308, Note_off_c, 2, 64, 64
3, 13320, Note_on_c, 2, 64, 108
3, 13320, Note_on_c, 2, 59, 108
3, 13320, Note_on_c, 2, 56, 108
3, 13632, Note_off_c, 2, 56, 64
3, 13632, Note_off_c, 2, 59, 64
3, 13632, Note_off_c, 2, 64, 64
3, 13680, Note_on_c, 2, 52, 108
3, 13728, Note_off_c, 2, 52, 64
3, 13740, Note_on_c, 2, 54, 108
3, 13836, Note_off_c, 2, 54, 64
3, 13860, Note_on_c, 2, 56, 108
3, 14016, Note_off_c, 2, 56, 64
3, 14040, Note_on_c, 2, 59, 108
3, 14208, Note_off_c, 2, 59, 64
3, 14220, Note_on_c, 2, 56, 108
3, 14364, Note_off_c, 2, 56, 64
3, 14400, Note_on_c, 2, 54, 108
3, 14448, Note_off_c, 2, 54, 64
3, 14460, Note_on_c, 2, 52, 108
3, 14604, Note_off_c, 2, 52, 64
3, 14640, Note_on_c, 2, 52, 108
3, 14688, Note_off_c, 2, 52, 64
3, 14700, Note_on_c, 2, 54, 108
3, 14796, Note_off_c, 2, 54, 64
3, 14820, Note_on_c, 2, 56, 108
3, 14976, Note_off_c, 2, 56, 64
3, 15000, Note_on_c, 2, 51, 108
3, 15168, Note_off_c, 2, 51, 64
3, 15180, Note_on_c, 2, 54, 108
3, 15324, Note_off_c, 2, 54, 64
3, 15360, Note_on_c, 2, 52, 108
3, 15552, Note_off_c, 2, 52, 64
3, 15600, Note_on_c, 2, 52, 108
3, 15648, Note_off_c, 2, 52, 64
3, 15660, Note_on_c, 2, 54, 108
3, 15756, Note_off_c, 2, 54, 64
3, 15780, Note_on_c, 2, 56, 108
3, 15936, Note_off_c, 2, 56, 64
3, 15960, Note_on_c, 2, 59, 108
3, 16128, Note_off_c, 2, 59, 64
3, 16140, Note_on_c, 2, 56, 108
3, 16284, Note_off_c, 2, 56, 64
3, 16320, Note_on_c, 2, 54, 108
3, 16368, Note_off_c, 2, 54, 64
3, 16380, Note_on_c, 2, 52, 108
3, 16524, Note_off_c, 2, 52, 64
3, 16560, Note_on_c, 2, 52, 108
3, 16608, Note_off_c, 2, 52, 64
3, 16620, Note_on_c, 2, 54, 108
3, 16716, Note_off_c, 2, 54, 64
3, 16740, Note_on_c, 2, 56, 108
3, 16896, Note_off_c, 2, 56, 64
3, 16920, Note_on_c, 2, 51, 108
3, 17088, Note_off_c, 2, 51, 64
3, 17100, Note_on_c, 2, 47, 108
3, 17244, Note_off_c, 2, 47, 64
3, 17280, Note_on_c, 2, 52, 108
3, 17472, Note_off_c, 2, 52, 64
3, 17520, Note_on_c, 2, 57, 108
3, 17568, Note_off_c, 2, 57, 64
3, 17580, Note_on_c, 2, 59, 108
3, 17676, Note_off_c, 2, 59, 64
3, 17700, Note_on_c, 2, 61, 108
3, 17856, Note_off_c, 2, 61, 64
3, 17880, Note_on_c, 2, 64, 108
3, 18048, Note_off_c, 2, 64, 64
3, 18060, Note_on_c, 2, 61, 108
3, 18204, Note_off_c, 2, 61, 64
3, 18240, Note_on_c, 2, 59, 108
3, 18288, Note_off_c, 2, 59, 64
3, 18300, Note_on_c, 2, 57, 108
3, 18444, Note_off_c, 2, 57, 64
3, 18480, Note_on_c, 2, 57, 108
3, 18528, Note_off_c, 2, 57, 64
3, 18540, Note_on_c, 2, 59, 108
3, 18636, Note_off_c, 2, 59, 64
3, 18660, Note_on_c, 2, 61, 108
3, 18816, Note_off_c, 2, 61, 64
3, 18840, Note_on_c, 2, 56, 108
3, 19008, Note_off_c, 2, 56, 64
3, 19020, Note_on_c, 2, 59, 108
3, 19164, Note_off_c, 2, 59, 64
3, 19200, Note_on_c, 2, 57, 108
3, 19392, Note_off_c, 2, 57, 64
3, 19440, Note_on_c, 2, 52, 108
3, 19488, Note_off_c, 2, 52, 64
3, 19500, Note_on_c, 2, 54, 108
3, 19596, Note_off_c, 2, 54, 64
3, 19620, Note_on_c, 2, 56, 108
3, 19776, Note_off_c, 2, 56, 64
3, 19800, Note_on_c, 2, 59, 108
3, 19968, Note_off_c, 2, 59, 64
3, 19980, Note_on_c, 2, 56, 108
3, 20124, Note_off_c, 2, 56, 64
3, 20160, Note_on_c, 2, 54, 108
3, 20208, Note_off_c, 2, 54, 64
3, 20220, Note_on_c, 2, 52, 108
3, 20364, Note_off_c, 2, 52, 64
3, 20400, Note_on_c, 2, 52, 108
3, 20448, Note_off_c, 2, 52, 64
3, 20460, Note_on_c, 2, 54, 108
3, 20556, Note_off_c, 2, 54, 64
3, 20580, Note_on_c, 2, 56, 108
3, 20736, Note_off_c, 2, 56, 64
3, 20760, Note_on_c, 2, 51, 108
3, 20928, Note_off_c, 2, 51, 64
3, 20940, Note_on_c, 2, 47, 108
3, 21084, Note_off_c, 2, 47, 64
3, 21120, Note_on_c, 2, 52, 108
3, 21312, Note_off_c, 2, 52, 64
3, 21600, Note_on_c, 2, 73, 108
3, 21600, Note_on_c, 2, 68, 108
3, 21600, Note_on_c, 2, 64, 108
3, 21600, Note_on_c, 2, 47, 108
3, 21648, Note_off_c, 2, 47, 64
3, 21648, Note_off_c, 2, 64, 64
3, 21648, Note_off_c, 2, 68, 64
3, 21648, Note_off_c, 2, 73, 64
3, 21720, Note_on_c, 2, 47, 108
3, 21768, Note_off_c, 2, 47, 64
3, 21780, Note_on_c, 2, 69, 108
3, 21780, Note_on_c, 2, 64, 108
3, 21780, Note_on_c, 2, 61, 108
3, 21780, Note_on_c, 2, 47, 108
3, 21828, Note_off_c, 2, 47, 64
3, 21828, Note_off_c, 2, 61, 64
3, 21828, Note_off_c, 2, 64, 64
3, 21828, Note_off_c, 2, 69, 64
3, 21900, Note_on_c, 2, 47, 108
3, 21948, Note_off_c, 2, 47, 64
3, 21960, Note_on_c, 2, 63, 108
3, 21960, Note_on_c, 2, 66, 108
3, 21960, Note_on_c, 2, 71, 108
3, 21960, Note_on_c, 2, 47, 108
3, 22008, Note_off_c, 2, 47, 64
3, 22020, Note_on_c, 2, 47, 108
3, 22128, Note_off_c, 2, 71, 64
3, 22128, Note_off_c, 2, 66, 64
3, 22128, Note_off_c, 2, 63, 64
3, 22140, Note_on_c, 2, 63, 108
3, 22188, Note_off_c, 2, 63, 64
3, 22200, Note_on_c, 2, 71, 108
3, 22224, Note_off_c, 2, 47, 64
3, 22248, Note_off_c, 2, 71, 64
3, 22260, Note_on_c, 2, 66, 108
3, 22260, Note_on_c, 2, 47, 108
3, 22308, Note_off_c, 2, 47, 64
3, 22308, Note_off_c, 2, 66, 64
3, 22320, Note_on_c, 2, 63, 108
3, 22320, Note_on_c, 2, 47, 108
3, 22368, Note_off_c, 2, 63, 64
3, 22380, Note_on_c, 2, 71, 108
3, 22416, Note_off_c, 2, 47, 64
3, 22428, Note_off_c, 2, 71, 64
3, 22440, Note_on_c, 2, 66, 108
3, 22440, Note_on_c, 2, 47, 108
3, 22488, Note_off_c, 2, 47, 64
3, 22500, Note_on_c, 2, 47, 108
3, 22536, Note_off_c, 2, 66, 64
3, 22548, Note_off_c, 2, 47, 64
3, 22560, Note_on_c, 2, 73, 108
3, 22560, Note_on_c, 2, 68, 108
3, 22560, Note_on_c, 2, 64, 108
3, 22560, Note_on_c, 2, 47, 108
3, 22608, Note_off_c, 2, 47, 64
3, 22608, Note_off_c, 2, 64, 64
3, 22608, Note_off_c, 2, 68, 64
3, 22608, Note_off_c, 2, 73, 64
3, 22680, Note_on_c, 2, 47, 108
3, 22728, Note_off_c, 2, 47, 64
3, 22740, Note_on_c, 2, 69, 108
3, 22740, Note_on_c, 2, 64, 108
3, 22740, Note_on_c, 2, 61, 108
3, 22740, Note_on_c, 2, 47, 108
3, 22788, Note_off_c, 2, 47, 64
3, 22788, Note_off_c, 2, 61, 64
3, 22788, Note_off_c, 2, 64, 64
3, 22788, Note_off_c, 2, 69, 64
3, 22860, Note_on_c, 2, 47, 108
3, 22908, Note_off_c, 2, 47, 64
3, 22920, Note_on_c, 2, 59, 108
3, 22920, Note_on_c, 2, 66, 108
3, 22920, Note_on_c, 2, 47, 108
3, 22968, Note_off_c, 2, 47, 64
3, 22980, Note_on_c, 2, 47, 108
3, 23088, Note_off_c, 2, 66, 64
3, 23088, Note_off_c, 2, 59, 64
3, 23100, Note_on_c, 2, 59, 108
3, 23136, Note_off_c, 2, 47, 64
3, 23148, Note_off_c, 2, 59, 64
3, 23160, Note_on_c, 2, 66, 108
3, 23160, Note_on_c, 2, 47, 108
3, 23208, Note_off_c, 2, 66, 64
3, 23220, Note_on_c, 2, 59, 108
3, 23256, Note_off_c, 2, 47, 64
3, 23268, Note_off_c, 2, 59, 64
3, 23280, Note_on_c, 2, 59, 108
3, 23280, Note_on_c, 2, 47, 108
3, 23328, Note_off_c, 2, 47, 64
3, 23328, Note_off_c, 2, 59, 64
3, 23340, Note_on_c, 2, 66, 108
3, 23340, Note_on_c, 2, 47, 108
3, 23388, Note_off_c, 2, 47, 64
3, 23388, Note_off_c, 2, 66, 64
3, 23400, Note_on_c, 2, 59, 108
3, 23400, Note_on_c, 2, 47, 108
3, 23448, Note_off_c, 2, 47, 64
3, 23460, Note_on_c, 2, 47, 108
3, 23496, Note_off_c, 2, 59, 64
3, 23508, Note_off_c, 2, 47, 64
3, 23520, Note_on_c, 2, 73, 108
3, 23520, Note_on_c, 2, 68, 108
3, 23520, Note_on_c, 2, 64, 108
3, 23520, Note_on_c, 2, 47, 108
3, 23568, Note_off_c, 2, 47, 64
3, 23568, Note_off_c, 2, 64, 64
3, 23568, Note_off_c, 2, 68, 64
3, 23568, Note_off_c, 2, 73, 64
3, 23640, Note_on_c, 2, 47, 108
3, 23688, Note_off_c, 2, 47, 64
3, 23700, Note_on_c, 2, 69, 108
3, 23700, Note_on_c, 2, 64, 108
3, 23700, Note_on_c, 2, 61, 108
3, 23700, Note_on_c, 2, 47, 108
3, 23748, Note_off_c, 2, 47, 64
3, 23748, Note_off_c, 2, 61, 64
3, 23748, Note_off_c, 2, 64, 64
3, 23748, Note_off_c, 2, 69, 64
3, 23820, Note_on_c, 2, 47, 108
3, 23868, Note_off_c, 2, 47, 64
3, 23880, Note_on_c, 2, 63, 108
3, 23880, Note_on_c, 2, 66, 108
3, 23880, Note_on_c, 2, 71, 108
3, 23880, Note_on_c, 2, 47, 108
3, 23928, Note_off_c, 2, 47, 64
3, 23940, Note_on_c, 2, 47, 108
3, 24048, Note_off_c, 2, 71, 64
3, 24048, Note_off_c, 2, 66, 64
3, 24048, Note_off_c, 2, 63, 64
3, 24060, Note_on_c, 2, 63, 108
3, 24096, Note_off_c, 2, 47, 64
3, 24108, Note_off_c, 2, 63, 64
3, 24120, Note_on_c, 2, 71, 108
3, 24120, Note_on_c, 2, 47, 108
3, 24168, Note_off_c, 2, 47, 64
3, 24168, Note_off_c, 2, 71, 64
3, 24180, Note_on_c, 2, 66, 108
3, 24180, Note_on_c, 2, 47, 108
3, 24228, Note_off_c, 2, 47, 64
3, 24228, Note_off_c, 2, 66, 64
3, 24240, Note_on_c, 2, 63, 108
3, 24288, Note_off_c, 2, 63, 64
3, 24300, Note_on_c, 2, 71, 108
3, 24300, Note_on_c, 2, 47, 108
3, 24348, Note_off_c, 2, 47, 64
3, 24348, Note_off_c, 2, 71, 64
3, 24360, Note_on_c, 2, 66, 108
3, 24360, Note_on_c, 2, 47, 108
3, 24456, Note_off_c, 2, 47, 64
3, 24456, Note_off_c, 2, 66, 64
3, 24480, Note_on_c, 2, 59, 108
3, 24528, Note_off_c, 2, 59, 64
3, 24540, Note_on_c, 2, 64, 108
3, 24588, Note_off_c, 2, 64, 64
3, 24600, Note_on_c, 2, 64, 108
3, 24648, Note_off_c, 2, 64, 64
3, 24660, Note_on_c, 2, 57, 108
3, 24708, Note_off_c, 2, 57, 64
3, 24720, Note_on_c, 2, 59, 108
3, 24768, Note_off_c, 2, 59, 64
3, 24780, Note_on_c, 2, 64, 108
3, 24828, Note_off_c, 2, 64, 64
3, 24840, Note_on_c, 2, 64, 108
3, 24840, Note_on_c, 2, 59, 108
3, 24840, Note_on_c, 2, 56, 108
3, 25056, Note_off_c, 2, 56, 64
3, 25056, Note_off_c, 2, 59, 64
3, 25056, Note_off_c, 2, 64, 64
3, 25080, Note_on_c, 2, 40, 108
3, 25176, Note_off_c, 2, 40, 64
3, 25200, Note_on_c, 2, 52, 108
3, 25392, Note_off_c, 2, 52, 64
3, 25440, Note_on_c, 2, 63, 108
3, 25440, Note_on_c, 2, 66, 108
3, 25440, Note_on_c, 2, 71, 108
3, 25488, Note_off_c, 2, 71, 64
3, 25488, Note_off_c, 2, 66, 64
3, 25488, Note_off_c, 2, 63, 64
3, 25500, Note_on_c, 2, 64, 108
3, 25500, Note_on_c, 2, 68, 108
3, 25500, Note_on_c, 2, 73, 108
3, 25596, Note_off_c, 2, 73, 64
3, 25596, Note_off_c, 2, 68, 64
3, 25596, Note_off_c, 2, 64, 64
3, 25620, Note_on_c, 2, 64, 108
3, 25680, Note_on_c, 2, 68, 108
3, 25680, Note_on_c, 2, 73, 108
3, 25728, Note_off_c, 2, 73, 64
3, 25728, Note_off_c, 2, 68, 64
3, 25728, Note_off_c, 2, 64, 64
3, 25740, Note_on_c, 2, 63, 108
3, 25740, Note_on_c, 2, 66, 108
3, 25740, Note_on_c, 2, 71, 108
3, 25788, Note_off_c, 2, 71, 64
3, 25788, Note_off_c, 2, 66, 64
3, 25788, Note_off_c, 2, 63, 64
3, 25800, Note_on_c, 2, 63, 108
3, 25848, Note_off_c, 2, 63, 64
3, 25860, Note_on_c, 2, 66, 108
3, 25860, Note_on_c, 2, 71, 108
3, 25908, Note_off_c, 2, 71, 64
3, 25908, Note_off_c, 2, 66, 64
3, 25980, Note_on_c, 2, 61, 108
3, 25980, Note_on_c, 2, 64, 108
3, 25980, Note_on_c, 2, 69, 108
3, 26076, Note_off_c, 2, 69, 64
3, 26076, Note_off_c, 2, 64, 64
3, 26076, Note_off_c, 2, 61, 64
3, 26100, Note_on_c, 2, 61, 108
3, 26148, Note_off_c, 2, 61, 64
3, 26160, Note_on_c, 2, 69, 108
3, 26208, Note_off_c, 2, 69, 64
3, 26220, Note_on_c, 2, 64, 108
3, 26268, Note_off_c, 2, 64, 64
3, 26280, Note_on_c, 2, 61, 108
3, 26376, Note_off_c, 2, 61, 64
3, 26400, Note_on_c, 2, 63, 108
3, 26400, Note_on_c, 2, 66, 108
3, 26400, Note_on_c, 2, 71, 108
3, 26448, Note_off_c, 2, 71, 64
3, 26448, Note_off_c, 2, 66, 64
3, 26448, Note_off_c, 2, 63, 64
3, 26460, Note_on_c, 2, 64, 108
3, 26460, Note_on_c, 2, 68, 108
3, 26460, Note_on_c, 2, 73, 108
3, 26556, Note_off_c, 2, 73, 64
3, 26556, Note_off_c, 2, 68, 64
3, 26556, Note_off_c, 2, 64, 64
3, 26580, Note_on_c, 2, 64, 108
3, 26640, Note_on_c, 2, 68, 108
3, 26640, Note_on_c, 2, 73, 108
3, 26688, Note_off_c, 2, 73, 64
3, 26688, Note_off_c, 2, 68, 64
3, 26688, Note_off_c, 2, 64, 64
3, 26700, Note_on_c, 2, 63, 108
3, 26700, Note_on_c, 2, 66, 108
3, 26700, Note_on_c, 2, 71, 108
3, 26748, Note_off_c, 2, 71, 64
3, 26748, Note_off_c, 2, 66, 64
3, 26748, Note_off_c, 2, 63, 64
3, 26760, Note_on_c, 2, 63, 108
3, 26808, Note_off_c, 2, 63, 64
3, 26820, Note_on_c, 2, 71, 108
3, 26820, Note_on_c, 2, 66, 108
3, 26868, Note_off_c, 2, 66, 64
3, 26868, Note_off_c, 2, 71, 64
3, 26940, Note_on_c, 2, 61, 108
3, 26940, Note_on_c, 2, 64, 108
3, 26940, Note_on_c, 2, 69, 108
3, 26943, Note_off_c, 2, 69, 64
3, 26943, Note_off_c, 2, 64, 64
3, 26943, Note_off_c, 2, 61, 64
3, 26996, Note_on_c, 2, 61, 108
3, 26996, Note_on_c, 2, 64, 108
3, 26996, Note_on_c, 2, 69, 108
3, 27188, Note_off_c, 2, 69, 64
3, 27188, Note_off_c, 2, 64, 64
3, 27188, Note_off_c, 2, 61, 64
3, 27360, Note_on_c, 2, 63, 108
3, 27360, Note_on_c, 2, 66, 108
3, 27360, Note_on_c, 2, 71, 108
3, 27408, Note_off_c, 2, 71, 64
3, 27408, Note_off_c, 2, 66, 64
3, 27408, Note_off_c, 2, 63, 64
3, 27420, Note_on_c, 2, 64, 108
3, 27420, Note_on_c, 2, 68, 108
3, 27420, Note_on_c, 2, 73, 108
3, 27516, Note_off_c, 2, 73, 64
3, 27516, Note_off_c, 2, 68, 64
3, 27516, Note_off_c, 2, 64, 64
3, 27540, Note_on_c, 2, 64, 108
3, 27600, Note_on_c, 2, 68, 108
3, 27600, Note_on_c, 2, 73, 108
3, 27648, Note_off_c, 2, 73, 64
3, 27648, Note_off_c, 2, 68, 64
3, 27648, Note_off_c, 2, 64, 64
3, 27660, Note_on_c, 2, 63, 108
3, 27660, Note_on_c, 2, 66, 108
3, 27660, Note_on_c, 2, 71, 108
3, 27708, Note_off_c, 2, 71, 64
3, 27708, Note_off_c, 2, 66, 64
3, 27708, Note_off_c, 2, 63, 64
3, 27720, Note_on_c, 2, 63, 108
3, 27768, Note_off_c, 2, 63, 64
3, 27780, Note_on_c, 2, 71, 108
3, 27780, Note_on_c, 2, 66, 108
3, 27828, Note_off_c, 2, 66, 64
3, 27828, Note_off_c, 2, 71, 64
3, 27900, Note_on_c, 2, 61, 108
3, 27900, Note_on_c, 2, 64, 108
3, 27900, Note_on_c, 2, 69, 108
3, 27996, Note_off_c, 2, 69, 64
3, 27996, Note_off_c, 2, 64, 64
3, 27996, Note_off_c, 2, 61, 64
3, 28020, Note_on_c, 2, 61, 108
3, 28068, Note_off_c, 2, 61, 64
3, 28080, Note_on_c, 2, 69, 108
3, 28128, Note_off_c, 2, 69, 64
3, 28140, Note_on_c, 2, 64, 108
3, 28188, Note_off_c, 2, 64, 64
3, 28200, Note_on_c, 2, 61, 108
3, 28296, Note_off_c, 2, 61, 64
3, 28320, Note_on_c, 2, 57, 108
3, 28320, Note_on_c, 2, 61, 108
3, 28320, Note_on_c, 2, 66, 108
3, 28416, Note_off_c, 2, 66, 64
3, 28416, Note_off_c, 2, 61, 64
3, 28416, Note_off_c, 2, 57, 64
3, 28500, Note_on_c, 2, 61, 108
3, 28500, Note_on_c, 2, 64, 108
3, 28500, Note_on_c, 2, 69, 108
3, 28548, Note_off_c, 2, 69, 64
3, 28548, Note_off_c, 2, 64, 64
3, 28548, Note_off_c, 2, 61, 64
3, 28680, Note_on_c, 2, 71, 108
3, 28680, Note_on_c, 2, 66, 108
3, 28680, Note_on_c, 2, 63, 108
3, 28848, Note_off_c, 2, 63, 64
3, 28848, Note_off_c, 2, 66, 64
3, 28848, Note_off_c, 2, 71, 64
3, 28860, Note_on_c, 2, 63, 108
3, 28908, Note_off_c, 2, 63, 64
3, 28920, Note_on_c, 2, 71, 108
3, 28968, Note_off_c, 2, 71, 64
3, 28980, Note_on_c, 2, 66, 108
3, 29028, Note_off_c, 2, 66, 64
3, 29040, Note_on_c, 2, 63, 108
3, 29088, Note_off_c, 2, 63, 64
3, 29100, Note_on_c, 2, 71, 108
3, 29148, Note_off_c, 2, 71, 64
3, 29160, Note_on_c, 2, 66, 108
3, 29256, Note_off_c, 2, 66, 64
3, 29280, Note_on_c, 2, 64, 108
3, 29280, Note_on_c, 2, 68, 108
3, 29280, Note_on_c, 2, 73, 108
3, 29328, Note_off_c, 2, 73, 64
3, 29328, Note_off_c, 2, 68, 64
3, 29328, Note_off_c, 2, 64, 64
3, 29460, Note_on_c, 2, 61, 108
3, 29460, Note_on_c, 2, 64, 108
3, 29460, Note_on_c, 2, 69, 108
3, 29508, Note_off_c, 2, 69, 64
3, 29508, Note_off_c, 2, 64, 64
3, 29508, Note_off_c, 2, 61, 64
3, 29640, Note_on_c, 2, 66, 108
3, 29640, Note_on_c, 2, 59, 108
3, 29640, Note_on_c, 2, 59, 108
3, 29736, Note_off_c, 2, 59, 64
3, 29760, Note_on_c, 2, 59, 108
3, 29760, Note_on_c, 2, 59, 108
3, 29808, Note_off_c, 2, 59, 64
3, 29808, Note_off_c, 2, 59, 64
3, 29808, Note_off_c, 2, 59, 64
3, 29808, Note_off_c, 2, 66, 64
3, 29820, Note_on_c, 2, 59, 108
3, 29868, Note_off_c, 2, 59, 64
3, 29880, Note_on_c, 2, 66, 108
3, 29928, Note_off_c, 2, 66, 64
3, 29940, Note_on_c, 2, 59, 108
3, 29988, Note_off_c, 2, 59, 64
3, 30000, Note_on_c, 2, 59, 108
3, 30048, Note_off_c, 2, 59, 64
3, 30060, Note_on_c, 2, 66, 108
3, 30108, Note_off_c, 2, 66, 64
3, 30120, Note_on_c, 2, 59, 108
3, 30216, Note_off_c, 2, 59, 64
3, 30240, Note_on_c, 2, 63, 108
3, 30240, Note_on_c, 2, 66, 108
3, 30240, Note_on_c, 2, 71, 108
3, 30288, Note_off_c, 2, 71, 64
3, 30288, Note_off_c, 2, 66, 64
3, 30288, Note_off_c, 2, 63, 64
3, 30300, Note_on_c, 2, 64, 108
3, 30300, Note_on_c, 2, 68, 108
3, 30300, Note_on_c, 2, 73, 108
3, 30396, Note_off_c, 2, 73, 64
3, 30396, Note_off_c, 2, 68, 64
3, 30396, Note_off_c, 2, 64, 64
3, 30420, Note_on_c, 2, 64, 108
3, 30480, Note_on_c, 2, 68, 108
3, 30480, Note_on_c, 2, 73, 108
3, 30528, Note_off_c, 2, 73, 64
3, 30528, Note_off_c, 2, 68, 64
3, 30528, Note_off_c, 2, 64, 64
3, 30540, Note_on_c, 2, 63, 108
3, 30540, Note_on_c, 2, 66, 108
3, 30540, Note_on_c, 2, 71, 108
3, 30588, Note_off_c, 2, 71, 64
3, 30588, Note_off_c, 2, 66, 64
3, 30588, Note_off_c, 2, 63, 64
3, 30600, Note_on_c, 2, 63, 108
3, 30648, Note_off_c, 2, 63, 64
3, 30660, Note_on_c, 2, 66, 108
3, 30660, Note_on_c, 2, 71, 108
3, 30708, Note_off_c, 2, 71, 64
3, 30708, Note_off_c, 2, 66, 64
3, 30780, Note_on_c, 2, 61, 108
3, 30780, Note_on_c, 2, 64, 108
3, 30780, Note_on_c, 2, 69, 108
3, 30876, Note_off_c, 2, 69, 64
3, 30876, Note_off_c, 2, 64, 64
3, 30876, Note_off_c, 2, 61, 64
3, 30900, Note_on_c, 2, 61, 108
3, 30948, Note_off_c, 2, 61, 64
3, 30960, Note_on_c, 2, 69, 108
3, 31008, Note_off_c, 2, 69, 64
3, 31020, Note_on_c, 2, 64, 108
3, 31068, Note_off_c, 2, 64, 64
3, 31080, Note_on_c, 2, 61, 108
3, 31176, Note_off_c, 2, 61, 64
3, 31200, Note_on_c, 2, 63, 108
3, 31200, Note_on_c, 2, 66, 108
3, 31200, Note_on_c, 2, 71, 108
3, 31248, Note_off_c, 2, 71, 64
3, 31248, Note_off_c, 2, 66, 64
3, 31248, Note_off_c, 2, 63, 64
3, 31260, Note_on_c, 2, 64, 108
3, 31260, Note_on_c, 2, 68, 108
3, 31260, Note_on_c, 2, 73, 108
3, 31356, Note_off_c, 2, 73, 64
3, 31356, Note_off_c, 2, 68, 64
3, 31356, Note_off_c, 2, 64, 64
3, 31380, Note_on_c, 2, 64, 108
3, 31440, Note_on_c, 2, 68, 108
3, 31440, Note_on_c, 2, 73, 108
3, 31488, Note_off_c, 2, 73, 64
3, 31488, Note_off_c, 2, 68, 64
3, 31488, Note_off_c, 2, 64, 64
3, 31500, Note_on_c, 2, 63, 108
3, 31500, Note_on_c, 2, 66, 108
3, 31500, Note_on_c, 2, 71, 108
3, 31548, Note_off_c, 2, 71, 64
3, 31548, Note_off_c, 2, 66, 64
3, 31548, Note_off_c, 2, 63, 64
3, 31560, Note_on_c, 2, 63, 108
3, 31608, Note_off_c, 2, 63, 64
3, 31620, Note_on_c, 2, 71, 108
3, 31620, Note_on_c, 2, 66, 108
3, 31668, Note_off_c, 2, 66, 64
3, 31668, Note_off_c, 2, 71, 64
3, 31740, Note_on_c, 2, 61, 108
3, 31740, Note_on_c, 2, 64, 108
3, 31740, Note_on_c, 2, 69, 108
3, 31743, Note_off_c, 2, 69, 64
3, 31743, Note_off_c, 2, 64, 64
3, 31743, Note_off_c, 2, 61, 64
3, 31796, Note_on_c, 2, 61, 108
3, 31796, Note_on_c, 2, 64, 108
3, 31796, Note_on_c, 2, 69, 108
3, 31988, Note_off_c, 2, 69, 64
3, 31988, Note_off_c, 2, 64, 64
3, 31988, Note_off_c, 2, 61, 64
3, 32160, Note_on_c, 2, 63, 108
3, 32160, Note_on_c, 2, 66, 108
3, 32160, Note_on_c, 2, 71, 108
3, 32208, Note_off_c, 2, 71, 64
3, 32208, Note_off_c, 2, 66, 64
3, 32208, Note_off_c, 2, 63, 64
3, 32220, Note_on_c, 2, 64, 108
3, 32220, Note_on_c, 2, 68, 108
3, 32220, Note_on_c, 2, 73, 108
3, 32316, Note_off_c, 2, 73, 64
3, 32316, Note_off_c, 2, 68, 64
3, 32316, Note_off_c, 2, 64, 64
3, 32340, Note_on_c, 2, 64, 108
3, 32400, Note_on_c, 2, 68, 108
3, 32400, Note_on_c, 2, 73, 108
3, 32448, Note_off_c, 2, 73, 64
3, 32448, Note_off_c, 2, 68, 64
3, 32448, Note_off_c, 2, 64, 64
3, 32460, Note_on_c, 2, 63, 108
3, 32460, Note_on_c, 2, 66, 108
3, 32460, Note_on_c, 2, 71, 108
3, 32508, Note_off_c, 2, 71, 64
3, 32508, Note_off_c, 2, 66, 64
3, 32508, Note_off_c, 2, 63, 64
3, 32520, Note_on_c, 2, 63, 108
3, 32568, Note_off_c, 2, 63, 64
3, 32580, Note_on_c, 2, 66, 108
3, 32580, Note_on_c, 2, 71, 108
3, 32628, Note_off_c, 2, 71, 64
3, 32628, Note_off_c, 2, 66, 64
3, 32700, Note_on_c, 2, 61, 108
3, 32700, Note_on_c, 2, 64, 108
3, 32700, Note_on_c, 2, 69, 108
3, 32796, Note_off_c, 2, 69, 64
3, 32796, Note_off_c, 2, 64, 64
3, 32796, Note_off_c, 2, 61, 64
3, 32820, Note_on_c, 2, 61, 108
3, 32868, Note_off_c, 2, 61, 64
3, 32880, Note_on_c, 2, 69, 108
3, 32928, Note_off_c, 2, 69, 64
3, 32940, Note_on_c, 2, 64, 108
3, 32988, Note_off_c, 2, 64, 64
3, 33000, Note_on_c, 2, 61, 108
3, 33096, Note_off_c, 2, 61, 64
3, 33120, Note_on_c, 2, 59, 108
3, 33168, Note_off_c, 2, 59, 64
3, 33180, Note_on_c, 2, 64, 108
3, 33228, Note_off_c, 2, 64, 64
3, 33240, Note_on_c, 2, 64, 108
3, 33288, Note_off_c, 2, 64, 64
3, 33300, Note_on_c, 2, 57, 108
3, 33348, Note_off_c, 2, 57, 64
3, 33360, Note_on_c, 2, 59, 108
3, 33408, Note_off_c, 2, 59, 64
3, 33420, Note_on_c, 2, 64, 108
3, 33468, Note_off_c, 2, 64, 64
3, 33480, Note_on_c, 2, 64, 108
3, 33480, Note_on_c, 2, 59, 108
3, 33480, Note_on_c, 2, 56, 108
3, 33792, Note_off_c, 2, 56, 64
3, 33792, Note_off_c, 2, 59, 64
3, 33792, Note_off_c, 2, 64, 64
3, 33840, Note_on_c, 2, 52, 108
3, 33888, Note_off_c, 2, 52, 64
3, 33900, Note_on_c, 2, 54, 108
3, 33996, Note_off_c, 2, 54, 64
3, 34020, Note_on_c, 2, 56, 108
3, 34176, Note_off_c, 2, 56, 64
3, 34200, Note_on_c, 2, 59, 108
3, 34368, Note_off_c, 2, 59, 64
3, 34380, Note_on_c, 2, 56, 108
3, 34524, Note_off_c, 2, 56, 64
3, 34560, Note_on_c, 2, 54, 108
3, 34608, Note_off_c, 2, 54, 64
3, 34620, Note_on_c, 2, 52, 108
3, 34764, Note_off_c, 2, 52, 64
3, 34800, Note_on_c, 2, 52, 108
3, 34848, Note_off_c, 2, 52, 64
3, 34860, Note_on_c, 2, 54, 108
3, 34956, Note_off_c, 2, 54, 64
3, 34980, Note_on_c, 2, 56, 108
3, 35136, Note_off_c, 2, 56, 64
3, 35160, Note_on_c, 2, 51, 108
3, 35328, Note_off_c, 2, 51, 64
3, 35340, Note_on_c, 2, 54, 108
3, 35484, Note_off_c, 2, 54, 64
3, 35520, Note_on_c, 2, 52, 108
3, 35712, Note_off_c, 2, 52, 64
3, 35760, Note_on_c, 2, 52, 108
3, 35808, Note_off_c, 2, 52, 64
3, 35820, Note_on_c, 2, 54, 108
3, 35916, Note_off_c, 2, 54, 64
3, 35940, Note_on_c, 2, 56, 108
3, 36096, Note_off_c, 2, 56, 64
3, 36120, Note_on_c, 2, 59, 108
3, 36288, Note_off_c, 2, 59, 64
3, 36300, Note_on_c, 2, 56, 108
3, 36444, Note_off_c, 2, 56, 64
3, 36480, Note_on_c, 2, 54, 108
3, 36528, Note_off_c, 2, 54, 64
3, 36540, Note_on_c, 2, 52, 108
3, 36684, Note_off_c, 2, 52, 64
3, 36720, Note_on_c, 2, 52, 108
3, 36768, Note_off_c, 2, 52, 64
3, 36780, Note_on_c, 2, 54, 108
3, 36876, Note_off_c, 2, 54, 64
3, 36900, Note_on_c, 2, 56, 108
3, 37056, Note_off_c, 2, 56, 64
3, 37080, Note_on_c, 2, 51, 108
3, 37248, Note_off_c, 2, 51, 64
3, 37260, Note_on_c, 2, 47, 108
3, 37404, Note_off_c, 2, 47, 64
3, 37440, Note_on_c, 2, 52, 108
3, 37632, Note_off_c, 2, 52, 64
3, 37680, Note_on_c, 2, 57, 108
3, 37728, Note_off_c, 2, 57, 64
3, 37740, Note_on_c, 2, 59, 108
3, 37836, Note_off_c, 2, 59, 64
3, 37860, Note_on_c, 2, 61, 108
3, 38016, Note_off_c, 2, 61, 64
3, 38040, Note_on_c, 2, 64, 108
3, 38208, Note_off_c, 2, 64, 64
3, 38220, Note_on_c, 2, 61, 108
3, 38364, Note_off_c, 2, 61, 64
3, 38400, Note_on_c, 2, 59, 108
3, 38448, Note_off_c, 2, 59, 64
3, 38460, Note_on_c, 2, 57, 108
3, 38604, Note_off_c, 2, 57, 64
3, 38640, Note_on_c, 2, 57, 108
3, 38688, Note_off_c, 2, 57, 64
3, 38700, Note_on_c, 2, 59, 108
3, 38796, Note_off_c, 2, 59, 64
3, 38820, Note_on_c, 2, 61, 108
3, 38976, Note_off_c, 2, 61, 64
3, 39000, Note_on_c, 2, 56, 108
3, 39168, Note_off_c, 2, 56, 64
3, 39180, Note_on_c, 2, 59, 108
3, 39324, Note_off_c, 2, 59, 64
3, 39360, Note_on_c, 2, 57, 108
3, 39552, Note_off_c, 2, 57, 64
3, 39600, Note_on_c, 2, 52, 108
3, 39648, Note_off_c, 2, 52, 64
3, 39660, Note_on_c, 2, 54, 108
3, 39756, Note_off_c, 2, 54, 64
3, 39780, Note_on_c, 2, 56, 108
3, 39936, Note_off_c, 2, 56, 64
3, 39960, Note_on_c, 2, 59, 108
3, 40128, Note_off_c, 2, 59, 64
3, 40140, Note_on_c, 2, 56, 108
3, 40284, Note_off_c, 2, 56, 64
3, 40320, Note_on_c, 2, 54, 108
3, 40368, Note_off_c, 2, 54, 64
3, 40380, Note_on_c, 2, 52, 108
3, 40524, Note_off_c, 2, 52, 64
3, 40560, Note_on_c, 2, 52, 108
3, 40608, Note_off_c, 2, 52, 64
3, 40620, Note_on_c, 2, 54, 108
3, 40716, Note_off_c, 2, 54, 64
3, 40740, Note_on_c, 2, 56, 108
3, 40896, Note_off_c, 2, 56, 64
3, 40920, Note_on_c, 2, 51, 108
3, 41088, Note_off_c, 2, 51, 64
3, 41100, Note_on_c, 2, 47, 108
3, 41244, Note_off_c, 2, 47, 64
3, 41280, Note_on_c, 2, 52, 108
3, 41472, Note_off_c, 2, 52, 64
3, 42480, Note_on_c, 2, 88, 108
3, 42480, Note_on_c, 2, 83, 108
3, 42480, Note_on_c, 2, 80, 108
3, 42480, Note_on_c, 2, 76, 108
3, 42480, Note_on_c, 2, 71, 108
3, 42672, Note_off_c, 2, 71, 64
3, 42672, Note_off_c, 2, 76, 64
3, 42672, Note_off_c, 2, 80, 64
3, 42672, Note_off_c, 2, 83, 64
3, 42672, Note_off_c, 2, 88, 64
3, 42672, End_track
0, 0, End_of_file
