0, 0, Header, 1, 21, 480
1, 0, Start_track
1, 0, System_exclusive, 5, 126, 127, 9, 1, 247
1, 0, Text_t, "Man in the Long Black Coat\015\012by\015\012Bob Dylan"
1, 0, SMPTE_offset, 64, 0, 0, 0, 0
1, 0, Tempo, 789474
1, 0, Time_signature, 6, 3, 12, 8
1, 0, Key_signature, 0, "major"
1, 0, End_track
2, 0, Start_track
2, 0, Title_t, "Melody"
2, 0, MIDI_port, 0
2, 0, Channel_prefix, 1
2, 0, Control_c, 1, 7, 127
2, 0, Control_c, 1, 10, 64
2, 0, Program_c, 1, 25
2, 6480, Note_on_c, 1, 57, 80
2, 6600, Note_off_c, 1, 57, 64
2, 6600, Note_on_c, 1, 57, 80
2, 6720, Note_off_c, 1, 57, 64
2, 7080, Note_on_c, 1, 57, 80
2, 7200, Note_off_c, 1, 57, 64
2, 7200, Note_on_c, 1, 60, 80
2, 7320, Note_off_c, 1, 60, 64
2, 7320, Note_on_c, 1, 60, 80
2, 7440, Note_off_c, 1, 60, 64
2, 7800, Note_on_c, 1, 55, 80
2, 7920, Note_off_c, 1, 55, 64
2, 7920, Note_on_c, 1, 62, 80
2, 8040, Note_off_c, 1, 62, 64
2, 8040, Note_on_c, 1, 62, 80
2, 8160, Note_off_c, 1, 62, 64
2, 8400, Note_on_c, 1, 62, 80
2, 8640, Note_off_c, 1, 62, 64
2, 8640, Note_on_c, 1, 64, 80
2, 8880, Note_off_c, 1, 64, 64
2, 9120, Note_on_c, 1, 64, 80
2, 9240, Note_off_c, 1, 64, 64
2, 9240, Note_on_c, 1, 67, 80
2, 9360, Note_off_c, 1, 67, 64
2, 9360, Note_on_c, 1, 69, 80
2, 9600, Note_off_c, 1, 69, 64
2, 9840, Note_on_c, 1, 69, 80
2, 9960, Note_off_c, 1, 69, 64
2, 9960, Note_on_c, 1, 69, 80
2, 10080, Note_off_c, 1, 69, 64
2, 10080, Note_on_c, 1, 67, 80
2, 10320, Note_off_c, 1, 67, 64
2, 10560, Note_on_c, 1, 64, 80
2, 10680, Note_off_c, 1, 64, 64
2, 10680, Note_on_c, 1, 60, 80
2, 10800, Note_off_c, 1, 60, 64
2, 10800, Note_on_c, 1, 62, 80
2, 11040, Note_off_c, 1, 62, 64
2, 11280, Note_on_c, 1, 55, 80
2, 11400, Note_off_c, 1, 55, 64
2, 11400, Note_on_c, 1, 55, 80
2, 11520, Note_off_c, 1, 55, 64
2, 11520, Note_on_c, 1, 57, 80
2, 11760, Note_off_c, 1, 57, 64
2, 12240, Note_on_c, 1, 57, 80
2, 12360, Note_off_c, 1, 57, 64
2, 12360, Note_on_c, 1, 57, 80
2, 12720, Note_off_c, 1, 57, 64
2, 12720, Note_on_c, 1, 60, 80
2, 12960, Note_off_c, 1, 60, 64
2, 12960, Note_on_c, 1, 60, 80
2, 13080, Note_off_c, 1, 60, 64
2, 13080, Note_on_c, 1, 60, 80
2, 13440, Note_off_c, 1, 60, 64
2, 13680, Note_on_c, 1, 62, 80
2, 13800, Note_off_c, 1, 62, 64
2, 13800, Note_on_c, 1, 62, 80
2, 13920, Note_off_c, 1, 62, 64
2, 13920, Note_on_c, 1, 62, 80
2, 14160, Note_off_c, 1, 62, 64
2, 14400, Note_on_c, 1, 64, 80
2, 14640, Note_off_c, 1, 64, 64
2, 15120, Note_on_c, 1, 69, 80
2, 15360, Note_off_c, 1, 69, 64
2, 15600, Note_on_c, 1, 69, 80
2, 15720, Note_off_c, 1, 69, 64
2, 15720, Note_on_c, 1, 67, 80
2, 15840, Note_off_c, 1, 67, 64
2, 15840, Note_on_c, 1, 67, 80
2, 15960, Note_off_c, 1, 67, 64
2, 15960, Note_on_c, 1, 64, 80
2, 16080, Note_off_c, 1, 64, 64
2, 16320, Note_on_c, 1, 60, 80
2, 16440, Note_off_c, 1, 60, 64
2, 16440, Note_on_c, 1, 60, 80
2, 16560, Note_off_c, 1, 60, 64
2, 16560, Note_on_c, 1, 62, 80
2, 16800, Note_off_c, 1, 62, 64
2, 16920, Note_on_c, 1, 57, 80
2, 17040, Note_off_c, 1, 57, 64
2, 17040, Note_on_c, 1, 57, 80
2, 17280, Note_off_c, 1, 57, 64
2, 17280, Note_on_c, 1, 57, 80
2, 17520, Note_off_c, 1, 57, 64
2, 19920, Note_on_c, 1, 64, 80
2, 20040, Note_off_c, 1, 64, 64
2, 20040, Note_on_c, 1, 67, 80
2, 20160, Note_off_c, 1, 67, 64
2, 20160, Note_on_c, 1, 67, 80
2, 20400, Note_off_c, 1, 67, 64
2, 20640, Note_on_c, 1, 67, 80
2, 20760, Note_off_c, 1, 67, 64
2, 20760, Note_on_c, 1, 67, 80
2, 20880, Note_off_c, 1, 67, 64
2, 20880, Note_on_c, 1, 67, 80
2, 21120, Note_off_c, 1, 67, 64
2, 21480, Note_on_c, 1, 67, 80
2, 21600, Note_off_c, 1, 67, 64
2, 21600, Note_on_c, 1, 67, 80
2, 21720, Note_off_c, 1, 67, 64
2, 21720, Note_on_c, 1, 67, 80
2, 21840, Note_off_c, 1, 67, 64
2, 22200, Note_on_c, 1, 67, 80
2, 22320, Note_off_c, 1, 67, 64
2, 22320, Note_on_c, 1, 67, 80
2, 22560, Note_off_c, 1, 67, 64
2, 22920, Note_on_c, 1, 57, 80
2, 23040, Note_off_c, 1, 57, 64
2, 23040, Note_on_c, 1, 57, 80
2, 23280, Note_off_c, 1, 57, 64
2, 23520, Note_on_c, 1, 60, 80
2, 23640, Note_off_c, 1, 60, 64
2, 23640, Note_on_c, 1, 57, 80
2, 23760, Note_off_c, 1, 57, 64
2, 23760, Note_on_c, 1, 60, 80
2, 24000, Note_off_c, 1, 60, 64
2, 24240, Note_on_c, 1, 64, 80
2, 24360, Note_off_c, 1, 64, 64
2, 24360, Note_on_c, 1, 60, 80
2, 24480, Note_off_c, 1, 60, 64
2, 24480, Note_on_c, 1, 62, 80
2, 24720, Note_off_c, 1, 62, 64
2, 24960, Note_on_c, 1, 55, 80
2, 25200, Note_off_c, 1, 55, 64
2, 25200, Note_on_c, 1, 57, 80
2, 25680, Note_off_c, 1, 57, 64
2, 28080, Note_on_c, 1, 57, 80
2, 28320, Note_off_c, 1, 57, 64
2, 28560, Note_on_c, 1, 60, 80
2, 28680, Note_off_c, 1, 60, 64
2, 28680, Note_on_c, 1, 57, 80
2, 28800, Note_off_c, 1, 57, 64
2, 28800, Note_on_c, 1, 60, 80
2, 28920, Note_off_c, 1, 60, 64
2, 28920, Note_on_c, 1, 55, 80
2, 29280, Note_off_c, 1, 55, 64
2, 29520, Note_on_c, 1, 62, 80
2, 29640, Note_off_c, 1, 62, 64
2, 29640, Note_on_c, 1, 62, 80
2, 29760, Note_off_c, 1, 62, 64
2, 30120, Note_on_c, 1, 62, 80
2, 30240, Note_off_c, 1, 62, 64
2, 30240, Note_on_c, 1, 64, 80
2, 30480, Note_off_c, 1, 64, 64
2, 30720, Note_on_c, 1, 64, 80
2, 30840, Note_off_c, 1, 64, 64
2, 30840, Note_on_c, 1, 67, 80
2, 30960, Note_off_c, 1, 67, 64
2, 30960, Note_on_c, 1, 69, 80
2, 31200, Note_off_c, 1, 69, 64
2, 31440, Note_on_c, 1, 69, 80
2, 31680, Note_off_c, 1, 69, 64
2, 31680, Note_on_c, 1, 67, 80
2, 31920, Note_off_c, 1, 67, 64
2, 32160, Note_on_c, 1, 64, 80
2, 32280, Note_off_c, 1, 64, 64
2, 32280, Note_on_c, 1, 60, 80
2, 32400, Note_off_c, 1, 60, 64
2, 32400, Note_on_c, 1, 62, 80
2, 32640, Note_off_c, 1, 62, 64
2, 32880, Note_on_c, 1, 55, 80
2, 33000, Note_off_c, 1, 55, 64
2, 33000, Note_on_c, 1, 55, 80
2, 33120, Note_off_c, 1, 55, 64
2, 33120, Note_on_c, 1, 57, 80
2, 33360, Note_off_c, 1, 57, 64
2, 33600, Note_on_c, 1, 57, 80
2, 33720, Note_off_c, 1, 57, 64
2, 33720, Note_on_c, 1, 57, 80
2, 33840, Note_off_c, 1, 57, 64
2, 33840, Note_on_c, 1, 57, 80
2, 34080, Note_off_c, 1, 57, 64
2, 34320, Note_on_c, 1, 60, 80
2, 34440, Note_off_c, 1, 60, 64
2, 34440, Note_on_c, 1, 60, 80
2, 34560, Note_off_c, 1, 60, 64
2, 34560, Note_on_c, 1, 60, 80
2, 34800, Note_off_c, 1, 60, 64
2, 35040, Note_on_c, 1, 60, 80
2, 35160, Note_off_c, 1, 60, 64
2, 35160, Note_on_c, 1, 60, 80
2, 35280, Note_off_c, 1, 60, 64
2, 35280, Note_on_c, 1, 62, 80
2, 35520, Note_off_c, 1, 62, 64
2, 35760, Note_on_c, 1, 62, 80
2, 35880, Note_off_c, 1, 62, 64
2, 35880, Note_on_c, 1, 62, 80
2, 36000, Note_off_c, 1, 62, 64
2, 36000, Note_on_c, 1, 64, 80
2, 36240, Note_off_c, 1, 64, 64
2, 36480, Note_on_c, 1, 67, 80
2, 36540, Note_off_c, 1, 67, 64
2, 36540, Note_on_c, 1, 67, 80
2, 36600, Note_off_c, 1, 67, 64
2, 36600, Note_on_c, 1, 69, 80
2, 36660, Note_off_c, 1, 69, 64
2, 36660, Note_on_c, 1, 69, 80
2, 36720, Note_off_c, 1, 69, 64
2, 36720, Note_on_c, 1, 69, 80
2, 36840, Note_off_c, 1, 69, 64
2, 36840, Note_on_c, 1, 69, 80
2, 36960, Note_off_c, 1, 69, 64
2, 37200, Note_on_c, 1, 69, 80
2, 37440, Note_off_c, 1, 69, 64
2, 37440, Note_on_c, 1, 67, 80
2, 37680, Note_off_c, 1, 67, 64
2, 37800, Note_on_c, 1, 64, 80
2, 37920, Note_off_c, 1, 64, 64
2, 37920, Note_on_c, 1, 62, 80
2, 38040, Note_off_c, 1, 62, 64
2, 38040, Note_on_c, 1, 60, 80
2, 38160, Note_off_c, 1, 60, 64
2, 38160, Note_on_c, 1, 62, 80
2, 38400, Note_off_c, 1, 62, 64
2, 38640, Note_on_c, 1, 55, 80
2, 38760, Note_off_c, 1, 55, 64
2, 38760, Note_on_c, 1, 55, 80
2, 38880, Note_off_c, 1, 55, 64
2, 38880, Note_on_c, 1, 57, 80
2, 39120, Note_off_c, 1, 57, 64
2, 41760, Note_on_c, 1, 67, 80
2, 41880, Note_off_c, 1, 67, 64
2, 41880, Note_on_c, 1, 67, 80
2, 42240, Note_off_c, 1, 67, 64
2, 42240, Note_on_c, 1, 67, 80
2, 42360, Note_off_c, 1, 67, 64
2, 42360, Note_on_c, 1, 67, 80
2, 42720, Note_off_c, 1, 67, 64
2, 42960, Note_on_c, 1, 67, 80
2, 43080, Note_off_c, 1, 67, 64
2, 43080, Note_on_c, 1, 67, 80
2, 43200, Note_off_c, 1, 67, 64
2, 43200, Note_on_c, 1, 67, 80
2, 43440, Note_off_c, 1, 67, 64
2, 43440, Note_on_c, 1, 67, 80
2, 43680, Note_off_c, 1, 67, 64
2, 43680, Note_on_c, 1, 67, 80
2, 43920, Note_off_c, 1, 67, 64
2, 43920, Note_on_c, 1, 67, 80
2, 44160, Note_off_c, 1, 67, 64
2, 44400, Note_on_c, 1, 62, 80
2, 44520, Note_off_c, 1, 62, 64
2, 44520, Note_on_c, 1, 60, 80
2, 44640, Note_off_c, 1, 60, 64
2, 44640, Note_on_c, 1, 62, 80
2, 44880, Note_off_c, 1, 62, 64
2, 45120, Note_on_c, 1, 57, 80
2, 45240, Note_off_c, 1, 57, 64
2, 45240, Note_on_c, 1, 57, 80
2, 45360, Note_off_c, 1, 57, 64
2, 45360, Note_on_c, 1, 57, 80
2, 45600, Note_off_c, 1, 57, 64
2, 45840, Note_on_c, 1, 64, 80
2, 45960, Note_off_c, 1, 64, 64
2, 45960, Note_on_c, 1, 60, 80
2, 46080, Note_off_c, 1, 60, 64
2, 46080, Note_on_c, 1, 62, 80
2, 46320, Note_off_c, 1, 62, 64
2, 46320, Note_on_c, 1, 55, 80
2, 46560, Note_off_c, 1, 55, 64
2, 46560, Note_on_c, 1, 57, 80
2, 47040, Note_off_c, 1, 57, 64
2, 49680, Note_on_c, 1, 57, 80
2, 49800, Note_off_c, 1, 57, 64
2, 49800, Note_on_c, 1, 57, 80
2, 49920, Note_off_c, 1, 57, 64
2, 50160, Note_on_c, 1, 57, 80
2, 50280, Note_off_c, 1, 57, 64
2, 50280, Note_on_c, 1, 57, 80
2, 50400, Note_off_c, 1, 57, 64
2, 50400, Note_on_c, 1, 60, 80
2, 50520, Note_off_c, 1, 60, 64
2, 50520, Note_on_c, 1, 60, 80
2, 50640, Note_off_c, 1, 60, 64
2, 50880, Note_on_c, 1, 60, 80
2, 51000, Note_off_c, 1, 60, 64
2, 51000, Note_on_c, 1, 60, 80
2, 51120, Note_off_c, 1, 60, 64
2, 51120, Note_on_c, 1, 62, 80
2, 51240, Note_off_c, 1, 62, 64
2, 51240, Note_on_c, 1, 62, 80
2, 51360, Note_off_c, 1, 62, 64
2, 51600, Note_on_c, 1, 62, 80
2, 51840, Note_off_c, 1, 62, 64
2, 51840, Note_on_c, 1, 64, 80
2, 52080, Note_off_c, 1, 64, 64
2, 52200, Note_on_c, 1, 64, 80
2, 52320, Note_off_c, 1, 64, 64
2, 52320, Note_on_c, 1, 67, 80
2, 52560, Note_off_c, 1, 67, 64
2, 52560, Note_on_c, 1, 69, 80
2, 52680, Note_off_c, 1, 69, 64
2, 52680, Note_on_c, 1, 69, 80
2, 52800, Note_off_c, 1, 69, 64
2, 53040, Note_on_c, 1, 69, 80
2, 53280, Note_off_c, 1, 69, 64
2, 53280, Note_on_c, 1, 67, 80
2, 53400, Note_off_c, 1, 67, 64
2, 53400, Note_on_c, 1, 67, 80
2, 53520, Note_off_c, 1, 67, 64
2, 53760, Note_on_c, 1, 60, 80
2, 54000, Note_off_c, 1, 60, 64
2, 54000, Note_on_c, 1, 62, 80
2, 54240, Note_off_c, 1, 62, 64
2, 54480, Note_on_c, 1, 55, 80
2, 54600, Note_off_c, 1, 55, 64
2, 54600, Note_on_c, 1, 55, 80
2, 54720, Note_off_c, 1, 55, 64
2, 54720, Note_on_c, 1, 57, 80
2, 54960, Note_off_c, 1, 57, 64
2, 55320, Note_on_c, 1, 57, 80
2, 55440, Note_off_c, 1, 57, 64
2, 55440, Note_on_c, 1, 57, 80
2, 55560, Note_off_c, 1, 57, 64
2, 55560, Note_on_c, 1, 57, 80
2, 55680, Note_off_c, 1, 57, 64
2, 56040, Note_on_c, 1, 57, 80
2, 56160, Note_off_c, 1, 57, 64
2, 56160, Note_on_c, 1, 60, 80
2, 56280, Note_off_c, 1, 60, 64
2, 56280, Note_on_c, 1, 60, 80
2, 56400, Note_off_c, 1, 60, 64
2, 56760, Note_on_c, 1, 60, 80
2, 56880, Note_off_c, 1, 60, 64
2, 56880, Note_on_c, 1, 62, 80
2, 57000, Note_off_c, 1, 62, 64
2, 57000, Note_on_c, 1, 62, 80
2, 57120, Note_off_c, 1, 62, 64
2, 57480, Note_on_c, 1, 62, 80
2, 57600, Note_off_c, 1, 62, 64
2, 57600, Note_on_c, 1, 64, 80
2, 57840, Note_off_c, 1, 64, 64
2, 58080, Note_on_c, 1, 64, 80
2, 58200, Note_off_c, 1, 64, 64
2, 58200, Note_on_c, 1, 67, 80
2, 58320, Note_off_c, 1, 67, 64
2, 58320, Note_on_c, 1, 69, 80
2, 58560, Note_off_c, 1, 69, 64
2, 58920, Note_on_c, 1, 69, 80
2, 59040, Note_off_c, 1, 69, 64
2, 59040, Note_on_c, 1, 69, 80
2, 59280, Note_off_c, 1, 69, 64
2, 59640, Note_on_c, 1, 64, 80
2, 59760, Note_off_c, 1, 64, 64
2, 59760, Note_on_c, 1, 62, 80
2, 60000, Note_off_c, 1, 62, 64
2, 60240, Note_on_c, 1, 55, 80
2, 60360, Note_off_c, 1, 55, 64
2, 60360, Note_on_c, 1, 55, 80
2, 60480, Note_off_c, 1, 55, 64
2, 60480, Note_on_c, 1, 57, 80
2, 60960, Note_off_c, 1, 57, 64
2, 63000, Note_on_c, 1, 64, 80
2, 63120, Note_off_c, 1, 64, 64
2, 63120, Note_on_c, 1, 67, 80
2, 63360, Note_off_c, 1, 67, 64
2, 63360, Note_on_c, 1, 67, 80
2, 63480, Note_off_c, 1, 67, 64
2, 63480, Note_on_c, 1, 67, 80
2, 63600, Note_off_c, 1, 67, 64
2, 63960, Note_on_c, 1, 67, 80
2, 64080, Note_off_c, 1, 67, 64
2, 64080, Note_on_c, 1, 67, 80
2, 64200, Note_off_c, 1, 67, 64
2, 64200, Note_on_c, 1, 67, 80
2, 64320, Note_off_c, 1, 67, 64
2, 64680, Note_on_c, 1, 67, 80
2, 64800, Note_off_c, 1, 67, 64
2, 64800, Note_on_c, 1, 67, 80
2, 65040, Note_off_c, 1, 67, 64
2, 65280, Note_on_c, 1, 67, 80
2, 65400, Note_off_c, 1, 67, 64
2, 65400, Note_on_c, 1, 67, 80
2, 65520, Note_off_c, 1, 67, 64
2, 65520, Note_on_c, 1, 71, 80
2, 65760, Note_off_c, 1, 71, 64
2, 65880, Note_on_c, 1, 55, 80
2, 66000, Note_off_c, 1, 55, 64
2, 66000, Note_on_c, 1, 55, 80
2, 66120, Note_off_c, 1, 55, 64
2, 66120, Note_on_c, 1, 55, 80
2, 66240, Note_off_c, 1, 55, 64
2, 66240, Note_on_c, 1, 57, 80
2, 66480, Note_off_c, 1, 57, 64
2, 66720, Note_on_c, 1, 59, 80
2, 66840, Note_off_c, 1, 59, 64
2, 66840, Note_on_c, 1, 59, 80
2, 66960, Note_off_c, 1, 59, 64
2, 66960, Note_on_c, 1, 60, 80
2, 67200, Note_off_c, 1, 60, 64
2, 67440, Note_on_c, 1, 64, 80
2, 67560, Note_off_c, 1, 64, 64
2, 67560, Note_on_c, 1, 64, 80
2, 67680, Note_off_c, 1, 64, 64
2, 67680, Note_on_c, 1, 62, 80
2, 67920, Note_off_c, 1, 62, 64
2, 68160, Note_on_c, 1, 55, 80
2, 68400, Note_off_c, 1, 55, 64
2, 68400, Note_on_c, 1, 57, 80
2, 68880, Note_off_c, 1, 57, 64
2, 71160, Note_on_c, 1, 69, 80
2, 71280, Note_off_c, 1, 69, 64
2, 71280, Note_on_c, 1, 69, 80
2, 71400, Note_off_c, 1, 69, 64
2, 71400, Note_on_c, 1, 72, 80
2, 71880, Note_off_c, 1, 72, 64
2, 71880, Note_on_c, 1, 72, 80
2, 72000, Note_off_c, 1, 72, 64
2, 72000, Note_on_c, 1, 72, 80
2, 72360, Note_off_c, 1, 72, 64
2, 72360, Note_on_c, 1, 72, 80
2, 72480, Note_off_c, 1, 72, 64
2, 72480, Note_on_c, 1, 72, 80
2, 72720, Note_off_c, 1, 72, 64
2, 72720, Note_on_c, 1, 72, 80
2, 72840, Note_off_c, 1, 72, 64
2, 72840, Note_on_c, 1, 72, 80
2, 73200, Note_off_c, 1, 72, 64
2, 73200, Note_on_c, 1, 72, 80
2, 73440, Note_off_c, 1, 72, 64
2, 73440, Note_on_c, 1, 72, 80
2, 73680, Note_off_c, 1, 72, 64
2, 73920, Note_on_c, 1, 76, 80
2, 74040, Note_off_c, 1, 76, 64
2, 74040, Note_on_c, 1, 74, 80
2, 74160, Note_off_c, 1, 74, 64
2, 74160, Note_on_c, 1, 72, 80
2, 74400, Note_off_c, 1, 72, 64
2, 74400, Note_on_c, 1, 69, 80
2, 74640, Note_off_c, 1, 69, 64
2, 74640, Note_on_c, 1, 69, 80
2, 74880, Note_off_c, 1, 69, 64
2, 75360, Note_on_c, 1, 69, 80
2, 75480, Note_off_c, 1, 69, 64
2, 75480, Note_on_c, 1, 67, 80
2, 75600, Note_off_c, 1, 67, 64
2, 75600, Note_on_c, 1, 62, 80
2, 75720, Note_off_c, 1, 62, 64
2, 75720, Note_on_c, 1, 55, 80
2, 75840, Note_off_c, 1, 55, 64
2, 75840, Note_on_c, 1, 55, 80
2, 76080, Note_off_c, 1, 55, 64
2, 76080, Note_on_c, 1, 57, 80
2, 76320, Note_off_c, 1, 57, 64
2, 76920, Note_on_c, 1, 69, 80
2, 77040, Note_off_c, 1, 69, 64
2, 77040, Note_on_c, 1, 72, 80
2, 77160, Note_off_c, 1, 72, 64
2, 77160, Note_on_c, 1, 72, 80
2, 77280, Note_off_c, 1, 72, 64
2, 77280, Note_on_c, 1, 72, 80
2, 77520, Note_off_c, 1, 72, 64
2, 77760, Note_on_c, 1, 72, 80
2, 78000, Note_off_c, 1, 72, 64
2, 78000, Note_on_c, 1, 72, 80
2, 78240, Note_off_c, 1, 72, 64
2, 78240, Note_on_c, 1, 72, 80
2, 78480, Note_off_c, 1, 72, 64
2, 78480, Note_on_c, 1, 72, 80
2, 78600, Note_off_c, 1, 72, 64
2, 78600, Note_on_c, 1, 72, 80
2, 78960, Note_off_c, 1, 72, 64
2, 78960, Note_on_c, 1, 72, 80
2, 79200, Note_off_c, 1, 72, 64
2, 79200, Note_on_c, 1, 72, 80
2, 79440, Note_off_c, 1, 72, 64
2, 79800, Note_on_c, 1, 55, 80
2, 79920, Note_off_c, 1, 55, 64
2, 79920, Note_on_c, 1, 57, 80
2, 80160, Note_off_c, 1, 57, 64
2, 80400, Note_on_c, 1, 60, 80
2, 80520, Note_off_c, 1, 60, 64
2, 80520, Note_on_c, 1, 60, 80
2, 80640, Note_off_c, 1, 60, 64
2, 80640, Note_on_c, 1, 64, 80
2, 80880, Note_off_c, 1, 64, 64
2, 81120, Note_on_c, 1, 64, 80
2, 81240, Note_off_c, 1, 64, 64
2, 81240, Note_on_c, 1, 64, 80
2, 81360, Note_off_c, 1, 64, 64
2, 81360, Note_on_c, 1, 62, 80
2, 81600, Note_off_c, 1, 62, 64
2, 81840, Note_on_c, 1, 55, 80
2, 82080, Note_off_c, 1, 55, 64
2, 82080, Note_on_c, 1, 57, 80
2, 82560, Note_off_c, 1, 57, 64
2, 84720, Note_on_c, 1, 57, 80
2, 84960, Note_off_c, 1, 57, 64
2, 84960, Note_on_c, 1, 57, 80
2, 85200, Note_off_c, 1, 57, 64
2, 85440, Note_on_c, 1, 60, 80
2, 85560, Note_off_c, 1, 60, 64
2, 85560, Note_on_c, 1, 57, 80
2, 85680, Note_off_c, 1, 57, 64
2, 85680, Note_on_c, 1, 60, 80
2, 85800, Note_off_c, 1, 60, 64
2, 85800, Note_on_c, 1, 57, 80
2, 85920, Note_off_c, 1, 57, 64
2, 86160, Note_on_c, 1, 60, 80
2, 86400, Note_off_c, 1, 60, 64
2, 86400, Note_on_c, 1, 62, 80
2, 86640, Note_off_c, 1, 62, 64
2, 86640, Note_on_c, 1, 62, 80
2, 86880, Note_off_c, 1, 62, 64
2, 86880, Note_on_c, 1, 67, 80
2, 87120, Note_off_c, 1, 67, 64
2, 87120, Note_on_c, 1, 67, 80
2, 87360, Note_off_c, 1, 67, 64
2, 87840, Note_on_c, 1, 69, 80
2, 87960, Note_off_c, 1, 69, 64
2, 87960, Note_on_c, 1, 69, 80
2, 88320, Note_off_c, 1, 69, 64
2, 88320, Note_on_c, 1, 69, 80
2, 88560, Note_off_c, 1, 69, 64
2, 88560, Note_on_c, 1, 67, 80
2, 88680, Note_off_c, 1, 67, 64
2, 88680, Note_on_c, 1, 60, 80
2, 88800, Note_off_c, 1, 60, 64
2, 89040, Note_on_c, 1, 64, 80
2, 89160, Note_off_c, 1, 64, 64
2, 89160, Note_on_c, 1, 60, 80
2, 89280, Note_off_c, 1, 60, 64
2, 89280, Note_on_c, 1, 62, 80
2, 89520, Note_off_c, 1, 62, 64
2, 89760, Note_on_c, 1, 55, 80
2, 89880, Note_off_c, 1, 55, 64
2, 89880, Note_on_c, 1, 55, 80
2, 90000, Note_off_c, 1, 55, 64
2, 90000, Note_on_c, 1, 57, 80
2, 90240, Note_off_c, 1, 57, 64
2, 90480, Note_on_c, 1, 60, 80
2, 90600, Note_off_c, 1, 60, 64
2, 90600, Note_on_c, 1, 55, 80
2, 90720, Note_off_c, 1, 55, 64
2, 90720, Note_on_c, 1, 57, 80
2, 90960, Note_off_c, 1, 57, 64
2, 91200, Note_on_c, 1, 60, 80
2, 91320, Note_off_c, 1, 60, 64
2, 91320, Note_on_c, 1, 57, 80
2, 91440, Note_off_c, 1, 57, 64
2, 91440, Note_on_c, 1, 60, 80
2, 91560, Note_off_c, 1, 60, 64
2, 91560, Note_on_c, 1, 57, 80
2, 91680, Note_off_c, 1, 57, 64
2, 91920, Note_on_c, 1, 60, 80
2, 92040, Note_off_c, 1, 60, 64
2, 92040, Note_on_c, 1, 60, 80
2, 92160, Note_off_c, 1, 60, 64
2, 92160, Note_on_c, 1, 62, 80
2, 92400, Note_off_c, 1, 62, 64
2, 92400, Note_on_c, 1, 62, 80
2, 92640, Note_off_c, 1, 62, 64
2, 92880, Note_on_c, 1, 71, 80
2, 93120, Note_off_c, 1, 71, 64
2, 93600, Note_on_c, 1, 69, 80
2, 93720, Note_off_c, 1, 69, 64
2, 93720, Note_on_c, 1, 69, 80
2, 93840, Note_off_c, 1, 69, 64
2, 93840, Note_on_c, 1, 69, 80
2, 94080, Note_off_c, 1, 69, 64
2, 94200, Note_on_c, 1, 69, 80
2, 94320, Note_off_c, 1, 69, 64
2, 94320, Note_on_c, 1, 67, 80
2, 94440, Note_off_c, 1, 67, 64
2, 94440, Note_on_c, 1, 60, 80
2, 94560, Note_off_c, 1, 60, 64
2, 94800, Note_on_c, 1, 64, 80
2, 94920, Note_off_c, 1, 64, 64
2, 94920, Note_on_c, 1, 60, 80
2, 95040, Note_off_c, 1, 60, 64
2, 95040, Note_on_c, 1, 55, 80
2, 95280, Note_off_c, 1, 55, 64
2, 95400, Note_on_c, 1, 55, 80
2, 95520, Note_off_c, 1, 55, 64
2, 95520, Note_on_c, 1, 55, 80
2, 95760, Note_off_c, 1, 55, 64
2, 95760, Note_on_c, 1, 57, 80
2, 96000, Note_off_c, 1, 57, 64
2, 98520, Note_on_c, 1, 67, 80
2, 98640, Note_off_c, 1, 67, 64
2, 98640, Note_on_c, 1, 67, 80
2, 98760, Note_off_c, 1, 67, 64
2, 98760, Note_on_c, 1, 67, 80
2, 98880, Note_off_c, 1, 67, 64
2, 99120, Note_on_c, 1, 67, 80
2, 99360, Note_off_c, 1, 67, 64
2, 99360, Note_on_c, 1, 67, 80
2, 99480, Note_off_c, 1, 67, 64
2, 99480, Note_on_c, 1, 67, 80
2, 99600, Note_off_c, 1, 67, 64
2, 99840, Note_on_c, 1, 67, 80
2, 99960, Note_off_c, 1, 67, 64
2, 99960, Note_on_c, 1, 67, 80
2, 100080, Note_off_c, 1, 67, 64
2, 100080, Note_on_c, 1, 67, 80
2, 100200, Note_off_c, 1, 67, 64
2, 100200, Note_on_c, 1, 67, 80
2, 100320, Note_off_c, 1, 67, 64
2, 100560, Note_on_c, 1, 67, 80
2, 100800, Note_off_c, 1, 67, 64
2, 100800, Note_on_c, 1, 69, 80
2, 101040, Note_off_c, 1, 69, 64
2, 101280, Note_on_c, 1, 55, 80
2, 101520, Note_off_c, 1, 55, 64
2, 101520, Note_on_c, 1, 57, 80
2, 101760, Note_off_c, 1, 57, 64
2, 102000, Note_on_c, 1, 60, 80
2, 102120, Note_off_c, 1, 60, 64
2, 102120, Note_on_c, 1, 57, 80
2, 102240, Note_off_c, 1, 57, 64
2, 102240, Note_on_c, 1, 60, 80
2, 102480, Note_off_c, 1, 60, 64
2, 102720, Note_on_c, 1, 60, 80
2, 102840, Note_off_c, 1, 60, 64
2, 102840, Note_on_c, 1, 60, 80
2, 102960, Note_off_c, 1, 60, 64
2, 102960, Note_on_c, 1, 62, 80
2, 103200, Note_off_c, 1, 62, 64
2, 103440, Note_on_c, 1, 55, 80
2, 103680, Note_off_c, 1, 55, 64
2, 103680, Note_on_c, 1, 57, 80
2, 104160, Note_off_c, 1, 57, 64
2, 104160, End_track
3, 0, Start_track
3, 0, Title_t, "Guitar"
3, 0, MIDI_port, 0
3, 0, Channel_prefix, 2
3, 0, Control_c, 2, 7, 120
3, 0, Control_c, 2, 10, 64
3, 0, Program_c, 2, 24
3, 720, Note_on_c, 2, 62, 80
3, 1200, Note_off_c, 2, 62, 64
3, 1200, Note_on_c, 2, 60, 80
3, 1440, Note_off_c, 2, 60, 64
3, 1440, Note_on_c, 2, 62, 80
3, 1680, Note_off_c, 2, 62, 64
3, 1680, Note_on_c, 2, 60, 80
3, 1680, Note_on_c, 2, 64, 80
3, 2880, Note_off_c, 2, 64, 64
3, 2880, Note_off_c, 2, 60, 64
3, 2880, Note_on_c, 2, 62, 80
3, 2880, Note_on_c, 2, 59, 80
3, 3600, Note_off_c, 2, 59, 64
3, 3600, Note_off_c, 2, 62, 64
3, 3600, Note_on_c, 2, 60, 80
3, 3600, Note_on_c, 2, 64, 80
3, 5760, Note_off_c, 2, 64, 64
3, 5760, Note_off_c, 2, 60, 64
3, 5760, Note_on_c, 2, 59, 80
3, 5760, Note_on_c, 2, 62, 80
3, 6480, Note_off_c, 2, 62, 64
3, 6480, Note_off_c, 2, 59, 64
3, 6480, Note_on_c, 2, 52, 80
3, 6480, Note_on_c, 2, 48, 80
3, 7200, Note_off_c, 2, 48, 64
3, 7200, Note_off_c, 2, 52, 64
3, 7200, Note_on_c, 2, 52, 80
3, 7200, Note_on_c, 2, 55, 80
3, 7920, Note_off_c, 2, 55, 64
3, 7920, Note_off_c, 2, 52, 64
3, 7920, Note_on_c, 2, 55, 80
3, 7920, Note_on_c, 2, 59, 80
3, 8640, Note_off_c, 2, 59, 64
3, 8640, Note_off_c, 2, 55, 64
3, 8640, Note_on_c, 2, 59, 80
3, 8640, Note_on_c, 2, 55, 80
3, 9360, Note_off_c, 2, 55, 64
3, 9360, Note_off_c, 2, 59, 64
3, 9360, Note_on_c, 2, 60, 80
3, 9360, Note_on_c, 2, 64, 80
3, 10080, Note_off_c, 2, 64, 64
3, 10080, Note_off_c, 2, 60, 64
3, 10080, Note_on_c, 2, 60, 80
3, 10080, Note_on_c, 2, 64, 80
3, 10800, Note_off_c, 2, 64, 64
3, 10800, Note_off_c, 2, 60, 64
3, 10800, Note_on_c, 2, 55, 80
3, 10800, Note_on_c, 2, 59, 80
3, 11520, Note_off_c, 2, 59, 64
3, 11520, Note_off_c, 2, 55, 64
3, 11520, Note_on_c, 2, 52, 80
3, 11520, Note_on_c, 2, 48, 80
3, 12240, Note_off_c, 2, 48, 64
3, 12240, Note_off_c, 2, 52, 64
3, 12240, Note_on_c, 2, 52, 80
3, 12240, Note_on_c, 2, 48, 80
3, 12960, Note_off_c, 2, 48, 64
3, 12960, Note_off_c, 2, 52, 64
3, 12960, Note_on_c, 2, 55, 80
3, 12960, Note_on_c, 2, 52, 80
3, 13680, Note_off_c, 2, 52, 64
3, 13680, Note_off_c, 2, 55, 64
3, 13680, Note_on_c, 2, 55, 80
3, 13680, Note_on_c, 2, 59, 80
3, 14400, Note_off_c, 2, 59, 64
3, 14400, Note_off_c, 2, 55, 64
3, 14400, Note_on_c, 2, 55, 80
3, 14400, Note_on_c, 2, 59, 80
3, 15120, Note_off_c, 2, 59, 64
3, 15120, Note_off_c, 2, 55, 64
3, 15120, Note_on_c, 2, 64, 80
3, 15120, Note_on_c, 2, 60, 80
3, 15840, Note_off_c, 2, 60, 64
3, 15840, Note_off_c, 2, 64, 64
3, 15840, Note_on_c, 2, 64, 80
3, 15840, Note_on_c, 2, 60, 80
3, 16560, Note_off_c, 2, 60, 64
3, 16560, Note_off_c, 2, 64, 64
3, 16560, Note_on_c, 2, 55, 80
3, 16560, Note_on_c, 2, 59, 80
3, 17280, Note_off_c, 2, 59, 64
3, 17280, Note_off_c, 2, 55, 64
3, 17520, Note_on_c, 2, 60, 80
3, 17520, Note_on_c, 2, 69, 80
3, 17520, Note_on_c, 2, 64, 80
3, 18000, Note_off_c, 2, 64, 64
3, 18000, Note_off_c, 2, 69, 64
3, 18000, Note_off_c, 2, 60, 64
3, 18240, Note_on_c, 2, 64, 80
3, 18240, Note_on_c, 2, 69, 80
3, 18240, Note_on_c, 2, 60, 80
3, 18720, Note_off_c, 2, 60, 64
3, 18720, Note_off_c, 2, 69, 64
3, 18720, Note_off_c, 2, 64, 64
3, 18960, Note_on_c, 2, 64, 80
3, 18960, Note_on_c, 2, 60, 80
3, 18960, Note_on_c, 2, 69, 80
3, 20160, Note_off_c, 2, 69, 64
3, 20160, Note_off_c, 2, 60, 64
3, 20160, Note_off_c, 2, 64, 64
3, 20160, Note_on_c, 2, 62, 80
3, 20160, Note_on_c, 2, 59, 80
3, 20880, Note_off_c, 2, 59, 64
3, 20880, Note_off_c, 2, 62, 64
3, 20880, Note_on_c, 2, 62, 80
3, 20880, Note_on_c, 2, 59, 80
3, 21600, Note_off_c, 2, 59, 64
3, 21600, Note_off_c, 2, 62, 64
3, 21600, Note_on_c, 2, 55, 80
3, 21600, Note_on_c, 2, 62, 80
3, 22320, Note_off_c, 2, 62, 64
3, 22320, Note_off_c, 2, 55, 64
3, 22320, Note_on_c, 2, 59, 80
3, 22320, Note_on_c, 2, 62, 80
3, 23040, Note_off_c, 2, 62, 64
3, 23040, Note_off_c, 2, 59, 64
3, 23040, Note_on_c, 2, 57, 80
3, 23040, Note_on_c, 2, 52, 80
3, 23760, Note_off_c, 2, 52, 64
3, 23760, Note_off_c, 2, 57, 64
3, 23760, Note_on_c, 2, 52, 80
3, 23760, Note_on_c, 2, 55, 80
3, 24480, Note_off_c, 2, 55, 64
3, 24480, Note_off_c, 2, 52, 64
3, 24480, Note_on_c, 2, 59, 80
3, 24480, Note_on_c, 2, 55, 80
3, 25200, Note_off_c, 2, 55, 64
3, 25200, Note_off_c, 2, 59, 64
3, 25200, Note_on_c, 2, 57, 80
3, 25440, Note_on_c, 2, 60, 80
3, 25680, Note_off_c, 2, 60, 64
3, 25680, Note_on_c, 2, 64, 80
3, 25920, Note_off_c, 2, 64, 64
3, 25920, Note_on_c, 2, 69, 80
3, 26160, Note_off_c, 2, 69, 64
3, 26160, Note_on_c, 2, 64, 80
3, 26400, Note_off_c, 2, 64, 64
3, 26400, Note_on_c, 2, 60, 80
3, 26640, Note_off_c, 2, 57, 64
3, 26640, Note_off_c, 2, 60, 64
3, 26640, Note_on_c, 2, 64, 80
3, 26640, Note_on_c, 2, 60, 80
3, 26640, Note_on_c, 2, 57, 80
3, 28080, Note_off_c, 2, 57, 64
3, 28080, Note_off_c, 2, 60, 64
3, 28080, Note_off_c, 2, 64, 64
3, 28080, Note_on_c, 2, 52, 80
3, 28080, Note_on_c, 2, 57, 80
3, 28800, Note_off_c, 2, 57, 64
3, 28800, Note_off_c, 2, 52, 64
3, 28800, Note_on_c, 2, 52, 80
3, 28800, Note_on_c, 2, 60, 80
3, 29520, Note_off_c, 2, 60, 64
3, 29520, Note_off_c, 2, 52, 64
3, 29520, Note_on_c, 2, 55, 80
3, 29520, Note_on_c, 2, 59, 80
3, 30240, Note_off_c, 2, 59, 64
3, 30240, Note_off_c, 2, 55, 64
3, 30240, Note_on_c, 2, 59, 80
3, 30240, Note_on_c, 2, 55, 80
3, 30960, Note_off_c, 2, 55, 64
3, 30960, Note_off_c, 2, 59, 64
3, 30960, Note_on_c, 2, 60, 80
3, 30960, Note_on_c, 2, 64, 80
3, 31680, Note_off_c, 2, 64, 64
3, 31680, Note_off_c, 2, 60, 64
3, 31680, Note_on_c, 2, 67, 80
3, 31680, Note_on_c, 2, 64, 80
3, 31680, Note_on_c, 2, 60, 80
3, 32400, Note_off_c, 2, 60, 64
3, 32400, Note_off_c, 2, 64, 64
3, 32400, Note_off_c, 2, 67, 64
3, 32400, Note_on_c, 2, 62, 80
3, 32400, Note_on_c, 2, 55, 80
3, 32400, Note_on_c, 2, 59, 80
3, 33120, Note_off_c, 2, 59, 64
3, 33120, Note_off_c, 2, 55, 64
3, 33120, Note_off_c, 2, 62, 64
3, 33120, Note_on_c, 2, 57, 80
3, 33120, Note_on_c, 2, 52, 80
3, 33840, Note_off_c, 2, 52, 64
3, 33840, Note_off_c, 2, 57, 64
3, 33840, Note_on_c, 2, 52, 80
3, 33840, Note_on_c, 2, 57, 80
3, 34560, Note_off_c, 2, 57, 64
3, 34560, Note_off_c, 2, 52, 64
3, 34560, Note_on_c, 2, 55, 80
3, 34560, Note_on_c, 2, 52, 80
3, 35280, Note_off_c, 2, 52, 64
3, 35280, Note_off_c, 2, 55, 64
3, 35280, Note_on_c, 2, 55, 80
3, 35280, Note_on_c, 2, 59, 80
3, 36000, Note_off_c, 2, 59, 64
3, 36000, Note_off_c, 2, 55, 64
3, 36000, Note_on_c, 2, 59, 80
3, 36000, Note_on_c, 2, 55, 80
3, 36720, Note_off_c, 2, 55, 64
3, 36720, Note_off_c, 2, 59, 64
3, 36720, Note_on_c, 2, 60, 80
3, 36720, Note_on_c, 2, 64, 80
3, 37440, Note_off_c, 2, 64, 64
3, 37440, Note_off_c, 2, 60, 64
3, 37440, Note_on_c, 2, 64, 80
3, 37440, Note_on_c, 2, 60, 80
3, 38160, Note_off_c, 2, 60, 64
3, 38160, Note_off_c, 2, 64, 64
3, 38160, Note_on_c, 2, 59, 80
3, 38160, Note_on_c, 2, 62, 80
3, 38160, Note_on_c, 2, 55, 80
3, 38880, Note_off_c, 2, 55, 64
3, 38880, Note_off_c, 2, 62, 64
3, 38880, Note_off_c, 2, 59, 64
3, 38880, Note_on_c, 2, 57, 80
3, 39120, Note_on_c, 2, 60, 80
3, 39360, Note_off_c, 2, 60, 64
3, 39360, Note_on_c, 2, 64, 80
3, 39600, Note_off_c, 2, 64, 64
3, 39600, Note_on_c, 2, 69, 80
3, 39840, Note_off_c, 2, 69, 64
3, 39840, Note_on_c, 2, 64, 80
3, 39960, Note_off_c, 2, 64, 64
3, 39960, Note_on_c, 2, 60, 80
3, 40080, Note_off_c, 2, 60, 64
3, 40080, Note_on_c, 2, 64, 80
3, 40320, Note_off_c, 2, 57, 64
3, 40320, Note_off_c, 2, 64, 64
3, 40320, Note_on_c, 2, 64, 80
3, 40320, Note_on_c, 2, 69, 80
3, 40320, Note_on_c, 2, 60, 80
3, 41760, Note_off_c, 2, 60, 64
3, 41760, Note_off_c, 2, 69, 64
3, 41760, Note_off_c, 2, 64, 64
3, 41760, Note_on_c, 2, 62, 80
3, 41760, Note_on_c, 2, 59, 80
3, 42480, Note_off_c, 2, 59, 64
3, 42480, Note_off_c, 2, 62, 64
3, 42480, Note_on_c, 2, 62, 80
3, 42480, Note_on_c, 2, 60, 80
3, 43200, Note_off_c, 2, 60, 64
3, 43200, Note_off_c, 2, 62, 64
3, 43200, Note_on_c, 2, 59, 80
3, 43200, Note_on_c, 2, 62, 80
3, 43920, Note_off_c, 2, 62, 64
3, 43920, Note_off_c, 2, 59, 64
3, 43920, Note_on_c, 2, 59, 80
3, 43920, Note_on_c, 2, 62, 80
3, 44640, Note_off_c, 2, 62, 64
3, 44640, Note_off_c, 2, 59, 64
3, 44640, Note_on_c, 2, 57, 80
3, 44640, Note_on_c, 2, 62, 80
3, 45360, Note_off_c, 2, 62, 64
3, 45360, Note_off_c, 2, 57, 64
3, 45360, Note_on_c, 2, 52, 80
3, 45360, Note_on_c, 2, 60, 80
3, 46080, Note_off_c, 2, 60, 64
3, 46080, Note_off_c, 2, 52, 64
3, 46080, Note_on_c, 2, 59, 80
3, 46080, Note_on_c, 2, 62, 80
3, 46080, Note_on_c, 2, 55, 80
3, 46800, Note_off_c, 2, 55, 64
3, 46800, Note_off_c, 2, 62, 64
3, 46800, Note_off_c, 2, 59, 64
3, 46800, Note_on_c, 2, 57, 80
3, 47040, Note_on_c, 2, 60, 80
3, 47280, Note_off_c, 2, 60, 64
3, 47280, Note_on_c, 2, 64, 80
3, 47520, Note_off_c, 2, 64, 64
3, 47520, Note_on_c, 2, 69, 80
3, 47760, Note_off_c, 2, 69, 64
3, 47760, Note_on_c, 2, 64, 80
3, 48000, Note_off_c, 2, 64, 64
3, 48000, Note_on_c, 2, 60, 80
3, 48240, Note_off_c, 2, 57, 64
3, 48240, Note_off_c, 2, 60, 64
3, 48240, Note_on_c, 2, 57, 80
3, 48240, Note_on_c, 2, 64, 80
3, 48240, Note_on_c, 2, 60, 80
3, 48720, Note_off_c, 2, 60, 64
3, 48720, Note_off_c, 2, 64, 64
3, 48720, Note_on_c, 2, 69, 80
3, 48960, Note_off_c, 2, 69, 64
3, 48960, Note_on_c, 2, 67, 80
3, 49200, Note_off_c, 2, 67, 64
3, 49200, Note_on_c, 2, 62, 80
3, 49440, Note_off_c, 2, 62, 64
3, 49440, Note_on_c, 2, 60, 80
3, 49680, Note_off_c, 2, 57, 64
3, 49680, Note_off_c, 2, 60, 64
3, 49680, Note_on_c, 2, 48, 80
3, 49680, Note_on_c, 2, 52, 80
3, 50400, Note_off_c, 2, 52, 64
3, 50400, Note_off_c, 2, 48, 64
3, 50400, Note_on_c, 2, 55, 80
3, 50400, Note_on_c, 2, 52, 80
3, 51120, Note_off_c, 2, 52, 64
3, 51120, Note_off_c, 2, 55, 64
3, 51120, Note_on_c, 2, 55, 80
3, 51120, Note_on_c, 2, 59, 80
3, 51840, Note_off_c, 2, 59, 64
3, 51840, Note_off_c, 2, 55, 64
3, 51840, Note_on_c, 2, 64, 80
3, 51840, Note_on_c, 2, 59, 80
3, 51840, Note_on_c, 2, 55, 80
3, 52560, Note_off_c, 2, 55, 64
3, 52560, Note_off_c, 2, 59, 64
3, 52560, Note_off_c, 2, 64, 64
3, 52560, Note_on_c, 2, 60, 80
3, 52560, Note_on_c, 2, 64, 80
3, 53280, Note_off_c, 2, 64, 64
3, 53280, Note_off_c, 2, 60, 64
3, 53280, Note_on_c, 2, 64, 80
3, 53280, Note_on_c, 2, 60, 80
3, 53760, Note_off_c, 2, 60, 64
3, 53760, Note_off_c, 2, 64, 64
3, 53760, Note_on_c, 2, 60, 80
3, 53760, Note_on_c, 2, 55, 80
3, 54000, Note_off_c, 2, 55, 64
3, 54000, Note_off_c, 2, 60, 64
3, 54000, Note_on_c, 2, 62, 80
3, 54000, Note_on_c, 2, 59, 80
3, 54000, Note_on_c, 2, 55, 80
3, 54720, Note_off_c, 2, 55, 64
3, 54720, Note_off_c, 2, 59, 64
3, 54720, Note_off_c, 2, 62, 64
3, 54720, Note_on_c, 2, 52, 80
3, 54720, Note_on_c, 2, 57, 80
3, 54720, Note_on_c, 2, 48, 80
3, 55440, Note_off_c, 2, 48, 64
3, 55440, Note_off_c, 2, 57, 64
3, 55440, Note_off_c, 2, 52, 64
3, 55440, Note_on_c, 2, 48, 80
3, 55440, Note_on_c, 2, 52, 80
3, 56160, Note_off_c, 2, 52, 64
3, 56160, Note_off_c, 2, 48, 64
3, 56160, Note_on_c, 2, 55, 80
3, 56160, Note_on_c, 2, 52, 80
3, 56880, Note_off_c, 2, 52, 64
3, 56880, Note_off_c, 2, 55, 64
3, 56880, Note_on_c, 2, 55, 80
3, 56880, Note_on_c, 2, 59, 80
3, 57600, Note_off_c, 2, 59, 64
3, 57600, Note_off_c, 2, 55, 64
3, 57600, Note_on_c, 2, 59, 80
3, 57600, Note_on_c, 2, 55, 80
3, 58320, Note_off_c, 2, 55, 64
3, 58320, Note_off_c, 2, 59, 64
3, 58320, Note_on_c, 2, 64, 80
3, 58320, Note_on_c, 2, 60, 80
3, 59040, Note_off_c, 2, 60, 64
3, 59040, Note_off_c, 2, 64, 64
3, 59040, Note_on_c, 2, 60, 80
3, 59040, Note_on_c, 2, 64, 80
3, 59760, Note_off_c, 2, 64, 64
3, 59760, Note_off_c, 2, 60, 64
3, 59760, Note_on_c, 2, 59, 80
3, 59760, Note_on_c, 2, 55, 80
3, 60480, Note_off_c, 2, 55, 64
3, 60480, Note_off_c, 2, 59, 64
3, 60480, Note_on_c, 2, 57, 80
3, 60720, Note_on_c, 2, 64, 80
3, 60720, Note_on_c, 2, 60, 80
3, 60960, Note_off_c, 2, 60, 64
3, 60960, Note_off_c, 2, 64, 64
3, 60960, Note_on_c, 2, 64, 80
3, 60960, Note_on_c, 2, 60, 80
3, 61200, Note_off_c, 2, 60, 64
3, 61200, Note_off_c, 2, 64, 64
3, 61200, Note_on_c, 2, 69, 80
3, 61200, Note_on_c, 2, 64, 80
3, 61440, Note_off_c, 2, 64, 64
3, 61440, Note_off_c, 2, 69, 64
3, 61440, Note_on_c, 2, 60, 80
3, 61440, Note_on_c, 2, 64, 80
3, 61680, Note_off_c, 2, 64, 64
3, 61680, Note_off_c, 2, 60, 64
3, 61680, Note_on_c, 2, 60, 80
3, 61680, Note_on_c, 2, 64, 80
3, 61920, Note_off_c, 2, 64, 64
3, 61920, Note_off_c, 2, 57, 64
3, 61920, Note_off_c, 2, 60, 64
3, 61920, Note_on_c, 2, 62, 80
3, 61920, Note_on_c, 2, 57, 80
3, 62160, Note_off_c, 2, 62, 64
3, 62160, Note_on_c, 2, 60, 80
3, 62400, Note_off_c, 2, 60, 64
3, 62400, Note_on_c, 2, 62, 80
3, 62640, Note_off_c, 2, 57, 64
3, 62640, Note_off_c, 2, 62, 64
3, 62640, Note_on_c, 2, 60, 80
3, 62640, Note_on_c, 2, 64, 80
3, 63000, Note_off_c, 2, 64, 64
3, 63000, Note_on_c, 2, 64, 80
3, 63120, Note_off_c, 2, 64, 64
3, 63120, Note_on_c, 2, 67, 80
3, 63360, Note_off_c, 2, 60, 64
3, 63360, Note_off_c, 2, 67, 64
3, 63360, Note_on_c, 2, 55, 80
3, 63360, Note_on_c, 2, 59, 80
3, 64080, Note_off_c, 2, 59, 64
3, 64080, Note_off_c, 2, 55, 64
3, 64080, Note_on_c, 2, 55, 80
3, 64080, Note_on_c, 2, 59, 80
3, 64800, Note_off_c, 2, 59, 64
3, 64800, Note_off_c, 2, 55, 64
3, 64800, Note_on_c, 2, 59, 80
3, 64800, Note_on_c, 2, 55, 80
3, 65520, Note_off_c, 2, 55, 64
3, 65520, Note_off_c, 2, 59, 64
3, 65520, Note_on_c, 2, 71, 80
3, 65520, Note_on_c, 2, 62, 80
3, 65520, Note_on_c, 2, 67, 80
3, 66240, Note_off_c, 2, 67, 64
3, 66240, Note_off_c, 2, 62, 64
3, 66240, Note_off_c, 2, 71, 64
3, 66240, Note_on_c, 2, 57, 80
3, 66240, Note_on_c, 2, 52, 80
3, 66960, Note_off_c, 2, 52, 64
3, 66960, Note_off_c, 2, 57, 64
3, 66960, Note_on_c, 2, 55, 80
3, 66960, Note_on_c, 2, 52, 80
3, 67680, Note_off_c, 2, 52, 64
3, 67680, Note_off_c, 2, 55, 64
3, 67680, Note_on_c, 2, 59, 80
3, 67680, Note_on_c, 2, 62, 80
3, 67680, Note_on_c, 2, 55, 80
3, 68400, Note_off_c, 2, 55, 64
3, 68400, Note_off_c, 2, 62, 64
3, 68400, Note_off_c, 2, 59, 64
3, 68400, Note_on_c, 2, 57, 80
3, 68640, Note_on_c, 2, 60, 80
3, 68880, Note_off_c, 2, 60, 64
3, 68880, Note_on_c, 2, 64, 80
3, 69120, Note_off_c, 2, 64, 64
3, 69120, Note_on_c, 2, 69, 80
3, 69360, Note_off_c, 2, 69, 64
3, 69360, Note_on_c, 2, 64, 80
3, 69600, Note_off_c, 2, 64, 64
3, 69600, Note_on_c, 2, 60, 80
3, 69840, Note_off_c, 2, 57, 64
3, 69840, Note_off_c, 2, 60, 64
3, 69840, Note_on_c, 2, 57, 80
3, 70080, Note_off_c, 2, 57, 64
3, 70080, Note_on_c, 2, 60, 80
3, 70320, Note_off_c, 2, 60, 64
3, 70320, Note_on_c, 2, 64, 80
3, 70560, Note_off_c, 2, 64, 64
3, 70560, Note_on_c, 2, 69, 80
3, 70560, Note_on_c, 2, 60, 80
3, 70560, Note_on_c, 2, 64, 80
3, 71040, Note_off_c, 2, 64, 64
3, 71040, Note_off_c, 2, 60, 64
3, 71040, Note_off_c, 2, 69, 64
3, 71280, Note_on_c, 2, 71, 80
3, 71280, Note_on_c, 2, 65, 80
3, 72000, Note_off_c, 2, 65, 64
3, 72000, Note_off_c, 2, 71, 64
3, 72000, Note_on_c, 2, 71, 80
3, 72000, Note_on_c, 2, 65, 80
3, 72720, Note_off_c, 2, 65, 64
3, 72720, Note_off_c, 2, 71, 64
3, 72720, Note_on_c, 2, 64, 80
3, 72720, Note_on_c, 2, 67, 80
3, 73440, Note_off_c, 2, 67, 64
3, 73440, Note_off_c, 2, 64, 64
3, 73440, Note_on_c, 2, 67, 80
3, 73440, Note_on_c, 2, 64, 80
3, 74160, Note_off_c, 2, 64, 64
3, 74160, Note_off_c, 2, 67, 64
3, 74160, Note_on_c, 2, 69, 80
3, 74160, Note_on_c, 2, 64, 80
3, 74880, Note_off_c, 2, 64, 64
3, 74880, Note_off_c, 2, 69, 64
3, 74880, Note_on_c, 2, 64, 80
3, 75120, Note_off_c, 2, 64, 64
3, 75120, Note_on_c, 2, 60, 80
3, 75600, Note_off_c, 2, 60, 64
3, 75600, Note_on_c, 2, 59, 80
3, 75600, Note_on_c, 2, 62, 80
3, 76080, Note_off_c, 2, 62, 64
3, 76080, Note_off_c, 2, 59, 64
3, 76080, Note_on_c, 2, 57, 80
3, 76560, Note_off_c, 2, 57, 64
3, 76560, Note_on_c, 2, 60, 80
3, 76800, Note_off_c, 2, 60, 64
3, 76800, Note_on_c, 2, 64, 80
3, 77040, Note_off_c, 2, 64, 64
3, 77040, Note_on_c, 2, 65, 80
3, 77040, Note_on_c, 2, 69, 80
3, 77760, Note_off_c, 2, 69, 64
3, 77760, Note_off_c, 2, 65, 64
3, 77760, Note_on_c, 2, 69, 80
3, 77760, Note_on_c, 2, 65, 80
3, 78480, Note_off_c, 2, 65, 64
3, 78480, Note_off_c, 2, 69, 64
3, 78480, Note_on_c, 2, 67, 80
3, 78480, Note_on_c, 2, 64, 80
3, 79200, Note_off_c, 2, 64, 64
3, 79200, Note_off_c, 2, 67, 64
3, 79200, Note_on_c, 2, 67, 80
3, 79200, Note_on_c, 2, 64, 80
3, 79920, Note_off_c, 2, 64, 64
3, 79920, Note_off_c, 2, 67, 64
3, 79920, Note_on_c, 2, 60, 80
3, 79920, Note_on_c, 2, 57, 80
3, 80640, Note_off_c, 2, 57, 64
3, 80640, Note_off_c, 2, 60, 64
3, 80640, Note_on_c, 2, 60, 80
3, 80640, Note_on_c, 2, 64, 80
3, 81360, Note_off_c, 2, 64, 64
3, 81360, Note_off_c, 2, 60, 64
3, 81360, Note_on_c, 2, 59, 80
3, 81360, Note_on_c, 2, 62, 80
3, 81360, Note_on_c, 2, 55, 80
3, 82080, Note_off_c, 2, 55, 64
3, 82080, Note_off_c, 2, 62, 64
3, 82080, Note_off_c, 2, 59, 64
3, 82080, Note_on_c, 2, 57, 80
3, 82320, Note_on_c, 2, 64, 80
3, 82560, Note_off_c, 2, 64, 64
3, 82560, Note_on_c, 2, 69, 80
3, 82800, Note_off_c, 2, 69, 64
3, 82800, Note_on_c, 2, 64, 80
3, 83040, Note_off_c, 2, 64, 64
3, 83040, Note_on_c, 2, 62, 80
3, 83280, Note_off_c, 2, 62, 64
3, 83280, Note_on_c, 2, 60, 80
3, 83520, Note_off_c, 2, 57, 64
3, 83520, Note_off_c, 2, 60, 64
3, 83520, Note_on_c, 2, 64, 80
3, 83520, Note_on_c, 2, 60, 80
3, 83520, Note_on_c, 2, 57, 80
3, 84960, Note_off_c, 2, 57, 64
3, 84960, Note_off_c, 2, 60, 64
3, 84960, Note_off_c, 2, 64, 64
3, 84960, Note_on_c, 2, 52, 80
3, 84960, Note_on_c, 2, 57, 80
3, 85680, Note_off_c, 2, 57, 64
3, 85680, Note_off_c, 2, 52, 64
3, 85680, Note_on_c, 2, 52, 80
3, 85680, Note_on_c, 2, 60, 80
3, 86400, Note_off_c, 2, 60, 64
3, 86400, Note_off_c, 2, 52, 64
3, 86400, Note_on_c, 2, 62, 80
3, 86400, Note_on_c, 2, 59, 80
3, 87120, Note_off_c, 2, 59, 64
3, 87120, Note_off_c, 2, 62, 64
3, 87120, Note_on_c, 2, 67, 80
3, 87120, Note_on_c, 2, 64, 80
3, 87120, Note_on_c, 2, 59, 80
3, 87840, Note_off_c, 2, 59, 64
3, 87840, Note_off_c, 2, 64, 64
3, 87840, Note_off_c, 2, 67, 64
3, 87840, Note_on_c, 2, 60, 80
3, 87840, Note_on_c, 2, 64, 80
3, 88560, Note_off_c, 2, 64, 64
3, 88560, Note_off_c, 2, 60, 64
3, 88560, Note_on_c, 2, 64, 80
3, 88560, Note_on_c, 2, 67, 80
3, 89280, Note_off_c, 2, 67, 64
3, 89280, Note_off_c, 2, 64, 64
3, 89280, Note_on_c, 2, 55, 80
3, 89280, Note_on_c, 2, 62, 80
3, 89280, Note_on_c, 2, 59, 80
3, 90000, Note_off_c, 2, 59, 64
3, 90000, Note_off_c, 2, 62, 64
3, 90000, Note_off_c, 2, 55, 64
3, 90000, Note_on_c, 2, 57, 80
3, 90000, Note_on_c, 2, 52, 80
3, 90720, Note_off_c, 2, 52, 64
3, 90720, Note_off_c, 2, 57, 64
3, 90720, Note_on_c, 2, 57, 80
3, 90720, Note_on_c, 2, 52, 80
3, 91440, Note_off_c, 2, 52, 64
3, 91440, Note_off_c, 2, 57, 64
3, 91440, Note_on_c, 2, 60, 80
3, 91440, Note_on_c, 2, 52, 80
3, 92160, Note_off_c, 2, 52, 64
3, 92160, Note_off_c, 2, 60, 64
3, 92160, Note_on_c, 2, 55, 80
3, 92160, Note_on_c, 2, 59, 80
3, 92880, Note_off_c, 2, 59, 64
3, 92880, Note_off_c, 2, 55, 64
3, 92880, Note_on_c, 2, 71, 80
3, 92880, Note_on_c, 2, 64, 80
3, 92880, Note_on_c, 2, 67, 80
3, 93600, Note_off_c, 2, 67, 64
3, 93600, Note_off_c, 2, 64, 64
3, 93600, Note_off_c, 2, 71, 64
3, 93600, Note_on_c, 2, 64, 80
3, 93600, Note_on_c, 2, 60, 80
3, 94320, Note_off_c, 2, 60, 64
3, 94320, Note_off_c, 2, 64, 64
3, 94320, Note_on_c, 2, 64, 80
3, 94320, Note_on_c, 2, 67, 80
3, 95040, Note_off_c, 2, 67, 64
3, 95040, Note_off_c, 2, 64, 64
3, 95040, Note_on_c, 2, 59, 80
3, 95040, Note_on_c, 2, 62, 80
3, 95760, Note_off_c, 2, 62, 64
3, 95760, Note_off_c, 2, 59, 64
3, 95760, Note_on_c, 2, 57, 80
3, 96000, Note_on_c, 2, 60, 80
3, 96000, Note_on_c, 2, 64, 80
3, 96240, Note_off_c, 2, 64, 64
3, 96240, Note_off_c, 2, 60, 64
3, 96240, Note_on_c, 2, 60, 80
3, 96240, Note_on_c, 2, 64, 80
3, 96480, Note_off_c, 2, 64, 64
3, 96480, Note_off_c, 2, 60, 64
3, 96480, Note_on_c, 2, 60, 80
3, 96480, Note_on_c, 2, 64, 80
3, 96720, Note_off_c, 2, 64, 64
3, 96720, Note_off_c, 2, 60, 64
3, 96720, Note_on_c, 2, 60, 80
3, 96720, Note_on_c, 2, 64, 80
3, 96960, Note_off_c, 2, 64, 64
3, 96960, Note_off_c, 2, 60, 64
3, 96960, Note_on_c, 2, 64, 80
3, 96960, Note_on_c, 2, 60, 80
3, 97200, Note_off_c, 2, 60, 64
3, 97200, Note_off_c, 2, 57, 64
3, 97200, Note_off_c, 2, 64, 64
3, 97200, Note_on_c, 2, 57, 80
3, 97200, Note_on_c, 2, 62, 80
3, 97440, Note_off_c, 2, 62, 64
3, 97440, Note_on_c, 2, 60, 80
3, 97680, Note_off_c, 2, 60, 64
3, 97680, Note_on_c, 2, 62, 80
3, 97920, Note_off_c, 2, 62, 64
3, 97920, Note_on_c, 2, 60, 80
3, 97920, Note_on_c, 2, 64, 80
3, 98640, Note_off_c, 2, 64, 64
3, 98640, Note_off_c, 2, 57, 64
3, 98640, Note_off_c, 2, 60, 64
3, 98640, Note_on_c, 2, 62, 80
3, 98640, Note_on_c, 2, 59, 80
3, 99360, Note_off_c, 2, 59, 64
3, 99360, Note_off_c, 2, 62, 64
3, 99360, Note_on_c, 2, 62, 80
3, 99360, Note_on_c, 2, 60, 80
3, 100080, Note_off_c, 2, 60, 64
3, 100080, Note_off_c, 2, 62, 64
3, 100080, Note_on_c, 2, 62, 80
3, 100080, Note_on_c, 2, 59, 80
3, 100800, Note_off_c, 2, 59, 64
3, 100800, Note_off_c, 2, 62, 64
3, 100800, Note_on_c, 2, 59, 80
3, 100800, Note_on_c, 2, 62, 80
3, 101520, Note_off_c, 2, 62, 64
3, 101520, Note_off_c, 2, 59, 64
3, 101520, Note_on_c, 2, 57, 80
3, 101520, Note_on_c, 2, 52, 80
3, 102240, Note_off_c, 2, 52, 64
3, 102240, Note_off_c, 2, 57, 64
3, 102240, Note_on_c, 2, 55, 80
3, 102240, Note_on_c, 2, 52, 80
3, 102240, Note_on_c, 2, 60, 80
3, 102960, Note_off_c, 2, 60, 64
3, 102960, Note_off_c, 2, 52, 64
3, 102960, Note_off_c, 2, 55, 64
3, 102960, Note_on_c, 2, 59, 80
3, 102960, Note_on_c, 2, 55, 80
3, 102960, Note_on_c, 2, 62, 80
3, 103680, Note_off_c, 2, 62, 64
3, 103680, Note_off_c, 2, 55, 64
3, 103680, Note_off_c, 2, 59, 64
3, 103680, Note_on_c, 2, 57, 80
3, 103920, Note_on_c, 2, 60, 80
3, 104160, Note_off_c, 2, 60, 64
3, 104160, Note_on_c, 2, 64, 80
3, 104400, Note_off_c, 2, 64, 64
3, 104400, Note_on_c, 2, 69, 80
3, 104640, Note_off_c, 2, 69, 64
3, 104640, Note_on_c, 2, 64, 80
3, 104880, Note_off_c, 2, 57, 64
3, 104880, Note_off_c, 2, 64, 64
3, 104880, Note_on_c, 2, 59, 80
3, 104880, Note_on_c, 2, 67, 80
3, 104880, Note_on_c, 2, 64, 80
3, 105120, Note_off_c, 2, 64, 64
3, 105120, Note_off_c, 2, 67, 64
3, 105120, Note_off_c, 2, 59, 64
3, 105120, Note_on_c, 2, 57, 80
3, 105152, Note_on_c, 2, 60, 80
3, 105184, Note_on_c, 2, 64, 80
3, 105216, Note_on_c, 2, 69, 80
3, 106560, Note_off_c, 2, 69, 64
3, 106560, Note_off_c, 2, 64, 64
3, 106560, Note_off_c, 2, 60, 64
3, 106560, Note_off_c, 2, 57, 64
3, 106560, End_track
4, 0, Start_track
4, 0, Title_t, "Synth"
4, 0, MIDI_port, 0
4, 0, Channel_prefix, 4
4, 0, Control_c, 4, 7, 80
4, 0, Control_c, 4, 10, 64
4, 0, Program_c, 4, 90
4, 1440, Note_on_c, 4, 64, 80
4, 1440, Note_on_c, 4, 57, 80
4, 1440, Note_on_c, 4, 60, 80
4, 2160, Note_off_c, 4, 60, 64
4, 2160, Note_off_c, 4, 57, 64
4, 2160, Note_off_c, 4, 64, 64
4, 2160, Note_on_c, 4, 60, 80
4, 2160, Note_on_c, 4, 64, 80
4, 2160, Note_on_c, 4, 67, 80
4, 2880, Note_off_c, 4, 67, 64
4, 2880, Note_off_c, 4, 64, 64
4, 2880, Note_off_c, 4, 60, 64
4, 2880, Note_on_c, 4, 67, 80
4, 2880, Note_on_c, 4, 62, 80
4, 2880, Note_on_c, 4, 59, 80
4, 3600, Note_off_c, 4, 59, 64
4, 3600, Note_off_c, 4, 62, 64
4, 3600, Note_off_c, 4, 67, 64
4, 3600, Note_on_c, 4, 60, 80
4, 3600, Note_on_c, 4, 57, 80
4, 3600, Note_on_c, 4, 64, 80
4, 5760, Note_off_c, 4, 64, 64
4, 5760, Note_off_c, 4, 57, 64
4, 5760, Note_off_c, 4, 60, 64
4, 5760, Note_on_c, 4, 64, 80
4, 5760, Note_on_c, 4, 67, 80
4, 5760, Note_on_c, 4, 59, 80
4, 6480, Note_off_c, 4, 59, 64
4, 6480, Note_off_c, 4, 67, 64
4, 6480, Note_off_c, 4, 64, 64
4, 6480, Note_on_c, 4, 60, 80
4, 6480, Note_on_c, 4, 64, 80
4, 6480, Note_on_c, 4, 57, 80
4, 7200, Note_off_c, 4, 57, 64
4, 7200, Note_off_c, 4, 64, 64
4, 7200, Note_off_c, 4, 60, 64
4, 7200, Note_on_c, 4, 60, 80
4, 7200, Note_on_c, 4, 67, 80
4, 7200, Note_on_c, 4, 64, 80
4, 7920, Note_off_c, 4, 64, 64
4, 7920, Note_off_c, 4, 67, 64
4, 7920, Note_off_c, 4, 60, 64
4, 7920, Note_on_c, 4, 62, 80
4, 7920, Note_on_c, 4, 67, 80
4, 7920, Note_on_c, 4, 59, 80
4, 8640, Note_off_c, 4, 59, 64
4, 8640, Note_off_c, 4, 67, 64
4, 8640, Note_off_c, 4, 62, 64
4, 8640, Note_on_c, 4, 64, 80
4, 8640, Note_on_c, 4, 67, 80
4, 8640, Note_on_c, 4, 59, 80
4, 9360, Note_off_c, 4, 59, 64
4, 9360, Note_off_c, 4, 67, 64
4, 9360, Note_off_c, 4, 64, 64
4, 9360, Note_on_c, 4, 60, 80
4, 9360, Note_on_c, 4, 64, 80
4, 9360, Note_on_c, 4, 57, 80
4, 10080, Note_off_c, 4, 57, 64
4, 10080, Note_off_c, 4, 64, 64
4, 10080, Note_off_c, 4, 60, 64
4, 10080, Note_on_c, 4, 60, 80
4, 10080, Note_on_c, 4, 67, 80
4, 10080, Note_on_c, 4, 64, 80
4, 10800, Note_off_c, 4, 64, 64
4, 10800, Note_off_c, 4, 67, 64
4, 10800, Note_off_c, 4, 60, 64
4, 10800, Note_on_c, 4, 59, 80
4, 10800, Note_on_c, 4, 62, 80
4, 10800, Note_on_c, 4, 67, 80
4, 11520, Note_off_c, 4, 67, 64
4, 11520, Note_off_c, 4, 62, 64
4, 11520, Note_off_c, 4, 59, 64
4, 11520, Note_on_c, 4, 64, 80
4, 11520, Note_on_c, 4, 57, 80
4, 11520, Note_on_c, 4, 60, 80
4, 12240, Note_off_c, 4, 60, 64
4, 12240, Note_off_c, 4, 57, 64
4, 12240, Note_off_c, 4, 64, 64
4, 12240, Note_on_c, 4, 60, 80
4, 12240, Note_on_c, 4, 64, 80
4, 12240, Note_on_c, 4, 57, 80
4, 12960, Note_off_c, 4, 57, 64
4, 12960, Note_off_c, 4, 64, 64
4, 12960, Note_off_c, 4, 60, 64
4, 12960, Note_on_c, 4, 60, 80
4, 12960, Note_on_c, 4, 67, 80
4, 12960, Note_on_c, 4, 64, 80
4, 13680, Note_off_c, 4, 64, 64
4, 13680, Note_off_c, 4, 67, 64
4, 13680, Note_off_c, 4, 60, 64
4, 13680, Note_on_c, 4, 62, 80
4, 13680, Note_on_c, 4, 67, 80
4, 13680, Note_on_c, 4, 59, 80
4, 14400, Note_off_c, 4, 59, 64
4, 14400, Note_off_c, 4, 67, 64
4, 14400, Note_off_c, 4, 62, 64
4, 14400, Note_on_c, 4, 64, 80
4, 14400, Note_on_c, 4, 67, 80
4, 14400, Note_on_c, 4, 59, 80
4, 15120, Note_off_c, 4, 59, 64
4, 15120, Note_off_c, 4, 67, 64
4, 15120, Note_off_c, 4, 64, 64
4, 15120, Note_on_c, 4, 60, 80
4, 15120, Note_on_c, 4, 64, 80
4, 15120, Note_on_c, 4, 57, 80
4, 15840, Note_off_c, 4, 57, 64
4, 15840, Note_off_c, 4, 64, 64
4, 15840, Note_off_c, 4, 60, 64
4, 15840, Note_on_c, 4, 60, 80
4, 15840, Note_on_c, 4, 67, 80
4, 15840, Note_on_c, 4, 64, 80
4, 16560, Note_off_c, 4, 64, 64
4, 16560, Note_off_c, 4, 67, 64
4, 16560, Note_off_c, 4, 60, 64
4, 16560, Note_on_c, 4, 67, 80
4, 16560, Note_on_c, 4, 62, 80
4, 16560, Note_on_c, 4, 59, 80
4, 17280, Note_off_c, 4, 59, 64
4, 17280, Note_off_c, 4, 62, 64
4, 17280, Note_off_c, 4, 67, 64
4, 17280, Note_on_c, 4, 57, 80
4, 17280, Note_on_c, 4, 60, 80
4, 17280, Note_on_c, 4, 64, 80
4, 20160, Note_off_c, 4, 64, 64
4, 20160, Note_off_c, 4, 60, 64
4, 20160, Note_off_c, 4, 57, 64
4, 20160, Note_on_c, 4, 62, 80
4, 20160, Note_on_c, 4, 59, 80
4, 20160, Note_on_c, 4, 55, 80
4, 21600, Note_off_c, 4, 55, 64
4, 21600, Note_off_c, 4, 59, 64
4, 21600, Note_off_c, 4, 62, 64
4, 21600, Note_on_c, 4, 59, 80
4, 21600, Note_on_c, 4, 67, 80
4, 21600, Note_on_c, 4, 62, 80
4, 22320, Note_off_c, 4, 62, 64
4, 22320, Note_off_c, 4, 67, 64
4, 22320, Note_off_c, 4, 59, 64
4, 22320, Note_on_c, 4, 55, 80
4, 22320, Note_on_c, 4, 64, 80
4, 22320, Note_on_c, 4, 59, 80
4, 23040, Note_off_c, 4, 59, 64
4, 23040, Note_off_c, 4, 64, 64
4, 23040, Note_off_c, 4, 55, 64
4, 23040, Note_on_c, 4, 60, 80
4, 23040, Note_on_c, 4, 64, 80
4, 23040, Note_on_c, 4, 57, 80
4, 23760, Note_off_c, 4, 57, 64
4, 23760, Note_off_c, 4, 64, 64
4, 23760, Note_off_c, 4, 60, 64
4, 23760, Note_on_c, 4, 60, 80
4, 23760, Note_on_c, 4, 67, 80
4, 23760, Note_on_c, 4, 64, 80
4, 24480, Note_off_c, 4, 64, 64
4, 24480, Note_off_c, 4, 67, 64
4, 24480, Note_off_c, 4, 60, 64
4, 24480, Note_on_c, 4, 67, 80
4, 24480, Note_on_c, 4, 62, 80
4, 24480, Note_on_c, 4, 59, 80
4, 25200, Note_off_c, 4, 59, 64
4, 25200, Note_off_c, 4, 62, 64
4, 25200, Note_off_c, 4, 67, 64
4, 25200, Note_on_c, 4, 57, 80
4, 25200, Note_on_c, 4, 60, 80
4, 25200, Note_on_c, 4, 64, 80
4, 28800, Note_off_c, 4, 64, 64
4, 28800, Note_off_c, 4, 60, 64
4, 28800, Note_off_c, 4, 57, 64
4, 28800, Note_on_c, 4, 67, 80
4, 28800, Note_on_c, 4, 64, 80
4, 28800, Note_on_c, 4, 60, 80
4, 29520, Note_off_c, 4, 60, 64
4, 29520, Note_off_c, 4, 64, 64
4, 29520, Note_off_c, 4, 67, 64
4, 29520, Note_on_c, 4, 59, 80
4, 29520, Note_on_c, 4, 62, 80
4, 29520, Note_on_c, 4, 67, 80
4, 30240, Note_off_c, 4, 67, 64
4, 30240, Note_off_c, 4, 62, 64
4, 30240, Note_off_c, 4, 59, 64
4, 30240, Note_on_c, 4, 67, 80
4, 30240, Note_on_c, 4, 59, 80
4, 30240, Note_on_c, 4, 64, 80
4, 30960, Note_off_c, 4, 64, 64
4, 30960, Note_off_c, 4, 59, 64
4, 30960, Note_off_c, 4, 67, 64
4, 30960, Note_on_c, 4, 64, 80
4, 30960, Note_on_c, 4, 60, 80
4, 30960, Note_on_c, 4, 57, 80
4, 31680, Note_off_c, 4, 57, 64
4, 31680, Note_off_c, 4, 60, 64
4, 31680, Note_off_c, 4, 64, 64
4, 31680, Note_on_c, 4, 67, 80
4, 31680, Note_on_c, 4, 64, 80
4, 31680, Note_on_c, 4, 60, 80
4, 32400, Note_off_c, 4, 60, 64
4, 32400, Note_off_c, 4, 64, 64
4, 32400, Note_off_c, 4, 67, 64
4, 32400, Note_on_c, 4, 59, 80
4, 32400, Note_on_c, 4, 62, 80
4, 32400, Note_on_c, 4, 67, 80
4, 33120, Note_off_c, 4, 67, 64
4, 33120, Note_off_c, 4, 62, 64
4, 33120, Note_off_c, 4, 59, 64
4, 33120, Note_on_c, 4, 57, 80
4, 33120, Note_on_c, 4, 60, 80
4, 33120, Note_on_c, 4, 64, 80
4, 34560, Note_off_c, 4, 64, 64
4, 34560, Note_off_c, 4, 60, 64
4, 34560, Note_off_c, 4, 57, 64
4, 34560, Note_on_c, 4, 60, 80
4, 34560, Note_on_c, 4, 64, 80
4, 34560, Note_on_c, 4, 67, 80
4, 35280, Note_off_c, 4, 67, 64
4, 35280, Note_off_c, 4, 64, 64
4, 35280, Note_off_c, 4, 60, 64
4, 35280, Note_on_c, 4, 59, 80
4, 35280, Note_on_c, 4, 62, 80
4, 35280, Note_on_c, 4, 67, 80
4, 36000, Note_off_c, 4, 67, 64
4, 36000, Note_off_c, 4, 62, 64
4, 36000, Note_off_c, 4, 59, 64
4, 36000, Note_on_c, 4, 64, 80
4, 36000, Note_on_c, 4, 59, 80
4, 36000, Note_on_c, 4, 67, 80
4, 36720, Note_off_c, 4, 67, 64
4, 36720, Note_off_c, 4, 59, 64
4, 36720, Note_off_c, 4, 64, 64
4, 36720, Note_on_c, 4, 64, 80
4, 36720, Note_on_c, 4, 57, 80
4, 36720, Note_on_c, 4, 60, 80
4, 37440, Note_off_c, 4, 60, 64
4, 37440, Note_off_c, 4, 57, 64
4, 37440, Note_off_c, 4, 64, 64
4, 37440, Note_on_c, 4, 64, 80
4, 37440, Note_on_c, 4, 60, 80
4, 37440, Note_on_c, 4, 67, 80
4, 38160, Note_off_c, 4, 67, 64
4, 38160, Note_off_c, 4, 60, 64
4, 38160, Note_off_c, 4, 64, 64
4, 38160, Note_on_c, 4, 67, 80
4, 38160, Note_on_c, 4, 59, 80
4, 38160, Note_on_c, 4, 62, 80
4, 38880, Note_off_c, 4, 62, 64
4, 38880, Note_off_c, 4, 59, 64
4, 38880, Note_off_c, 4, 67, 64
4, 38880, Note_on_c, 4, 57, 80
4, 38880, Note_on_c, 4, 60, 80
4, 38880, Note_on_c, 4, 64, 80
4, 41760, Note_off_c, 4, 64, 64
4, 41760, Note_off_c, 4, 60, 64
4, 41760, Note_off_c, 4, 57, 64
4, 41760, Note_on_c, 4, 59, 80
4, 41760, Note_on_c, 4, 67, 80
4, 41760, Note_on_c, 4, 62, 80
4, 42480, Note_off_c, 4, 62, 64
4, 42480, Note_on_c, 4, 60, 80
4, 43200, Note_off_c, 4, 60, 64
4, 43200, Note_on_c, 4, 62, 80
4, 44640, Note_off_c, 4, 67, 64
4, 44640, Note_off_c, 4, 59, 64
4, 44640, Note_off_c, 4, 62, 64
4, 44640, Note_on_c, 4, 64, 80
4, 44640, Note_on_c, 4, 57, 80
4, 44640, Note_on_c, 4, 60, 80
4, 45360, Note_off_c, 4, 60, 64
4, 45360, Note_off_c, 4, 57, 64
4, 45360, Note_off_c, 4, 64, 64
4, 45360, Note_on_c, 4, 64, 80
4, 45360, Note_on_c, 4, 67, 80
4, 45360, Note_on_c, 4, 60, 80
4, 46080, Note_off_c, 4, 60, 64
4, 46080, Note_off_c, 4, 67, 64
4, 46080, Note_off_c, 4, 64, 64
4, 46080, Note_on_c, 4, 67, 80
4, 46080, Note_on_c, 4, 62, 80
4, 46080, Note_on_c, 4, 59, 80
4, 46800, Note_off_c, 4, 59, 64
4, 46800, Note_off_c, 4, 62, 64
4, 46800, Note_off_c, 4, 67, 64
4, 46800, Note_on_c, 4, 57, 80
4, 46800, Note_on_c, 4, 64, 80
4, 46800, Note_on_c, 4, 60, 80
4, 49680, Note_off_c, 4, 60, 64
4, 49680, Note_off_c, 4, 64, 64
4, 49680, Note_off_c, 4, 57, 64
4, 49680, Note_on_c, 4, 57, 80
4, 49680, Note_on_c, 4, 60, 80
4, 49680, Note_on_c, 4, 64, 80
4, 50400, Note_off_c, 4, 64, 64
4, 50400, Note_off_c, 4, 60, 64
4, 50400, Note_off_c, 4, 57, 64
4, 50400, Note_on_c, 4, 67, 80
4, 50400, Note_on_c, 4, 64, 80
4, 50400, Note_on_c, 4, 60, 80
4, 51120, Note_off_c, 4, 60, 64
4, 51120, Note_off_c, 4, 64, 64
4, 51120, Note_off_c, 4, 67, 64
4, 51120, Note_on_c, 4, 59, 80
4, 51120, Note_on_c, 4, 62, 80
4, 51120, Note_on_c, 4, 67, 80
4, 51840, Note_off_c, 4, 67, 64
4, 51840, Note_off_c, 4, 62, 64
4, 51840, Note_off_c, 4, 59, 64
4, 51840, Note_on_c, 4, 67, 80
4, 51840, Note_on_c, 4, 59, 80
4, 51840, Note_on_c, 4, 64, 80
4, 52560, Note_off_c, 4, 64, 64
4, 52560, Note_off_c, 4, 59, 64
4, 52560, Note_off_c, 4, 67, 64
4, 52560, Note_on_c, 4, 64, 80
4, 52560, Note_on_c, 4, 60, 80
4, 52560, Note_on_c, 4, 57, 80
4, 53280, Note_off_c, 4, 57, 64
4, 53280, Note_off_c, 4, 60, 64
4, 53280, Note_off_c, 4, 64, 64
4, 53280, Note_on_c, 4, 67, 80
4, 53280, Note_on_c, 4, 64, 80
4, 53280, Note_on_c, 4, 60, 80
4, 54000, Note_off_c, 4, 60, 64
4, 54000, Note_off_c, 4, 64, 64
4, 54000, Note_off_c, 4, 67, 64
4, 54000, Note_on_c, 4, 59, 80
4, 54000, Note_on_c, 4, 62, 80
4, 54000, Note_on_c, 4, 67, 80
4, 54720, Note_off_c, 4, 67, 64
4, 54720, Note_off_c, 4, 62, 64
4, 54720, Note_off_c, 4, 59, 64
4, 54720, Note_on_c, 4, 64, 80
4, 54720, Note_on_c, 4, 60, 80
4, 54720, Note_on_c, 4, 57, 80
4, 56160, Note_off_c, 4, 57, 64
4, 56160, Note_off_c, 4, 60, 64
4, 56160, Note_off_c, 4, 64, 64
4, 56160, Note_on_c, 4, 60, 80
4, 56160, Note_on_c, 4, 64, 80
4, 56160, Note_on_c, 4, 67, 80
4, 56880, Note_off_c, 4, 67, 64
4, 56880, Note_off_c, 4, 64, 64
4, 56880, Note_off_c, 4, 60, 64
4, 56880, Note_on_c, 4, 59, 80
4, 56880, Note_on_c, 4, 62, 80
4, 56880, Note_on_c, 4, 67, 80
4, 57600, Note_off_c, 4, 67, 64
4, 57600, Note_off_c, 4, 62, 64
4, 57600, Note_off_c, 4, 59, 64
4, 57600, Note_on_c, 4, 64, 80
4, 57600, Note_on_c, 4, 59, 80
4, 57600, Note_on_c, 4, 67, 80
4, 58320, Note_off_c, 4, 67, 64
4, 58320, Note_off_c, 4, 59, 64
4, 58320, Note_off_c, 4, 64, 64
4, 58320, Note_on_c, 4, 64, 80
4, 58320, Note_on_c, 4, 57, 80
4, 58320, Note_on_c, 4, 60, 80
4, 59040, Note_off_c, 4, 60, 64
4, 59040, Note_off_c, 4, 57, 64
4, 59040, Note_off_c, 4, 64, 64
4, 59040, Note_on_c, 4, 64, 80
4, 59040, Note_on_c, 4, 60, 80
4, 59040, Note_on_c, 4, 67, 80
4, 59760, Note_off_c, 4, 67, 64
4, 59760, Note_off_c, 4, 60, 64
4, 59760, Note_off_c, 4, 64, 64
4, 59760, Note_on_c, 4, 67, 80
4, 59760, Note_on_c, 4, 59, 80
4, 59760, Note_on_c, 4, 62, 80
4, 60480, Note_off_c, 4, 62, 64
4, 60480, Note_off_c, 4, 59, 64
4, 60480, Note_off_c, 4, 67, 64
4, 60480, Note_on_c, 4, 64, 80
4, 60480, Note_on_c, 4, 60, 80
4, 60480, Note_on_c, 4, 57, 80
4, 63360, Note_off_c, 4, 57, 64
4, 63360, Note_off_c, 4, 60, 64
4, 63360, Note_off_c, 4, 64, 64
4, 63360, Note_on_c, 4, 62, 80
4, 63360, Note_on_c, 4, 67, 80
4, 63360, Note_on_c, 4, 59, 80
4, 66240, Note_off_c, 4, 59, 64
4, 66240, Note_off_c, 4, 67, 64
4, 66240, Note_off_c, 4, 62, 64
4, 66240, Note_on_c, 4, 64, 80
4, 66240, Note_on_c, 4, 57, 80
4, 66240, Note_on_c, 4, 60, 80
4, 66960, Note_off_c, 4, 60, 64
4, 66960, Note_off_c, 4, 57, 64
4, 66960, Note_off_c, 4, 64, 64
4, 66960, Note_on_c, 4, 64, 80
4, 66960, Note_on_c, 4, 67, 80
4, 66960, Note_on_c, 4, 60, 80
4, 67680, Note_off_c, 4, 60, 64
4, 67680, Note_off_c, 4, 67, 64
4, 67680, Note_off_c, 4, 64, 64
4, 67680, Note_on_c, 4, 67, 80
4, 67680, Note_on_c, 4, 62, 80
4, 67680, Note_on_c, 4, 59, 80
4, 68400, Note_off_c, 4, 59, 64
4, 68400, Note_off_c, 4, 62, 64
4, 68400, Note_off_c, 4, 67, 64
4, 68400, Note_on_c, 4, 60, 80
4, 68400, Note_on_c, 4, 64, 80
4, 68400, Note_on_c, 4, 57, 80
4, 71280, Note_off_c, 4, 57, 64
4, 71280, Note_off_c, 4, 64, 64
4, 71280, Note_off_c, 4, 60, 64
4, 71280, Note_on_c, 4, 65, 80
4, 71280, Note_on_c, 4, 60, 80
4, 71280, Note_on_c, 4, 69, 80
4, 72720, Note_off_c, 4, 69, 64
4, 72720, Note_off_c, 4, 60, 64
4, 72720, Note_off_c, 4, 65, 64
4, 72720, Note_on_c, 4, 64, 80
4, 72720, Note_on_c, 4, 67, 80
4, 72720, Note_on_c, 4, 60, 80
4, 74160, Note_off_c, 4, 60, 64
4, 74160, Note_off_c, 4, 67, 64
4, 74160, Note_off_c, 4, 64, 64
4, 74160, Note_on_c, 4, 60, 80
4, 74160, Note_on_c, 4, 57, 80
4, 74160, Note_on_c, 4, 64, 80
4, 75600, Note_off_c, 4, 64, 64
4, 75600, Note_off_c, 4, 57, 64
4, 75600, Note_off_c, 4, 60, 64
4, 75600, Note_on_c, 4, 59, 80
4, 75600, Note_on_c, 4, 67, 80
4, 75600, Note_on_c, 4, 62, 80
4, 76320, Note_off_c, 4, 62, 64
4, 76320, Note_off_c, 4, 67, 64
4, 76320, Note_off_c, 4, 59, 64
4, 76320, Note_on_c, 4, 60, 80
4, 76320, Note_on_c, 4, 57, 80
4, 76320, Note_on_c, 4, 64, 80
4, 77040, Note_off_c, 4, 64, 64
4, 77040, Note_off_c, 4, 57, 64
4, 77040, Note_off_c, 4, 60, 64
4, 77040, Note_on_c, 4, 60, 80
4, 77040, Note_on_c, 4, 69, 80
4, 77040, Note_on_c, 4, 65, 80
4, 78480, Note_off_c, 4, 65, 64
4, 78480, Note_off_c, 4, 69, 64
4, 78480, Note_off_c, 4, 60, 64
4, 78480, Note_on_c, 4, 60, 80
4, 78480, Note_on_c, 4, 64, 80
4, 78480, Note_on_c, 4, 67, 80
4, 79920, Note_off_c, 4, 67, 64
4, 79920, Note_off_c, 4, 64, 64
4, 79920, Note_off_c, 4, 60, 64
4, 79920, Note_on_c, 4, 57, 80
4, 79920, Note_on_c, 4, 60, 80
4, 79920, Note_on_c, 4, 64, 80
4, 81360, Note_off_c, 4, 64, 64
4, 81360, Note_off_c, 4, 60, 64
4, 81360, Note_off_c, 4, 57, 64
4, 81360, Note_on_c, 4, 59, 80
4, 81360, Note_on_c, 4, 67, 80
4, 81360, Note_on_c, 4, 62, 80
4, 82080, Note_off_c, 4, 62, 64
4, 82080, Note_off_c, 4, 67, 64
4, 82080, Note_off_c, 4, 59, 64
4, 82080, Note_on_c, 4, 64, 80
4, 82080, Note_on_c, 4, 57, 80
4, 82080, Note_on_c, 4, 60, 80
4, 84960, Note_off_c, 4, 60, 64
4, 84960, Note_off_c, 4, 57, 64
4, 84960, Note_off_c, 4, 64, 64
4, 84960, Note_on_c, 4, 57, 80
4, 84960, Note_on_c, 4, 60, 80
4, 84960, Note_on_c, 4, 64, 80
4, 85680, Note_off_c, 4, 64, 64
4, 85680, Note_off_c, 4, 60, 64
4, 85680, Note_off_c, 4, 57, 64
4, 85680, Note_on_c, 4, 67, 80
4, 85680, Note_on_c, 4, 64, 80
4, 85680, Note_on_c, 4, 60, 80
4, 86400, Note_off_c, 4, 60, 64
4, 86400, Note_off_c, 4, 64, 64
4, 86400, Note_off_c, 4, 67, 64
4, 86400, Note_on_c, 4, 59, 80
4, 86400, Note_on_c, 4, 62, 80
4, 86400, Note_on_c, 4, 67, 80
4, 87120, Note_off_c, 4, 67, 64
4, 87120, Note_off_c, 4, 62, 64
4, 87120, Note_off_c, 4, 59, 64
4, 87120, Note_on_c, 4, 67, 80
4, 87120, Note_on_c, 4, 59, 80
4, 87120, Note_on_c, 4, 64, 80
4, 87840, Note_off_c, 4, 64, 64
4, 87840, Note_off_c, 4, 59, 64
4, 87840, Note_off_c, 4, 67, 64
4, 87840, Note_on_c, 4, 64, 80
4, 87840, Note_on_c, 4, 60, 80
4, 87840, Note_on_c, 4, 57, 80
4, 88560, Note_off_c, 4, 57, 64
4, 88560, Note_off_c, 4, 60, 64
4, 88560, Note_off_c, 4, 64, 64
4, 88560, Note_on_c, 4, 67, 80
4, 88560, Note_on_c, 4, 64, 80
4, 88560, Note_on_c, 4, 60, 80
4, 89280, Note_off_c, 4, 60, 64
4, 89280, Note_off_c, 4, 64, 64
4, 89280, Note_off_c, 4, 67, 64
4, 89280, Note_on_c, 4, 59, 80
4, 89280, Note_on_c, 4, 62, 80
4, 89280, Note_on_c, 4, 67, 80
4, 90000, Note_off_c, 4, 67, 64
4, 90000, Note_off_c, 4, 62, 64
4, 90000, Note_off_c, 4, 59, 64
4, 90000, Note_on_c, 4, 57, 80
4, 90000, Note_on_c, 4, 60, 80
4, 90000, Note_on_c, 4, 64, 80
4, 91440, Note_off_c, 4, 64, 64
4, 91440, Note_off_c, 4, 60, 64
4, 91440, Note_off_c, 4, 57, 64
4, 91440, Note_on_c, 4, 60, 80
4, 91440, Note_on_c, 4, 64, 80
4, 91440, Note_on_c, 4, 67, 80
4, 92160, Note_off_c, 4, 67, 64
4, 92160, Note_off_c, 4, 64, 64
4, 92160, Note_off_c, 4, 60, 64
4, 92160, Note_on_c, 4, 59, 80
4, 92160, Note_on_c, 4, 62, 80
4, 92160, Note_on_c, 4, 67, 80
4, 92880, Note_off_c, 4, 67, 64
4, 92880, Note_off_c, 4, 62, 64
4, 92880, Note_off_c, 4, 59, 64
4, 92880, Note_on_c, 4, 64, 80
4, 92880, Note_on_c, 4, 59, 80
4, 92880, Note_on_c, 4, 67, 80
4, 93600, Note_off_c, 4, 67, 64
4, 93600, Note_off_c, 4, 59, 64
4, 93600, Note_off_c, 4, 64, 64
4, 93600, Note_on_c, 4, 64, 80
4, 93600, Note_on_c, 4, 57, 80
4, 93600, Note_on_c, 4, 60, 80
4, 94320, Note_off_c, 4, 60, 64
4, 94320, Note_off_c, 4, 57, 64
4, 94320, Note_off_c, 4, 64, 64
4, 94320, Note_on_c, 4, 64, 80
4, 94320, Note_on_c, 4, 60, 80
4, 94320, Note_on_c, 4, 67, 80
4, 95040, Note_off_c, 4, 67, 64
4, 95040, Note_off_c, 4, 60, 64
4, 95040, Note_off_c, 4, 64, 64
4, 95040, Note_on_c, 4, 67, 80
4, 95040, Note_on_c, 4, 59, 80
4, 95040, Note_on_c, 4, 62, 80
4, 95760, Note_off_c, 4, 62, 64
4, 95760, Note_off_c, 4, 59, 64
4, 95760, Note_off_c, 4, 67, 64
4, 95760, Note_on_c, 4, 64, 80
4, 95760, Note_on_c, 4, 60, 80
4, 95760, Note_on_c, 4, 57, 80
4, 98640, Note_off_c, 4, 57, 64
4, 98640, Note_off_c, 4, 60, 64
4, 98640, Note_off_c, 4, 64, 64
4, 98640, Note_on_c, 4, 67, 80
4, 98640, Note_on_c, 4, 59, 80
4, 98640, Note_on_c, 4, 62, 80
4, 99360, Note_off_c, 4, 62, 64
4, 99360, Note_on_c, 4, 60, 80
4, 100080, Note_off_c, 4, 60, 64
4, 100080, Note_on_c, 4, 62, 80
4, 101520, Note_off_c, 4, 59, 64
4, 101520, Note_off_c, 4, 67, 64
4, 101520, Note_off_c, 4, 62, 64
4, 101520, Note_on_c, 4, 64, 80
4, 101520, Note_on_c, 4, 57, 80
4, 101520, Note_on_c, 4, 60, 80
4, 102240, Note_off_c, 4, 60, 64
4, 102240, Note_off_c, 4, 57, 64
4, 102240, Note_off_c, 4, 64, 64
4, 102240, Note_on_c, 4, 64, 80
4, 102240, Note_on_c, 4, 67, 80
4, 102240, Note_on_c, 4, 60, 80
4, 102960, Note_off_c, 4, 60, 64
4, 102960, Note_off_c, 4, 67, 64
4, 102960, Note_off_c, 4, 64, 64
4, 102960, Note_on_c, 4, 67, 80
4, 102960, Note_on_c, 4, 62, 80
4, 102960, Note_on_c, 4, 59, 80
4, 103680, Note_off_c, 4, 59, 64
4, 103680, Note_off_c, 4, 62, 64
4, 103680, Note_off_c, 4, 67, 64
4, 103680, Note_on_c, 4, 60, 80
4, 103680, Note_on_c, 4, 64, 80
4, 103680, Note_on_c, 4, 57, 80
4, 106560, Note_off_c, 4, 57, 64
4, 106560, Note_off_c, 4, 64, 64
4, 106560, Note_off_c, 4, 60, 64
4, 106560, End_track
5, 0, Start_track
5, 0, Title_t, "Bass"
5, 0, MIDI_port, 0
5, 0, Channel_prefix, 6
5, 0, Control_c, 6, 7, 110
5, 0, Control_c, 6, 10, 64
5, 0, Program_c, 6, 32
5, 1440, Note_on_c, 6, 33, 80
5, 1680, Note_off_c, 6, 33, 64
5, 1680, Note_on_c, 6, 33, 80
5, 1920, Note_off_c, 6, 33, 64
5, 1920, Note_on_c, 6, 33, 80
5, 2160, Note_off_c, 6, 33, 64
5, 2160, Note_on_c, 6, 36, 80
5, 2400, Note_off_c, 6, 36, 64
5, 2400, Note_on_c, 6, 36, 80
5, 2640, Note_off_c, 6, 36, 64
5, 2640, Note_on_c, 6, 36, 80
5, 2880, Note_off_c, 6, 36, 64
5, 2880, Note_on_c, 6, 43, 80
5, 3120, Note_off_c, 6, 43, 64
5, 3120, Note_on_c, 6, 43, 80
5, 3360, Note_off_c, 6, 43, 64
5, 3360, Note_on_c, 6, 43, 80
5, 3600, Note_off_c, 6, 43, 64
5, 3600, Note_on_c, 6, 33, 80
5, 3840, Note_off_c, 6, 33, 64
5, 3840, Note_on_c, 6, 33, 80
5, 4080, Note_off_c, 6, 33, 64
5, 4080, Note_on_c, 6, 33, 80
5, 4320, Note_off_c, 6, 33, 64
5, 4320, Note_on_c, 6, 33, 80
5, 4560, Note_off_c, 6, 33, 64
5, 4560, Note_on_c, 6, 33, 80
5, 4800, Note_off_c, 6, 33, 64
5, 4800, Note_on_c, 6, 33, 80
5, 5040, Note_off_c, 6, 33, 64
5, 5040, Note_on_c, 6, 33, 80
5, 5280, Note_off_c, 6, 33, 64
5, 5280, Note_on_c, 6, 33, 80
5, 5520, Note_off_c, 6, 33, 64
5, 5520, Note_on_c, 6, 33, 80
5, 5760, Note_off_c, 6, 33, 64
5, 5760, Note_on_c, 6, 40, 80
5, 6480, Note_off_c, 6, 40, 64
5, 6480, Note_on_c, 6, 33, 80
5, 6720, Note_off_c, 6, 33, 64
5, 6720, Note_on_c, 6, 33, 80
5, 6960, Note_off_c, 6, 33, 64
5, 6960, Note_on_c, 6, 33, 80
5, 7200, Note_off_c, 6, 33, 64
5, 7200, Note_on_c, 6, 36, 80
5, 7440, Note_off_c, 6, 36, 64
5, 7440, Note_on_c, 6, 36, 80
5, 7680, Note_off_c, 6, 36, 64
5, 7680, Note_on_c, 6, 36, 80
5, 7920, Note_off_c, 6, 36, 64
5, 7920, Note_on_c, 6, 43, 80
5, 8160, Note_off_c, 6, 43, 64
5, 8160, Note_on_c, 6, 43, 80
5, 8400, Note_off_c, 6, 43, 64
5, 8400, Note_on_c, 6, 43, 80
5, 8640, Note_off_c, 6, 43, 64
5, 8640, Note_on_c, 6, 40, 80
5, 8880, Note_off_c, 6, 40, 64
5, 8880, Note_on_c, 6, 40, 80
5, 9120, Note_off_c, 6, 40, 64
5, 9120, Note_on_c, 6, 40, 80
5, 9360, Note_off_c, 6, 40, 64
5, 9360, Note_on_c, 6, 33, 80
5, 9600, Note_off_c, 6, 33, 64
5, 9600, Note_on_c, 6, 33, 80
5, 9840, Note_off_c, 6, 33, 64
5, 9840, Note_on_c, 6, 33, 80
5, 10080, Note_off_c, 6, 33, 64
5, 10080, Note_on_c, 6, 36, 80
5, 10320, Note_off_c, 6, 36, 64
5, 10320, Note_on_c, 6, 36, 80
5, 10560, Note_off_c, 6, 36, 64
5, 10560, Note_on_c, 6, 36, 80
5, 10800, Note_off_c, 6, 36, 64
5, 10800, Note_on_c, 6, 43, 80
5, 11040, Note_off_c, 6, 43, 64
5, 11040, Note_on_c, 6, 43, 80
5, 11280, Note_off_c, 6, 43, 64
5, 11280, Note_on_c, 6, 43, 80
5, 11520, Note_off_c, 6, 43, 64
5, 11520, Note_on_c, 6, 33, 80
5, 11760, Note_off_c, 6, 33, 64
5, 11760, Note_on_c, 6, 33, 80
5, 12000, Note_off_c, 6, 33, 64
5, 12000, Note_on_c, 6, 33, 80
5, 12240, Note_off_c, 6, 33, 64
5, 12240, Note_on_c, 6, 33, 80
5, 12480, Note_off_c, 6, 33, 64
5, 12480, Note_on_c, 6, 33, 80
5, 12720, Note_off_c, 6, 33, 64
5, 12720, Note_on_c, 6, 33, 80
5, 12960, Note_off_c, 6, 33, 64
5, 12960, Note_on_c, 6, 36, 80
5, 13200, Note_off_c, 6, 36, 64
5, 13200, Note_on_c, 6, 36, 80
5, 13440, Note_off_c, 6, 36, 64
5, 13440, Note_on_c, 6, 36, 80
5, 13680, Note_off_c, 6, 36, 64
5, 13680, Note_on_c, 6, 31, 80
5, 13920, Note_off_c, 6, 31, 64
5, 13920, Note_on_c, 6, 31, 80
5, 14160, Note_off_c, 6, 31, 64
5, 14160, Note_on_c, 6, 31, 80
5, 14400, Note_off_c, 6, 31, 64
5, 14400, Note_on_c, 6, 40, 80
5, 14640, Note_off_c, 6, 40, 64
5, 14640, Note_on_c, 6, 40, 80
5, 14880, Note_off_c, 6, 40, 64
5, 14880, Note_on_c, 6, 40, 80
5, 15120, Note_off_c, 6, 40, 64
5, 15120, Note_on_c, 6, 33, 80
5, 15360, Note_off_c, 6, 33, 64
5, 15360, Note_on_c, 6, 33, 80
5, 15600, Note_off_c, 6, 33, 64
5, 15600, Note_on_c, 6, 33, 80
5, 15840, Note_off_c, 6, 33, 64
5, 15840, Note_on_c, 6, 36, 80
5, 16080, Note_off_c, 6, 36, 64
5, 16080, Note_on_c, 6, 36, 80
5, 16320, Note_off_c, 6, 36, 64
5, 16320, Note_on_c, 6, 36, 80
5, 16560, Note_off_c, 6, 36, 64
5, 16560, Note_on_c, 6, 43, 80
5, 16800, Note_off_c, 6, 43, 64
5, 16800, Note_on_c, 6, 43, 80
5, 17040, Note_off_c, 6, 43, 64
5, 17040, Note_on_c, 6, 43, 80
5, 17280, Note_off_c, 6, 43, 64
5, 17280, Note_on_c, 6, 33, 80
5, 17520, Note_off_c, 6, 33, 64
5, 17520, Note_on_c, 6, 33, 80
5, 17760, Note_off_c, 6, 33, 64
5, 17760, Note_on_c, 6, 33, 80
5, 18000, Note_off_c, 6, 33, 64
5, 18000, Note_on_c, 6, 33, 80
5, 18240, Note_off_c, 6, 33, 64
5, 18240, Note_on_c, 6, 33, 80
5, 18480, Note_off_c, 6, 33, 64
5, 18480, Note_on_c, 6, 33, 80
5, 18720, Note_off_c, 6, 33, 64
5, 18720, Note_on_c, 6, 33, 80
5, 18960, Note_off_c, 6, 33, 64
5, 18960, Note_on_c, 6, 33, 80
5, 19200, Note_off_c, 6, 33, 64
5, 19200, Note_on_c, 6, 33, 80
5, 19440, Note_off_c, 6, 33, 64
5, 19440, Note_on_c, 6, 33, 80
5, 19680, Note_off_c, 6, 33, 64
5, 19680, Note_on_c, 6, 33, 80
5, 19920, Note_off_c, 6, 33, 64
5, 19920, Note_on_c, 6, 33, 80
5, 20160, Note_off_c, 6, 33, 64
5, 20160, Note_on_c, 6, 43, 80
5, 20400, Note_off_c, 6, 43, 64
5, 20400, Note_on_c, 6, 43, 80
5, 20640, Note_off_c, 6, 43, 64
5, 20640, Note_on_c, 6, 43, 80
5, 20880, Note_off_c, 6, 43, 64
5, 20880, Note_on_c, 6, 43, 80
5, 21120, Note_off_c, 6, 43, 64
5, 21120, Note_on_c, 6, 43, 80
5, 21360, Note_off_c, 6, 43, 64
5, 21360, Note_on_c, 6, 43, 80
5, 21600, Note_off_c, 6, 43, 64
5, 21600, Note_on_c, 6, 47, 80
5, 22080, Note_off_c, 6, 47, 64
5, 22080, Note_on_c, 6, 47, 80
5, 22320, Note_off_c, 6, 47, 64
5, 22560, Note_on_c, 6, 43, 80
5, 23040, Note_off_c, 6, 43, 64
5, 23040, Note_on_c, 6, 33, 80
5, 23280, Note_off_c, 6, 33, 64
5, 23280, Note_on_c, 6, 33, 80
5, 23520, Note_off_c, 6, 33, 64
5, 23520, Note_on_c, 6, 33, 80
5, 23760, Note_off_c, 6, 33, 64
5, 23760, Note_on_c, 6, 36, 80
5, 24000, Note_off_c, 6, 36, 64
5, 24000, Note_on_c, 6, 36, 80
5, 24240, Note_off_c, 6, 36, 64
5, 24240, Note_on_c, 6, 36, 80
5, 24480, Note_off_c, 6, 36, 64
5, 24480, Note_on_c, 6, 43, 80
5, 24720, Note_off_c, 6, 43, 64
5, 24720, Note_on_c, 6, 43, 80
5, 24960, Note_off_c, 6, 43, 64
5, 24960, Note_on_c, 6, 43, 80
5, 25200, Note_off_c, 6, 43, 64
5, 25200, Note_on_c, 6, 33, 80
5, 25440, Note_off_c, 6, 33, 64
5, 25440, Note_on_c, 6, 33, 80
5, 25680, Note_off_c, 6, 33, 64
5, 25680, Note_on_c, 6, 33, 80
5, 25920, Note_off_c, 6, 33, 64
5, 25920, Note_on_c, 6, 33, 80
5, 26160, Note_off_c, 6, 33, 64
5, 26160, Note_on_c, 6, 33, 80
5, 26400, Note_off_c, 6, 33, 64
5, 26400, Note_on_c, 6, 33, 80
5, 26640, Note_off_c, 6, 33, 64
5, 26640, Note_on_c, 6, 33, 80
5, 26880, Note_off_c, 6, 33, 64
5, 26880, Note_on_c, 6, 33, 80
5, 27120, Note_off_c, 6, 33, 64
5, 27120, Note_on_c, 6, 33, 80
5, 27360, Note_off_c, 6, 33, 64
5, 27360, Note_on_c, 6, 33, 80
5, 27600, Note_off_c, 6, 33, 64
5, 27600, Note_on_c, 6, 33, 80
5, 27840, Note_off_c, 6, 33, 64
5, 27840, Note_on_c, 6, 33, 80
5, 28080, Note_off_c, 6, 33, 64
5, 28080, Note_on_c, 6, 33, 80
5, 28320, Note_off_c, 6, 33, 64
5, 28320, Note_on_c, 6, 33, 80
5, 28560, Note_off_c, 6, 33, 64
5, 28560, Note_on_c, 6, 33, 80
5, 28800, Note_off_c, 6, 33, 64
5, 28800, Note_on_c, 6, 36, 80
5, 29040, Note_off_c, 6, 36, 64
5, 29040, Note_on_c, 6, 36, 80
5, 29280, Note_off_c, 6, 36, 64
5, 29280, Note_on_c, 6, 36, 80
5, 29520, Note_off_c, 6, 36, 64
5, 29520, Note_on_c, 6, 43, 80
5, 29760, Note_off_c, 6, 43, 64
5, 29760, Note_on_c, 6, 43, 80
5, 30000, Note_off_c, 6, 43, 64
5, 30000, Note_on_c, 6, 43, 80
5, 30240, Note_off_c, 6, 43, 64
5, 30240, Note_on_c, 6, 40, 80
5, 30480, Note_off_c, 6, 40, 64
5, 30480, Note_on_c, 6, 40, 80
5, 30720, Note_off_c, 6, 40, 64
5, 30720, Note_on_c, 6, 40, 80
5, 30960, Note_off_c, 6, 40, 64
5, 30960, Note_on_c, 6, 33, 80
5, 31200, Note_off_c, 6, 33, 64
5, 31200, Note_on_c, 6, 33, 80
5, 31440, Note_off_c, 6, 33, 64
5, 31440, Note_on_c, 6, 33, 80
5, 31680, Note_off_c, 6, 33, 64
5, 31680, Note_on_c, 6, 36, 80
5, 31920, Note_off_c, 6, 36, 64
5, 31920, Note_on_c, 6, 36, 80
5, 32160, Note_off_c, 6, 36, 64
5, 32160, Note_on_c, 6, 36, 80
5, 32400, Note_off_c, 6, 36, 64
5, 32400, Note_on_c, 6, 43, 80
5, 32640, Note_off_c, 6, 43, 64
5, 32640, Note_on_c, 6, 43, 80
5, 32880, Note_off_c, 6, 43, 64
5, 32880, Note_on_c, 6, 43, 80
5, 33120, Note_off_c, 6, 43, 64
5, 33120, Note_on_c, 6, 33, 80
5, 33360, Note_off_c, 6, 33, 64
5, 33360, Note_on_c, 6, 33, 80
5, 33600, Note_off_c, 6, 33, 64
5, 33600, Note_on_c, 6, 33, 80
5, 33840, Note_off_c, 6, 33, 64
5, 33840, Note_on_c, 6, 33, 80
5, 34080, Note_off_c, 6, 33, 64
5, 34080, Note_on_c, 6, 33, 80
5, 34320, Note_off_c, 6, 33, 64
5, 34320, Note_on_c, 6, 33, 80
5, 34560, Note_off_c, 6, 33, 64
5, 34560, Note_on_c, 6, 36, 80
5, 34800, Note_off_c, 6, 36, 64
5, 34800, Note_on_c, 6, 36, 80
5, 35040, Note_off_c, 6, 36, 64
5, 35040, Note_on_c, 6, 36, 80
5, 35280, Note_off_c, 6, 36, 64
5, 35280, Note_on_c, 6, 43, 80
5, 35520, Note_off_c, 6, 43, 64
5, 35520, Note_on_c, 6, 43, 80
5, 35760, Note_off_c, 6, 43, 64
5, 35760, Note_on_c, 6, 43, 80
5, 36000, Note_off_c, 6, 43, 64
5, 36000, Note_on_c, 6, 40, 80
5, 36240, Note_off_c, 6, 40, 64
5, 36240, Note_on_c, 6, 40, 80
5, 36480, Note_off_c, 6, 40, 64
5, 36480, Note_on_c, 6, 40, 80
5, 36720, Note_off_c, 6, 40, 64
5, 36720, Note_on_c, 6, 33, 80
5, 36960, Note_off_c, 6, 33, 64
5, 36960, Note_on_c, 6, 33, 80
5, 37200, Note_off_c, 6, 33, 64
5, 37200, Note_on_c, 6, 33, 80
5, 37440, Note_off_c, 6, 33, 64
5, 37440, Note_on_c, 6, 36, 80
5, 37680, Note_off_c, 6, 36, 64
5, 37680, Note_on_c, 6, 36, 80
5, 37920, Note_off_c, 6, 36, 64
5, 37920, Note_on_c, 6, 36, 80
5, 38160, Note_off_c, 6, 36, 64
5, 38160, Note_on_c, 6, 43, 80
5, 38400, Note_off_c, 6, 43, 64
5, 38400, Note_on_c, 6, 43, 80
5, 38640, Note_off_c, 6, 43, 64
5, 38640, Note_on_c, 6, 43, 80
5, 38880, Note_off_c, 6, 43, 64
5, 38880, Note_on_c, 6, 33, 80
5, 39120, Note_off_c, 6, 33, 64
5, 39120, Note_on_c, 6, 33, 80
5, 39360, Note_off_c, 6, 33, 64
5, 39360, Note_on_c, 6, 33, 80
5, 39600, Note_off_c, 6, 33, 64
5, 39600, Note_on_c, 6, 33, 80
5, 39840, Note_off_c, 6, 33, 64
5, 39840, Note_on_c, 6, 33, 80
5, 40080, Note_off_c, 6, 33, 64
5, 40080, Note_on_c, 6, 33, 80
5, 40320, Note_off_c, 6, 33, 64
5, 40320, Note_on_c, 6, 33, 80
5, 40560, Note_off_c, 6, 33, 64
5, 40560, Note_on_c, 6, 33, 80
5, 40800, Note_off_c, 6, 33, 64
5, 40800, Note_on_c, 6, 33, 80
5, 41040, Note_off_c, 6, 33, 64
5, 41040, Note_on_c, 6, 33, 80
5, 41280, Note_off_c, 6, 33, 64
5, 41280, Note_on_c, 6, 33, 80
5, 41520, Note_off_c, 6, 33, 64
5, 41520, Note_on_c, 6, 33, 80
5, 41760, Note_off_c, 6, 33, 64
5, 41760, Note_on_c, 6, 43, 80
5, 42000, Note_off_c, 6, 43, 64
5, 42000, Note_on_c, 6, 43, 80
5, 42240, Note_off_c, 6, 43, 64
5, 42240, Note_on_c, 6, 43, 80
5, 42480, Note_off_c, 6, 43, 64
5, 42480, Note_on_c, 6, 43, 80
5, 42720, Note_off_c, 6, 43, 64
5, 42720, Note_on_c, 6, 43, 80
5, 42960, Note_off_c, 6, 43, 64
5, 42960, Note_on_c, 6, 43, 80
5, 43200, Note_off_c, 6, 43, 64
5, 43200, Note_on_c, 6, 43, 80
5, 43440, Note_off_c, 6, 43, 64
5, 43440, Note_on_c, 6, 43, 80
5, 43680, Note_off_c, 6, 43, 64
5, 43680, Note_on_c, 6, 43, 80
5, 43920, Note_off_c, 6, 43, 64
5, 43920, Note_on_c, 6, 43, 80
5, 44160, Note_off_c, 6, 43, 64
5, 44160, Note_on_c, 6, 43, 80
5, 44400, Note_off_c, 6, 43, 64
5, 44400, Note_on_c, 6, 43, 80
5, 44640, Note_off_c, 6, 43, 64
5, 44640, Note_on_c, 6, 33, 80
5, 44880, Note_off_c, 6, 33, 64
5, 44880, Note_on_c, 6, 33, 80
5, 45120, Note_off_c, 6, 33, 64
5, 45120, Note_on_c, 6, 33, 80
5, 45360, Note_off_c, 6, 33, 64
5, 45360, Note_on_c, 6, 36, 80
5, 45600, Note_off_c, 6, 36, 64
5, 45600, Note_on_c, 6, 36, 80
5, 45840, Note_off_c, 6, 36, 64
5, 45840, Note_on_c, 6, 36, 80
5, 46080, Note_off_c, 6, 36, 64
5, 46080, Note_on_c, 6, 43, 80
5, 46320, Note_off_c, 6, 43, 64
5, 46320, Note_on_c, 6, 43, 80
5, 46560, Note_off_c, 6, 43, 64
5, 46560, Note_on_c, 6, 43, 80
5, 46800, Note_off_c, 6, 43, 64
5, 46800, Note_on_c, 6, 33, 80
5, 47040, Note_off_c, 6, 33, 64
5, 47040, Note_on_c, 6, 33, 80
5, 47280, Note_off_c, 6, 33, 64
5, 47280, Note_on_c, 6, 33, 80
5, 47520, Note_off_c, 6, 33, 64
5, 47520, Note_on_c, 6, 33, 80
5, 47760, Note_off_c, 6, 33, 64
5, 47760, Note_on_c, 6, 33, 80
5, 48000, Note_off_c, 6, 33, 64
5, 48000, Note_on_c, 6, 33, 80
5, 48240, Note_off_c, 6, 33, 64
5, 48240, Note_on_c, 6, 33, 80
5, 48480, Note_off_c, 6, 33, 64
5, 48480, Note_on_c, 6, 33, 80
5, 48720, Note_off_c, 6, 33, 64
5, 48720, Note_on_c, 6, 33, 80
5, 48960, Note_off_c, 6, 33, 64
5, 48960, Note_on_c, 6, 33, 80
5, 49200, Note_off_c, 6, 33, 64
5, 49200, Note_on_c, 6, 33, 80
5, 49440, Note_off_c, 6, 33, 64
5, 49440, Note_on_c, 6, 33, 80
5, 49680, Note_off_c, 6, 33, 64
5, 49680, Note_on_c, 6, 33, 80
5, 49920, Note_off_c, 6, 33, 64
5, 49920, Note_on_c, 6, 33, 80
5, 50160, Note_off_c, 6, 33, 64
5, 50160, Note_on_c, 6, 33, 80
5, 50400, Note_off_c, 6, 33, 64
5, 50400, Note_on_c, 6, 36, 80
5, 50640, Note_off_c, 6, 36, 64
5, 50640, Note_on_c, 6, 36, 80
5, 50880, Note_off_c, 6, 36, 64
5, 50880, Note_on_c, 6, 36, 80
5, 51120, Note_off_c, 6, 36, 64
5, 51120, Note_on_c, 6, 43, 80
5, 51360, Note_off_c, 6, 43, 64
5, 51360, Note_on_c, 6, 43, 80
5, 51600, Note_off_c, 6, 43, 64
5, 51600, Note_on_c, 6, 43, 80
5, 51840, Note_off_c, 6, 43, 64
5, 51840, Note_on_c, 6, 40, 80
5, 52080, Note_off_c, 6, 40, 64
5, 52080, Note_on_c, 6, 40, 80
5, 52320, Note_off_c, 6, 40, 64
5, 52320, Note_on_c, 6, 40, 80
5, 52560, Note_off_c, 6, 40, 64
5, 52560, Note_on_c, 6, 33, 80
5, 52800, Note_off_c, 6, 33, 64
5, 52800, Note_on_c, 6, 33, 80
5, 53040, Note_off_c, 6, 33, 64
5, 53040, Note_on_c, 6, 33, 80
5, 53280, Note_off_c, 6, 33, 64
5, 53280, Note_on_c, 6, 36, 80
5, 53520, Note_off_c, 6, 36, 64
5, 53520, Note_on_c, 6, 36, 80
5, 53760, Note_off_c, 6, 36, 64
5, 53760, Note_on_c, 6, 36, 80
5, 54000, Note_off_c, 6, 36, 64
5, 54000, Note_on_c, 6, 43, 80
5, 54240, Note_off_c, 6, 43, 64
5, 54240, Note_on_c, 6, 43, 80
5, 54480, Note_off_c, 6, 43, 64
5, 54480, Note_on_c, 6, 43, 80
5, 54720, Note_off_c, 6, 43, 64
5, 54720, Note_on_c, 6, 33, 80
5, 54960, Note_off_c, 6, 33, 64
5, 54960, Note_on_c, 6, 33, 80
5, 55200, Note_off_c, 6, 33, 64
5, 55200, Note_on_c, 6, 33, 80
5, 55440, Note_off_c, 6, 33, 64
5, 55440, Note_on_c, 6, 33, 80
5, 55680, Note_off_c, 6, 33, 64
5, 55680, Note_on_c, 6, 33, 80
5, 55920, Note_off_c, 6, 33, 64
5, 55920, Note_on_c, 6, 33, 80
5, 56160, Note_off_c, 6, 33, 64
5, 56160, Note_on_c, 6, 36, 80
5, 56400, Note_off_c, 6, 36, 64
5, 56400, Note_on_c, 6, 36, 80
5, 56640, Note_off_c, 6, 36, 64
5, 56640, Note_on_c, 6, 36, 80
5, 56880, Note_off_c, 6, 36, 64
5, 56880, Note_on_c, 6, 43, 80
5, 57120, Note_off_c, 6, 43, 64
5, 57120, Note_on_c, 6, 43, 80
5, 57360, Note_off_c, 6, 43, 64
5, 57360, Note_on_c, 6, 43, 80
5, 57600, Note_off_c, 6, 43, 64
5, 57600, Note_on_c, 6, 40, 80
5, 57840, Note_off_c, 6, 40, 64
5, 57840, Note_on_c, 6, 40, 80
5, 58080, Note_off_c, 6, 40, 64
5, 58080, Note_on_c, 6, 40, 80
5, 58320, Note_off_c, 6, 40, 64
5, 58320, Note_on_c, 6, 33, 80
5, 58560, Note_off_c, 6, 33, 64
5, 58560, Note_on_c, 6, 33, 80
5, 58800, Note_off_c, 6, 33, 64
5, 58800, Note_on_c, 6, 33, 80
5, 59040, Note_off_c, 6, 33, 64
5, 59040, Note_on_c, 6, 36, 80
5, 59280, Note_off_c, 6, 36, 64
5, 59280, Note_on_c, 6, 36, 80
5, 59520, Note_off_c, 6, 36, 64
5, 59520, Note_on_c, 6, 36, 80
5, 59760, Note_off_c, 6, 36, 64
5, 59760, Note_on_c, 6, 43, 80
5, 60000, Note_off_c, 6, 43, 64
5, 60000, Note_on_c, 6, 43, 80
5, 60240, Note_off_c, 6, 43, 64
5, 60240, Note_on_c, 6, 43, 80
5, 60480, Note_off_c, 6, 43, 64
5, 60480, Note_on_c, 6, 33, 80
5, 61920, Note_off_c, 6, 33, 64
5, 61920, Note_on_c, 6, 33, 80
5, 63360, Note_off_c, 6, 33, 64
5, 63360, Note_on_c, 6, 43, 80
5, 63600, Note_off_c, 6, 43, 64
5, 63600, Note_on_c, 6, 43, 80
5, 63840, Note_off_c, 6, 43, 64
5, 63840, Note_on_c, 6, 43, 80
5, 64080, Note_off_c, 6, 43, 64
5, 64080, Note_on_c, 6, 43, 80
5, 64320, Note_off_c, 6, 43, 64
5, 64320, Note_on_c, 6, 43, 80
5, 64560, Note_off_c, 6, 43, 64
5, 64560, Note_on_c, 6, 43, 80
5, 64800, Note_off_c, 6, 43, 64
5, 64800, Note_on_c, 6, 43, 80
5, 65040, Note_off_c, 6, 43, 64
5, 65040, Note_on_c, 6, 43, 80
5, 65280, Note_off_c, 6, 43, 64
5, 65280, Note_on_c, 6, 43, 80
5, 65520, Note_off_c, 6, 43, 64
5, 65520, Note_on_c, 6, 43, 80
5, 65760, Note_off_c, 6, 43, 64
5, 65760, Note_on_c, 6, 43, 80
5, 66000, Note_off_c, 6, 43, 64
5, 66000, Note_on_c, 6, 43, 80
5, 66240, Note_off_c, 6, 43, 64
5, 66240, Note_on_c, 6, 33, 80
5, 66480, Note_off_c, 6, 33, 64
5, 66480, Note_on_c, 6, 33, 80
5, 66720, Note_off_c, 6, 33, 64
5, 66720, Note_on_c, 6, 33, 80
5, 66960, Note_off_c, 6, 33, 64
5, 66960, Note_on_c, 6, 36, 80
5, 67200, Note_off_c, 6, 36, 64
5, 67200, Note_on_c, 6, 36, 80
5, 67440, Note_off_c, 6, 36, 64
5, 67440, Note_on_c, 6, 36, 80
5, 67680, Note_off_c, 6, 36, 64
5, 67680, Note_on_c, 6, 43, 80
5, 67920, Note_off_c, 6, 43, 64
5, 67920, Note_on_c, 6, 43, 80
5, 68160, Note_off_c, 6, 43, 64
5, 68160, Note_on_c, 6, 43, 80
5, 68400, Note_off_c, 6, 43, 64
5, 68400, Note_on_c, 6, 33, 80
5, 68640, Note_off_c, 6, 33, 64
5, 68640, Note_on_c, 6, 33, 80
5, 68880, Note_off_c, 6, 33, 64
5, 68880, Note_on_c, 6, 33, 80
5, 69120, Note_off_c, 6, 33, 64
5, 69120, Note_on_c, 6, 33, 80
5, 69360, Note_off_c, 6, 33, 64
5, 69360, Note_on_c, 6, 33, 80
5, 69600, Note_off_c, 6, 33, 64
5, 69600, Note_on_c, 6, 33, 80
5, 69840, Note_off_c, 6, 33, 64
5, 69840, Note_on_c, 6, 33, 80
5, 70080, Note_off_c, 6, 33, 64
5, 70080, Note_on_c, 6, 33, 80
5, 70320, Note_off_c, 6, 33, 64
5, 70320, Note_on_c, 6, 33, 80
5, 70560, Note_off_c, 6, 33, 64
5, 70560, Note_on_c, 6, 33, 80
5, 70800, Note_off_c, 6, 33, 64
5, 70800, Note_on_c, 6, 33, 80
5, 71040, Note_off_c, 6, 33, 64
5, 71040, Note_on_c, 6, 33, 80
5, 71280, Note_off_c, 6, 33, 64
5, 71280, Note_on_c, 6, 41, 80
5, 71520, Note_off_c, 6, 41, 64
5, 71520, Note_on_c, 6, 41, 80
5, 71760, Note_off_c, 6, 41, 64
5, 71760, Note_on_c, 6, 41, 80
5, 72000, Note_off_c, 6, 41, 64
5, 72000, Note_on_c, 6, 41, 80
5, 72240, Note_off_c, 6, 41, 64
5, 72240, Note_on_c, 6, 41, 80
5, 72480, Note_off_c, 6, 41, 64
5, 72480, Note_on_c, 6, 41, 80
5, 72720, Note_off_c, 6, 41, 64
5, 72720, Note_on_c, 6, 36, 80
5, 72960, Note_off_c, 6, 36, 64
5, 72960, Note_on_c, 6, 36, 80
5, 73200, Note_off_c, 6, 36, 64
5, 73200, Note_on_c, 6, 36, 80
5, 73440, Note_off_c, 6, 36, 64
5, 73440, Note_on_c, 6, 36, 80
5, 73680, Note_off_c, 6, 36, 64
5, 73680, Note_on_c, 6, 36, 80
5, 74160, Note_off_c, 6, 36, 64
5, 74160, Note_on_c, 6, 33, 80
5, 74400, Note_off_c, 6, 33, 64
5, 74400, Note_on_c, 6, 33, 80
5, 74640, Note_off_c, 6, 33, 64
5, 74640, Note_on_c, 6, 33, 80
5, 74880, Note_off_c, 6, 33, 64
5, 74880, Note_on_c, 6, 33, 80
5, 75120, Note_off_c, 6, 33, 64
5, 75120, Note_on_c, 6, 33, 80
5, 75360, Note_off_c, 6, 33, 64
5, 75360, Note_on_c, 6, 33, 80
5, 75600, Note_off_c, 6, 33, 64
5, 75600, Note_on_c, 6, 43, 80
5, 75840, Note_off_c, 6, 43, 64
5, 75840, Note_on_c, 6, 43, 80
5, 76080, Note_off_c, 6, 43, 64
5, 76080, Note_on_c, 6, 43, 80
5, 76320, Note_off_c, 6, 43, 64
5, 76320, Note_on_c, 6, 33, 80
5, 76560, Note_off_c, 6, 33, 64
5, 76560, Note_on_c, 6, 33, 80
5, 76800, Note_off_c, 6, 33, 64
5, 76800, Note_on_c, 6, 33, 80
5, 77040, Note_off_c, 6, 33, 64
5, 77040, Note_on_c, 6, 41, 80
5, 77280, Note_off_c, 6, 41, 64
5, 77280, Note_on_c, 6, 41, 80
5, 77520, Note_off_c, 6, 41, 64
5, 77520, Note_on_c, 6, 41, 80
5, 77760, Note_off_c, 6, 41, 64
5, 77760, Note_on_c, 6, 41, 80
5, 78000, Note_off_c, 6, 41, 64
5, 78000, Note_on_c, 6, 41, 80
5, 78240, Note_off_c, 6, 41, 64
5, 78240, Note_on_c, 6, 41, 80
5, 78480, Note_off_c, 6, 41, 64
5, 78480, Note_on_c, 6, 36, 80
5, 78720, Note_off_c, 6, 36, 64
5, 78720, Note_on_c, 6, 36, 80
5, 78960, Note_off_c, 6, 36, 64
5, 78960, Note_on_c, 6, 36, 80
5, 79200, Note_off_c, 6, 36, 64
5, 79200, Note_on_c, 6, 36, 80
5, 79440, Note_off_c, 6, 36, 64
5, 79440, Note_on_c, 6, 36, 80
5, 79680, Note_off_c, 6, 36, 64
5, 79680, Note_on_c, 6, 36, 80
5, 79920, Note_off_c, 6, 36, 64
5, 79920, Note_on_c, 6, 33, 80
5, 80160, Note_off_c, 6, 33, 64
5, 80160, Note_on_c, 6, 33, 80
5, 80400, Note_off_c, 6, 33, 64
5, 80400, Note_on_c, 6, 33, 80
5, 80640, Note_off_c, 6, 33, 64
5, 80640, Note_on_c, 6, 33, 80
5, 80880, Note_off_c, 6, 33, 64
5, 80880, Note_on_c, 6, 33, 80
5, 81120, Note_off_c, 6, 33, 64
5, 81120, Note_on_c, 6, 33, 80
5, 81360, Note_off_c, 6, 33, 64
5, 81360, Note_on_c, 6, 43, 80
5, 81600, Note_off_c, 6, 43, 64
5, 81600, Note_on_c, 6, 43, 80
5, 81840, Note_off_c, 6, 43, 64
5, 81840, Note_on_c, 6, 43, 80
5, 82080, Note_off_c, 6, 43, 64
5, 82080, Note_on_c, 6, 33, 80
5, 82320, Note_off_c, 6, 33, 64
5, 82320, Note_on_c, 6, 33, 80
5, 82560, Note_off_c, 6, 33, 64
5, 82560, Note_on_c, 6, 33, 80
5, 82800, Note_off_c, 6, 33, 64
5, 82800, Note_on_c, 6, 33, 80
5, 83040, Note_off_c, 6, 33, 64
5, 83040, Note_on_c, 6, 33, 80
5, 83280, Note_off_c, 6, 33, 64
5, 83280, Note_on_c, 6, 33, 80
5, 83520, Note_off_c, 6, 33, 64
5, 83520, Note_on_c, 6, 33, 80
5, 83760, Note_off_c, 6, 33, 64
5, 83760, Note_on_c, 6, 33, 80
5, 84000, Note_off_c, 6, 33, 64
5, 84000, Note_on_c, 6, 33, 80
5, 84240, Note_off_c, 6, 33, 64
5, 84240, Note_on_c, 6, 33, 80
5, 84480, Note_off_c, 6, 33, 64
5, 84480, Note_on_c, 6, 33, 80
5, 84720, Note_off_c, 6, 33, 64
5, 84720, Note_on_c, 6, 33, 80
5, 84960, Note_off_c, 6, 33, 64
5, 84960, Note_on_c, 6, 33, 80
5, 85200, Note_off_c, 6, 33, 64
5, 85200, Note_on_c, 6, 33, 80
5, 85440, Note_off_c, 6, 33, 64
5, 85440, Note_on_c, 6, 33, 80
5, 85680, Note_off_c, 6, 33, 64
5, 85680, Note_on_c, 6, 36, 80
5, 85920, Note_off_c, 6, 36, 64
5, 85920, Note_on_c, 6, 36, 80
5, 86160, Note_off_c, 6, 36, 64
5, 86160, Note_on_c, 6, 36, 80
5, 86400, Note_off_c, 6, 36, 64
5, 86400, Note_on_c, 6, 43, 80
5, 86640, Note_off_c, 6, 43, 64
5, 86640, Note_on_c, 6, 43, 80
5, 86880, Note_off_c, 6, 43, 64
5, 86880, Note_on_c, 6, 43, 80
5, 87120, Note_off_c, 6, 43, 64
5, 87120, Note_on_c, 6, 40, 80
5, 87360, Note_off_c, 6, 40, 64
5, 87360, Note_on_c, 6, 40, 80
5, 87600, Note_off_c, 6, 40, 64
5, 87600, Note_on_c, 6, 40, 80
5, 87840, Note_off_c, 6, 40, 64
5, 87840, Note_on_c, 6, 33, 80
5, 88080, Note_off_c, 6, 33, 64
5, 88080, Note_on_c, 6, 33, 80
5, 88320, Note_off_c, 6, 33, 64
5, 88320, Note_on_c, 6, 33, 80
5, 88560, Note_off_c, 6, 33, 64
5, 88560, Note_on_c, 6, 36, 80
5, 88800, Note_off_c, 6, 36, 64
5, 88800, Note_on_c, 6, 36, 80
5, 89040, Note_off_c, 6, 36, 64
5, 89040, Note_on_c, 6, 36, 80
5, 89280, Note_off_c, 6, 36, 64
5, 89280, Note_on_c, 6, 43, 80
5, 89520, Note_off_c, 6, 43, 64
5, 89520, Note_on_c, 6, 43, 80
5, 89760, Note_off_c, 6, 43, 64
5, 89760, Note_on_c, 6, 43, 80
5, 90000, Note_off_c, 6, 43, 64
5, 90000, Note_on_c, 6, 33, 80
5, 90240, Note_off_c, 6, 33, 64
5, 90240, Note_on_c, 6, 33, 80
5, 90480, Note_off_c, 6, 33, 64
5, 90480, Note_on_c, 6, 33, 80
5, 90720, Note_off_c, 6, 33, 64
5, 90720, Note_on_c, 6, 33, 80
5, 90960, Note_off_c, 6, 33, 64
5, 90960, Note_on_c, 6, 33, 80
5, 91200, Note_off_c, 6, 33, 64
5, 91200, Note_on_c, 6, 33, 80
5, 91440, Note_off_c, 6, 33, 64
5, 91440, Note_on_c, 6, 36, 80
5, 91680, Note_off_c, 6, 36, 64
5, 91680, Note_on_c, 6, 36, 80
5, 91920, Note_off_c, 6, 36, 64
5, 91920, Note_on_c, 6, 36, 80
5, 92160, Note_off_c, 6, 36, 64
5, 92160, Note_on_c, 6, 43, 80
5, 92400, Note_off_c, 6, 43, 64
5, 92400, Note_on_c, 6, 43, 80
5, 92640, Note_off_c, 6, 43, 64
5, 92640, Note_on_c, 6, 43, 80
5, 92880, Note_off_c, 6, 43, 64
5, 92880, Note_on_c, 6, 40, 80
5, 93120, Note_off_c, 6, 40, 64
5, 93120, Note_on_c, 6, 40, 80
5, 93360, Note_off_c, 6, 40, 64
5, 93360, Note_on_c, 6, 40, 80
5, 93600, Note_off_c, 6, 40, 64
5, 93600, Note_on_c, 6, 33, 80
5, 93840, Note_off_c, 6, 33, 64
5, 93840, Note_on_c, 6, 33, 80
5, 94080, Note_off_c, 6, 33, 64
5, 94080, Note_on_c, 6, 33, 80
5, 94320, Note_off_c, 6, 33, 64
5, 94320, Note_on_c, 6, 36, 80
5, 94560, Note_off_c, 6, 36, 64
5, 94560, Note_on_c, 6, 36, 80
5, 94800, Note_off_c, 6, 36, 64
5, 94800, Note_on_c, 6, 36, 80
5, 95040, Note_off_c, 6, 36, 64
5, 95040, Note_on_c, 6, 43, 80
5, 95280, Note_off_c, 6, 43, 64
5, 95280, Note_on_c, 6, 43, 80
5, 95520, Note_off_c, 6, 43, 64
5, 95520, Note_on_c, 6, 43, 80
5, 95760, Note_off_c, 6, 43, 64
5, 95760, Note_on_c, 6, 33, 80
5, 97200, Note_off_c, 6, 33, 64
5, 97200, Note_on_c, 6, 33, 80
5, 98640, Note_off_c, 6, 33, 64
5, 98640, Note_on_c, 6, 43, 80
5, 98880, Note_off_c, 6, 43, 64
5, 98880, Note_on_c, 6, 43, 80
5, 99120, Note_off_c, 6, 43, 64
5, 99120, Note_on_c, 6, 43, 80
5, 99360, Note_off_c, 6, 43, 64
5, 99360, Note_on_c, 6, 43, 80
5, 99600, Note_off_c, 6, 43, 64
5, 99600, Note_on_c, 6, 43, 80
5, 99840, Note_off_c, 6, 43, 64
5, 99840, Note_on_c, 6, 43, 80
5, 100080, Note_off_c, 6, 43, 64
5, 100080, Note_on_c, 6, 43, 80
5, 100320, Note_off_c, 6, 43, 64
5, 100320, Note_on_c, 6, 43, 80
5, 100560, Note_off_c, 6, 43, 64
5, 100560, Note_on_c, 6, 43, 80
5, 100800, Note_off_c, 6, 43, 64
5, 100800, Note_on_c, 6, 43, 80
5, 101040, Note_off_c, 6, 43, 64
5, 101040, Note_on_c, 6, 43, 80
5, 101280, Note_off_c, 6, 43, 64
5, 101280, Note_on_c, 6, 43, 80
5, 101520, Note_off_c, 6, 43, 64
5, 101520, Note_on_c, 6, 33, 80
5, 101760, Note_off_c, 6, 33, 64
5, 101760, Note_on_c, 6, 33, 80
5, 102000, Note_off_c, 6, 33, 64
5, 102000, Note_on_c, 6, 33, 80
5, 102240, Note_off_c, 6, 33, 64
5, 102240, Note_on_c, 6, 36, 80
5, 102480, Note_off_c, 6, 36, 64
5, 102480, Note_on_c, 6, 36, 80
5, 102720, Note_off_c, 6, 36, 64
5, 102720, Note_on_c, 6, 36, 80
5, 102960, Note_off_c, 6, 36, 64
5, 102960, Note_on_c, 6, 43, 80
5, 103200, Note_off_c, 6, 43, 64
5, 103200, Note_on_c, 6, 43, 80
5, 103440, Note_off_c, 6, 43, 64
5, 103440, Note_on_c, 6, 43, 80
5, 103680, Note_off_c, 6, 43, 64
5, 103680, Note_on_c, 6, 33, 80
5, 103920, Note_off_c, 6, 33, 64
5, 103920, Note_on_c, 6, 33, 80
5, 104160, Note_off_c, 6, 33, 64
5, 104160, Note_on_c, 6, 33, 80
5, 104400, Note_off_c, 6, 33, 64
5, 104400, Note_on_c, 6, 33, 80
5, 104640, Note_off_c, 6, 33, 64
5, 104640, Note_on_c, 6, 33, 80
5, 104880, Note_off_c, 6, 33, 64
5, 104880, Note_on_c, 6, 40, 80
5, 105120, Note_off_c, 6, 40, 64
5, 105120, Note_on_c, 6, 33, 80
5, 105600, Note_off_c, 6, 33, 64
5, 105600, Note_on_c, 6, 40, 80
5, 105840, Note_off_c, 6, 40, 64
5, 105840, Note_on_c, 6, 33, 80
5, 106560, Note_off_c, 6, 33, 64
5, 106560, End_track
6, 0, Start_track
6, 0, MIDI_port, 0
6, 0, Channel_prefix, 0
6, 0, Control_c, 0, 10, 64
6, 0, Control_c, 0, 121, 0
6, 17, Control_c, 0, 91, 90
6, 17, Control_c, 0, 93, 75
6, 20, Control_c, 0, 2, 127
6, 21, Control_c, 0, 11, 127
6, 21, End_track
7, 0, Start_track
7, 0, MIDI_port, 0
7, 0, Channel_prefix, 1
7, 0, Control_c, 1, 7, 127
7, 0, Control_c, 1, 10, 64
7, 0, Program_c, 1, 25
7, 0, Control_c, 1, 121, 0
7, 17, Control_c, 1, 91, 90
7, 17, Control_c, 1, 93, 75
7, 20, Control_c, 1, 2, 127
7, 21, Control_c, 1, 11, 127
7, 21, End_track
8, 0, Start_track
8, 0, MIDI_port, 0
8, 0, Channel_prefix, 2
8, 0, Control_c, 2, 7, 120
8, 0, Control_c, 2, 10, 64
8, 0, Program_c, 2, 24
8, 0, Control_c, 2, 121, 0
8, 17, Control_c, 2, 91, 90
8, 17, Control_c, 2, 93, 75
8, 20, Control_c, 2, 2, 127
8, 21, Control_c, 2, 11, 127
8, 21, End_track
9, 0, Start_track
9, 0, MIDI_port, 0
9, 0, Channel_prefix, 3
9, 0, Control_c, 3, 10, 64
9, 0, Control_c, 3, 121, 0
9, 17, Control_c, 3, 91, 90
9, 17, Control_c, 3, 93, 75
9, 20, Control_c, 3, 2, 127
9, 21, Control_c, 3, 11, 127
9, 21, End_track
10, 0, Start_track
10, 0, MIDI_port, 0
10, 0, Channel_prefix, 4
10, 0, Control_c, 4, 7, 80
10, 0, Control_c, 4, 10, 64
10, 0, Program_c, 4, 90
10, 0, Control_c, 4, 121, 0
10, 17, Control_c, 4, 91, 90
10, 17, Control_c, 4, 93, 75
10, 20, Control_c, 4, 2, 127
10, 21, Control_c, 4, 11, 127
10, 21, End_track
11, 0, Start_track
11, 0, MIDI_port, 0
11, 0, Channel_prefix, 5
11, 0, Control_c, 5, 10, 64
11, 0, Control_c, 5, 121, 0
11, 17, Control_c, 5, 91, 90
11, 17, Control_c, 5, 93, 75
11, 20, Control_c, 5, 2, 127
11, 21, Control_c, 5, 11, 127
11, 21, End_track
12, 0, Start_track
12, 0, MIDI_port, 0
12, 0, Channel_prefix, 6
12, 0, Control_c, 6, 7, 110
12, 0, Control_c, 6, 10, 64
12, 0, Program_c, 6, 32
12, 0, Control_c, 6, 121, 0
12, 17, Control_c, 6, 91, 90
12, 17, Control_c, 6, 93, 75
12, 20, Control_c, 6, 2, 127
12, 21, Control_c, 6, 11, 127
12, 21, End_track
13, 0, Start_track
13, 0, MIDI_port, 0
13, 0, Channel_prefix, 7
13, 0, Control_c, 7, 10, 64
13, 0, Control_c, 7, 121, 0
13, 17, Control_c, 7, 91, 90
13, 17, Control_c, 7, 93, 75
13, 20, Control_c, 7, 2, 127
13, 21, Control_c, 7, 11, 127
13, 21, End_track
14, 0, Start_track
14, 0, MIDI_port, 0
14, 0, Channel_prefix, 8
14, 0, Control_c, 8, 10, 64
14, 0, Control_c, 8, 121, 0
14, 17, Control_c, 8, 91, 90
14, 17, Control_c, 8, 93, 75
14, 20, Control_c, 8, 2, 127
14, 21, Control_c, 8, 11, 127
14, 21, End_track
15, 0, Start_track
15, 0, MIDI_port, 0
15, 0, Channel_prefix, 9
15, 0, Control_c, 9, 10, 64
15, 0, Control_c, 9, 121, 0
15, 17, Control_c, 9, 91, 110
15, 17, Control_c, 9, 93, 20
15, 20, Control_c, 9, 2, 127
15, 21, Control_c, 9, 11, 127
15, 21, End_track
16, 0, Start_track
16, 0, MIDI_port, 0
16, 0, Channel_prefix, 10
16, 0, Control_c, 10, 10, 64
16, 0, Control_c, 10, 121, 0
16, 17, Control_c, 10, 91, 90
16, 17, Control_c, 10, 93, 75
16, 20, Control_c, 10, 2, 127
16, 21, Control_c, 10, 11, 127
16, 21, End_track
17, 0, Start_track
17, 0, MIDI_port, 0
17, 0, Channel_prefix, 11
17, 0, Control_c, 11, 10, 64
17, 0, Control_c, 11, 121, 0
17, 17, Control_c, 11, 91, 90
17, 17, Control_c, 11, 93, 75
17, 20, Control_c, 11, 2, 127
17, 21, Control_c, 11, 11, 127
17, 21, End_track
18, 0, Start_track
18, 0, MIDI_port, 0
18, 0, Channel_prefix, 12
18, 0, Control_c, 12, 10, 64
18, 0, Control_c, 12, 121, 0
18, 17, Control_c, 12, 91, 90
18, 17, Control_c, 12, 93, 75
18, 20, Control_c, 12, 2, 127
18, 21, Control_c, 12, 11, 127
18, 21, End_track
19, 0, Start_track
19, 0, MIDI_port, 0
19, 0, Channel_prefix, 13
19, 0, Control_c, 13, 10, 64
19, 0, Control_c, 13, 121, 0
19, 17, Control_c, 13, 91, 90
19, 17, Control_c, 13, 93, 75
19, 20, Control_c, 13, 2, 127
19, 21, Control_c, 13, 11, 127
19, 21, End_track
20, 0, Start_track
20, 0, MIDI_port, 0
20, 0, Channel_prefix, 14
20, 0, Control_c, 14, 10, 64
20, 0, Control_c, 14, 121, 0
20, 17, Control_c, 14, 91, 90
20, 17, Control_c, 14, 93, 75
20, 20, Control_c, 14, 2, 127
20, 21, Control_c, 14, 11, 127
20, 21, End_track
21, 0, Start_track
21, 0, MIDI_port, 0
21, 0, Channel_prefix, 15
21, 0, Control_c, 15, 10, 64
21, 0, Control_c, 15, 121, 0
21, 17, Control_c, 15, 91, 90
21, 17, Control_c, 15, 93, 75
21, 20, Control_c, 15, 2, 127
21, 21, Control_c, 15, 11, 127
21, 21, End_track
0, 0, End_of_file
