0, 0, Header, 1, 5, 48
1, 0, Start_track
1, 0, Title_t, "Man of the World"
1, 0, Instrument_name_t, "Peter Green (Fleetwood M"
1, 0, Key_signature, 0, "major"
1, 0, Time_signature, 4, 2, 24, 8
1, 0, Tempo, 857142
1, 24, Tempo, 857142
1, 192, Tempo, 857142
1, 384, Tempo, 857142
1, 576, Tempo, 857142
1, 768, Tempo, 857142
1, 960, Tempo, 857142
1, 1152, Tempo, 857142
1, 1344, Tempo, 857142
1, 1536, Tempo, 857142
1, 1728, Tempo, 857142
1, 1920, Tempo, 857142
1, 2112, Tempo, 857142
1, 2304, Tempo, 857142
1, 2496, Tempo, 857142
1, 2688, Tempo, 857142
1, 2880, Tempo, 857142
1, 3072, Tempo, 857142
1, 3264, Tempo, 857142
1, 3456, Tempo, 857142
1, 3648, Tempo, 857142
1, 3840, Tempo, 857142
1, 4032, Tempo, 857142
1, 4224, Tempo, 857142
1, 4416, Tempo, 857142
1, 4608, Tempo, 857142
1, 4800, Tempo, 857142
1, 4992, Tempo, 857142
1, 5184, Tempo, 857142
1, 5376, Tempo, 857142
1, 5568, Tempo, 857142
1, 5760, Tempo, 857142
1, 5952, Tempo, 857142
1, 6144, Tempo, 857142
1, 6336, Tempo, 857142
1, 6528, Tempo, 857142
1, 6720, Tempo, 857142
1, 6912, Tempo, 857142
1, 7104, Tempo, 857142
1, 7296, Tempo, 857142
1, 7488, Tempo, 857142
1, 7680, Tempo, 857142
1, 7872, Tempo, 857142
1, 8064, Tempo, 857142
1, 8256, Tempo, 857142
1, 8448, Tempo, 857142
1, 8640, Tempo, 857142
1, 8832, Tempo, 857142
1, 9024, Tempo, 857142
1, 9216, Tempo, 857142
1, 9408, Tempo, 857142
1, 9600, Tempo, 857142
1, 9792, Tempo, 857142
1, 9984, Tempo, 857142
1, 10176, Tempo, 857142
1, 10368, Tempo, 857142
1, 10560, Tempo, 857142
1, 10752, Tempo, 857142
1, 10944, Tempo, 857142
1, 11136, Tempo, 857142
1, 11328, Tempo, 857142
1, 11520, Tempo, 857142
1, 11712, Tempo, 857142
1, 11904, Tempo, 857142
1, 12096, Tempo, 857142
1, 12288, Tempo, 857142
1, 12480, Tempo, 857142
1, 12480, End_track
2, 0, Start_track
2, 0, Title_t, "Bass line"
2, 0, Instrument_name_t, "Fretless Bass 1"
2, 0, Control_c, 1, 7, 96
2, 0, Pitch_bend_c, 1, 8192
2, 0, Control_c, 1, 1, 0
2, 0, Program_c, 1, 70
2, 0, Control_c, 1, 64, 0
2, 0, Control_c, 1, 10, 64
2, 0, Note_on_c, 1, 38, 63
2, 95, Note_on_c, 1, 38, 0
2, 144, Note_on_c, 1, 38, 63
2, 176, Note_on_c, 1, 38, 0
2, 192, Note_on_c, 1, 45, 63
2, 224, Note_on_c, 1, 45, 0
2, 240, Note_on_c, 1, 45, 63
2, 303, Note_on_c, 1, 45, 0
2, 336, Note_on_c, 1, 45, 63
2, 368, Note_on_c, 1, 45, 0
2, 384, Note_on_c, 1, 43, 63
2, 416, Note_on_c, 1, 43, 0
2, 432, Note_on_c, 1, 43, 63
2, 495, Note_on_c, 1, 43, 0
2, 528, Note_on_c, 1, 43, 63
2, 560, Note_on_c, 1, 43, 0
2, 576, Note_on_c, 1, 50, 63
2, 703, Note_on_c, 1, 50, 0
2, 768, Note_on_c, 1, 50, 63
2, 863, Note_on_c, 1, 50, 0
2, 912, Note_on_c, 1, 50, 63
2, 944, Note_on_c, 1, 50, 0
2, 960, Note_on_c, 1, 45, 63
2, 1055, Note_on_c, 1, 45, 0
2, 1104, Note_on_c, 1, 45, 63
2, 1136, Note_on_c, 1, 45, 0
2, 1152, Note_on_c, 1, 43, 63
2, 1247, Note_on_c, 1, 43, 0
2, 1296, Note_on_c, 1, 43, 63
2, 1328, Note_on_c, 1, 43, 0
2, 1344, Note_on_c, 1, 35, 63
2, 1407, Note_on_c, 1, 35, 0
2, 1440, Note_on_c, 1, 35, 63
2, 1456, Note_on_c, 1, 35, 0
2, 1464, Note_on_c, 1, 37, 63
2, 1480, Note_on_c, 1, 37, 0
2, 1488, Note_on_c, 1, 38, 63
2, 1496, Note_on_c, 1, 38, 0
2, 1500, Note_on_c, 1, 40, 63
2, 1508, Note_on_c, 1, 40, 0
2, 1512, Note_on_c, 1, 42, 63
2, 1528, Note_on_c, 1, 42, 0
2, 1536, Note_on_c, 1, 35, 63
2, 1631, Note_on_c, 1, 35, 0
2, 1728, Note_on_c, 1, 38, 79
2, 1823, Note_on_c, 1, 38, 0
2, 1872, Note_on_c, 1, 38, 79
2, 1904, Note_on_c, 1, 38, 0
2, 1920, Note_on_c, 1, 45, 79
2, 2015, Note_on_c, 1, 45, 0
2, 2064, Note_on_c, 1, 45, 79
2, 2096, Note_on_c, 1, 45, 0
2, 2112, Note_on_c, 1, 43, 79
2, 2207, Note_on_c, 1, 43, 0
2, 2256, Note_on_c, 1, 43, 79
2, 2288, Note_on_c, 1, 43, 0
2, 2304, Note_on_c, 1, 50, 79
2, 2431, Note_on_c, 1, 50, 0
2, 2496, Note_on_c, 1, 50, 79
2, 2591, Note_on_c, 1, 50, 0
2, 2640, Note_on_c, 1, 50, 79
2, 2672, Note_on_c, 1, 50, 0
2, 2688, Note_on_c, 1, 45, 79
2, 2783, Note_on_c, 1, 45, 0
2, 2832, Note_on_c, 1, 45, 79
2, 2864, Note_on_c, 1, 45, 0
2, 2880, Note_on_c, 1, 43, 79
2, 2975, Note_on_c, 1, 43, 0
2, 3024, Note_on_c, 1, 43, 79
2, 3056, Note_on_c, 1, 43, 0
2, 3072, Note_on_c, 1, 35, 79
2, 3168, Control_c, 1, 7, 96
2, 3174, Control_c, 1, 7, 94
2, 3180, Control_c, 1, 7, 91
2, 3186, Control_c, 1, 7, 89
2, 3192, Control_c, 1, 7, 86
2, 3198, Control_c, 1, 7, 84
2, 3199, Note_on_c, 1, 35, 0
2, 3204, Control_c, 1, 7, 81
2, 3456, Note_on_c, 1, 59, 79
2, 3462, Note_on_c, 1, 50, 79
2, 3468, Note_on_c, 1, 43, 79
2, 3599, Note_on_c, 1, 59, 0
2, 3648, Note_on_c, 1, 50, 0
2, 3648, Note_on_c, 1, 43, 0
2, 3840, Note_on_c, 1, 38, 79
2, 3935, Note_on_c, 1, 38, 0
2, 3984, Note_on_c, 1, 38, 79
2, 4016, Note_on_c, 1, 38, 0
2, 4032, Note_on_c, 1, 45, 79
2, 4127, Note_on_c, 1, 45, 0
2, 4176, Note_on_c, 1, 45, 79
2, 4208, Note_on_c, 1, 45, 0
2, 4224, Note_on_c, 1, 43, 79
2, 4319, Note_on_c, 1, 43, 0
2, 4368, Note_on_c, 1, 43, 79
2, 4400, Note_on_c, 1, 43, 0
2, 4416, Note_on_c, 1, 50, 79
2, 4543, Note_on_c, 1, 50, 0
2, 4608, Note_on_c, 1, 50, 79
2, 4703, Note_on_c, 1, 50, 0
2, 4752, Note_on_c, 1, 50, 79
2, 4784, Note_on_c, 1, 50, 0
2, 4800, Note_on_c, 1, 45, 79
2, 4895, Note_on_c, 1, 45, 0
2, 4944, Note_on_c, 1, 45, 79
2, 4976, Note_on_c, 1, 45, 0
2, 4992, Note_on_c, 1, 43, 79
2, 5087, Note_on_c, 1, 43, 0
2, 5136, Note_on_c, 1, 43, 79
2, 5168, Note_on_c, 1, 43, 0
2, 5184, Note_on_c, 1, 35, 79
2, 5280, Control_c, 1, 7, 96
2, 5286, Control_c, 1, 7, 94
2, 5292, Control_c, 1, 7, 91
2, 5298, Control_c, 1, 7, 89
2, 5304, Control_c, 1, 7, 86
2, 5310, Control_c, 1, 7, 84
2, 5311, Note_on_c, 1, 35, 0
2, 5316, Control_c, 1, 7, 81
2, 5568, Note_on_c, 1, 59, 79
2, 5574, Note_on_c, 1, 50, 79
2, 5580, Note_on_c, 1, 43, 79
2, 5711, Note_on_c, 1, 59, 0
2, 5760, Note_on_c, 1, 50, 0
2, 5760, Note_on_c, 1, 43, 0
2, 5952, Note_on_c, 1, 50, 79
2, 5976, Note_on_c, 1, 50, 0
2, 5976, Note_on_c, 1, 45, 79
2, 6000, Note_on_c, 1, 45, 0
2, 6000, Note_on_c, 1, 50, 79
2, 6024, Note_on_c, 1, 50, 0
2, 6024, Note_on_c, 1, 57, 79
2, 6048, Note_on_c, 1, 57, 0
2, 6048, Note_on_c, 1, 55, 79
2, 6072, Note_on_c, 1, 55, 0
2, 6072, Note_on_c, 1, 54, 79
2, 6096, Note_on_c, 1, 54, 0
2, 6096, Note_on_c, 1, 50, 79
2, 6120, Note_on_c, 1, 50, 0
2, 6120, Note_on_c, 1, 45, 79
2, 6144, Note_on_c, 1, 45, 0
2, 6144, Note_on_c, 1, 38, 79
2, 6216, Note_on_c, 1, 38, 0
2, 6216, Note_on_c, 1, 38, 79
2, 6240, Note_on_c, 1, 38, 0
2, 6240, Note_on_c, 1, 38, 79
2, 6288, Note_on_c, 1, 38, 0
2, 6288, Note_on_c, 1, 38, 79
2, 6336, Note_on_c, 1, 38, 0
2, 6336, Note_on_c, 1, 45, 79
2, 6408, Note_on_c, 1, 45, 0
2, 6408, Note_on_c, 1, 45, 79
2, 6432, Note_on_c, 1, 45, 0
2, 6432, Note_on_c, 1, 45, 79
2, 6480, Note_on_c, 1, 45, 0
2, 6480, Note_on_c, 1, 45, 79
2, 6528, Note_on_c, 1, 45, 0
2, 6528, Note_on_c, 1, 43, 79
2, 6528, Note_on_c, 1, 50, 79
2, 6592, Note_on_c, 1, 43, 0
2, 6592, Note_on_c, 1, 50, 0
2, 6600, Note_on_c, 1, 43, 79
2, 6600, Note_on_c, 1, 50, 79
2, 6616, Note_on_c, 1, 43, 0
2, 6616, Note_on_c, 1, 50, 0
2, 6624, Note_on_c, 1, 43, 79
2, 6624, Note_on_c, 1, 50, 79
2, 6656, Note_on_c, 1, 43, 0
2, 6672, Note_on_c, 1, 43, 79
2, 6687, Note_on_c, 1, 50, 0
2, 6704, Note_on_c, 1, 43, 0
2, 6720, Note_on_c, 1, 50, 79
2, 6720, Note_on_c, 1, 57, 79
2, 6768, Note_on_c, 1, 50, 0
2, 6768, Note_on_c, 1, 57, 0
2, 6792, Note_on_c, 1, 50, 79
2, 6792, Note_on_c, 1, 57, 79
2, 6808, Note_on_c, 1, 50, 0
2, 6808, Note_on_c, 1, 57, 0
2, 6816, Note_on_c, 1, 50, 79
2, 6816, Note_on_c, 1, 57, 79
2, 6848, Note_on_c, 1, 50, 0
2, 6848, Note_on_c, 1, 57, 0
2, 6912, Note_on_c, 1, 50, 79
2, 6960, Note_on_c, 1, 50, 0
2, 6984, Note_on_c, 1, 50, 79
2, 7000, Note_on_c, 1, 50, 0
2, 7008, Note_on_c, 1, 50, 79
2, 7040, Note_on_c, 1, 50, 0
2, 7056, Note_on_c, 1, 50, 79
2, 7088, Note_on_c, 1, 50, 0
2, 7104, Note_on_c, 1, 45, 79
2, 7152, Note_on_c, 1, 45, 0
2, 7176, Note_on_c, 1, 45, 79
2, 7192, Note_on_c, 1, 45, 0
2, 7200, Note_on_c, 1, 45, 79
2, 7232, Note_on_c, 1, 45, 0
2, 7248, Note_on_c, 1, 45, 79
2, 7280, Note_on_c, 1, 45, 0
2, 7296, Note_on_c, 1, 43, 79
2, 7344, Note_on_c, 1, 43, 0
2, 7368, Note_on_c, 1, 43, 79
2, 7384, Note_on_c, 1, 43, 0
2, 7392, Control_c, 1, 7, 81
2, 7392, Note_on_c, 1, 43, 79
2, 7398, Control_c, 1, 7, 83
2, 7404, Control_c, 1, 7, 86
2, 7410, Control_c, 1, 7, 88
2, 7416, Control_c, 1, 7, 91
2, 7422, Control_c, 1, 7, 93
2, 7424, Note_on_c, 1, 43, 0
2, 7428, Control_c, 1, 7, 96
2, 7434, Control_c, 1, 7, 98
2, 7440, Control_c, 1, 7, 101
2, 7440, Note_on_c, 1, 43, 79
2, 7446, Control_c, 1, 7, 104
2, 7452, Control_c, 1, 7, 106
2, 7458, Control_c, 1, 7, 109
2, 7464, Control_c, 1, 7, 111
2, 7470, Control_c, 1, 7, 114
2, 7472, Note_on_c, 1, 43, 0
2, 7476, Control_c, 1, 7, 116
2, 7482, Control_c, 1, 7, 119
2, 7488, Control_c, 1, 7, 122
2, 7488, Note_on_c, 1, 38, 79
2, 7536, Note_on_c, 1, 38, 0
2, 7560, Note_on_c, 1, 38, 79
2, 7576, Note_on_c, 1, 38, 0
2, 7584, Note_on_c, 1, 38, 79
2, 7632, Note_on_c, 1, 38, 0
2, 7656, Note_on_c, 1, 38, 79
2, 7672, Note_on_c, 1, 38, 0
2, 7680, Note_on_c, 1, 42, 79
2, 7696, Note_on_c, 1, 42, 0
2, 7704, Note_on_c, 1, 42, 79
2, 7752, Note_on_c, 1, 42, 0
2, 7776, Note_on_c, 1, 42, 79
2, 7792, Note_on_c, 1, 42, 0
2, 7800, Note_on_c, 1, 42, 79
2, 7816, Note_on_c, 1, 42, 0
2, 7824, Note_on_c, 1, 37, 79
2, 7840, Note_on_c, 1, 37, 0
2, 7848, Note_on_c, 1, 40, 79
2, 7864, Note_on_c, 1, 40, 0
2, 7872, Note_on_c, 1, 42, 79
2, 7888, Note_on_c, 1, 42, 0
2, 7896, Note_on_c, 1, 42, 79
2, 7944, Note_on_c, 1, 42, 0
2, 7968, Note_on_c, 1, 42, 79
2, 7984, Note_on_c, 1, 42, 0
2, 7992, Note_on_c, 1, 42, 79
2, 8024, Note_on_c, 1, 42, 0
2, 8040, Note_on_c, 1, 42, 79
2, 8056, Note_on_c, 1, 42, 0
2, 8064, Note_on_c, 1, 40, 79
2, 8080, Note_on_c, 1, 40, 0
2, 8088, Note_on_c, 1, 40, 79
2, 8136, Note_on_c, 1, 40, 0
2, 8160, Note_on_c, 1, 40, 79
2, 8176, Note_on_c, 1, 40, 0
2, 8184, Note_on_c, 1, 40, 79
2, 8200, Note_on_c, 1, 40, 0
2, 8208, Note_on_c, 1, 43, 79
2, 8224, Note_on_c, 1, 43, 0
2, 8232, Note_on_c, 1, 42, 79
2, 8248, Note_on_c, 1, 42, 0
2, 8256, Note_on_c, 1, 40, 79
2, 8272, Note_on_c, 1, 40, 0
2, 8280, Note_on_c, 1, 40, 79
2, 8328, Note_on_c, 1, 40, 0
2, 8352, Note_on_c, 1, 40, 79
2, 8368, Note_on_c, 1, 40, 0
2, 8376, Note_on_c, 1, 40, 79
2, 8408, Note_on_c, 1, 40, 0
2, 8424, Note_on_c, 1, 40, 79
2, 8440, Note_on_c, 1, 40, 0
2, 8448, Note_on_c, 1, 42, 79
2, 8464, Note_on_c, 1, 42, 0
2, 8472, Note_on_c, 1, 42, 79
2, 8520, Note_on_c, 1, 42, 0
2, 8532, Note_on_c, 1, 37, 79
2, 8540, Note_on_c, 1, 37, 0
2, 8544, Note_on_c, 1, 42, 79
2, 8560, Note_on_c, 1, 42, 0
2, 8568, Note_on_c, 1, 42, 79
2, 8584, Note_on_c, 1, 42, 0
2, 8592, Note_on_c, 1, 37, 79
2, 8608, Note_on_c, 1, 37, 0
2, 8616, Note_on_c, 1, 40, 79
2, 8632, Note_on_c, 1, 40, 0
2, 8640, Note_on_c, 1, 42, 79
2, 8656, Note_on_c, 1, 42, 0
2, 8664, Note_on_c, 1, 42, 79
2, 8680, Note_on_c, 1, 42, 0
2, 8688, Note_on_c, 1, 42, 79
2, 8720, Note_on_c, 1, 42, 0
2, 8736, Note_on_c, 1, 42, 79
2, 8752, Note_on_c, 1, 42, 0
2, 8760, Note_on_c, 1, 42, 79
2, 8776, Note_on_c, 1, 42, 0
2, 8784, Note_on_c, 1, 42, 79
2, 8800, Note_on_c, 1, 42, 0
2, 8808, Note_on_c, 1, 42, 79
2, 8824, Note_on_c, 1, 42, 0
2, 8832, Note_on_c, 1, 40, 79
2, 8848, Note_on_c, 1, 40, 0
2, 8856, Note_on_c, 1, 40, 79
2, 8872, Note_on_c, 1, 40, 0
2, 8880, Note_on_c, 1, 40, 79
2, 8912, Note_on_c, 1, 40, 0
2, 8928, Note_on_c, 1, 40, 79
2, 8944, Note_on_c, 1, 40, 0
2, 8952, Note_on_c, 1, 40, 79
2, 8968, Note_on_c, 1, 40, 0
2, 8976, Note_on_c, 1, 40, 79
2, 8992, Note_on_c, 1, 40, 0
2, 9000, Note_on_c, 1, 43, 79
2, 9016, Note_on_c, 1, 43, 0
2, 9024, Note_on_c, 1, 45, 47
2, 9151, Note_on_c, 1, 45, 0
2, 9216, Note_on_c, 1, 38, 63
2, 9311, Note_on_c, 1, 38, 0
2, 9360, Note_on_c, 1, 38, 63
2, 9392, Note_on_c, 1, 38, 0
2, 9408, Note_on_c, 1, 45, 63
2, 9503, Note_on_c, 1, 45, 0
2, 9552, Note_on_c, 1, 45, 63
2, 9584, Note_on_c, 1, 45, 0
2, 9600, Note_on_c, 1, 43, 63
2, 9695, Note_on_c, 1, 43, 0
2, 9744, Note_on_c, 1, 43, 63
2, 9776, Note_on_c, 1, 43, 0
2, 9792, Note_on_c, 1, 50, 63
2, 9919, Note_on_c, 1, 50, 0
2, 9984, Note_on_c, 1, 50, 63
2, 10079, Note_on_c, 1, 50, 0
2, 10128, Note_on_c, 1, 50, 63
2, 10160, Note_on_c, 1, 50, 0
2, 10176, Note_on_c, 1, 45, 63
2, 10271, Note_on_c, 1, 45, 0
2, 10320, Note_on_c, 1, 45, 63
2, 10352, Note_on_c, 1, 45, 0
2, 10368, Note_on_c, 1, 43, 63
2, 10463, Note_on_c, 1, 43, 0
2, 10464, Control_c, 1, 7, 127
2, 10470, Control_c, 1, 7, 123
2, 10476, Control_c, 1, 7, 119
2, 10482, Control_c, 1, 7, 114
2, 10488, Control_c, 1, 7, 110
2, 10494, Control_c, 1, 7, 106
2, 10500, Control_c, 1, 7, 101
2, 10512, Note_on_c, 1, 43, 63
2, 10544, Note_on_c, 1, 43, 0
2, 10560, Note_on_c, 1, 35, 63
2, 10687, Note_on_c, 1, 35, 0
2, 10752, Note_on_c, 1, 59, 63
2, 10758, Note_on_c, 1, 50, 63
2, 10764, Note_on_c, 1, 43, 63
2, 10848, Note_on_c, 1, 59, 0
2, 10848, Note_on_c, 1, 50, 0
2, 10848, Note_on_c, 1, 43, 0
2, 10944, Control_c, 1, 7, 101
2, 10956, Control_c, 1, 7, 100
2, 10968, Control_c, 1, 7, 99
2, 10974, Control_c, 1, 7, 98
2, 10986, Control_c, 1, 7, 97
2, 10992, Control_c, 1, 7, 96
2, 11004, Control_c, 1, 7, 95
2, 11016, Control_c, 1, 7, 94
2, 11022, Control_c, 1, 7, 93
2, 11034, Control_c, 1, 7, 92
2, 11040, Control_c, 1, 7, 91
2, 11052, Control_c, 1, 7, 90
2, 11064, Control_c, 1, 7, 89
2, 11070, Control_c, 1, 7, 88
2, 11082, Control_c, 1, 7, 87
2, 11088, Control_c, 1, 7, 86
2, 11100, Control_c, 1, 7, 85
2, 11112, Control_c, 1, 7, 84
2, 11118, Control_c, 1, 7, 83
2, 11130, Control_c, 1, 7, 82
2, 11136, Control_c, 1, 7, 81
2, 11136, Control_c, 1, 7, 81
2, 11328, Note_on_c, 1, 42, 63
2, 11455, Note_on_c, 1, 42, 0
2, 11520, Note_on_c, 1, 40, 63
2, 11647, Note_on_c, 1, 40, 0
2, 11712, Note_on_c, 1, 42, 63
2, 11839, Note_on_c, 1, 42, 0
2, 11904, Control_c, 1, 7, 81
2, 11904, Note_on_c, 1, 40, 63
2, 11928, Control_c, 1, 7, 80
2, 11946, Control_c, 1, 7, 79
2, 11964, Control_c, 1, 7, 78
2, 11982, Control_c, 1, 7, 77
2, 12000, Control_c, 1, 7, 76
2, 12018, Control_c, 1, 7, 75
2, 12031, Note_on_c, 1, 40, 0
2, 12036, Control_c, 1, 7, 74
2, 12054, Control_c, 1, 7, 73
2, 12072, Control_c, 1, 7, 72
2, 12090, Control_c, 1, 7, 71
2, 12096, Note_on_c, 1, 38, 47
2, 12108, Control_c, 1, 7, 70
2, 12126, Control_c, 1, 7, 69
2, 12144, Control_c, 1, 7, 68
2, 12162, Control_c, 1, 7, 67
2, 12180, Control_c, 1, 7, 66
2, 12198, Control_c, 1, 7, 65
2, 12216, Control_c, 1, 7, 64
2, 12234, Control_c, 1, 7, 63
2, 12252, Control_c, 1, 7, 62
2, 12270, Control_c, 1, 7, 61
2, 12288, Control_c, 1, 7, 60
2, 12415, Note_on_c, 1, 38, 0
2, 12415, End_track
3, 0, Start_track
3, 0, Title_t, "Melody"
3, 0, Instrument_name_t, "Guitar 2"
3, 0, Control_c, 2, 7, 96
3, 0, Pitch_bend_c, 2, 8192
3, 0, Control_c, 2, 1, 0
3, 0, Program_c, 2, 60
3, 0, Control_c, 2, 64, 0
3, 0, Control_c, 2, 10, 64
3, 0, Note_on_c, 2, 57, 63
3, 0, Note_on_c, 2, 62, 63
3, 0, Note_on_c, 2, 66, 63
3, 0, Note_on_c, 2, 69, 63
3, 16, Note_on_c, 2, 57, 0
3, 24, Note_on_c, 2, 67, 63
3, 32, Note_on_c, 2, 62, 0
3, 32, Note_on_c, 2, 66, 0
3, 32, Note_on_c, 2, 69, 0
3, 40, Note_on_c, 2, 67, 0
3, 48, Note_on_c, 2, 62, 63
3, 48, Note_on_c, 2, 57, 63
3, 48, Note_on_c, 2, 66, 63
3, 64, Note_on_c, 2, 62, 0
3, 64, Note_on_c, 2, 57, 0
3, 64, Note_on_c, 2, 66, 0
3, 72, Note_on_c, 2, 62, 63
3, 72, Note_on_c, 2, 57, 63
3, 72, Note_on_c, 2, 67, 63
3, 88, Note_on_c, 2, 62, 0
3, 88, Note_on_c, 2, 57, 0
3, 88, Note_on_c, 2, 67, 0
3, 120, Note_on_c, 2, 57, 63
3, 120, Note_on_c, 2, 62, 63
3, 120, Note_on_c, 2, 66, 63
3, 136, Note_on_c, 2, 57, 0
3, 136, Note_on_c, 2, 62, 0
3, 136, Note_on_c, 2, 66, 0
3, 168, Note_on_c, 2, 61, 63
3, 168, Note_on_c, 2, 57, 63
3, 168, Note_on_c, 2, 69, 63
3, 184, Note_on_c, 2, 61, 0
3, 184, Note_on_c, 2, 57, 0
3, 216, Note_on_c, 2, 61, 63
3, 216, Note_on_c, 2, 57, 63
3, 216, Note_on_c, 2, 66, 63
3, 232, Note_on_c, 2, 69, 0
3, 232, Note_on_c, 2, 61, 0
3, 232, Note_on_c, 2, 57, 0
3, 240, Note_on_c, 2, 61, 63
3, 240, Note_on_c, 2, 57, 63
3, 240, Note_on_c, 2, 66, 63
3, 256, Note_on_c, 2, 66, 0
3, 256, Note_on_c, 2, 61, 0
3, 256, Note_on_c, 2, 57, 0
3, 264, Note_on_c, 2, 61, 63
3, 264, Note_on_c, 2, 57, 63
3, 264, Note_on_c, 2, 66, 63
3, 304, Note_on_c, 2, 66, 0
3, 304, Note_on_c, 2, 61, 0
3, 304, Note_on_c, 2, 57, 0
3, 304, Note_on_c, 2, 66, 0
3, 312, Note_on_c, 2, 61, 63
3, 312, Note_on_c, 2, 57, 63
3, 312, Note_on_c, 2, 66, 63
3, 328, Note_on_c, 2, 61, 0
3, 328, Note_on_c, 2, 57, 0
3, 328, Note_on_c, 2, 66, 0
3, 336, Note_on_c, 2, 61, 63
3, 336, Note_on_c, 2, 57, 63
3, 336, Note_on_c, 2, 66, 63
3, 368, Note_on_c, 2, 61, 0
3, 368, Note_on_c, 2, 57, 0
3, 368, Note_on_c, 2, 66, 0
3, 384, Note_on_c, 2, 58, 63
3, 384, Note_on_c, 2, 62, 63
3, 384, Note_on_c, 2, 67, 63
3, 400, Note_on_c, 2, 58, 0
3, 408, Note_on_c, 2, 67, 63
3, 432, Note_on_c, 2, 62, 0
3, 432, Note_on_c, 2, 67, 0
3, 440, Note_on_c, 2, 67, 0
3, 456, Note_on_c, 2, 58, 63
3, 456, Note_on_c, 2, 62, 63
3, 456, Note_on_c, 2, 69, 63
3, 472, Note_on_c, 2, 58, 0
3, 472, Note_on_c, 2, 62, 0
3, 472, Note_on_c, 2, 69, 0
3, 504, Note_on_c, 2, 62, 63
3, 504, Note_on_c, 2, 58, 63
3, 504, Note_on_c, 2, 69, 63
3, 520, Note_on_c, 2, 62, 0
3, 520, Note_on_c, 2, 58, 0
3, 520, Note_on_c, 2, 69, 0
3, 552, Note_on_c, 2, 62, 63
3, 552, Note_on_c, 2, 57, 63
3, 552, Note_on_c, 2, 66, 63
3, 568, Note_on_c, 2, 62, 0
3, 568, Note_on_c, 2, 57, 0
3, 600, Note_on_c, 2, 57, 63
3, 600, Note_on_c, 2, 62, 63
3, 616, Note_on_c, 2, 66, 0
3, 616, Note_on_c, 2, 57, 0
3, 624, Note_on_c, 2, 62, 0
3, 624, Note_on_c, 2, 57, 63
3, 624, Note_on_c, 2, 62, 63
3, 640, Note_on_c, 2, 57, 0
3, 640, Note_on_c, 2, 62, 0
3, 648, Note_on_c, 2, 57, 63
3, 648, Note_on_c, 2, 62, 63
3, 648, Note_on_c, 2, 66, 63
3, 664, Note_on_c, 2, 57, 0
3, 664, Note_on_c, 2, 62, 0
3, 672, Note_on_c, 2, 57, 63
3, 672, Note_on_c, 2, 62, 63
3, 688, Note_on_c, 2, 66, 0
3, 688, Note_on_c, 2, 57, 0
3, 696, Note_on_c, 2, 57, 63
3, 696, Note_on_c, 2, 62, 63
3, 712, Note_on_c, 2, 62, 0
3, 712, Note_on_c, 2, 57, 0
3, 720, Note_on_c, 2, 57, 63
3, 720, Note_on_c, 2, 62, 63
3, 735, Note_on_c, 2, 62, 0
3, 736, Note_on_c, 2, 57, 0
3, 736, Note_on_c, 2, 62, 0
3, 744, Note_on_c, 2, 57, 63
3, 744, Note_on_c, 2, 62, 63
3, 760, Note_on_c, 2, 57, 0
3, 760, Note_on_c, 2, 62, 0
3, 768, Note_on_c, 2, 57, 63
3, 768, Note_on_c, 2, 62, 63
3, 768, Note_on_c, 2, 66, 63
3, 768, Note_on_c, 2, 69, 63
3, 784, Note_on_c, 2, 57, 0
3, 784, Note_on_c, 2, 62, 0
3, 792, Note_on_c, 2, 67, 63
3, 800, Note_on_c, 2, 66, 0
3, 800, Note_on_c, 2, 69, 0
3, 808, Note_on_c, 2, 67, 0
3, 816, Note_on_c, 2, 57, 63
3, 816, Note_on_c, 2, 62, 63
3, 816, Note_on_c, 2, 66, 63
3, 832, Note_on_c, 2, 57, 0
3, 832, Note_on_c, 2, 62, 0
3, 832, Note_on_c, 2, 66, 0
3, 840, Note_on_c, 2, 57, 63
3, 840, Note_on_c, 2, 62, 63
3, 840, Note_on_c, 2, 67, 63
3, 856, Note_on_c, 2, 57, 0
3, 856, Note_on_c, 2, 62, 0
3, 856, Note_on_c, 2, 67, 0
3, 888, Note_on_c, 2, 57, 63
3, 888, Note_on_c, 2, 62, 63
3, 888, Note_on_c, 2, 66, 63
3, 904, Note_on_c, 2, 57, 0
3, 904, Note_on_c, 2, 62, 0
3, 904, Note_on_c, 2, 66, 0
3, 936, Note_on_c, 2, 61, 63
3, 936, Note_on_c, 2, 57, 63
3, 936, Note_on_c, 2, 66, 63
3, 936, Note_on_c, 2, 69, 63
3, 952, Note_on_c, 2, 61, 0
3, 952, Note_on_c, 2, 57, 0
3, 952, Note_on_c, 2, 66, 0
3, 984, Note_on_c, 2, 61, 63
3, 984, Note_on_c, 2, 57, 63
3, 984, Note_on_c, 2, 66, 63
3, 1000, Note_on_c, 2, 69, 0
3, 1000, Note_on_c, 2, 61, 0
3, 1000, Note_on_c, 2, 57, 0
3, 1008, Note_on_c, 2, 61, 63
3, 1008, Note_on_c, 2, 57, 63
3, 1008, Note_on_c, 2, 66, 63
3, 1024, Note_on_c, 2, 66, 0
3, 1024, Note_on_c, 2, 61, 0
3, 1024, Note_on_c, 2, 57, 0
3, 1032, Note_on_c, 2, 61, 63
3, 1032, Note_on_c, 2, 57, 63
3, 1032, Note_on_c, 2, 66, 63
3, 1072, Note_on_c, 2, 66, 0
3, 1072, Note_on_c, 2, 61, 0
3, 1072, Note_on_c, 2, 57, 0
3, 1072, Note_on_c, 2, 66, 0
3, 1080, Note_on_c, 2, 66, 63
3, 1080, Note_on_c, 2, 61, 63
3, 1080, Note_on_c, 2, 57, 63
3, 1080, Note_on_c, 2, 69, 63
3, 1128, Note_on_c, 2, 66, 0
3, 1128, Note_on_c, 2, 61, 0
3, 1128, Note_on_c, 2, 57, 0
3, 1128, Note_on_c, 2, 69, 0
3, 1152, Note_on_c, 2, 59, 63
3, 1152, Note_on_c, 2, 55, 63
3, 1152, Note_on_c, 2, 64, 63
3, 1200, Note_on_c, 2, 59, 0
3, 1200, Note_on_c, 2, 55, 0
3, 1200, Note_on_c, 2, 64, 0
3, 1224, Note_on_c, 2, 59, 63
3, 1224, Note_on_c, 2, 55, 63
3, 1224, Note_on_c, 2, 67, 63
3, 1264, Note_on_c, 2, 59, 0
3, 1272, Note_on_c, 2, 66, 63
3, 1280, Note_on_c, 2, 55, 0
3, 1280, Note_on_c, 2, 67, 0
3, 1288, Note_on_c, 2, 66, 0
3, 1296, Note_on_c, 2, 59, 63
3, 1296, Note_on_c, 2, 55, 63
3, 1296, Note_on_c, 2, 64, 63
3, 1328, Note_on_c, 2, 59, 0
3, 1328, Note_on_c, 2, 55, 0
3, 1328, Note_on_c, 2, 64, 0
3, 1344, Note_on_c, 2, 71, 63
3, 1350, Note_on_c, 2, 66, 63
3, 1356, Note_on_c, 2, 62, 63
3, 1631, Note_on_c, 2, 71, 0
3, 1631, Note_on_c, 2, 66, 0
3, 1631, Note_on_c, 2, 62, 0
3, 1680, Note_on_c, 2, 66, 63
3, 1692, Note_on_c, 2, 66, 0
3, 1692, Note_on_c, 2, 67, 63
3, 1728, Note_on_c, 2, 67, 0
3, 1728, Note_on_c, 2, 57, 79
3, 1728, Note_on_c, 2, 62, 79
3, 1728, Note_on_c, 2, 66, 79
3, 1728, Note_on_c, 2, 69, 79
3, 1744, Note_on_c, 2, 57, 0
3, 1752, Note_on_c, 2, 62, 0
3, 1752, Note_on_c, 2, 67, 79
3, 1768, Note_on_c, 2, 66, 0
3, 1776, Note_on_c, 2, 66, 79
3, 1792, Note_on_c, 2, 69, 0
3, 1800, Note_on_c, 2, 67, 0
3, 1800, Note_on_c, 2, 66, 0
3, 1800, Note_on_c, 2, 62, 79
3, 1800, Note_on_c, 2, 57, 79
3, 1800, Note_on_c, 2, 67, 79
3, 1824, Note_on_c, 2, 62, 0
3, 1824, Note_on_c, 2, 66, 79
3, 1840, Note_on_c, 2, 57, 0
3, 1840, Note_on_c, 2, 67, 0
3, 1840, Note_on_c, 2, 66, 0
3, 1848, Note_on_c, 2, 62, 79
3, 1848, Note_on_c, 2, 57, 79
3, 1848, Note_on_c, 2, 66, 79
3, 1864, Note_on_c, 2, 62, 0
3, 1864, Note_on_c, 2, 57, 0
3, 1864, Note_on_c, 2, 66, 0
3, 1872, Note_on_c, 2, 62, 79
3, 1872, Note_on_c, 2, 57, 79
3, 1872, Note_on_c, 2, 66, 79
3, 1888, Note_on_c, 2, 62, 0
3, 1888, Note_on_c, 2, 57, 0
3, 1888, Note_on_c, 2, 66, 0
3, 1896, Note_on_c, 2, 62, 79
3, 1896, Note_on_c, 2, 57, 79
3, 1896, Note_on_c, 2, 69, 79
3, 1912, Note_on_c, 2, 62, 0
3, 1912, Note_on_c, 2, 57, 0
3, 1920, Note_on_c, 2, 61, 79
3, 1920, Note_on_c, 2, 66, 79
3, 1920, Note_on_c, 2, 57, 79
3, 1936, Note_on_c, 2, 69, 0
3, 1936, Note_on_c, 2, 61, 0
3, 1936, Note_on_c, 2, 66, 0
3, 1944, Note_on_c, 2, 61, 79
3, 1944, Note_on_c, 2, 57, 79
3, 1944, Note_on_c, 2, 66, 79
3, 1960, Note_on_c, 2, 57, 0
3, 1960, Note_on_c, 2, 61, 0
3, 1960, Note_on_c, 2, 57, 0
3, 1968, Note_on_c, 2, 61, 79
3, 1968, Note_on_c, 2, 57, 79
3, 1968, Note_on_c, 2, 66, 79
3, 1983, Note_on_c, 2, 66, 0
3, 1984, Note_on_c, 2, 61, 0
3, 1984, Note_on_c, 2, 57, 0
3, 1984, Note_on_c, 2, 66, 0
3, 1992, Note_on_c, 2, 61, 79
3, 1992, Note_on_c, 2, 57, 79
3, 1992, Note_on_c, 2, 66, 79
3, 2032, Note_on_c, 2, 61, 0
3, 2032, Note_on_c, 2, 57, 0
3, 2032, Note_on_c, 2, 66, 0
3, 2040, Note_on_c, 2, 61, 79
3, 2040, Note_on_c, 2, 57, 79
3, 2040, Note_on_c, 2, 66, 79
3, 2088, Note_on_c, 2, 61, 0
3, 2088, Note_on_c, 2, 57, 0
3, 2088, Note_on_c, 2, 66, 0
3, 2088, Note_on_c, 2, 67, 79
3, 2104, Note_on_c, 2, 67, 0
3, 2112, Note_on_c, 2, 59, 79
3, 2112, Note_on_c, 2, 62, 79
3, 2112, Note_on_c, 2, 69, 79
3, 2128, Note_on_c, 2, 59, 0
3, 2136, Note_on_c, 2, 67, 79
3, 2152, Note_on_c, 2, 62, 0
3, 2160, Note_on_c, 2, 69, 0
3, 2160, Note_on_c, 2, 67, 0
3, 2160, Note_on_c, 2, 67, 79
3, 2176, Note_on_c, 2, 67, 0
3, 2184, Note_on_c, 2, 59, 79
3, 2184, Note_on_c, 2, 62, 79
3, 2184, Note_on_c, 2, 67, 79
3, 2240, Note_on_c, 2, 59, 0
3, 2240, Note_on_c, 2, 62, 0
3, 2240, Note_on_c, 2, 67, 0
3, 2256, Note_on_c, 2, 59, 79
3, 2256, Note_on_c, 2, 62, 79
3, 2256, Note_on_c, 2, 69, 79
3, 2280, Note_on_c, 2, 59, 0
3, 2288, Note_on_c, 2, 62, 0
3, 2288, Note_on_c, 2, 69, 0
3, 2292, Note_on_c, 2, 69, 79
3, 2300, Note_on_c, 2, 69, 0
3, 2304, Note_on_c, 2, 62, 79
3, 2304, Note_on_c, 2, 57, 79
3, 2304, Note_on_c, 2, 66, 79
3, 2352, Note_on_c, 2, 62, 0
3, 2352, Note_on_c, 2, 57, 0
3, 2367, Note_on_c, 2, 66, 0
3, 2376, Note_on_c, 2, 62, 79
3, 2376, Note_on_c, 2, 57, 79
3, 2376, Note_on_c, 2, 66, 79
3, 2416, Note_on_c, 2, 62, 0
3, 2416, Note_on_c, 2, 57, 0
3, 2416, Note_on_c, 2, 66, 0
3, 2424, Note_on_c, 2, 62, 79
3, 2424, Note_on_c, 2, 57, 79
3, 2424, Note_on_c, 2, 66, 79
3, 2456, Note_on_c, 2, 62, 0
3, 2456, Note_on_c, 2, 57, 0
3, 2456, Note_on_c, 2, 66, 0
3, 2472, Note_on_c, 2, 67, 79
3, 2488, Note_on_c, 2, 67, 0
3, 2496, Note_on_c, 2, 57, 79
3, 2496, Note_on_c, 2, 62, 79
3, 2496, Note_on_c, 2, 66, 79
3, 2496, Note_on_c, 2, 69, 79
3, 2512, Note_on_c, 2, 57, 0
3, 2512, Note_on_c, 2, 62, 0
3, 2520, Note_on_c, 2, 67, 79
3, 2536, Note_on_c, 2, 66, 0
3, 2544, Note_on_c, 2, 69, 0
3, 2544, Note_on_c, 2, 67, 0
3, 2544, Note_on_c, 2, 66, 79
3, 2560, Note_on_c, 2, 66, 0
3, 2568, Note_on_c, 2, 62, 79
3, 2568, Note_on_c, 2, 57, 79
3, 2568, Note_on_c, 2, 67, 79
3, 2592, Note_on_c, 2, 62, 0
3, 2592, Note_on_c, 2, 66, 79
3, 2608, Note_on_c, 2, 57, 0
3, 2608, Note_on_c, 2, 67, 0
3, 2608, Note_on_c, 2, 66, 0
3, 2616, Note_on_c, 2, 62, 79
3, 2616, Note_on_c, 2, 57, 79
3, 2616, Note_on_c, 2, 66, 79
3, 2648, Note_on_c, 2, 62, 0
3, 2648, Note_on_c, 2, 57, 0
3, 2648, Note_on_c, 2, 66, 0
3, 2664, Note_on_c, 2, 62, 79
3, 2664, Note_on_c, 2, 57, 79
3, 2664, Note_on_c, 2, 69, 79
3, 2680, Note_on_c, 2, 62, 0
3, 2680, Note_on_c, 2, 57, 0
3, 2688, Note_on_c, 2, 61, 79
3, 2688, Note_on_c, 2, 57, 79
3, 2688, Note_on_c, 2, 66, 79
3, 2704, Note_on_c, 2, 69, 0
3, 2704, Note_on_c, 2, 61, 0
3, 2704, Note_on_c, 2, 57, 0
3, 2712, Note_on_c, 2, 61, 79
3, 2712, Note_on_c, 2, 57, 79
3, 2712, Note_on_c, 2, 66, 79
3, 2728, Note_on_c, 2, 66, 0
3, 2728, Note_on_c, 2, 61, 0
3, 2728, Note_on_c, 2, 57, 0
3, 2736, Note_on_c, 2, 61, 79
3, 2736, Note_on_c, 2, 57, 79
3, 2736, Note_on_c, 2, 66, 79
3, 2751, Note_on_c, 2, 66, 0
3, 2752, Note_on_c, 2, 61, 0
3, 2752, Note_on_c, 2, 57, 0
3, 2752, Note_on_c, 2, 66, 0
3, 2760, Note_on_c, 2, 61, 79
3, 2760, Note_on_c, 2, 57, 79
3, 2760, Note_on_c, 2, 66, 79
3, 2800, Note_on_c, 2, 61, 0
3, 2800, Note_on_c, 2, 57, 0
3, 2800, Note_on_c, 2, 66, 0
3, 2808, Note_on_c, 2, 61, 79
3, 2808, Note_on_c, 2, 57, 79
3, 2808, Note_on_c, 2, 66, 79
3, 2856, Note_on_c, 2, 61, 0
3, 2856, Note_on_c, 2, 57, 0
3, 2856, Note_on_c, 2, 66, 0
3, 2880, Note_on_c, 2, 55, 79
3, 2880, Note_on_c, 2, 59, 79
3, 2880, Note_on_c, 2, 64, 79
3, 2928, Note_on_c, 2, 55, 0
3, 2928, Note_on_c, 2, 64, 79
3, 2940, Note_on_c, 2, 59, 0
3, 2940, Note_on_c, 2, 64, 79
3, 2976, Note_on_c, 2, 64, 0
3, 2976, Note_on_c, 2, 67, 79
3, 3024, Note_on_c, 2, 64, 0
3, 3024, Note_on_c, 2, 66, 79
3, 3048, Note_on_c, 2, 64, 0
3, 3048, Note_on_c, 2, 64, 79
3, 3072, Note_on_c, 2, 67, 0
3, 3072, Note_on_c, 2, 66, 0
3, 3072, Note_on_c, 2, 64, 0
3, 3072, Note_on_c, 2, 59, 79
3, 3072, Note_on_c, 2, 54, 79
3, 3072, Note_on_c, 2, 62, 79
3, 3072, Note_on_c, 2, 66, 79
3, 3088, Note_on_c, 2, 59, 0
3, 3096, Note_on_c, 2, 62, 79
3, 3112, Note_on_c, 2, 54, 0
3, 3120, Note_on_c, 2, 62, 79
3, 3168, Control_c, 2, 7, 96
3, 3174, Control_c, 2, 7, 94
3, 3180, Control_c, 2, 7, 91
3, 3184, Note_on_c, 2, 62, 0
3, 3184, Note_on_c, 2, 66, 0
3, 3184, Note_on_c, 2, 62, 0
3, 3186, Control_c, 2, 7, 89
3, 3192, Control_c, 2, 7, 86
3, 3192, Note_on_c, 2, 65, 79
3, 3198, Control_c, 2, 7, 84
3, 3204, Note_on_c, 2, 62, 0
3, 3204, Control_c, 2, 7, 81
3, 3204, Note_on_c, 2, 64, 79
3, 3212, Note_on_c, 2, 65, 0
3, 3216, Note_on_c, 2, 62, 79
3, 3232, Note_on_c, 2, 64, 0
3, 3240, Note_on_c, 2, 59, 79
3, 3256, Note_on_c, 2, 62, 0
3, 3264, Note_on_c, 2, 67, 79
3, 3264, Note_on_c, 2, 62, 79
3, 3264, Note_on_c, 2, 74, 79
3, 3408, Note_on_c, 2, 59, 0
3, 3408, Note_on_c, 2, 67, 0
3, 3408, Note_on_c, 2, 62, 0
3, 3432, Note_on_c, 2, 57, 79
3, 3456, Note_on_c, 2, 62, 79
3, 3456, Note_on_c, 2, 66, 79
3, 3472, Note_on_c, 2, 74, 0
3, 3480, Note_on_c, 2, 64, 79
3, 3488, Note_on_c, 2, 57, 0
3, 3496, Note_on_c, 2, 62, 0
3, 3504, Note_on_c, 2, 64, 79
3, 3519, Note_on_c, 2, 66, 0
3, 3520, Note_on_c, 2, 64, 0
3, 3528, Note_on_c, 2, 62, 79
3, 3544, Note_on_c, 2, 64, 0
3, 3552, Note_on_c, 2, 62, 79
3, 3552, Note_on_c, 2, 55, 79
3, 3552, Note_on_c, 2, 64, 79
3, 3576, Note_on_c, 2, 62, 0
3, 3576, Note_on_c, 2, 57, 79
3, 3576, Note_on_c, 2, 66, 79
3, 3584, Note_on_c, 2, 62, 0
3, 3584, Note_on_c, 2, 55, 0
3, 3592, Note_on_c, 2, 64, 0
3, 3592, Note_on_c, 2, 57, 0
3, 3600, Note_on_c, 2, 62, 79
3, 3600, Note_on_c, 2, 57, 79
3, 3600, Note_on_c, 2, 66, 79
3, 3768, Note_on_c, 2, 66, 0
3, 3768, Note_on_c, 2, 62, 0
3, 3768, Note_on_c, 2, 57, 0
3, 3780, Note_on_c, 2, 57, 79
3, 3788, Note_on_c, 2, 66, 0
3, 3792, Note_on_c, 2, 66, 79
3, 3808, Note_on_c, 2, 57, 0
3, 3816, Note_on_c, 2, 67, 79
3, 3832, Note_on_c, 2, 66, 0
3, 3840, Note_on_c, 2, 57, 79
3, 3840, Note_on_c, 2, 62, 79
3, 3840, Note_on_c, 2, 66, 79
3, 3840, Note_on_c, 2, 69, 79
3, 3856, Note_on_c, 2, 67, 0
3, 3864, Note_on_c, 2, 57, 0
3, 3864, Note_on_c, 2, 67, 79
3, 3880, Note_on_c, 2, 62, 0
3, 3888, Note_on_c, 2, 66, 79
3, 3904, Note_on_c, 2, 66, 0
3, 3912, Note_on_c, 2, 69, 0
3, 3912, Note_on_c, 2, 67, 0
3, 3912, Note_on_c, 2, 62, 79
3, 3912, Note_on_c, 2, 57, 79
3, 3912, Note_on_c, 2, 67, 79
3, 3936, Note_on_c, 2, 66, 0
3, 3936, Note_on_c, 2, 66, 79
3, 3952, Note_on_c, 2, 62, 0
3, 3952, Note_on_c, 2, 57, 0
3, 3952, Note_on_c, 2, 67, 0
3, 3960, Note_on_c, 2, 62, 79
3, 3960, Note_on_c, 2, 57, 79
3, 3960, Note_on_c, 2, 66, 79
3, 3976, Note_on_c, 2, 66, 0
3, 3976, Note_on_c, 2, 62, 0
3, 3976, Note_on_c, 2, 57, 0
3, 3984, Note_on_c, 2, 62, 79
3, 3984, Note_on_c, 2, 57, 79
3, 3984, Note_on_c, 2, 66, 79
3, 4000, Note_on_c, 2, 66, 0
3, 4000, Note_on_c, 2, 62, 0
3, 4000, Note_on_c, 2, 57, 0
3, 4008, Note_on_c, 2, 62, 79
3, 4008, Note_on_c, 2, 57, 79
3, 4008, Note_on_c, 2, 69, 79
3, 4024, Note_on_c, 2, 66, 0
3, 4024, Note_on_c, 2, 62, 0
3, 4032, Note_on_c, 2, 61, 79
3, 4032, Note_on_c, 2, 66, 79
3, 4032, Note_on_c, 2, 57, 79
3, 4048, Note_on_c, 2, 57, 0
3, 4048, Note_on_c, 2, 69, 0
3, 4048, Note_on_c, 2, 61, 0
3, 4056, Note_on_c, 2, 61, 79
3, 4056, Note_on_c, 2, 57, 79
3, 4056, Note_on_c, 2, 66, 79
3, 4072, Note_on_c, 2, 66, 0
3, 4072, Note_on_c, 2, 57, 0
3, 4072, Note_on_c, 2, 61, 0
3, 4080, Note_on_c, 2, 61, 79
3, 4080, Note_on_c, 2, 57, 79
3, 4080, Note_on_c, 2, 66, 79
3, 4095, Note_on_c, 2, 57, 0
3, 4096, Note_on_c, 2, 66, 0
3, 4096, Note_on_c, 2, 61, 0
3, 4096, Note_on_c, 2, 57, 0
3, 4104, Note_on_c, 2, 61, 79
3, 4104, Note_on_c, 2, 57, 79
3, 4104, Note_on_c, 2, 66, 79
3, 4144, Note_on_c, 2, 66, 0
3, 4144, Note_on_c, 2, 61, 0
3, 4144, Note_on_c, 2, 57, 0
3, 4152, Note_on_c, 2, 61, 79
3, 4152, Note_on_c, 2, 57, 79
3, 4152, Note_on_c, 2, 66, 79
3, 4200, Note_on_c, 2, 66, 0
3, 4200, Note_on_c, 2, 61, 0
3, 4200, Note_on_c, 2, 57, 0
3, 4200, Note_on_c, 2, 67, 79
3, 4216, Note_on_c, 2, 66, 0
3, 4224, Note_on_c, 2, 59, 79
3, 4224, Note_on_c, 2, 62, 79
3, 4224, Note_on_c, 2, 69, 79
3, 4240, Note_on_c, 2, 67, 0
3, 4248, Note_on_c, 2, 67, 79
3, 4264, Note_on_c, 2, 59, 0
3, 4272, Note_on_c, 2, 62, 0
3, 4272, Note_on_c, 2, 69, 0
3, 4272, Note_on_c, 2, 67, 79
3, 4288, Note_on_c, 2, 67, 0
3, 4296, Note_on_c, 2, 59, 79
3, 4296, Note_on_c, 2, 62, 79
3, 4296, Note_on_c, 2, 67, 79
3, 4352, Note_on_c, 2, 67, 0
3, 4352, Note_on_c, 2, 59, 0
3, 4352, Note_on_c, 2, 62, 0
3, 4368, Note_on_c, 2, 59, 79
3, 4368, Note_on_c, 2, 62, 79
3, 4368, Note_on_c, 2, 69, 79
3, 4392, Note_on_c, 2, 67, 0
3, 4400, Note_on_c, 2, 59, 0
3, 4400, Note_on_c, 2, 62, 0
3, 4404, Note_on_c, 2, 69, 79
3, 4412, Note_on_c, 2, 69, 0
3, 4416, Note_on_c, 2, 62, 79
3, 4416, Note_on_c, 2, 57, 79
3, 4416, Note_on_c, 2, 66, 79
3, 4464, Note_on_c, 2, 69, 0
3, 4464, Note_on_c, 2, 62, 0
3, 4479, Note_on_c, 2, 57, 0
3, 4488, Note_on_c, 2, 62, 79
3, 4488, Note_on_c, 2, 57, 79
3, 4488, Note_on_c, 2, 66, 79
3, 4528, Note_on_c, 2, 66, 0
3, 4528, Note_on_c, 2, 62, 0
3, 4528, Note_on_c, 2, 57, 0
3, 4536, Note_on_c, 2, 62, 79
3, 4536, Note_on_c, 2, 57, 79
3, 4536, Note_on_c, 2, 66, 79
3, 4568, Note_on_c, 2, 66, 0
3, 4568, Note_on_c, 2, 62, 0
3, 4568, Note_on_c, 2, 57, 0
3, 4584, Note_on_c, 2, 67, 79
3, 4600, Note_on_c, 2, 66, 0
3, 4608, Note_on_c, 2, 57, 79
3, 4608, Note_on_c, 2, 62, 79
3, 4608, Note_on_c, 2, 66, 79
3, 4608, Note_on_c, 2, 69, 79
3, 4624, Note_on_c, 2, 67, 0
3, 4624, Note_on_c, 2, 57, 0
3, 4632, Note_on_c, 2, 67, 79
3, 4648, Note_on_c, 2, 62, 0
3, 4656, Note_on_c, 2, 66, 0
3, 4656, Note_on_c, 2, 69, 0
3, 4656, Note_on_c, 2, 66, 79
3, 4672, Note_on_c, 2, 67, 0
3, 4680, Note_on_c, 2, 62, 79
3, 4680, Note_on_c, 2, 57, 79
3, 4680, Note_on_c, 2, 67, 79
3, 4704, Note_on_c, 2, 66, 0
3, 4704, Note_on_c, 2, 66, 79
3, 4720, Note_on_c, 2, 62, 0
3, 4720, Note_on_c, 2, 57, 0
3, 4720, Note_on_c, 2, 67, 0
3, 4728, Note_on_c, 2, 62, 79
3, 4728, Note_on_c, 2, 57, 79
3, 4728, Note_on_c, 2, 66, 79
3, 4760, Note_on_c, 2, 66, 0
3, 4760, Note_on_c, 2, 62, 0
3, 4760, Note_on_c, 2, 57, 0
3, 4776, Note_on_c, 2, 62, 79
3, 4776, Note_on_c, 2, 57, 79
3, 4776, Note_on_c, 2, 69, 79
3, 4792, Note_on_c, 2, 66, 0
3, 4792, Note_on_c, 2, 62, 0
3, 4800, Note_on_c, 2, 61, 79
3, 4800, Note_on_c, 2, 57, 79
3, 4800, Note_on_c, 2, 66, 79
3, 4816, Note_on_c, 2, 57, 0
3, 4816, Note_on_c, 2, 69, 0
3, 4816, Note_on_c, 2, 61, 0
3, 4824, Note_on_c, 2, 61, 79
3, 4824, Note_on_c, 2, 57, 79
3, 4824, Note_on_c, 2, 66, 79
3, 4840, Note_on_c, 2, 57, 0
3, 4840, Note_on_c, 2, 66, 0
3, 4840, Note_on_c, 2, 61, 0
3, 4848, Note_on_c, 2, 61, 79
3, 4848, Note_on_c, 2, 57, 79
3, 4848, Note_on_c, 2, 66, 79
3, 4863, Note_on_c, 2, 57, 0
3, 4864, Note_on_c, 2, 66, 0
3, 4864, Note_on_c, 2, 61, 0
3, 4864, Note_on_c, 2, 57, 0
3, 4872, Note_on_c, 2, 61, 79
3, 4872, Note_on_c, 2, 57, 79
3, 4872, Note_on_c, 2, 66, 79
3, 4912, Note_on_c, 2, 66, 0
3, 4912, Note_on_c, 2, 61, 0
3, 4912, Note_on_c, 2, 57, 0
3, 4920, Note_on_c, 2, 61, 79
3, 4920, Note_on_c, 2, 57, 79
3, 4920, Note_on_c, 2, 66, 79
3, 4968, Note_on_c, 2, 66, 0
3, 4968, Note_on_c, 2, 61, 0
3, 4968, Note_on_c, 2, 57, 0
3, 4992, Note_on_c, 2, 55, 79
3, 4992, Note_on_c, 2, 59, 79
3, 4992, Note_on_c, 2, 64, 79
3, 5040, Note_on_c, 2, 66, 0
3, 5040, Note_on_c, 2, 64, 79
3, 5052, Note_on_c, 2, 55, 0
3, 5052, Note_on_c, 2, 64, 79
3, 5088, Note_on_c, 2, 59, 0
3, 5088, Note_on_c, 2, 67, 79
3, 5136, Note_on_c, 2, 64, 0
3, 5136, Note_on_c, 2, 66, 79
3, 5160, Note_on_c, 2, 64, 0
3, 5160, Note_on_c, 2, 64, 79
3, 5184, Note_on_c, 2, 64, 0
3, 5184, Note_on_c, 2, 67, 0
3, 5184, Note_on_c, 2, 66, 0
3, 5184, Note_on_c, 2, 59, 79
3, 5184, Note_on_c, 2, 54, 79
3, 5184, Note_on_c, 2, 62, 79
3, 5184, Note_on_c, 2, 66, 79
3, 5200, Note_on_c, 2, 64, 0
3, 5208, Note_on_c, 2, 62, 79
3, 5224, Note_on_c, 2, 59, 0
3, 5232, Note_on_c, 2, 62, 79
3, 5280, Control_c, 2, 7, 96
3, 5286, Control_c, 2, 7, 94
3, 5292, Control_c, 2, 7, 91
3, 5296, Note_on_c, 2, 54, 0
3, 5296, Note_on_c, 2, 62, 0
3, 5296, Note_on_c, 2, 66, 0
3, 5298, Control_c, 2, 7, 89
3, 5304, Control_c, 2, 7, 86
3, 5304, Note_on_c, 2, 65, 79
3, 5310, Control_c, 2, 7, 84
3, 5316, Note_on_c, 2, 62, 0
3, 5316, Control_c, 2, 7, 81
3, 5316, Note_on_c, 2, 64, 79
3, 5324, Note_on_c, 2, 62, 0
3, 5328, Note_on_c, 2, 62, 79
3, 5344, Note_on_c, 2, 65, 0
3, 5352, Note_on_c, 2, 59, 79
3, 5368, Note_on_c, 2, 64, 0
3, 5376, Note_on_c, 2, 67, 79
3, 5376, Note_on_c, 2, 62, 79
3, 5376, Note_on_c, 2, 74, 79
3, 5520, Note_on_c, 2, 62, 0
3, 5520, Note_on_c, 2, 59, 0
3, 5520, Note_on_c, 2, 67, 0
3, 5544, Note_on_c, 2, 57, 79
3, 5568, Note_on_c, 2, 62, 79
3, 5568, Note_on_c, 2, 66, 79
3, 5584, Note_on_c, 2, 62, 0
3, 5592, Note_on_c, 2, 64, 79
3, 5600, Note_on_c, 2, 74, 0
3, 5608, Note_on_c, 2, 57, 0
3, 5616, Note_on_c, 2, 64, 79
3, 5631, Note_on_c, 2, 62, 0
3, 5632, Note_on_c, 2, 66, 0
3, 5640, Note_on_c, 2, 62, 79
3, 5656, Note_on_c, 2, 64, 0
3, 5664, Note_on_c, 2, 62, 79
3, 5664, Note_on_c, 2, 55, 79
3, 5664, Note_on_c, 2, 64, 79
3, 5688, Note_on_c, 2, 64, 0
3, 5688, Note_on_c, 2, 57, 79
3, 5688, Note_on_c, 2, 66, 79
3, 5696, Note_on_c, 2, 62, 0
3, 5696, Note_on_c, 2, 62, 0
3, 5704, Note_on_c, 2, 55, 0
3, 5704, Note_on_c, 2, 64, 0
3, 5712, Note_on_c, 2, 62, 79
3, 5712, Note_on_c, 2, 57, 79
3, 5712, Note_on_c, 2, 66, 79
3, 5952, Note_on_c, 2, 57, 0
3, 5952, Note_on_c, 2, 66, 0
3, 5952, Note_on_c, 2, 62, 0
3, 5952, Note_on_c, 2, 62, 95
3, 5952, Note_on_c, 2, 57, 95
3, 5952, Note_on_c, 2, 66, 95
3, 5952, Note_on_c, 2, 69, 95
3, 6000, Note_on_c, 2, 57, 0
3, 6000, Note_on_c, 2, 66, 0
3, 6000, Note_on_c, 2, 62, 0
3, 6015, Note_on_c, 2, 57, 0
3, 6024, Note_on_c, 2, 62, 95
3, 6024, Note_on_c, 2, 57, 95
3, 6024, Note_on_c, 2, 66, 95
3, 6040, Note_on_c, 2, 66, 0
3, 6040, Note_on_c, 2, 69, 0
3, 6040, Note_on_c, 2, 62, 0
3, 6048, Note_on_c, 2, 62, 95
3, 6048, Note_on_c, 2, 57, 95
3, 6048, Note_on_c, 2, 66, 95
3, 6048, Note_on_c, 2, 66, 95
3, 6064, Note_on_c, 2, 67, 95
3, 6075, Note_on_c, 2, 57, 0
3, 6080, Note_on_c, 2, 66, 0
3, 6080, Note_on_c, 2, 62, 0
3, 6080, Note_on_c, 2, 57, 0
3, 6080, Note_on_c, 2, 69, 95
3, 6091, Note_on_c, 2, 66, 0
3, 6096, Note_on_c, 2, 66, 95
3, 6107, Note_on_c, 2, 66, 0
3, 6112, Note_on_c, 2, 62, 95
3, 6123, Note_on_c, 2, 67, 0
3, 6128, Note_on_c, 2, 59, 95
3, 6139, Note_on_c, 2, 69, 0
3, 6144, Note_on_c, 2, 57, 95
3, 6144, Note_on_c, 2, 61, 95
3, 6144, Note_on_c, 2, 64, 95
3, 6168, Note_on_c, 2, 66, 95
3, 6184, Note_on_c, 2, 66, 0
3, 6192, Note_on_c, 2, 62, 0
3, 6192, Note_on_c, 2, 59, 0
3, 6216, Note_on_c, 2, 57, 95
3, 6216, Note_on_c, 2, 61, 95
3, 6232, Note_on_c, 2, 57, 0
3, 6232, Note_on_c, 2, 61, 0
3, 6240, Note_on_c, 2, 57, 95
3, 6240, Note_on_c, 2, 61, 95
3, 6272, Note_on_c, 2, 64, 0
3, 6272, Note_on_c, 2, 66, 0
3, 6304, Note_on_c, 2, 57, 0
3, 6304, Note_on_c, 2, 62, 95
3, 6320, Note_on_c, 2, 61, 0
3, 6320, Note_on_c, 2, 59, 95
3, 6336, Note_on_c, 2, 57, 0
3, 6336, Note_on_c, 2, 58, 95
3, 6336, Note_on_c, 2, 62, 95
3, 6352, Note_on_c, 2, 61, 0
3, 6360, Note_on_c, 2, 64, 95
3, 6368, Note_on_c, 2, 62, 0
3, 6376, Note_on_c, 2, 59, 0
3, 6384, Note_on_c, 2, 62, 95
3, 6408, Note_on_c, 2, 58, 95
3, 6424, Note_on_c, 2, 58, 0
3, 6432, Note_on_c, 2, 58, 95
3, 6491, Note_on_c, 2, 62, 0
3, 6496, Note_on_c, 2, 64, 95
3, 6497, Note_on_c, 2, 64, 0
3, 6507, Note_on_c, 2, 62, 0
3, 6512, Note_on_c, 2, 62, 95
3, 6523, Note_on_c, 2, 58, 0
3, 6528, Note_on_c, 2, 62, 95
3, 6528, Note_on_c, 2, 64, 95
3, 6544, Note_on_c, 2, 58, 0
3, 6544, Note_on_c, 2, 66, 95
3, 6555, Note_on_c, 2, 64, 0
3, 6560, Note_on_c, 2, 69, 95
3, 6571, Note_on_c, 2, 62, 0
3, 6576, Note_on_c, 2, 62, 0
3, 6576, Note_on_c, 2, 66, 95
3, 6600, Note_on_c, 2, 62, 95
3, 6616, Note_on_c, 2, 64, 0
3, 6656, Note_on_c, 2, 66, 0
3, 6672, Note_on_c, 2, 69, 95
3, 6720, Note_on_c, 2, 78, 95
3, 6720, Note_on_c, 2, 81, 95
3, 6783, Note_on_c, 2, 69, 0
3, 6783, Note_on_c, 2, 66, 0
3, 6783, Note_on_c, 2, 62, 0
3, 6816, Note_on_c, 2, 83, 95
3, 6827, Note_on_c, 2, 69, 0
3, 6832, Note_on_c, 2, 81, 95
3, 6843, Note_on_c, 2, 78, 0
3, 6848, Note_on_c, 2, 79, 95
3, 6859, Note_on_c, 2, 81, 0
3, 6864, Note_on_c, 2, 78, 95
3, 6875, Note_on_c, 2, 83, 0
3, 6880, Note_on_c, 2, 74, 95
3, 6891, Note_on_c, 2, 81, 0
3, 6896, Note_on_c, 2, 71, 95
3, 6907, Note_on_c, 2, 79, 0
3, 6912, Note_on_c, 2, 73, 95
3, 6912, Note_on_c, 2, 69, 95
3, 6912, Note_on_c, 2, 76, 95
3, 6936, Note_on_c, 2, 78, 95
3, 6952, Note_on_c, 2, 78, 0
3, 6975, Note_on_c, 2, 74, 0
3, 6975, Note_on_c, 2, 71, 0
3, 7008, Note_on_c, 2, 73, 95
3, 7008, Note_on_c, 2, 69, 95
3, 7040, Note_on_c, 2, 73, 0
3, 7040, Note_on_c, 2, 69, 0
3, 7067, Note_on_c, 2, 76, 0
3, 7072, Note_on_c, 2, 74, 95
3, 7083, Note_on_c, 2, 78, 0
3, 7088, Note_on_c, 2, 70, 95
3, 7099, Note_on_c, 2, 73, 0
3, 7104, Note_on_c, 2, 74, 95
3, 7104, Note_on_c, 2, 70, 95
3, 7104, Note_on_c, 2, 74, 95
3, 7120, Note_on_c, 2, 69, 0
3, 7128, Note_on_c, 2, 76, 95
3, 7144, Note_on_c, 2, 74, 0
3, 7152, Note_on_c, 2, 77, 95
3, 7231, Note_on_c, 2, 70, 0
3, 7232, Note_on_c, 2, 74, 0
3, 7248, Note_on_c, 2, 76, 95
3, 7264, Note_on_c, 2, 70, 0
3, 7272, Note_on_c, 2, 74, 95
3, 7288, Note_on_c, 2, 74, 0
3, 7296, Note_on_c, 2, 69, 95
3, 7296, Note_on_c, 2, 74, 95
3, 7296, Note_on_c, 2, 78, 95
3, 7296, Note_on_c, 2, 81, 95
3, 7312, Note_on_c, 2, 76, 0
3, 7312, Note_on_c, 2, 77, 0
3, 7320, Note_on_c, 2, 76, 95
3, 7336, Note_on_c, 2, 76, 0
3, 7344, Note_on_c, 2, 78, 95
3, 7359, Note_on_c, 2, 74, 0
3, 7359, Note_on_c, 2, 69, 0
3, 7376, Note_on_c, 2, 74, 0
3, 7392, Control_c, 2, 7, 81
3, 7392, Note_on_c, 2, 62, 95
3, 7392, Control_c, 2, 7, 83
3, 7398, Control_c, 2, 7, 86
3, 7404, Control_c, 2, 7, 88
3, 7410, Note_on_c, 2, 78, 0
3, 7416, Control_c, 2, 7, 91
3, 7416, Control_c, 2, 7, 93
3, 7422, Control_c, 2, 7, 96
3, 7428, Note_on_c, 2, 66, 95
3, 7428, Control_c, 2, 7, 98
3, 7434, Control_c, 2, 7, 101
3, 7440, Control_c, 2, 7, 103
3, 7446, Control_c, 2, 7, 106
3, 7452, Note_on_c, 2, 81, 0
3, 7456, Control_c, 2, 7, 108
3, 7458, Control_c, 2, 7, 111
3, 7464, Note_on_c, 2, 69, 95
3, 7464, Control_c, 2, 7, 113
3, 7470, Control_c, 2, 7, 116
3, 7476, Note_on_c, 2, 76, 0
3, 7480, Control_c, 2, 7, 118
3, 7482, Control_c, 2, 7, 121
3, 7488, Note_on_c, 2, 78, 0
3, 7488, Note_on_c, 2, 61, 95
3, 7488, Note_on_c, 2, 66, 95
3, 7488, Note_on_c, 2, 71, 95
3, 7504, Note_on_c, 2, 69, 95
3, 7512, Note_on_c, 2, 62, 0
3, 7551, Note_on_c, 2, 66, 0
3, 7551, Note_on_c, 2, 69, 0
3, 7560, Note_on_c, 2, 61, 95
3, 7572, Note_on_c, 2, 69, 95
3, 7584, Note_on_c, 2, 61, 0
3, 7600, Note_on_c, 2, 66, 0
3, 7600, Note_on_c, 2, 59, 95
3, 7608, Note_on_c, 2, 71, 0
3, 7608, Note_on_c, 2, 68, 95
3, 7624, Note_on_c, 2, 69, 0
3, 7624, Note_on_c, 2, 57, 95
3, 7632, Note_on_c, 2, 61, 0
3, 7632, Note_on_c, 2, 66, 95
3, 7640, Note_on_c, 2, 69, 0
3, 7640, Note_on_c, 2, 68, 95
3, 7648, Note_on_c, 2, 59, 0
3, 7648, Note_on_c, 2, 66, 95
3, 7656, Note_on_c, 2, 68, 0
3, 7656, Note_on_c, 2, 57, 0
3, 7656, Note_on_c, 2, 56, 95
3, 7656, Note_on_c, 2, 64, 95
3, 7672, Note_on_c, 2, 66, 0
3, 7680, Note_on_c, 2, 57, 95
3, 7680, Note_on_c, 2, 61, 95
3, 7680, Note_on_c, 2, 64, 95
3, 7704, Note_on_c, 2, 68, 0
3, 7720, Note_on_c, 2, 73, 95
3, 7728, Note_on_c, 2, 66, 0
3, 7744, Note_on_c, 2, 74, 95
3, 7752, Note_on_c, 2, 56, 0
3, 7768, Note_on_c, 2, 73, 95
3, 7776, Note_on_c, 2, 64, 0
3, 7792, Note_on_c, 2, 71, 95
3, 7800, Note_on_c, 2, 57, 0
3, 7807, Note_on_c, 2, 61, 0
3, 7807, Note_on_c, 2, 64, 0
3, 7808, Note_on_c, 2, 69, 95
3, 7812, Note_on_c, 2, 73, 0
3, 7820, Note_on_c, 2, 71, 95
3, 7824, Note_on_c, 2, 74, 0
3, 7840, Note_on_c, 2, 69, 95
3, 7848, Note_on_c, 2, 73, 0
3, 7864, Note_on_c, 2, 55, 95
3, 7872, Note_on_c, 2, 71, 0
3, 7872, Note_on_c, 2, 59, 95
3, 7872, Note_on_c, 2, 67, 95
3, 7880, Note_on_c, 2, 64, 95
3, 7884, Note_on_c, 2, 69, 0
3, 8016, Note_on_c, 2, 71, 0
3, 8016, Note_on_c, 2, 69, 0
3, 8016, Note_on_c, 2, 71, 95
3, 8040, Note_on_c, 2, 55, 0
3, 8056, Note_on_c, 2, 67, 95
3, 8064, Note_on_c, 2, 59, 0
3, 8064, Note_on_c, 2, 71, 95
3, 8064, Note_on_c, 2, 76, 95
3, 8088, Note_on_c, 2, 67, 0
3, 8088, Note_on_c, 2, 78, 95
3, 8112, Note_on_c, 2, 64, 0
3, 8112, Note_on_c, 2, 71, 0
3, 8112, Note_on_c, 2, 67, 0
3, 8112, Note_on_c, 2, 76, 95
3, 8112, Note_on_c, 2, 71, 95
3, 8112, Note_on_c, 2, 79, 95
3, 8136, Note_on_c, 2, 71, 0
3, 8136, Note_on_c, 2, 81, 95
3, 8160, Note_on_c, 2, 76, 0
3, 8160, Note_on_c, 2, 78, 0
3, 8160, Note_on_c, 2, 76, 0
3, 8160, Note_on_c, 2, 79, 95
3, 8160, Note_on_c, 2, 76, 95
3, 8160, Note_on_c, 2, 83, 95
3, 8208, Note_on_c, 2, 71, 0
3, 8208, Note_on_c, 2, 79, 0
3, 8208, Note_on_c, 2, 81, 0
3, 8208, Note_on_c, 2, 59, 95
3, 8232, Note_on_c, 2, 79, 0
3, 8232, Note_on_c, 2, 64, 95
3, 8256, Note_on_c, 2, 76, 0
3, 8256, Note_on_c, 2, 66, 95
3, 8256, Note_on_c, 2, 61, 95
3, 8256, Note_on_c, 2, 69, 95
3, 8280, Note_on_c, 2, 71, 95
3, 8292, Note_on_c, 2, 83, 0
3, 8300, Note_on_c, 2, 71, 95
3, 8304, Note_on_c, 2, 69, 95
3, 8316, Note_on_c, 2, 59, 0
3, 8319, Note_on_c, 2, 64, 0
3, 8319, Note_on_c, 2, 66, 0
3, 8320, Note_on_c, 2, 61, 0
3, 8324, Note_on_c, 2, 61, 95
3, 8328, Note_on_c, 2, 69, 0
3, 8336, Note_on_c, 2, 69, 95
3, 8340, Note_on_c, 2, 71, 0
3, 8348, Note_on_c, 2, 61, 95
3, 8352, Note_on_c, 2, 71, 0
3, 8352, Note_on_c, 2, 69, 95
3, 8368, Note_on_c, 2, 69, 0
3, 8376, Note_on_c, 2, 61, 0
3, 8376, Note_on_c, 2, 59, 95
3, 8376, Note_on_c, 2, 68, 95
3, 8392, Note_on_c, 2, 69, 0
3, 8392, Note_on_c, 2, 57, 95
3, 8400, Note_on_c, 2, 61, 0
3, 8400, Note_on_c, 2, 66, 95
3, 8405, Note_on_c, 2, 68, 95
3, 8408, Note_on_c, 2, 69, 0
3, 8413, Note_on_c, 2, 59, 0
3, 8416, Note_on_c, 2, 68, 0
3, 8416, Note_on_c, 2, 66, 95
3, 8421, Note_on_c, 2, 56, 95
3, 8424, Note_on_c, 2, 64, 95
3, 8432, Note_on_c, 2, 57, 0
3, 8437, Note_on_c, 2, 66, 0
3, 8440, Note_on_c, 2, 61, 95
3, 8448, Note_on_c, 2, 68, 0
3, 8448, Note_on_c, 2, 57, 95
3, 8448, Note_on_c, 2, 66, 95
3, 8480, Note_on_c, 2, 66, 0
3, 8480, Note_on_c, 2, 56, 0
3, 8480, Note_on_c, 2, 66, 95
3, 8496, Note_on_c, 2, 64, 0
3, 8496, Note_on_c, 2, 62, 95
3, 8496, Note_on_c, 2, 69, 95
3, 8496, Note_on_c, 2, 74, 95
3, 8520, Note_on_c, 2, 74, 95
3, 8532, Note_on_c, 2, 61, 0
3, 8540, Note_on_c, 2, 74, 95
3, 8544, Note_on_c, 2, 57, 0
3, 8559, Note_on_c, 2, 66, 0
3, 8559, Note_on_c, 2, 66, 0
3, 8559, Note_on_c, 2, 62, 0
3, 8560, Note_on_c, 2, 74, 95
3, 8568, Note_on_c, 2, 69, 0
3, 8584, Note_on_c, 2, 61, 95
3, 8592, Note_on_c, 2, 74, 0
3, 8592, Note_on_c, 2, 66, 95
3, 8592, Note_on_c, 2, 71, 95
3, 8608, Note_on_c, 2, 69, 95
3, 8616, Note_on_c, 2, 74, 0
3, 8624, Note_on_c, 2, 74, 0
3, 8624, Note_on_c, 2, 74, 0
3, 8632, Note_on_c, 2, 67, 95
3, 8640, Note_on_c, 2, 61, 0
3, 8640, Note_on_c, 2, 64, 95
3, 8640, Note_on_c, 2, 59, 95
3, 8640, Note_on_c, 2, 71, 95
3, 8656, Note_on_c, 2, 69, 95
3, 8664, Note_on_c, 2, 66, 0
3, 8672, Note_on_c, 2, 71, 0
3, 8672, Note_on_c, 2, 69, 0
3, 8672, Note_on_c, 2, 67, 0
3, 8680, Note_on_c, 2, 59, 95
3, 8688, Note_on_c, 2, 64, 0
3, 8688, Note_on_c, 2, 55, 95
3, 8688, Note_on_c, 2, 67, 95
3, 8696, Note_on_c, 2, 64, 95
3, 8700, Note_on_c, 2, 59, 0
3, 8720, Note_on_c, 2, 71, 0
3, 8720, Note_on_c, 2, 59, 95
3, 8736, Note_on_c, 2, 69, 0
3, 8736, Note_on_c, 2, 55, 95
3, 8799, Note_on_c, 2, 59, 0
3, 8799, Note_on_c, 2, 55, 0
3, 8799, Note_on_c, 2, 61, 47
3, 8832, Note_on_c, 2, 67, 0
3, 8832, Note_on_c, 2, 57, 47
3, 8832, Note_on_c, 2, 64, 47
3, 8832, Note_on_c, 2, 66, 47
3, 8927, Note_on_c, 2, 64, 0
3, 8959, Note_on_c, 2, 59, 0
3, 8959, Note_on_c, 2, 55, 0
3, 8959, Note_on_c, 2, 66, 63
3, 8976, Note_on_c, 2, 61, 0
3, 8992, Note_on_c, 2, 67, 63
3, 9000, Note_on_c, 2, 57, 0
3, 9016, Note_on_c, 2, 62, 63
3, 9024, Note_on_c, 2, 64, 0
3, 9024, Note_on_c, 2, 57, 63
3, 9024, Note_on_c, 2, 69, 63
3, 9040, Note_on_c, 2, 67, 63
3, 9048, Note_on_c, 2, 66, 0
3, 9064, Note_on_c, 2, 66, 0
3, 9072, Note_on_c, 2, 67, 0
3, 9072, Note_on_c, 2, 62, 0
3, 9072, Note_on_c, 2, 66, 63
3, 9088, Note_on_c, 2, 62, 63
3, 9096, Note_on_c, 2, 57, 0
3, 9096, Note_on_c, 2, 57, 63
3, 9096, Note_on_c, 2, 67, 63
3, 9120, Note_on_c, 2, 69, 0
3, 9120, Note_on_c, 2, 66, 63
3, 9136, Note_on_c, 2, 67, 0
3, 9136, Note_on_c, 2, 66, 0
3, 9136, Note_on_c, 2, 62, 63
3, 9144, Note_on_c, 2, 62, 0
3, 9144, Note_on_c, 2, 57, 63
3, 9144, Note_on_c, 2, 66, 63
3, 9176, Note_on_c, 2, 57, 0
3, 9176, Note_on_c, 2, 67, 0
3, 9176, Note_on_c, 2, 66, 63
3, 9192, Note_on_c, 2, 66, 0
3, 9192, Note_on_c, 2, 61, 63
3, 9192, Note_on_c, 2, 57, 63
3, 9192, Note_on_c, 2, 69, 63
3, 9232, Note_on_c, 2, 62, 0
3, 9232, Note_on_c, 2, 57, 0
3, 9232, Note_on_c, 2, 61, 63
3, 9240, Note_on_c, 2, 66, 0
3, 9240, Note_on_c, 2, 57, 63
3, 9240, Note_on_c, 2, 66, 63
3, 9256, Note_on_c, 2, 66, 0
3, 9256, Note_on_c, 2, 61, 0
3, 9256, Note_on_c, 2, 61, 63
3, 9264, Note_on_c, 2, 57, 0
3, 9264, Note_on_c, 2, 57, 63
3, 9264, Note_on_c, 2, 66, 63
3, 9280, Note_on_c, 2, 69, 0
3, 9280, Note_on_c, 2, 61, 0
3, 9280, Note_on_c, 2, 61, 63
3, 9288, Note_on_c, 2, 57, 0
3, 9288, Note_on_c, 2, 57, 63
3, 9288, Note_on_c, 2, 66, 63
3, 9312, Note_on_c, 2, 66, 0
3, 9336, Note_on_c, 2, 61, 0
3, 9336, Note_on_c, 2, 57, 0
3, 9336, Note_on_c, 2, 66, 0
3, 9336, Note_on_c, 2, 61, 63
3, 9336, Note_on_c, 2, 57, 63
3, 9336, Note_on_c, 2, 66, 63
3, 9368, Note_on_c, 2, 61, 0
3, 9368, Note_on_c, 2, 57, 0
3, 9368, Note_on_c, 2, 67, 63
3, 9384, Note_on_c, 2, 66, 0
3, 9400, Note_on_c, 2, 62, 63
3, 9408, Note_on_c, 2, 61, 0
3, 9408, Note_on_c, 2, 58, 63
3, 9408, Note_on_c, 2, 69, 63
3, 9424, Note_on_c, 2, 67, 63
3, 9432, Note_on_c, 2, 57, 0
3, 9448, Note_on_c, 2, 66, 0
3, 9456, Note_on_c, 2, 67, 0
3, 9456, Note_on_c, 2, 62, 0
3, 9456, Note_on_c, 2, 67, 63
3, 9472, Note_on_c, 2, 62, 63
3, 9480, Note_on_c, 2, 58, 0
3, 9480, Note_on_c, 2, 58, 63
3, 9480, Note_on_c, 2, 67, 63
3, 9496, Note_on_c, 2, 69, 0
3, 9496, Note_on_c, 2, 67, 0
3, 9504, Note_on_c, 2, 67, 0
3, 9504, Note_on_c, 2, 62, 63
3, 9504, Note_on_c, 2, 58, 63
3, 9504, Note_on_c, 2, 69, 63
3, 9552, Note_on_c, 2, 62, 0
3, 9567, Note_on_c, 2, 58, 0
3, 9567, Note_on_c, 2, 69, 63
3, 9576, Note_on_c, 2, 67, 0
3, 9592, Note_on_c, 2, 62, 63
3, 9600, Note_on_c, 2, 62, 0
3, 9600, Note_on_c, 2, 57, 63
3, 9600, Note_on_c, 2, 66, 63
3, 9648, Note_on_c, 2, 58, 0
3, 9648, Note_on_c, 2, 69, 0
3, 9663, Note_on_c, 2, 62, 63
3, 9672, Note_on_c, 2, 69, 0
3, 9672, Note_on_c, 2, 57, 63
3, 9672, Note_on_c, 2, 66, 63
3, 9688, Note_on_c, 2, 62, 0
3, 9688, Note_on_c, 2, 57, 0
3, 9688, Note_on_c, 2, 62, 63
3, 9696, Note_on_c, 2, 66, 0
3, 9696, Note_on_c, 2, 57, 63
3, 9696, Note_on_c, 2, 66, 63
3, 9712, Note_on_c, 2, 62, 0
3, 9712, Note_on_c, 2, 57, 0
3, 9712, Note_on_c, 2, 62, 63
3, 9720, Note_on_c, 2, 66, 0
3, 9720, Note_on_c, 2, 57, 63
3, 9720, Note_on_c, 2, 66, 63
3, 9752, Note_on_c, 2, 62, 0
3, 9752, Note_on_c, 2, 57, 0
3, 9752, Note_on_c, 2, 67, 63
3, 9768, Note_on_c, 2, 66, 0
3, 9784, Note_on_c, 2, 62, 63
3, 9792, Note_on_c, 2, 62, 0
3, 9792, Note_on_c, 2, 57, 63
3, 9792, Note_on_c, 2, 66, 63
3, 9792, Note_on_c, 2, 69, 63
3, 9808, Note_on_c, 2, 57, 0
3, 9808, Note_on_c, 2, 67, 63
3, 9816, Note_on_c, 2, 66, 0
3, 9832, Note_on_c, 2, 67, 0
3, 9840, Note_on_c, 2, 62, 0
3, 9840, Note_on_c, 2, 57, 0
3, 9840, Note_on_c, 2, 66, 63
3, 9856, Note_on_c, 2, 62, 63
3, 9864, Note_on_c, 2, 66, 0
3, 9864, Note_on_c, 2, 57, 63
3, 9864, Note_on_c, 2, 67, 63
3, 9888, Note_on_c, 2, 69, 0
3, 9888, Note_on_c, 2, 66, 63
3, 9904, Note_on_c, 2, 67, 0
3, 9904, Note_on_c, 2, 66, 0
3, 9904, Note_on_c, 2, 62, 63
3, 9912, Note_on_c, 2, 62, 0
3, 9912, Note_on_c, 2, 57, 63
3, 9912, Note_on_c, 2, 66, 63
3, 9944, Note_on_c, 2, 57, 0
3, 9944, Note_on_c, 2, 67, 0
3, 9944, Note_on_c, 2, 61, 63
3, 9960, Note_on_c, 2, 66, 0
3, 9960, Note_on_c, 2, 57, 63
3, 9960, Note_on_c, 2, 66, 63
3, 9960, Note_on_c, 2, 69, 63
3, 10000, Note_on_c, 2, 62, 0
3, 10000, Note_on_c, 2, 57, 0
3, 10000, Note_on_c, 2, 61, 63
3, 10008, Note_on_c, 2, 66, 0
3, 10008, Note_on_c, 2, 57, 63
3, 10008, Note_on_c, 2, 66, 63
3, 10024, Note_on_c, 2, 61, 0
3, 10024, Note_on_c, 2, 57, 0
3, 10024, Note_on_c, 2, 61, 63
3, 10032, Note_on_c, 2, 66, 0
3, 10032, Note_on_c, 2, 57, 63
3, 10032, Note_on_c, 2, 66, 63
3, 10047, Note_on_c, 2, 69, 0
3, 10048, Note_on_c, 2, 61, 0
3, 10048, Note_on_c, 2, 57, 0
3, 10048, Note_on_c, 2, 61, 63
3, 10056, Note_on_c, 2, 66, 0
3, 10056, Note_on_c, 2, 57, 63
3, 10056, Note_on_c, 2, 66, 63
3, 10096, Note_on_c, 2, 61, 0
3, 10096, Note_on_c, 2, 57, 0
3, 10096, Note_on_c, 2, 61, 63
3, 10104, Note_on_c, 2, 66, 0
3, 10104, Note_on_c, 2, 57, 63
3, 10104, Note_on_c, 2, 66, 63
3, 10152, Note_on_c, 2, 61, 0
3, 10152, Note_on_c, 2, 57, 0
3, 10152, Note_on_c, 2, 55, 63
3, 10176, Note_on_c, 2, 59, 63
3, 10176, Note_on_c, 2, 59, 63
3, 10188, Note_on_c, 2, 66, 0
3, 10200, Note_on_c, 2, 61, 0
3, 10200, Note_on_c, 2, 64, 63
3, 10224, Note_on_c, 2, 57, 0
3, 10224, Note_on_c, 2, 64, 63
3, 10248, Note_on_c, 2, 66, 0
3, 10248, Note_on_c, 2, 66, 63
3, 10272, Note_on_c, 2, 55, 0
3, 10272, Note_on_c, 2, 67, 63
3, 10296, Note_on_c, 2, 59, 0
3, 10296, Note_on_c, 2, 66, 63
3, 10320, Note_on_c, 2, 59, 0
3, 10320, Note_on_c, 2, 64, 63
3, 10368, Note_on_c, 2, 64, 0
3, 10368, Note_on_c, 2, 64, 0
3, 10368, Note_on_c, 2, 62, 63
3, 10368, Note_on_c, 2, 59, 63
3, 10368, Note_on_c, 2, 54, 63
3, 10368, Note_on_c, 2, 66, 63
3, 10392, Note_on_c, 2, 66, 0
3, 10392, Note_on_c, 2, 67, 0
3, 10392, Note_on_c, 2, 62, 63
3, 10416, Note_on_c, 2, 66, 0
3, 10416, Note_on_c, 2, 62, 63
3, 10440, Note_on_c, 2, 64, 0
3, 10440, Note_on_c, 2, 62, 63
3, 10464, Note_on_c, 2, 62, 0
3, 10464, Note_on_c, 2, 59, 0
3, 10464, Control_c, 2, 7, 123
3, 10464, Note_on_c, 2, 62, 63
3, 10464, Note_on_c, 2, 59, 63
3, 10464, Note_on_c, 2, 54, 63
3, 10464, Note_on_c, 2, 64, 63
3, 10464, Control_c, 2, 7, 120
3, 10470, Control_c, 2, 7, 116
3, 10476, Control_c, 2, 7, 112
3, 10482, Note_on_c, 2, 54, 0
3, 10488, Note_on_c, 2, 66, 0
3, 10488, Note_on_c, 2, 62, 0
3, 10488, Note_on_c, 2, 62, 0
3, 10488, Control_c, 2, 7, 109
3, 10488, Note_on_c, 2, 65, 63
3, 10488, Control_c, 2, 7, 105
3, 10494, Note_on_c, 2, 62, 0
3, 10500, Note_on_c, 2, 62, 0
3, 10500, Control_c, 2, 7, 101
3, 10500, Note_on_c, 2, 64, 63
3, 10512, Note_on_c, 2, 59, 0
3, 10512, Note_on_c, 2, 62, 63
3, 10536, Note_on_c, 2, 54, 0
3, 10536, Note_on_c, 2, 59, 63
3, 10560, Note_on_c, 2, 64, 0
3, 10560, Note_on_c, 2, 67, 63
3, 10560, Note_on_c, 2, 62, 63
3, 10560, Note_on_c, 2, 74, 63
3, 10672, Note_on_c, 2, 65, 0
3, 10672, Note_on_c, 2, 64, 0
3, 10672, Note_on_c, 2, 57, 63
3, 10680, Note_on_c, 2, 62, 0
3, 10696, Note_on_c, 2, 62, 63
3, 10704, Note_on_c, 2, 59, 0
3, 10720, Note_on_c, 2, 57, 63
3, 10728, Note_on_c, 2, 67, 0
3, 10728, Note_on_c, 2, 64, 63
3, 10744, Note_on_c, 2, 62, 63
3, 10752, Note_on_c, 2, 62, 0
3, 10752, Note_on_c, 2, 66, 63
3, 10768, Note_on_c, 2, 74, 0
3, 10768, Note_on_c, 2, 64, 63
3, 10776, Note_on_c, 2, 57, 0
3, 10792, Note_on_c, 2, 64, 63
3, 10800, Note_on_c, 2, 62, 0
3, 10815, Note_on_c, 2, 57, 0
3, 10816, Note_on_c, 2, 62, 63
3, 10824, Note_on_c, 2, 64, 0
3, 10840, Note_on_c, 2, 62, 63
3, 10848, Note_on_c, 2, 62, 0
3, 10848, Note_on_c, 2, 55, 63
3, 10848, Note_on_c, 2, 64, 63
3, 10864, Note_on_c, 2, 57, 63
3, 10872, Note_on_c, 2, 66, 0
3, 10872, Note_on_c, 2, 66, 63
3, 10880, Note_on_c, 2, 61, 63
3, 10896, Note_on_c, 2, 64, 0
3, 10896, Note_on_c, 2, 57, 63
3, 10911, Note_on_c, 2, 64, 0
3, 10944, Note_on_c, 2, 62, 0
3, 10944, Control_c, 2, 7, 101
3, 10944, Note_on_c, 2, 62, 63
3, 10944, Control_c, 2, 7, 100
3, 10956, Control_c, 2, 7, 99
3, 10968, Control_c, 2, 7, 98
3, 10974, Control_c, 2, 7, 97
3, 10986, Control_c, 2, 7, 96
3, 10992, Control_c, 2, 7, 95
3, 11004, Note_on_c, 2, 62, 0
3, 11007, Note_on_c, 2, 55, 0
3, 11007, Note_on_c, 2, 64, 0
3, 11007, Control_c, 2, 7, 94
3, 11016, Control_c, 2, 7, 93
3, 11022, Control_c, 2, 7, 92
3, 11034, Control_c, 2, 7, 91
3, 11040, Control_c, 2, 7, 90
3, 11052, Control_c, 2, 7, 89
3, 11064, Control_c, 2, 7, 88
3, 11070, Control_c, 2, 7, 87
3, 11082, Control_c, 2, 7, 86
3, 11088, Control_c, 2, 7, 85
3, 11100, Control_c, 2, 7, 84
3, 11112, Control_c, 2, 7, 83
3, 11118, Control_c, 2, 7, 82
3, 11130, Control_c, 2, 7, 81
3, 11136, Control_c, 2, 7, 60
3, 11136, Control_c, 2, 7, 81
3, 11136, Note_on_c, 2, 73, 63
3, 11136, Note_on_c, 2, 69, 63
3, 11142, Note_on_c, 2, 66, 63
3, 11148, Note_on_c, 2, 57, 0
3, 11168, Note_on_c, 2, 76, 63
3, 11184, Note_on_c, 2, 66, 0
3, 11200, Note_on_c, 2, 73, 63
3, 11208, Note_on_c, 2, 61, 0
3, 11224, Note_on_c, 2, 69, 63
3, 11232, Note_on_c, 2, 66, 63
3, 11256, Note_on_c, 2, 57, 0
3, 11269, Note_on_c, 2, 62, 0
3, 11304, Note_on_c, 2, 64, 63
3, 11328, Note_on_c, 2, 59, 63
3, 11334, Note_on_c, 2, 55, 63
3, 11340, Note_on_c, 2, 73, 0
3, 11360, Note_on_c, 2, 69, 0
3, 11368, Note_on_c, 2, 66, 0
3, 11376, Note_on_c, 2, 76, 63
3, 11376, Note_on_c, 2, 71, 63
3, 11382, Note_on_c, 2, 67, 63
3, 11388, Note_on_c, 2, 76, 0
3, 11520, Note_on_c, 2, 73, 0
3, 11520, Note_on_c, 2, 69, 0
3, 11520, Note_on_c, 2, 73, 63
3, 11520, Note_on_c, 2, 69, 63
3, 11526, Note_on_c, 2, 66, 63
3, 11532, Note_on_c, 2, 66, 0
3, 11536, Note_on_c, 2, 74, 63
3, 11544, Note_on_c, 2, 64, 0
3, 11560, Note_on_c, 2, 76, 63
3, 11568, Note_on_c, 2, 59, 0
3, 11584, Note_on_c, 2, 74, 63
3, 11592, Note_on_c, 2, 55, 0
3, 11616, Note_on_c, 2, 76, 0
3, 11616, Note_on_c, 2, 73, 63
3, 11632, Note_on_c, 2, 69, 63
3, 11640, Note_on_c, 2, 71, 0
3, 11656, Note_on_c, 2, 66, 63
3, 11664, Note_on_c, 2, 67, 0
3, 11712, Note_on_c, 2, 73, 0
3, 11712, Control_c, 2, 7, 81
3, 11712, Note_on_c, 2, 64, 63
3, 11712, Note_on_c, 2, 59, 63
3, 11717, Note_on_c, 2, 69, 0
3, 11718, Note_on_c, 2, 55, 63
3, 11724, Note_on_c, 2, 66, 0
3, 11744, Note_on_c, 2, 74, 0
3, 11752, Note_on_c, 2, 76, 0
3, 11759, Note_on_c, 2, 74, 0
3, 11760, Note_on_c, 2, 76, 63
3, 11760, Note_on_c, 2, 71, 63
3, 11765, Note_on_c, 2, 73, 0
3, 11766, Note_on_c, 2, 67, 63
3, 11772, Note_on_c, 2, 69, 0
3, 11855, Note_on_c, 2, 66, 0
3, 11861, Note_on_c, 2, 64, 0
3, 11867, Control_c, 2, 7, 81
3, 11903, Note_on_c, 2, 59, 0
3, 11903, Note_on_c, 2, 55, 0
3, 11904, Note_on_c, 2, 78, 47
3, 12216, Note_on_c, 2, 76, 0
3, 12223, Note_on_c, 2, 71, 0
3, 12223, Note_on_c, 2, 67, 0
3, 12255, Note_on_c, 2, 78, 0
3, 12256, Note_on_c, 2, 74, 47
3, 12607, Note_on_c, 2, 74, 0
3, 12608, Note_on_c, 2, 83, 47
3, 12959, Note_on_c, 2, 83, 0
3, 12960, Control_c, 2, 7, 80
3, 12984, Control_c, 2, 7, 79
3, 13002, Control_c, 2, 7, 78
3, 13020, Control_c, 2, 7, 77
3, 13038, Control_c, 2, 7, 76
3, 13056, Control_c, 2, 7, 75
3, 13074, Control_c, 2, 7, 74
3, 13092, Control_c, 2, 7, 73
3, 13110, Control_c, 2, 7, 72
3, 13128, Control_c, 2, 7, 71
3, 13146, Control_c, 2, 7, 70
3, 13164, Control_c, 2, 7, 69
3, 13182, Control_c, 2, 7, 68
3, 13200, Control_c, 2, 7, 67
3, 13218, Control_c, 2, 7, 66
3, 13236, Control_c, 2, 7, 65
3, 13254, Control_c, 2, 7, 64
3, 13279, Control_c, 2, 7, 63
3, 13290, Control_c, 2, 7, 62
3, 13308, Control_c, 2, 7, 61
3, 13308, End_track
4, 0, Start_track
4, 0, Title_t, "Vocal"
4, 0, Instrument_name_t, "Electric Piano 2"
4, 0, Control_c, 3, 7, 96
4, 0, Pitch_bend_c, 3, 8192
4, 0, Control_c, 3, 1, 0
4, 0, Program_c, 3, 95
4, 0, Control_c, 3, 64, 0
4, 0, Control_c, 3, 10, 64
4, 1536, Program_c, 3, 4
4, 1680, Note_on_c, 3, 66, 63
4, 1688, Note_on_c, 3, 66, 0
4, 1692, Note_on_c, 3, 67, 63
4, 1716, Note_on_c, 3, 67, 0
4, 1728, Note_on_c, 3, 69, 79
4, 1744, Note_on_c, 3, 69, 0
4, 1752, Note_on_c, 3, 67, 79
4, 1768, Note_on_c, 3, 67, 0
4, 1776, Note_on_c, 3, 66, 79
4, 1792, Note_on_c, 3, 66, 0
4, 1800, Note_on_c, 3, 67, 79
4, 1824, Note_on_c, 3, 67, 0
4, 1824, Note_on_c, 3, 66, 79
4, 1840, Note_on_c, 3, 66, 0
4, 1848, Note_on_c, 3, 66, 79
4, 1880, Note_on_c, 3, 66, 0
4, 1896, Note_on_c, 3, 69, 79
4, 1983, Note_on_c, 3, 69, 0
4, 2088, Note_on_c, 3, 67, 79
4, 2112, Note_on_c, 3, 67, 0
4, 2112, Note_on_c, 3, 69, 79
4, 2136, Note_on_c, 3, 69, 0
4, 2136, Note_on_c, 3, 67, 79
4, 2160, Note_on_c, 3, 67, 0
4, 2160, Note_on_c, 3, 67, 79
4, 2184, Note_on_c, 3, 67, 0
4, 2184, Note_on_c, 3, 67, 79
4, 2208, Note_on_c, 3, 67, 0
4, 2208, Note_on_c, 3, 67, 79
4, 2256, Note_on_c, 3, 67, 0
4, 2256, Note_on_c, 3, 69, 79
4, 2292, Note_on_c, 3, 69, 0
4, 2292, Note_on_c, 3, 67, 79
4, 2304, Note_on_c, 3, 67, 0
4, 2304, Note_on_c, 3, 66, 79
4, 2400, Note_on_c, 3, 66, 0
4, 2472, Note_on_c, 3, 67, 79
4, 2496, Note_on_c, 3, 67, 0
4, 2496, Note_on_c, 3, 69, 79
4, 2512, Note_on_c, 3, 69, 0
4, 2520, Note_on_c, 3, 67, 79
4, 2536, Note_on_c, 3, 67, 0
4, 2544, Note_on_c, 3, 66, 79
4, 2560, Note_on_c, 3, 66, 0
4, 2568, Note_on_c, 3, 62, 79
4, 2568, Note_on_c, 3, 57, 79
4, 2568, Note_on_c, 3, 67, 79
4, 2584, Note_on_c, 3, 62, 0
4, 2584, Note_on_c, 3, 57, 0
4, 2592, Note_on_c, 3, 67, 0
4, 2592, Note_on_c, 3, 62, 79
4, 2592, Note_on_c, 3, 57, 79
4, 2592, Note_on_c, 3, 66, 79
4, 2608, Note_on_c, 3, 62, 0
4, 2608, Note_on_c, 3, 57, 0
4, 2608, Note_on_c, 3, 66, 0
4, 2616, Note_on_c, 3, 62, 79
4, 2616, Note_on_c, 3, 57, 79
4, 2616, Note_on_c, 3, 66, 79
4, 2632, Note_on_c, 3, 62, 0
4, 2640, Note_on_c, 3, 66, 79
4, 2648, Note_on_c, 3, 57, 0
4, 2648, Note_on_c, 3, 66, 0
4, 2656, Note_on_c, 3, 66, 0
4, 2664, Note_on_c, 3, 62, 79
4, 2664, Note_on_c, 3, 57, 79
4, 2664, Note_on_c, 3, 69, 79
4, 2680, Note_on_c, 3, 62, 0
4, 2680, Note_on_c, 3, 57, 0
4, 2688, Note_on_c, 3, 66, 79
4, 2688, Note_on_c, 3, 61, 79
4, 2688, Note_on_c, 3, 57, 79
4, 2704, Note_on_c, 3, 69, 0
4, 2704, Note_on_c, 3, 66, 0
4, 2704, Note_on_c, 3, 61, 0
4, 2712, Note_on_c, 3, 61, 79
4, 2712, Note_on_c, 3, 57, 79
4, 2712, Note_on_c, 3, 66, 79
4, 2728, Note_on_c, 3, 57, 0
4, 2728, Note_on_c, 3, 61, 0
4, 2728, Note_on_c, 3, 57, 0
4, 2736, Note_on_c, 3, 61, 79
4, 2736, Note_on_c, 3, 57, 79
4, 2736, Note_on_c, 3, 66, 79
4, 2751, Note_on_c, 3, 66, 0
4, 2752, Note_on_c, 3, 61, 0
4, 2752, Note_on_c, 3, 57, 0
4, 2752, Note_on_c, 3, 66, 0
4, 2760, Note_on_c, 3, 61, 79
4, 2760, Note_on_c, 3, 57, 79
4, 2760, Note_on_c, 3, 66, 79
4, 2776, Note_on_c, 3, 61, 0
4, 2776, Note_on_c, 3, 57, 0
4, 2776, Note_on_c, 3, 66, 0
4, 2784, Note_on_c, 3, 61, 79
4, 2784, Note_on_c, 3, 57, 79
4, 2784, Note_on_c, 3, 66, 79
4, 2800, Note_on_c, 3, 61, 0
4, 2800, Note_on_c, 3, 57, 0
4, 2800, Note_on_c, 3, 66, 0
4, 2808, Note_on_c, 3, 61, 79
4, 2808, Note_on_c, 3, 57, 79
4, 2808, Note_on_c, 3, 66, 79
4, 2856, Note_on_c, 3, 61, 0
4, 2856, Note_on_c, 3, 57, 0
4, 2856, Note_on_c, 3, 66, 0
4, 2856, Note_on_c, 3, 67, 79
4, 2872, Note_on_c, 3, 67, 0
4, 2880, Note_on_c, 3, 62, 79
4, 2880, Note_on_c, 3, 59, 79
4, 2880, Note_on_c, 3, 69, 79
4, 2896, Note_on_c, 3, 62, 0
4, 2904, Note_on_c, 3, 67, 79
4, 2920, Note_on_c, 3, 59, 0
4, 2928, Note_on_c, 3, 69, 0
4, 2928, Note_on_c, 3, 67, 0
4, 2928, Note_on_c, 3, 67, 79
4, 2944, Note_on_c, 3, 67, 0
4, 2952, Note_on_c, 3, 62, 79
4, 2952, Note_on_c, 3, 59, 79
4, 2952, Note_on_c, 3, 67, 79
4, 2968, Note_on_c, 3, 62, 0
4, 2968, Note_on_c, 3, 59, 0
4, 2968, Note_on_c, 3, 67, 0
4, 2976, Note_on_c, 3, 62, 79
4, 2976, Note_on_c, 3, 59, 79
4, 2976, Note_on_c, 3, 67, 79
4, 3008, Note_on_c, 3, 62, 0
4, 3008, Note_on_c, 3, 59, 0
4, 3008, Note_on_c, 3, 67, 0
4, 3024, Note_on_c, 3, 69, 79
4, 3048, Note_on_c, 3, 69, 0
4, 3060, Note_on_c, 3, 67, 79
4, 3068, Note_on_c, 3, 67, 0
4, 3072, Note_on_c, 3, 66, 79
4, 3088, Note_on_c, 3, 66, 0
4, 3096, Note_on_c, 3, 62, 79
4, 3112, Note_on_c, 3, 62, 0
4, 3120, Note_on_c, 3, 62, 79
4, 3200, Note_on_c, 3, 62, 0
4, 3780, Note_on_c, 3, 57, 79
4, 3792, Note_on_c, 3, 57, 0
4, 3792, Note_on_c, 3, 66, 79
4, 3816, Note_on_c, 3, 66, 0
4, 3816, Note_on_c, 3, 67, 79
4, 3840, Note_on_c, 3, 67, 0
4, 3840, Note_on_c, 3, 69, 79
4, 3856, Note_on_c, 3, 69, 0
4, 3864, Note_on_c, 3, 67, 79
4, 3880, Note_on_c, 3, 67, 0
4, 3888, Note_on_c, 3, 66, 79
4, 3904, Note_on_c, 3, 66, 0
4, 3912, Note_on_c, 3, 67, 79
4, 3936, Note_on_c, 3, 67, 0
4, 3936, Note_on_c, 3, 66, 79
4, 3952, Note_on_c, 3, 66, 0
4, 3960, Note_on_c, 3, 66, 79
4, 3992, Note_on_c, 3, 66, 0
4, 4008, Note_on_c, 3, 69, 79
4, 4095, Note_on_c, 3, 69, 0
4, 4200, Note_on_c, 3, 67, 79
4, 4224, Note_on_c, 3, 67, 0
4, 4224, Note_on_c, 3, 69, 79
4, 4248, Note_on_c, 3, 69, 0
4, 4248, Note_on_c, 3, 67, 79
4, 4272, Note_on_c, 3, 67, 0
4, 4272, Note_on_c, 3, 67, 79
4, 4296, Note_on_c, 3, 67, 0
4, 4296, Note_on_c, 3, 67, 79
4, 4320, Note_on_c, 3, 67, 0
4, 4320, Note_on_c, 3, 67, 79
4, 4368, Note_on_c, 3, 67, 0
4, 4368, Note_on_c, 3, 69, 79
4, 4404, Note_on_c, 3, 69, 0
4, 4404, Note_on_c, 3, 67, 79
4, 4416, Note_on_c, 3, 67, 0
4, 4416, Note_on_c, 3, 66, 79
4, 4512, Note_on_c, 3, 66, 0
4, 4584, Note_on_c, 3, 67, 79
4, 4608, Note_on_c, 3, 67, 0
4, 4608, Note_on_c, 3, 69, 79
4, 4624, Note_on_c, 3, 69, 0
4, 4632, Note_on_c, 3, 67, 79
4, 4648, Note_on_c, 3, 67, 0
4, 4656, Note_on_c, 3, 66, 79
4, 4672, Note_on_c, 3, 66, 0
4, 4680, Note_on_c, 3, 62, 79
4, 4680, Note_on_c, 3, 57, 79
4, 4680, Note_on_c, 3, 67, 79
4, 4696, Note_on_c, 3, 62, 0
4, 4696, Note_on_c, 3, 57, 0
4, 4704, Note_on_c, 3, 67, 0
4, 4704, Note_on_c, 3, 62, 79
4, 4704, Note_on_c, 3, 57, 79
4, 4704, Note_on_c, 3, 66, 79
4, 4720, Note_on_c, 3, 62, 0
4, 4720, Note_on_c, 3, 57, 0
4, 4720, Note_on_c, 3, 66, 0
4, 4728, Note_on_c, 3, 62, 79
4, 4728, Note_on_c, 3, 57, 79
4, 4728, Note_on_c, 3, 66, 79
4, 4744, Note_on_c, 3, 62, 0
4, 4752, Note_on_c, 3, 66, 79
4, 4760, Note_on_c, 3, 57, 0
4, 4760, Note_on_c, 3, 66, 0
4, 4768, Note_on_c, 3, 66, 0
4, 4776, Note_on_c, 3, 62, 79
4, 4776, Note_on_c, 3, 57, 79
4, 4776, Note_on_c, 3, 69, 79
4, 4792, Note_on_c, 3, 62, 0
4, 4792, Note_on_c, 3, 57, 0
4, 4800, Note_on_c, 3, 66, 79
4, 4800, Note_on_c, 3, 61, 79
4, 4800, Note_on_c, 3, 57, 79
4, 4816, Note_on_c, 3, 69, 0
4, 4816, Note_on_c, 3, 66, 0
4, 4816, Note_on_c, 3, 61, 0
4, 4824, Note_on_c, 3, 61, 79
4, 4824, Note_on_c, 3, 57, 79
4, 4824, Note_on_c, 3, 66, 79
4, 4840, Note_on_c, 3, 57, 0
4, 4840, Note_on_c, 3, 61, 0
4, 4840, Note_on_c, 3, 57, 0
4, 4848, Note_on_c, 3, 61, 79
4, 4848, Note_on_c, 3, 57, 79
4, 4848, Note_on_c, 3, 66, 79
4, 4863, Note_on_c, 3, 66, 0
4, 4864, Note_on_c, 3, 61, 0
4, 4864, Note_on_c, 3, 57, 0
4, 4864, Note_on_c, 3, 66, 0
4, 4872, Note_on_c, 3, 61, 79
4, 4872, Note_on_c, 3, 57, 79
4, 4872, Note_on_c, 3, 66, 79
4, 4888, Note_on_c, 3, 61, 0
4, 4888, Note_on_c, 3, 57, 0
4, 4888, Note_on_c, 3, 66, 0
4, 4896, Note_on_c, 3, 61, 79
4, 4896, Note_on_c, 3, 57, 79
4, 4896, Note_on_c, 3, 66, 79
4, 4912, Note_on_c, 3, 61, 0
4, 4912, Note_on_c, 3, 57, 0
4, 4912, Note_on_c, 3, 66, 0
4, 4920, Note_on_c, 3, 61, 79
4, 4920, Note_on_c, 3, 57, 79
4, 4920, Note_on_c, 3, 66, 79
4, 4968, Note_on_c, 3, 61, 0
4, 4968, Note_on_c, 3, 57, 0
4, 4968, Note_on_c, 3, 66, 0
4, 4968, Note_on_c, 3, 67, 79
4, 4984, Note_on_c, 3, 67, 0
4, 4992, Note_on_c, 3, 62, 79
4, 4992, Note_on_c, 3, 59, 79
4, 4992, Note_on_c, 3, 69, 79
4, 5008, Note_on_c, 3, 62, 0
4, 5016, Note_on_c, 3, 67, 79
4, 5032, Note_on_c, 3, 59, 0
4, 5040, Note_on_c, 3, 69, 0
4, 5040, Note_on_c, 3, 67, 0
4, 5040, Note_on_c, 3, 67, 79
4, 5056, Note_on_c, 3, 67, 0
4, 5064, Note_on_c, 3, 62, 79
4, 5064, Note_on_c, 3, 59, 79
4, 5064, Note_on_c, 3, 67, 79
4, 5080, Note_on_c, 3, 62, 0
4, 5080, Note_on_c, 3, 59, 0
4, 5080, Note_on_c, 3, 67, 0
4, 5088, Note_on_c, 3, 62, 79
4, 5088, Note_on_c, 3, 59, 79
4, 5088, Note_on_c, 3, 67, 79
4, 5120, Note_on_c, 3, 62, 0
4, 5120, Note_on_c, 3, 59, 0
4, 5120, Note_on_c, 3, 67, 0
4, 5136, Note_on_c, 3, 69, 79
4, 5160, Note_on_c, 3, 69, 0
4, 5172, Note_on_c, 3, 67, 79
4, 5180, Note_on_c, 3, 67, 0
4, 5184, Note_on_c, 3, 66, 79
4, 5200, Note_on_c, 3, 66, 0
4, 5208, Note_on_c, 3, 62, 79
4, 5224, Note_on_c, 3, 62, 0
4, 5232, Note_on_c, 3, 62, 79
4, 5312, Note_on_c, 3, 62, 0
4, 7392, Note_on_c, 3, 62, 79
4, 7400, Note_on_c, 3, 62, 0
4, 7404, Note_on_c, 3, 62, 79
4, 7412, Note_on_c, 3, 62, 0
4, 7416, Note_on_c, 3, 62, 79
4, 7424, Note_on_c, 3, 62, 0
4, 7428, Note_on_c, 3, 66, 79
4, 7448, Note_on_c, 3, 66, 0
4, 7452, Note_on_c, 3, 66, 79
4, 7460, Note_on_c, 3, 66, 0
4, 7464, Note_on_c, 3, 69, 79
4, 7480, Note_on_c, 3, 69, 0
4, 7488, Note_on_c, 3, 71, 79
4, 7504, Note_on_c, 3, 71, 0
4, 7512, Note_on_c, 3, 69, 79
4, 7616, Note_on_c, 3, 69, 0
4, 7704, Note_on_c, 3, 64, 79
4, 7720, Note_on_c, 3, 64, 0
4, 7728, Note_on_c, 3, 73, 79
4, 7744, Note_on_c, 3, 73, 0
4, 7752, Note_on_c, 3, 74, 79
4, 7768, Note_on_c, 3, 74, 0
4, 7776, Note_on_c, 3, 73, 79
4, 7792, Note_on_c, 3, 73, 0
4, 7800, Note_on_c, 3, 71, 79
4, 7808, Note_on_c, 3, 71, 0
4, 7812, Note_on_c, 3, 69, 79
4, 7820, Note_on_c, 3, 69, 0
4, 7824, Note_on_c, 3, 71, 79
4, 7840, Note_on_c, 3, 71, 0
4, 7848, Note_on_c, 3, 69, 79
4, 7864, Note_on_c, 3, 69, 0
4, 7872, Note_on_c, 3, 67, 79
4, 7884, Note_on_c, 3, 67, 0
4, 7884, Note_on_c, 3, 64, 79
4, 7952, Note_on_c, 3, 64, 0
4, 8208, Note_on_c, 3, 59, 79
4, 8232, Note_on_c, 3, 59, 0
4, 8232, Note_on_c, 3, 64, 79
4, 8256, Note_on_c, 3, 64, 0
4, 8256, Note_on_c, 3, 69, 79
4, 8264, Note_on_c, 3, 69, 0
4, 8268, Note_on_c, 3, 69, 79
4, 8284, Note_on_c, 3, 69, 0
4, 8292, Note_on_c, 3, 71, 79
4, 8320, Note_on_c, 3, 71, 0
4, 8328, Note_on_c, 3, 69, 79
4, 8384, Note_on_c, 3, 69, 0
4, 8496, Note_on_c, 3, 74, 79
4, 8520, Note_on_c, 3, 74, 0
4, 8532, Note_on_c, 3, 74, 79
4, 8540, Note_on_c, 3, 74, 0
4, 8544, Note_on_c, 3, 74, 79
4, 8560, Note_on_c, 3, 74, 0
4, 8568, Note_on_c, 3, 74, 79
4, 8584, Note_on_c, 3, 74, 0
4, 8592, Note_on_c, 3, 71, 79
4, 8616, Note_on_c, 3, 71, 0
4, 8616, Note_on_c, 3, 69, 79
4, 8632, Note_on_c, 3, 69, 0
4, 8640, Note_on_c, 3, 71, 79
4, 8656, Note_on_c, 3, 71, 0
4, 8664, Note_on_c, 3, 69, 79
4, 8680, Note_on_c, 3, 69, 0
4, 8688, Note_on_c, 3, 67, 79
4, 8700, Note_on_c, 3, 67, 0
4, 8700, Note_on_c, 3, 64, 79
4, 8768, Note_on_c, 3, 64, 0
4, 8976, Note_on_c, 3, 66, 79
4, 8992, Note_on_c, 3, 66, 0
4, 9000, Note_on_c, 3, 67, 79
4, 9016, Note_on_c, 3, 67, 0
4, 9024, Note_on_c, 3, 69, 79
4, 9040, Note_on_c, 3, 69, 0
4, 9048, Note_on_c, 3, 67, 79
4, 9064, Note_on_c, 3, 67, 0
4, 9072, Note_on_c, 3, 66, 79
4, 9088, Note_on_c, 3, 66, 0
4, 9096, Note_on_c, 3, 67, 79
4, 9120, Note_on_c, 3, 67, 0
4, 9120, Note_on_c, 3, 66, 79
4, 9136, Note_on_c, 3, 66, 0
4, 9144, Note_on_c, 3, 66, 79
4, 9176, Note_on_c, 3, 66, 0
4, 9192, Note_on_c, 3, 69, 79
4, 9279, Note_on_c, 3, 69, 0
4, 9384, Note_on_c, 3, 67, 79
4, 9400, Note_on_c, 3, 67, 0
4, 9408, Note_on_c, 3, 69, 79
4, 9424, Note_on_c, 3, 69, 0
4, 9432, Note_on_c, 3, 67, 79
4, 9448, Note_on_c, 3, 67, 0
4, 9456, Note_on_c, 3, 67, 79
4, 9472, Note_on_c, 3, 67, 0
4, 9480, Note_on_c, 3, 67, 79
4, 9552, Note_on_c, 3, 67, 0
4, 9576, Note_on_c, 3, 69, 79
4, 9592, Note_on_c, 3, 69, 0
4, 9600, Note_on_c, 3, 66, 79
4, 9663, Note_on_c, 3, 66, 0
4, 9768, Note_on_c, 3, 67, 79
4, 9784, Note_on_c, 3, 67, 0
4, 9792, Note_on_c, 3, 69, 79
4, 9808, Note_on_c, 3, 69, 0
4, 9816, Note_on_c, 3, 67, 79
4, 9832, Note_on_c, 3, 67, 0
4, 9840, Note_on_c, 3, 66, 79
4, 9856, Note_on_c, 3, 66, 0
4, 9864, Note_on_c, 3, 67, 79
4, 9888, Note_on_c, 3, 67, 0
4, 9888, Note_on_c, 3, 66, 79
4, 9904, Note_on_c, 3, 66, 0
4, 9912, Note_on_c, 3, 66, 79
4, 9936, Note_on_c, 3, 66, 79
4, 9952, Note_on_c, 3, 66, 0
4, 9960, Note_on_c, 3, 69, 79
4, 9976, Note_on_c, 3, 66, 0
4, 9984, Note_on_c, 3, 69, 79
4, 10047, Note_on_c, 3, 69, 0
4, 10188, Note_on_c, 3, 59, 79
4, 10196, Note_on_c, 3, 69, 0
4, 10200, Note_on_c, 3, 64, 79
4, 10216, Note_on_c, 3, 59, 0
4, 10224, Note_on_c, 3, 64, 79
4, 10240, Note_on_c, 3, 64, 0
4, 10248, Note_on_c, 3, 66, 79
4, 10264, Note_on_c, 3, 64, 0
4, 10272, Note_on_c, 3, 67, 79
4, 10288, Note_on_c, 3, 66, 0
4, 10296, Note_on_c, 3, 66, 79
4, 10312, Note_on_c, 3, 67, 0
4, 10320, Note_on_c, 3, 64, 79
4, 10352, Note_on_c, 3, 66, 0
4, 10368, Note_on_c, 3, 66, 79
4, 10384, Note_on_c, 3, 64, 0
4, 10392, Note_on_c, 3, 62, 79
4, 10408, Note_on_c, 3, 66, 0
4, 10416, Note_on_c, 3, 62, 79
4, 10432, Note_on_c, 3, 62, 0
4, 10440, Note_on_c, 3, 62, 79
4, 10496, Note_on_c, 3, 62, 0
4, 10680, Note_on_c, 3, 57, 79
4, 10696, Note_on_c, 3, 62, 0
4, 10704, Note_on_c, 3, 62, 79
4, 10720, Note_on_c, 3, 57, 0
4, 10728, Note_on_c, 3, 64, 79
4, 10744, Note_on_c, 3, 62, 0
4, 10752, Note_on_c, 3, 66, 79
4, 10768, Note_on_c, 3, 64, 0
4, 10776, Note_on_c, 3, 64, 79
4, 10792, Note_on_c, 3, 66, 0
4, 10800, Note_on_c, 3, 64, 79
4, 10816, Note_on_c, 3, 64, 0
4, 10824, Note_on_c, 3, 62, 79
4, 10840, Note_on_c, 3, 64, 0
4, 10848, Note_on_c, 3, 64, 79
4, 10872, Note_on_c, 3, 62, 0
4, 10872, Note_on_c, 3, 66, 79
4, 11007, Note_on_c, 3, 64, 0
4, 76407, Note_on_c, 3, 66, 0
4, 76407, End_track
5, 0, Start_track
5, 0, Title_t, "Accompanyment"
5, 0, Instrument_name_t, "Guitar 1"
5, 0, Control_c, 4, 7, 81
5, 0, Pitch_bend_c, 4, 8192
5, 0, Control_c, 4, 1, 0
5, 0, Program_c, 4, 59
5, 0, Control_c, 4, 64, 0
5, 0, Control_c, 4, 10, 64
5, 0, Note_on_c, 4, 62, 79
5, 0, Note_on_c, 4, 66, 79
5, 0, Note_on_c, 4, 69, 79
5, 48, Control_c, 4, 7, 81
5, 127, Note_on_c, 4, 62, 0
5, 127, Note_on_c, 4, 66, 0
5, 127, Note_on_c, 4, 69, 0
5, 192, Note_on_c, 4, 57, 79
5, 192, Note_on_c, 4, 61, 79
5, 192, Note_on_c, 4, 64, 79
5, 192, Note_on_c, 4, 66, 79
5, 319, Note_on_c, 4, 57, 0
5, 319, Note_on_c, 4, 61, 0
5, 319, Note_on_c, 4, 64, 0
5, 319, Note_on_c, 4, 66, 0
5, 384, Note_on_c, 4, 55, 79
5, 384, Note_on_c, 4, 58, 79
5, 384, Note_on_c, 4, 62, 79
5, 511, Note_on_c, 4, 55, 0
5, 511, Note_on_c, 4, 58, 0
5, 511, Note_on_c, 4, 62, 0
5, 576, Note_on_c, 4, 57, 79
5, 576, Note_on_c, 4, 62, 79
5, 576, Note_on_c, 4, 66, 79
5, 703, Note_on_c, 4, 57, 0
5, 703, Note_on_c, 4, 62, 0
5, 703, Note_on_c, 4, 66, 0
5, 960, Note_on_c, 4, 57, 79
5, 960, Note_on_c, 4, 61, 79
5, 960, Note_on_c, 4, 64, 79
5, 960, Note_on_c, 4, 66, 79
5, 1087, Note_on_c, 4, 57, 0
5, 1087, Note_on_c, 4, 61, 0
5, 1087, Note_on_c, 4, 64, 0
5, 1087, Note_on_c, 4, 66, 0
5, 1152, Note_on_c, 4, 55, 79
5, 1152, Note_on_c, 4, 59, 79
5, 1152, Note_on_c, 4, 62, 79
5, 1152, Note_on_c, 4, 64, 79
5, 1279, Note_on_c, 4, 55, 0
5, 1279, Note_on_c, 4, 59, 0
5, 1279, Note_on_c, 4, 62, 0
5, 1279, Note_on_c, 4, 64, 0
5, 1344, Note_on_c, 4, 59, 79
5, 1344, Note_on_c, 4, 62, 79
5, 1344, Note_on_c, 4, 66, 79
5, 1471, Note_on_c, 4, 59, 0
5, 1471, Note_on_c, 4, 62, 0
5, 1471, Note_on_c, 4, 66, 0
5, 1728, Note_on_c, 4, 62, 79
5, 1728, Note_on_c, 4, 66, 79
5, 1728, Note_on_c, 4, 69, 79
5, 1855, Note_on_c, 4, 62, 0
5, 1855, Note_on_c, 4, 66, 0
5, 1855, Note_on_c, 4, 69, 0
5, 1920, Note_on_c, 4, 57, 79
5, 1920, Note_on_c, 4, 61, 79
5, 1920, Note_on_c, 4, 64, 79
5, 1920, Note_on_c, 4, 66, 79
5, 2047, Note_on_c, 4, 57, 0
5, 2047, Note_on_c, 4, 61, 0
5, 2047, Note_on_c, 4, 64, 0
5, 2047, Note_on_c, 4, 66, 0
5, 2112, Note_on_c, 4, 55, 79
5, 2112, Note_on_c, 4, 58, 79
5, 2112, Note_on_c, 4, 62, 79
5, 2239, Note_on_c, 4, 55, 0
5, 2239, Note_on_c, 4, 58, 0
5, 2239, Note_on_c, 4, 62, 0
5, 2304, Note_on_c, 4, 57, 79
5, 2304, Note_on_c, 4, 62, 79
5, 2304, Note_on_c, 4, 66, 79
5, 2431, Note_on_c, 4, 57, 0
5, 2431, Note_on_c, 4, 62, 0
5, 2431, Note_on_c, 4, 66, 0
5, 2688, Note_on_c, 4, 57, 79
5, 2688, Note_on_c, 4, 61, 79
5, 2688, Note_on_c, 4, 64, 79
5, 2688, Note_on_c, 4, 66, 79
5, 2815, Note_on_c, 4, 57, 0
5, 2815, Note_on_c, 4, 61, 0
5, 2815, Note_on_c, 4, 64, 0
5, 2815, Note_on_c, 4, 66, 0
5, 2880, Note_on_c, 4, 55, 79
5, 2880, Note_on_c, 4, 59, 79
5, 2880, Note_on_c, 4, 62, 79
5, 2880, Note_on_c, 4, 64, 79
5, 3007, Note_on_c, 4, 55, 0
5, 3007, Note_on_c, 4, 59, 0
5, 3007, Note_on_c, 4, 62, 0
5, 3007, Note_on_c, 4, 64, 0
5, 3072, Note_on_c, 4, 59, 79
5, 3072, Note_on_c, 4, 62, 79
5, 3072, Note_on_c, 4, 66, 79
5, 3199, Note_on_c, 4, 59, 0
5, 3199, Note_on_c, 4, 62, 0
5, 3199, Note_on_c, 4, 66, 0
5, 3264, Note_on_c, 4, 55, 79
5, 3264, Note_on_c, 4, 58, 79
5, 3264, Note_on_c, 4, 62, 79
5, 3391, Note_on_c, 4, 55, 0
5, 3391, Note_on_c, 4, 58, 0
5, 3391, Note_on_c, 4, 62, 0
5, 3456, Note_on_c, 4, 57, 79
5, 3456, Note_on_c, 4, 62, 79
5, 3456, Note_on_c, 4, 66, 79
5, 3583, Note_on_c, 4, 57, 0
5, 3583, Note_on_c, 4, 62, 0
5, 3583, Note_on_c, 4, 66, 0
5, 3840, Note_on_c, 4, 57, 79
5, 3840, Note_on_c, 4, 62, 79
5, 3840, Note_on_c, 4, 66, 79
5, 3967, Note_on_c, 4, 57, 0
5, 3967, Note_on_c, 4, 62, 0
5, 3967, Note_on_c, 4, 66, 0
5, 4032, Note_on_c, 4, 57, 79
5, 4032, Note_on_c, 4, 61, 79
5, 4032, Note_on_c, 4, 64, 79
5, 4032, Note_on_c, 4, 66, 79
5, 4159, Note_on_c, 4, 57, 0
5, 4159, Note_on_c, 4, 61, 0
5, 4159, Note_on_c, 4, 64, 0
5, 4159, Note_on_c, 4, 66, 0
5, 4224, Note_on_c, 4, 55, 79
5, 4224, Note_on_c, 4, 58, 79
5, 4224, Note_on_c, 4, 62, 79
5, 4351, Note_on_c, 4, 55, 0
5, 4351, Note_on_c, 4, 58, 0
5, 4351, Note_on_c, 4, 62, 0
5, 4416, Note_on_c, 4, 57, 79
5, 4416, Note_on_c, 4, 62, 79
5, 4416, Note_on_c, 4, 66, 79
5, 4543, Note_on_c, 4, 57, 0
5, 4543, Note_on_c, 4, 62, 0
5, 4543, Note_on_c, 4, 66, 0
5, 4800, Note_on_c, 4, 57, 79
5, 4800, Note_on_c, 4, 61, 79
5, 4800, Note_on_c, 4, 64, 79
5, 4800, Note_on_c, 4, 66, 79
5, 4927, Note_on_c, 4, 57, 0
5, 4927, Note_on_c, 4, 61, 0
5, 4927, Note_on_c, 4, 64, 0
5, 4927, Note_on_c, 4, 66, 0
5, 4992, Note_on_c, 4, 55, 79
5, 4992, Note_on_c, 4, 59, 79
5, 4992, Note_on_c, 4, 62, 79
5, 4992, Note_on_c, 4, 64, 79
5, 5119, Note_on_c, 4, 55, 0
5, 5119, Note_on_c, 4, 59, 0
5, 5119, Note_on_c, 4, 62, 0
5, 5119, Note_on_c, 4, 64, 0
5, 5184, Note_on_c, 4, 59, 79
5, 5184, Note_on_c, 4, 62, 79
5, 5184, Note_on_c, 4, 66, 79
5, 5311, Note_on_c, 4, 59, 0
5, 5311, Note_on_c, 4, 62, 0
5, 5311, Note_on_c, 4, 66, 0
5, 5376, Note_on_c, 4, 55, 79
5, 5376, Note_on_c, 4, 58, 79
5, 5376, Note_on_c, 4, 62, 79
5, 5503, Note_on_c, 4, 55, 0
5, 5503, Note_on_c, 4, 58, 0
5, 5503, Note_on_c, 4, 62, 0
5, 5568, Note_on_c, 4, 57, 79
5, 5568, Note_on_c, 4, 62, 79
5, 5568, Note_on_c, 4, 66, 79
5, 5695, Note_on_c, 4, 57, 0
5, 5695, Note_on_c, 4, 62, 0
5, 5695, Note_on_c, 4, 66, 0
5, 5952, Note_on_c, 4, 57, 79
5, 5952, Note_on_c, 4, 62, 79
5, 5952, Note_on_c, 4, 66, 79
5, 6079, Note_on_c, 4, 57, 0
5, 6079, Note_on_c, 4, 62, 0
5, 6079, Note_on_c, 4, 66, 0
5, 6144, Note_on_c, 4, 57, 79
5, 6144, Note_on_c, 4, 61, 79
5, 6144, Note_on_c, 4, 64, 79
5, 6144, Note_on_c, 4, 66, 79
5, 6271, Note_on_c, 4, 57, 0
5, 6271, Note_on_c, 4, 61, 0
5, 6271, Note_on_c, 4, 64, 0
5, 6271, Note_on_c, 4, 66, 0
5, 6336, Note_on_c, 4, 55, 79
5, 6336, Note_on_c, 4, 58, 79
5, 6336, Note_on_c, 4, 62, 79
5, 6463, Note_on_c, 4, 55, 0
5, 6463, Note_on_c, 4, 58, 0
5, 6463, Note_on_c, 4, 62, 0
5, 6528, Note_on_c, 4, 57, 79
5, 6528, Note_on_c, 4, 62, 79
5, 6528, Note_on_c, 4, 66, 79
5, 6655, Note_on_c, 4, 57, 0
5, 6655, Note_on_c, 4, 62, 0
5, 6655, Note_on_c, 4, 66, 0
5, 6720, Note_on_c, 4, 57, 79
5, 6720, Note_on_c, 4, 62, 79
5, 6720, Note_on_c, 4, 66, 79
5, 6847, Note_on_c, 4, 57, 0
5, 6847, Note_on_c, 4, 62, 0
5, 6847, Note_on_c, 4, 66, 0
5, 6912, Note_on_c, 4, 57, 79
5, 6912, Note_on_c, 4, 61, 79
5, 6912, Note_on_c, 4, 64, 79
5, 6912, Note_on_c, 4, 66, 79
5, 7039, Note_on_c, 4, 57, 0
5, 7039, Note_on_c, 4, 61, 0
5, 7039, Note_on_c, 4, 64, 0
5, 7039, Note_on_c, 4, 66, 0
5, 7104, Note_on_c, 4, 55, 79
5, 7104, Note_on_c, 4, 58, 79
5, 7104, Note_on_c, 4, 62, 79
5, 7231, Note_on_c, 4, 55, 0
5, 7231, Note_on_c, 4, 58, 0
5, 7231, Note_on_c, 4, 62, 0
5, 7296, Note_on_c, 4, 57, 79
5, 7296, Note_on_c, 4, 62, 79
5, 7296, Note_on_c, 4, 66, 79
5, 7392, Note_on_c, 4, 57, 0
5, 7423, Note_on_c, 4, 62, 0
5, 7423, Note_on_c, 4, 66, 0
5, 7423, Note_on_c, 4, 61, 79
5, 7488, Note_on_c, 4, 61, 0
5, 7488, Note_on_c, 4, 66, 79
5, 7488, Note_on_c, 4, 69, 79
5, 7615, Note_on_c, 4, 66, 0
5, 7615, Note_on_c, 4, 69, 0
5, 7615, Note_on_c, 4, 64, 79
5, 7872, Note_on_c, 4, 64, 0
5, 7872, Note_on_c, 4, 67, 79
5, 7872, Note_on_c, 4, 71, 79
5, 7999, Note_on_c, 4, 67, 0
5, 7999, Note_on_c, 4, 71, 0
5, 7999, Note_on_c, 4, 66, 79
5, 8256, Note_on_c, 4, 66, 0
5, 8256, Note_on_c, 4, 69, 79
5, 8256, Note_on_c, 4, 73, 79
5, 8383, Note_on_c, 4, 69, 0
5, 8383, Note_on_c, 4, 73, 0
5, 8383, Note_on_c, 4, 64, 79
5, 8640, Note_on_c, 4, 64, 0
5, 8640, Note_on_c, 4, 67, 79
5, 8640, Note_on_c, 4, 71, 79
5, 8767, Note_on_c, 4, 67, 0
5, 8767, Note_on_c, 4, 71, 0
5, 8767, Note_on_c, 4, 62, 79
5, 9024, Note_on_c, 4, 62, 0
5, 9024, Note_on_c, 4, 66, 79
5, 9024, Note_on_c, 4, 69, 79
5, 9151, Note_on_c, 4, 66, 0
5, 9151, Note_on_c, 4, 69, 0
5, 9151, Note_on_c, 4, 57, 79
5, 9216, Note_on_c, 4, 57, 0
5, 9216, Note_on_c, 4, 61, 79
5, 9216, Note_on_c, 4, 64, 79
5, 9216, Note_on_c, 4, 66, 79
5, 9343, Note_on_c, 4, 61, 0
5, 9343, Note_on_c, 4, 64, 0
5, 9343, Note_on_c, 4, 66, 0
5, 9343, Note_on_c, 4, 55, 79
5, 9408, Note_on_c, 4, 55, 0
5, 9408, Note_on_c, 4, 58, 79
5, 9408, Note_on_c, 4, 62, 79
5, 9535, Note_on_c, 4, 58, 0
5, 9535, Note_on_c, 4, 62, 0
5, 9535, Note_on_c, 4, 62, 79
5, 9600, Note_on_c, 4, 62, 0
5, 9600, Note_on_c, 4, 66, 79
5, 9600, Note_on_c, 4, 69, 79
5, 9727, Note_on_c, 4, 66, 0
5, 9727, Note_on_c, 4, 69, 0
5, 9727, Note_on_c, 4, 57, 79
5, 9984, Note_on_c, 4, 57, 0
5, 9984, Note_on_c, 4, 61, 79
5, 9984, Note_on_c, 4, 64, 79
5, 9984, Note_on_c, 4, 66, 79
5, 10111, Note_on_c, 4, 61, 0
5, 10111, Note_on_c, 4, 64, 0
5, 10111, Note_on_c, 4, 66, 0
5, 10111, Note_on_c, 4, 55, 79
5, 10176, Note_on_c, 4, 55, 0
5, 10176, Note_on_c, 4, 59, 79
5, 10176, Note_on_c, 4, 62, 79
5, 10176, Note_on_c, 4, 64, 79
5, 10303, Note_on_c, 4, 59, 0
5, 10303, Note_on_c, 4, 62, 0
5, 10303, Note_on_c, 4, 64, 0
5, 10303, Note_on_c, 4, 59, 79
5, 10368, Note_on_c, 4, 59, 0
5, 10368, Note_on_c, 4, 62, 79
5, 10368, Note_on_c, 4, 66, 79
5, 10495, Note_on_c, 4, 62, 0
5, 10495, Note_on_c, 4, 66, 0
5, 10495, Note_on_c, 4, 55, 79
5, 10560, Note_on_c, 4, 55, 0
5, 10560, Note_on_c, 4, 58, 79
5, 10560, Note_on_c, 4, 62, 79
5, 10687, Note_on_c, 4, 58, 0
5, 10687, Note_on_c, 4, 62, 0
5, 10687, Note_on_c, 4, 62, 79
5, 10752, Note_on_c, 4, 62, 0
5, 10752, Note_on_c, 4, 66, 79
5, 10752, Note_on_c, 4, 69, 79
5, 10879, Note_on_c, 4, 66, 0
5, 10879, Note_on_c, 4, 69, 0
5, 10879, Note_on_c, 4, 66, 47
5, 11136, Note_on_c, 4, 66, 0
5, 11136, Note_on_c, 4, 69, 47
5, 11136, Note_on_c, 4, 73, 47
5, 11263, Note_on_c, 4, 69, 0
5, 11263, Note_on_c, 4, 73, 0
5, 11263, Note_on_c, 4, 64, 47
5, 11328, Note_on_c, 4, 64, 0
5, 11328, Note_on_c, 4, 67, 47
5, 11328, Note_on_c, 4, 71, 47
5, 11455, Note_on_c, 4, 67, 0
5, 11455, Note_on_c, 4, 71, 0
5, 11455, Note_on_c, 4, 66, 47
5, 11520, Note_on_c, 4, 66, 0
5, 11520, Note_on_c, 4, 69, 47
5, 11520, Note_on_c, 4, 73, 47
5, 11647, Note_on_c, 4, 69, 0
5, 11647, Note_on_c, 4, 73, 0
5, 11647, Note_on_c, 4, 64, 47
5, 11712, Note_on_c, 4, 64, 0
5, 11712, Note_on_c, 4, 67, 47
5, 11712, Note_on_c, 4, 71, 47
5, 11839, Note_on_c, 4, 67, 0
5, 11839, Note_on_c, 4, 71, 0
5, 11839, Note_on_c, 4, 62, 47
5, 11904, Note_on_c, 4, 62, 0
5, 11904, Note_on_c, 4, 66, 47
5, 11904, Note_on_c, 4, 69, 47
5, 11904, Note_on_c, 4, 71, 47
5, 12223, Note_on_c, 4, 66, 0
5, 12223, Note_on_c, 4, 69, 0
5, 12223, Note_on_c, 4, 71, 0
5, 12223, End_track
0, 0, End_of_file
