0, 0, Header, 1, 8, 120
1, 0, Start_track
1, 0, Title_t, "untitled"
1, 0, Time_signature, 4, 2, 24, 8
1, 0, Key_signature, -5, "major"
1, 0, Tempo, 588235
1, 4320, Marker_t, "Gb"
1, 4560, Marker_t, "B7"
1, 4800, Marker_t, "Gb"
1, 5280, Marker_t, "BMaj7"
1, 5520, Marker_t, "Gb"
1, 5760, Marker_t, "BMaj7"
1, 6240, Marker_t, "Bbm"
1, 6480, Marker_t, "Abm"
1, 6720, Marker_t, "B7"
1, 7200, Marker_t, "Gb"
1, 7440, Marker_t, "BbMaj7"
1, 7680, Marker_t, "Gb"
1, 12000, Marker_t, "Gb"
1, 12240, Marker_t, "BbMaj7"
1, 12480, Marker_t, "Gb"
1, 42240, Tempo, 750000
1, 42600, Tempo, 1111111
1, 42600, End_track
2, 0, Start_track
2, 0, Title_t, "Acoustic Bass"
2, 0, Program_c, 1, 32
2, 0, Control_c, 1, 7, 90
2, 0, Control_c, 1, 10, 64
2, 480, Note_on_c, 1, 42, 85
2, 653, Note_on_c, 1, 42, 0
2, 660, Note_on_c, 1, 49, 87
2, 720, Note_on_c, 1, 49, 0
2, 720, Note_on_c, 1, 35, 82
2, 860, Note_on_c, 1, 35, 0
2, 900, Note_on_c, 1, 42, 85
2, 1131, Note_on_c, 1, 42, 0
2, 1140, Note_on_c, 1, 49, 87
2, 1320, Note_on_c, 1, 49, 0
2, 1320, Note_on_c, 1, 37, 90
2, 1440, Note_on_c, 1, 37, 0
2, 1440, Note_on_c, 1, 35, 82
2, 1591, Note_on_c, 1, 35, 0
2, 1620, Note_on_c, 1, 35, 77
2, 1680, Note_on_c, 1, 35, 0
2, 1680, Note_on_c, 1, 33, 82
2, 1820, Note_on_c, 1, 33, 0
2, 1860, Note_on_c, 1, 44, 86
2, 2072, Note_on_c, 1, 44, 0
2, 2100, Note_on_c, 1, 44, 90
2, 2160, Note_on_c, 1, 39, 72
2, 2167, Note_on_c, 1, 44, 0
2, 2280, Note_on_c, 1, 32, 81
2, 2285, Note_on_c, 1, 39, 0
2, 2400, Note_on_c, 1, 32, 0
2, 2400, Note_on_c, 1, 34, 88
2, 2640, Note_on_c, 1, 34, 0
2, 2640, Note_on_c, 1, 33, 88
2, 2810, Note_on_c, 1, 33, 0
2, 2820, Note_on_c, 1, 44, 82
2, 3029, Note_on_c, 1, 44, 0
2, 3060, Note_on_c, 1, 44, 77
2, 3120, Note_on_c, 1, 39, 81
2, 3134, Note_on_c, 1, 44, 0
2, 3236, Note_on_c, 1, 39, 0
2, 3240, Note_on_c, 1, 44, 77
2, 3336, Note_on_c, 1, 44, 0
2, 3360, Note_on_c, 1, 42, 86
2, 3514, Note_on_c, 1, 42, 0
2, 3540, Note_on_c, 1, 42, 90
2, 3600, Note_on_c, 1, 42, 0
2, 3600, Note_on_c, 1, 35, 88
2, 3770, Note_on_c, 1, 35, 0
2, 3780, Note_on_c, 1, 30, 88
2, 4010, Note_on_c, 1, 30, 0
2, 4020, Note_on_c, 1, 37, 85
2, 4251, Note_on_c, 1, 37, 0
2, 4260, Note_on_c, 1, 44, 87
2, 4320, Note_on_c, 1, 44, 0
2, 4320, Note_on_c, 1, 42, 93
2, 4464, Note_on_c, 1, 42, 0
2, 4500, Note_on_c, 1, 42, 84
2, 4560, Note_on_c, 1, 42, 0
2, 4560, Note_on_c, 1, 35, 82
2, 4700, Note_on_c, 1, 35, 0
2, 4740, Note_on_c, 1, 42, 93
2, 4942, Note_on_c, 1, 42, 0
2, 4980, Note_on_c, 1, 42, 84
2, 5040, Note_on_c, 1, 37, 79
2, 5044, Note_on_c, 1, 42, 0
2, 5160, Note_on_c, 1, 36, 85
2, 5166, Note_on_c, 1, 37, 0
2, 5280, Note_on_c, 1, 36, 0
2, 5280, Note_on_c, 1, 35, 88
2, 5520, Note_on_c, 1, 35, 0
2, 5520, Note_on_c, 1, 33, 88
2, 5690, Note_on_c, 1, 33, 0
2, 5700, Note_on_c, 1, 44, 86
2, 5912, Note_on_c, 1, 44, 0
2, 5940, Note_on_c, 1, 44, 90
2, 6000, Note_on_c, 1, 39, 72
2, 6007, Note_on_c, 1, 44, 0
2, 6120, Note_on_c, 1, 32, 81
2, 6125, Note_on_c, 1, 39, 0
2, 6240, Note_on_c, 1, 32, 0
2, 6240, Note_on_c, 1, 34, 82
2, 6391, Note_on_c, 1, 34, 0
2, 6420, Note_on_c, 1, 34, 77
2, 6480, Note_on_c, 1, 34, 0
2, 6480, Note_on_c, 1, 33, 88
2, 6650, Note_on_c, 1, 33, 0
2, 6660, Note_on_c, 1, 44, 82
2, 6869, Note_on_c, 1, 44, 0
2, 6900, Note_on_c, 1, 44, 77
2, 6960, Note_on_c, 1, 39, 81
2, 6974, Note_on_c, 1, 44, 0
2, 7076, Note_on_c, 1, 39, 0
2, 7080, Note_on_c, 1, 44, 77
2, 7176, Note_on_c, 1, 44, 0
2, 7200, Note_on_c, 1, 30, 88
2, 7440, Note_on_c, 1, 30, 0
2, 7440, Note_on_c, 1, 35, 85
2, 7613, Note_on_c, 1, 35, 0
2, 7620, Note_on_c, 1, 30, 88
2, 7850, Note_on_c, 1, 30, 0
2, 7860, Note_on_c, 1, 37, 85
2, 8091, Note_on_c, 1, 37, 0
2, 8100, Note_on_c, 1, 44, 87
2, 8160, Note_on_c, 1, 44, 0
2, 8160, Note_on_c, 1, 42, 85
2, 8333, Note_on_c, 1, 42, 0
2, 8340, Note_on_c, 1, 49, 87
2, 8400, Note_on_c, 1, 49, 0
2, 8400, Note_on_c, 1, 35, 85
2, 8573, Note_on_c, 1, 35, 0
2, 8580, Note_on_c, 1, 30, 85
2, 8880, Note_on_c, 1, 37, 75
2, 8906, Note_on_c, 1, 30, 0
2, 9120, Note_on_c, 1, 37, 0
2, 9120, Note_on_c, 1, 35, 88
2, 9360, Note_on_c, 1, 35, 0
2, 9360, Note_on_c, 1, 21, 88
2, 9530, Note_on_c, 1, 21, 0
2, 9540, Note_on_c, 1, 32, 85
2, 9840, Note_on_c, 1, 39, 75
2, 9866, Note_on_c, 1, 32, 0
2, 10080, Note_on_c, 1, 39, 0
2, 10080, Note_on_c, 1, 34, 82
2, 10231, Note_on_c, 1, 34, 0
2, 10260, Note_on_c, 1, 34, 77
2, 10320, Note_on_c, 1, 34, 0
2, 10320, Note_on_c, 1, 33, 85
2, 10493, Note_on_c, 1, 33, 0
2, 10500, Note_on_c, 1, 44, 85
2, 10731, Note_on_c, 1, 44, 0
2, 10740, Note_on_c, 1, 51, 87
2, 10920, Note_on_c, 1, 51, 0
2, 10920, Note_on_c, 1, 39, 90
2, 11040, Note_on_c, 1, 39, 0
2, 11040, Note_on_c, 1, 42, 93
2, 11184, Note_on_c, 1, 42, 0
2, 11220, Note_on_c, 1, 42, 84
2, 11280, Note_on_c, 1, 42, 0
2, 11280, Note_on_c, 1, 35, 88
2, 11450, Note_on_c, 1, 35, 0
2, 11460, Note_on_c, 1, 42, 86
2, 11660, Note_on_c, 1, 42, 0
2, 11700, Note_on_c, 1, 37, 88
2, 11998, Note_on_c, 1, 37, 0
2, 12000, Note_on_c, 1, 42, 86
2, 12145, Note_on_c, 1, 42, 0
2, 12180, Note_on_c, 1, 42, 82
2, 12234, Note_on_c, 1, 42, 0
2, 12240, Note_on_c, 1, 37, 69
2, 12360, Note_on_c, 1, 42, 88
2, 12370, Note_on_c, 1, 37, 0
2, 12471, Note_on_c, 1, 42, 0
2, 12480, Note_on_c, 1, 42, 84
2, 12645, Note_on_c, 1, 42, 0
2, 12720, Note_on_c, 1, 42, 86
2, 12952, Note_on_c, 1, 42, 0
2, 12952, End_track
3, 0, Start_track
3, 0, Title_t, "Standard Kit"
3, 0, Program_c, 9, 0
3, 0, Control_c, 9, 7, 55
3, 0, Control_c, 9, 10, 64
3, 480, Note_on_c, 9, 35, 60
3, 480, Note_on_c, 9, 37, 70
3, 505, Note_on_c, 9, 37, 0
3, 505, Note_on_c, 9, 35, 0
3, 540, Note_on_c, 9, 37, 30
3, 565, Note_on_c, 9, 37, 0
3, 600, Note_on_c, 9, 37, 30
3, 600, Note_on_c, 9, 42, 60
3, 625, Note_on_c, 9, 42, 0
3, 625, Note_on_c, 9, 37, 0
3, 660, Note_on_c, 9, 37, 70
3, 685, Note_on_c, 9, 37, 0
3, 720, Note_on_c, 9, 35, 60
3, 720, Note_on_c, 9, 37, 30
3, 745, Note_on_c, 9, 37, 0
3, 745, Note_on_c, 9, 35, 0
3, 780, Note_on_c, 9, 37, 30
3, 805, Note_on_c, 9, 37, 0
3, 840, Note_on_c, 9, 37, 80
3, 840, Note_on_c, 9, 42, 60
3, 865, Note_on_c, 9, 42, 0
3, 865, Note_on_c, 9, 37, 0
3, 900, Note_on_c, 9, 37, 110
3, 900, Note_on_c, 9, 42, 30
3, 925, Note_on_c, 9, 42, 0
3, 925, Note_on_c, 9, 37, 0
3, 960, Note_on_c, 9, 35, 60
3, 960, Note_on_c, 9, 37, 70
3, 985, Note_on_c, 9, 37, 0
3, 985, Note_on_c, 9, 35, 0
3, 1020, Note_on_c, 9, 37, 30
3, 1045, Note_on_c, 9, 37, 0
3, 1080, Note_on_c, 9, 37, 30
3, 1080, Note_on_c, 9, 42, 60
3, 1105, Note_on_c, 9, 42, 0
3, 1105, Note_on_c, 9, 37, 0
3, 1140, Note_on_c, 9, 37, 70
3, 1140, Note_on_c, 9, 38, 50
3, 1165, Note_on_c, 9, 38, 0
3, 1165, Note_on_c, 9, 37, 0
3, 1200, Note_on_c, 9, 35, 60
3, 1200, Note_on_c, 9, 37, 30
3, 1225, Note_on_c, 9, 37, 0
3, 1225, Note_on_c, 9, 35, 0
3, 1260, Note_on_c, 9, 37, 30
3, 1260, Note_on_c, 9, 38, 50
3, 1285, Note_on_c, 9, 38, 0
3, 1285, Note_on_c, 9, 37, 0
3, 1320, Note_on_c, 9, 37, 80
3, 1320, Note_on_c, 9, 42, 60
3, 1345, Note_on_c, 9, 42, 0
3, 1345, Note_on_c, 9, 37, 0
3, 1380, Note_on_c, 9, 37, 50
3, 1380, Note_on_c, 9, 38, 30
3, 1405, Note_on_c, 9, 38, 0
3, 1405, Note_on_c, 9, 37, 0
3, 1440, Note_on_c, 9, 35, 60
3, 1440, Note_on_c, 9, 37, 70
3, 1465, Note_on_c, 9, 37, 0
3, 1465, Note_on_c, 9, 35, 0
3, 1500, Note_on_c, 9, 37, 30
3, 1525, Note_on_c, 9, 37, 0
3, 1560, Note_on_c, 9, 37, 30
3, 1560, Note_on_c, 9, 42, 60
3, 1585, Note_on_c, 9, 42, 0
3, 1585, Note_on_c, 9, 37, 0
3, 1620, Note_on_c, 9, 37, 70
3, 1645, Note_on_c, 9, 37, 0
3, 1680, Note_on_c, 9, 35, 60
3, 1680, Note_on_c, 9, 37, 30
3, 1705, Note_on_c, 9, 37, 0
3, 1705, Note_on_c, 9, 35, 0
3, 1740, Note_on_c, 9, 37, 30
3, 1765, Note_on_c, 9, 37, 0
3, 1800, Note_on_c, 9, 37, 80
3, 1800, Note_on_c, 9, 42, 60
3, 1825, Note_on_c, 9, 42, 0
3, 1825, Note_on_c, 9, 37, 0
3, 1860, Note_on_c, 9, 37, 110
3, 1860, Note_on_c, 9, 42, 30
3, 1885, Note_on_c, 9, 42, 0
3, 1885, Note_on_c, 9, 37, 0
3, 1920, Note_on_c, 9, 35, 60
3, 1920, Note_on_c, 9, 37, 30
3, 1945, Note_on_c, 9, 37, 0
3, 1945, Note_on_c, 9, 35, 0
3, 1980, Note_on_c, 9, 37, 30
3, 2005, Note_on_c, 9, 37, 0
3, 2040, Note_on_c, 9, 37, 90
3, 2040, Note_on_c, 9, 42, 60
3, 2065, Note_on_c, 9, 42, 0
3, 2065, Note_on_c, 9, 37, 0
3, 2100, Note_on_c, 9, 37, 30
3, 2125, Note_on_c, 9, 37, 0
3, 2160, Note_on_c, 9, 35, 60
3, 2160, Note_on_c, 9, 37, 30
3, 2185, Note_on_c, 9, 37, 0
3, 2185, Note_on_c, 9, 35, 0
3, 2220, Note_on_c, 9, 37, 90
3, 2245, Note_on_c, 9, 37, 0
3, 2280, Note_on_c, 9, 37, 30
3, 2280, Note_on_c, 9, 42, 60
3, 2305, Note_on_c, 9, 42, 0
3, 2305, Note_on_c, 9, 37, 0
3, 2340, Note_on_c, 9, 37, 30
3, 2365, Note_on_c, 9, 37, 0
3, 2400, Note_on_c, 9, 35, 60
3, 2400, Note_on_c, 9, 37, 70
3, 2425, Note_on_c, 9, 37, 0
3, 2425, Note_on_c, 9, 35, 0
3, 2460, Note_on_c, 9, 37, 30
3, 2485, Note_on_c, 9, 37, 0
3, 2520, Note_on_c, 9, 37, 30
3, 2520, Note_on_c, 9, 42, 60
3, 2545, Note_on_c, 9, 42, 0
3, 2545, Note_on_c, 9, 37, 0
3, 2580, Note_on_c, 9, 37, 70
3, 2605, Note_on_c, 9, 37, 0
3, 2640, Note_on_c, 9, 35, 60
3, 2640, Note_on_c, 9, 37, 30
3, 2665, Note_on_c, 9, 37, 0
3, 2665, Note_on_c, 9, 35, 0
3, 2700, Note_on_c, 9, 37, 30
3, 2725, Note_on_c, 9, 37, 0
3, 2760, Note_on_c, 9, 37, 80
3, 2760, Note_on_c, 9, 42, 60
3, 2785, Note_on_c, 9, 42, 0
3, 2785, Note_on_c, 9, 37, 0
3, 2820, Note_on_c, 9, 37, 110
3, 2820, Note_on_c, 9, 42, 30
3, 2845, Note_on_c, 9, 42, 0
3, 2845, Note_on_c, 9, 37, 0
3, 2880, Note_on_c, 9, 35, 60
3, 2880, Note_on_c, 9, 37, 30
3, 2905, Note_on_c, 9, 37, 0
3, 2905, Note_on_c, 9, 35, 0
3, 2940, Note_on_c, 9, 37, 30
3, 2965, Note_on_c, 9, 37, 0
3, 3000, Note_on_c, 9, 37, 90
3, 3000, Note_on_c, 9, 42, 60
3, 3025, Note_on_c, 9, 42, 0
3, 3025, Note_on_c, 9, 37, 0
3, 3060, Note_on_c, 9, 37, 30
3, 3085, Note_on_c, 9, 37, 0
3, 3120, Note_on_c, 9, 35, 60
3, 3120, Note_on_c, 9, 37, 30
3, 3145, Note_on_c, 9, 37, 0
3, 3145, Note_on_c, 9, 35, 0
3, 3180, Note_on_c, 9, 37, 90
3, 3205, Note_on_c, 9, 37, 0
3, 3240, Note_on_c, 9, 37, 30
3, 3240, Note_on_c, 9, 42, 60
3, 3265, Note_on_c, 9, 42, 0
3, 3265, Note_on_c, 9, 37, 0
3, 3300, Note_on_c, 9, 37, 30
3, 3325, Note_on_c, 9, 37, 0
3, 3360, Note_on_c, 9, 35, 60
3, 3360, Note_on_c, 9, 37, 70
3, 3385, Note_on_c, 9, 37, 0
3, 3385, Note_on_c, 9, 35, 0
3, 3420, Note_on_c, 9, 37, 30
3, 3445, Note_on_c, 9, 37, 0
3, 3480, Note_on_c, 9, 37, 30
3, 3480, Note_on_c, 9, 42, 60
3, 3505, Note_on_c, 9, 42, 0
3, 3505, Note_on_c, 9, 37, 0
3, 3540, Note_on_c, 9, 37, 70
3, 3565, Note_on_c, 9, 37, 0
3, 3600, Note_on_c, 9, 35, 60
3, 3600, Note_on_c, 9, 37, 30
3, 3625, Note_on_c, 9, 37, 0
3, 3625, Note_on_c, 9, 35, 0
3, 3660, Note_on_c, 9, 37, 30
3, 3685, Note_on_c, 9, 37, 0
3, 3720, Note_on_c, 9, 37, 80
3, 3720, Note_on_c, 9, 42, 60
3, 3745, Note_on_c, 9, 42, 0
3, 3745, Note_on_c, 9, 37, 0
3, 3780, Note_on_c, 9, 37, 110
3, 3780, Note_on_c, 9, 42, 30
3, 3805, Note_on_c, 9, 42, 0
3, 3805, Note_on_c, 9, 37, 0
3, 3840, Note_on_c, 9, 35, 60
3, 3840, Note_on_c, 9, 37, 70
3, 3865, Note_on_c, 9, 37, 0
3, 3865, Note_on_c, 9, 35, 0
3, 3900, Note_on_c, 9, 37, 30
3, 3925, Note_on_c, 9, 37, 0
3, 3960, Note_on_c, 9, 37, 30
3, 3960, Note_on_c, 9, 42, 60
3, 3985, Note_on_c, 9, 42, 0
3, 3985, Note_on_c, 9, 37, 0
3, 4020, Note_on_c, 9, 37, 70
3, 4020, Note_on_c, 9, 38, 50
3, 4020, Note_on_c, 9, 42, 110
3, 4045, Note_on_c, 9, 42, 0
3, 4045, Note_on_c, 9, 38, 0
3, 4045, Note_on_c, 9, 37, 0
3, 4080, Note_on_c, 9, 35, 60
3, 4080, Note_on_c, 9, 37, 30
3, 4105, Note_on_c, 9, 37, 0
3, 4105, Note_on_c, 9, 35, 0
3, 4140, Note_on_c, 9, 37, 30
3, 4140, Note_on_c, 9, 38, 50
3, 4165, Note_on_c, 9, 38, 0
3, 4165, Note_on_c, 9, 37, 0
3, 4200, Note_on_c, 9, 37, 80
3, 4200, Note_on_c, 9, 42, 60
3, 4225, Note_on_c, 9, 42, 0
3, 4225, Note_on_c, 9, 37, 0
3, 4260, Note_on_c, 9, 37, 50
3, 4260, Note_on_c, 9, 38, 30
3, 4285, Note_on_c, 9, 38, 0
3, 4285, Note_on_c, 9, 37, 0
3, 4320, Note_on_c, 9, 35, 70
3, 4320, Note_on_c, 9, 37, 70
3, 4320, Note_on_c, 9, 38, 60
3, 4320, Note_on_c, 9, 49, 50
3, 4345, Note_on_c, 9, 49, 0
3, 4345, Note_on_c, 9, 35, 0
3, 4345, Note_on_c, 9, 37, 0
3, 4345, Note_on_c, 9, 38, 0
3, 4380, Note_on_c, 9, 37, 30
3, 4380, Note_on_c, 9, 51, 40
3, 4405, Note_on_c, 9, 51, 0
3, 4405, Note_on_c, 9, 37, 0
3, 4440, Note_on_c, 9, 37, 30
3, 4440, Note_on_c, 9, 42, 60
3, 4440, Note_on_c, 9, 51, 40
3, 4465, Note_on_c, 9, 51, 0
3, 4465, Note_on_c, 9, 42, 0
3, 4465, Note_on_c, 9, 37, 0
3, 4500, Note_on_c, 9, 37, 70
3, 4500, Note_on_c, 9, 51, 70
3, 4525, Note_on_c, 9, 51, 0
3, 4525, Note_on_c, 9, 37, 0
3, 4560, Note_on_c, 9, 35, 70
3, 4560, Note_on_c, 9, 37, 30
3, 4560, Note_on_c, 9, 51, 40
3, 4585, Note_on_c, 9, 51, 0
3, 4585, Note_on_c, 9, 37, 0
3, 4585, Note_on_c, 9, 35, 0
3, 4620, Note_on_c, 9, 37, 30
3, 4620, Note_on_c, 9, 51, 40
3, 4645, Note_on_c, 9, 51, 0
3, 4645, Note_on_c, 9, 37, 0
3, 4680, Note_on_c, 9, 37, 80
3, 4680, Note_on_c, 9, 42, 60
3, 4680, Note_on_c, 9, 51, 70
3, 4705, Note_on_c, 9, 51, 0
3, 4705, Note_on_c, 9, 42, 0
3, 4705, Note_on_c, 9, 37, 0
3, 4740, Note_on_c, 9, 37, 110
3, 4740, Note_on_c, 9, 42, 30
3, 4765, Note_on_c, 9, 42, 0
3, 4765, Note_on_c, 9, 37, 0
3, 4800, Note_on_c, 9, 35, 60
3, 4800, Note_on_c, 9, 37, 70
3, 4825, Note_on_c, 9, 37, 0
3, 4825, Note_on_c, 9, 35, 0
3, 4860, Note_on_c, 9, 37, 30
3, 4885, Note_on_c, 9, 37, 0
3, 4920, Note_on_c, 9, 37, 30
3, 4920, Note_on_c, 9, 42, 60
3, 4945, Note_on_c, 9, 42, 0
3, 4945, Note_on_c, 9, 37, 0
3, 4980, Note_on_c, 9, 37, 70
3, 4980, Note_on_c, 9, 38, 50
3, 5005, Note_on_c, 9, 38, 0
3, 5005, Note_on_c, 9, 37, 0
3, 5040, Note_on_c, 9, 35, 60
3, 5040, Note_on_c, 9, 37, 30
3, 5065, Note_on_c, 9, 37, 0
3, 5065, Note_on_c, 9, 35, 0
3, 5100, Note_on_c, 9, 37, 30
3, 5100, Note_on_c, 9, 38, 40
3, 5125, Note_on_c, 9, 38, 0
3, 5125, Note_on_c, 9, 37, 0
3, 5160, Note_on_c, 9, 37, 80
3, 5160, Note_on_c, 9, 38, 50
3, 5160, Note_on_c, 9, 42, 60
3, 5185, Note_on_c, 9, 42, 0
3, 5185, Note_on_c, 9, 38, 0
3, 5185, Note_on_c, 9, 37, 0
3, 5190, Note_on_c, 9, 38, 30
3, 5215, Note_on_c, 9, 38, 0
3, 5220, Note_on_c, 9, 37, 50
3, 5220, Note_on_c, 9, 38, 30
3, 5245, Note_on_c, 9, 38, 0
3, 5245, Note_on_c, 9, 37, 0
3, 5280, Note_on_c, 9, 35, 70
3, 5280, Note_on_c, 9, 37, 70
3, 5280, Note_on_c, 9, 38, 60
3, 5280, Note_on_c, 9, 49, 50
3, 5305, Note_on_c, 9, 49, 0
3, 5305, Note_on_c, 9, 35, 0
3, 5305, Note_on_c, 9, 37, 0
3, 5305, Note_on_c, 9, 38, 0
3, 5340, Note_on_c, 9, 37, 30
3, 5340, Note_on_c, 9, 51, 40
3, 5365, Note_on_c, 9, 51, 0
3, 5365, Note_on_c, 9, 37, 0
3, 5400, Note_on_c, 9, 37, 30
3, 5400, Note_on_c, 9, 42, 60
3, 5400, Note_on_c, 9, 51, 40
3, 5425, Note_on_c, 9, 51, 0
3, 5425, Note_on_c, 9, 42, 0
3, 5425, Note_on_c, 9, 37, 0
3, 5460, Note_on_c, 9, 37, 70
3, 5460, Note_on_c, 9, 51, 70
3, 5485, Note_on_c, 9, 51, 0
3, 5485, Note_on_c, 9, 37, 0
3, 5520, Note_on_c, 9, 35, 70
3, 5520, Note_on_c, 9, 37, 30
3, 5520, Note_on_c, 9, 51, 40
3, 5545, Note_on_c, 9, 51, 0
3, 5545, Note_on_c, 9, 37, 0
3, 5545, Note_on_c, 9, 35, 0
3, 5580, Note_on_c, 9, 37, 30
3, 5580, Note_on_c, 9, 51, 40
3, 5605, Note_on_c, 9, 51, 0
3, 5605, Note_on_c, 9, 37, 0
3, 5640, Note_on_c, 9, 37, 80
3, 5640, Note_on_c, 9, 42, 60
3, 5640, Note_on_c, 9, 51, 70
3, 5665, Note_on_c, 9, 51, 0
3, 5665, Note_on_c, 9, 42, 0
3, 5665, Note_on_c, 9, 37, 0
3, 5700, Note_on_c, 9, 37, 110
3, 5700, Note_on_c, 9, 42, 30
3, 5725, Note_on_c, 9, 42, 0
3, 5725, Note_on_c, 9, 37, 0
3, 5760, Note_on_c, 9, 35, 70
3, 5760, Note_on_c, 9, 37, 30
3, 5760, Note_on_c, 9, 51, 40
3, 5785, Note_on_c, 9, 51, 0
3, 5785, Note_on_c, 9, 37, 0
3, 5785, Note_on_c, 9, 35, 0
3, 5820, Note_on_c, 9, 37, 30
3, 5820, Note_on_c, 9, 51, 40
3, 5845, Note_on_c, 9, 51, 0
3, 5845, Note_on_c, 9, 37, 0
3, 5880, Note_on_c, 9, 37, 90
3, 5880, Note_on_c, 9, 42, 60
3, 5880, Note_on_c, 9, 51, 70
3, 5905, Note_on_c, 9, 51, 0
3, 5905, Note_on_c, 9, 42, 0
3, 5905, Note_on_c, 9, 37, 0
3, 5940, Note_on_c, 9, 37, 30
3, 5940, Note_on_c, 9, 51, 40
3, 5965, Note_on_c, 9, 51, 0
3, 5965, Note_on_c, 9, 37, 0
3, 6000, Note_on_c, 9, 35, 70
3, 6000, Note_on_c, 9, 37, 30
3, 6000, Note_on_c, 9, 51, 40
3, 6025, Note_on_c, 9, 51, 0
3, 6025, Note_on_c, 9, 37, 0
3, 6025, Note_on_c, 9, 35, 0
3, 6060, Note_on_c, 9, 37, 90
3, 6060, Note_on_c, 9, 51, 70
3, 6085, Note_on_c, 9, 51, 0
3, 6085, Note_on_c, 9, 37, 0
3, 6120, Note_on_c, 9, 37, 30
3, 6120, Note_on_c, 9, 42, 60
3, 6120, Note_on_c, 9, 51, 40
3, 6145, Note_on_c, 9, 51, 0
3, 6145, Note_on_c, 9, 42, 0
3, 6145, Note_on_c, 9, 37, 0
3, 6180, Note_on_c, 9, 37, 30
3, 6180, Note_on_c, 9, 51, 40
3, 6205, Note_on_c, 9, 51, 0
3, 6205, Note_on_c, 9, 37, 0
3, 6240, Note_on_c, 9, 35, 70
3, 6240, Note_on_c, 9, 37, 70
3, 6240, Note_on_c, 9, 51, 70
3, 6265, Note_on_c, 9, 51, 0
3, 6265, Note_on_c, 9, 37, 0
3, 6265, Note_on_c, 9, 35, 0
3, 6300, Note_on_c, 9, 37, 30
3, 6300, Note_on_c, 9, 51, 40
3, 6325, Note_on_c, 9, 51, 0
3, 6325, Note_on_c, 9, 37, 0
3, 6360, Note_on_c, 9, 37, 30
3, 6360, Note_on_c, 9, 42, 60
3, 6360, Note_on_c, 9, 51, 40
3, 6385, Note_on_c, 9, 51, 0
3, 6385, Note_on_c, 9, 42, 0
3, 6385, Note_on_c, 9, 37, 0
3, 6420, Note_on_c, 9, 37, 70
3, 6420, Note_on_c, 9, 51, 70
3, 6445, Note_on_c, 9, 51, 0
3, 6445, Note_on_c, 9, 37, 0
3, 6480, Note_on_c, 9, 35, 70
3, 6480, Note_on_c, 9, 37, 30
3, 6480, Note_on_c, 9, 51, 40
3, 6505, Note_on_c, 9, 51, 0
3, 6505, Note_on_c, 9, 37, 0
3, 6505, Note_on_c, 9, 35, 0
3, 6540, Note_on_c, 9, 37, 30
3, 6540, Note_on_c, 9, 51, 40
3, 6565, Note_on_c, 9, 51, 0
3, 6565, Note_on_c, 9, 37, 0
3, 6600, Note_on_c, 9, 37, 80
3, 6600, Note_on_c, 9, 42, 60
3, 6600, Note_on_c, 9, 51, 70
3, 6625, Note_on_c, 9, 51, 0
3, 6625, Note_on_c, 9, 42, 0
3, 6625, Note_on_c, 9, 37, 0
3, 6660, Note_on_c, 9, 37, 110
3, 6660, Note_on_c, 9, 42, 30
3, 6685, Note_on_c, 9, 42, 0
3, 6685, Note_on_c, 9, 37, 0
3, 6720, Note_on_c, 9, 35, 70
3, 6720, Note_on_c, 9, 37, 30
3, 6720, Note_on_c, 9, 51, 40
3, 6745, Note_on_c, 9, 51, 0
3, 6745, Note_on_c, 9, 37, 0
3, 6745, Note_on_c, 9, 35, 0
3, 6780, Note_on_c, 9, 37, 30
3, 6780, Note_on_c, 9, 51, 40
3, 6805, Note_on_c, 9, 51, 0
3, 6805, Note_on_c, 9, 37, 0
3, 6840, Note_on_c, 9, 37, 90
3, 6840, Note_on_c, 9, 42, 60
3, 6840, Note_on_c, 9, 51, 70
3, 6865, Note_on_c, 9, 51, 0
3, 6865, Note_on_c, 9, 42, 0
3, 6865, Note_on_c, 9, 37, 0
3, 6900, Note_on_c, 9, 37, 30
3, 6900, Note_on_c, 9, 51, 40
3, 6925, Note_on_c, 9, 51, 0
3, 6925, Note_on_c, 9, 37, 0
3, 6960, Note_on_c, 9, 35, 70
3, 6960, Note_on_c, 9, 37, 30
3, 6960, Note_on_c, 9, 51, 40
3, 6985, Note_on_c, 9, 51, 0
3, 6985, Note_on_c, 9, 37, 0
3, 6985, Note_on_c, 9, 35, 0
3, 7020, Note_on_c, 9, 37, 90
3, 7020, Note_on_c, 9, 51, 70
3, 7045, Note_on_c, 9, 51, 0
3, 7045, Note_on_c, 9, 37, 0
3, 7080, Note_on_c, 9, 37, 30
3, 7080, Note_on_c, 9, 42, 60
3, 7080, Note_on_c, 9, 51, 40
3, 7105, Note_on_c, 9, 51, 0
3, 7105, Note_on_c, 9, 42, 0
3, 7105, Note_on_c, 9, 37, 0
3, 7140, Note_on_c, 9, 37, 30
3, 7140, Note_on_c, 9, 51, 40
3, 7165, Note_on_c, 9, 51, 0
3, 7165, Note_on_c, 9, 37, 0
3, 7200, Note_on_c, 9, 35, 70
3, 7200, Note_on_c, 9, 37, 70
3, 7200, Note_on_c, 9, 51, 70
3, 7225, Note_on_c, 9, 51, 0
3, 7225, Note_on_c, 9, 37, 0
3, 7225, Note_on_c, 9, 35, 0
3, 7260, Note_on_c, 9, 37, 30
3, 7260, Note_on_c, 9, 51, 40
3, 7285, Note_on_c, 9, 51, 0
3, 7285, Note_on_c, 9, 37, 0
3, 7320, Note_on_c, 9, 37, 30
3, 7320, Note_on_c, 9, 42, 60
3, 7320, Note_on_c, 9, 51, 40
3, 7345, Note_on_c, 9, 51, 0
3, 7345, Note_on_c, 9, 42, 0
3, 7345, Note_on_c, 9, 37, 0
3, 7380, Note_on_c, 9, 37, 70
3, 7380, Note_on_c, 9, 51, 70
3, 7405, Note_on_c, 9, 51, 0
3, 7405, Note_on_c, 9, 37, 0
3, 7440, Note_on_c, 9, 35, 70
3, 7440, Note_on_c, 9, 37, 30
3, 7440, Note_on_c, 9, 51, 40
3, 7465, Note_on_c, 9, 51, 0
3, 7465, Note_on_c, 9, 37, 0
3, 7465, Note_on_c, 9, 35, 0
3, 7500, Note_on_c, 9, 37, 30
3, 7500, Note_on_c, 9, 51, 40
3, 7525, Note_on_c, 9, 51, 0
3, 7525, Note_on_c, 9, 37, 0
3, 7560, Note_on_c, 9, 37, 80
3, 7560, Note_on_c, 9, 42, 60
3, 7560, Note_on_c, 9, 51, 70
3, 7585, Note_on_c, 9, 51, 0
3, 7585, Note_on_c, 9, 42, 0
3, 7585, Note_on_c, 9, 37, 0
3, 7620, Note_on_c, 9, 37, 110
3, 7620, Note_on_c, 9, 42, 30
3, 7645, Note_on_c, 9, 42, 0
3, 7645, Note_on_c, 9, 37, 0
3, 7680, Note_on_c, 9, 35, 60
3, 7680, Note_on_c, 9, 37, 70
3, 7705, Note_on_c, 9, 37, 0
3, 7705, Note_on_c, 9, 35, 0
3, 7740, Note_on_c, 9, 37, 30
3, 7765, Note_on_c, 9, 37, 0
3, 7800, Note_on_c, 9, 37, 30
3, 7800, Note_on_c, 9, 42, 60
3, 7825, Note_on_c, 9, 42, 0
3, 7825, Note_on_c, 9, 37, 0
3, 7860, Note_on_c, 9, 37, 70
3, 7860, Note_on_c, 9, 38, 50
3, 7860, Note_on_c, 9, 42, 110
3, 7885, Note_on_c, 9, 42, 0
3, 7885, Note_on_c, 9, 38, 0
3, 7885, Note_on_c, 9, 37, 0
3, 7920, Note_on_c, 9, 35, 60
3, 7920, Note_on_c, 9, 37, 30
3, 7945, Note_on_c, 9, 37, 0
3, 7945, Note_on_c, 9, 35, 0
3, 7980, Note_on_c, 9, 37, 30
3, 7980, Note_on_c, 9, 38, 40
3, 8005, Note_on_c, 9, 38, 0
3, 8005, Note_on_c, 9, 37, 0
3, 8040, Note_on_c, 9, 37, 80
3, 8040, Note_on_c, 9, 38, 50
3, 8040, Note_on_c, 9, 42, 60
3, 8065, Note_on_c, 9, 42, 0
3, 8065, Note_on_c, 9, 38, 0
3, 8065, Note_on_c, 9, 37, 0
3, 8070, Note_on_c, 9, 38, 30
3, 8095, Note_on_c, 9, 38, 0
3, 8100, Note_on_c, 9, 37, 50
3, 8100, Note_on_c, 9, 38, 30
3, 8125, Note_on_c, 9, 38, 0
3, 8125, Note_on_c, 9, 37, 0
3, 8160, Note_on_c, 9, 35, 60
3, 8160, Note_on_c, 9, 37, 70
3, 8185, Note_on_c, 9, 37, 0
3, 8185, Note_on_c, 9, 35, 0
3, 8220, Note_on_c, 9, 37, 30
3, 8245, Note_on_c, 9, 37, 0
3, 8280, Note_on_c, 9, 37, 30
3, 8280, Note_on_c, 9, 42, 60
3, 8305, Note_on_c, 9, 42, 0
3, 8305, Note_on_c, 9, 37, 0
3, 8340, Note_on_c, 9, 37, 70
3, 8365, Note_on_c, 9, 37, 0
3, 8400, Note_on_c, 9, 35, 60
3, 8400, Note_on_c, 9, 37, 30
3, 8425, Note_on_c, 9, 37, 0
3, 8425, Note_on_c, 9, 35, 0
3, 8460, Note_on_c, 9, 37, 30
3, 8485, Note_on_c, 9, 37, 0
3, 8520, Note_on_c, 9, 37, 80
3, 8520, Note_on_c, 9, 42, 60
3, 8545, Note_on_c, 9, 42, 0
3, 8545, Note_on_c, 9, 37, 0
3, 8580, Note_on_c, 9, 37, 110
3, 8580, Note_on_c, 9, 42, 30
3, 8605, Note_on_c, 9, 42, 0
3, 8605, Note_on_c, 9, 37, 0
3, 8640, Note_on_c, 9, 35, 60
3, 8640, Note_on_c, 9, 37, 70
3, 8665, Note_on_c, 9, 37, 0
3, 8665, Note_on_c, 9, 35, 0
3, 8700, Note_on_c, 9, 37, 30
3, 8725, Note_on_c, 9, 37, 0
3, 8760, Note_on_c, 9, 37, 30
3, 8760, Note_on_c, 9, 42, 60
3, 8785, Note_on_c, 9, 42, 0
3, 8785, Note_on_c, 9, 37, 0
3, 8820, Note_on_c, 9, 37, 70
3, 8820, Note_on_c, 9, 38, 50
3, 8845, Note_on_c, 9, 38, 0
3, 8845, Note_on_c, 9, 37, 0
3, 8880, Note_on_c, 9, 35, 60
3, 8880, Note_on_c, 9, 37, 30
3, 8905, Note_on_c, 9, 37, 0
3, 8905, Note_on_c, 9, 35, 0
3, 8940, Note_on_c, 9, 37, 30
3, 8940, Note_on_c, 9, 38, 50
3, 8965, Note_on_c, 9, 38, 0
3, 8965, Note_on_c, 9, 37, 0
3, 9000, Note_on_c, 9, 37, 80
3, 9000, Note_on_c, 9, 42, 60
3, 9025, Note_on_c, 9, 42, 0
3, 9025, Note_on_c, 9, 37, 0
3, 9060, Note_on_c, 9, 37, 50
3, 9060, Note_on_c, 9, 38, 30
3, 9085, Note_on_c, 9, 38, 0
3, 9085, Note_on_c, 9, 37, 0
3, 9120, Note_on_c, 9, 35, 60
3, 9120, Note_on_c, 9, 37, 70
3, 9145, Note_on_c, 9, 37, 0
3, 9145, Note_on_c, 9, 35, 0
3, 9180, Note_on_c, 9, 37, 30
3, 9205, Note_on_c, 9, 37, 0
3, 9240, Note_on_c, 9, 37, 30
3, 9240, Note_on_c, 9, 42, 60
3, 9265, Note_on_c, 9, 42, 0
3, 9265, Note_on_c, 9, 37, 0
3, 9300, Note_on_c, 9, 37, 70
3, 9325, Note_on_c, 9, 37, 0
3, 9360, Note_on_c, 9, 35, 60
3, 9360, Note_on_c, 9, 37, 30
3, 9385, Note_on_c, 9, 37, 0
3, 9385, Note_on_c, 9, 35, 0
3, 9420, Note_on_c, 9, 37, 30
3, 9445, Note_on_c, 9, 37, 0
3, 9480, Note_on_c, 9, 37, 80
3, 9480, Note_on_c, 9, 42, 60
3, 9505, Note_on_c, 9, 42, 0
3, 9505, Note_on_c, 9, 37, 0
3, 9540, Note_on_c, 9, 37, 110
3, 9540, Note_on_c, 9, 42, 30
3, 9565, Note_on_c, 9, 42, 0
3, 9565, Note_on_c, 9, 37, 0
3, 9600, Note_on_c, 9, 35, 60
3, 9600, Note_on_c, 9, 37, 30
3, 9625, Note_on_c, 9, 37, 0
3, 9625, Note_on_c, 9, 35, 0
3, 9660, Note_on_c, 9, 37, 30
3, 9685, Note_on_c, 9, 37, 0
3, 9720, Note_on_c, 9, 37, 90
3, 9720, Note_on_c, 9, 42, 60
3, 9745, Note_on_c, 9, 42, 0
3, 9745, Note_on_c, 9, 37, 0
3, 9780, Note_on_c, 9, 37, 30
3, 9805, Note_on_c, 9, 37, 0
3, 9840, Note_on_c, 9, 35, 60
3, 9840, Note_on_c, 9, 37, 30
3, 9865, Note_on_c, 9, 37, 0
3, 9865, Note_on_c, 9, 35, 0
3, 9900, Note_on_c, 9, 37, 90
3, 9925, Note_on_c, 9, 37, 0
3, 9960, Note_on_c, 9, 37, 30
3, 9960, Note_on_c, 9, 42, 60
3, 9985, Note_on_c, 9, 42, 0
3, 9985, Note_on_c, 9, 37, 0
3, 10020, Note_on_c, 9, 37, 30
3, 10045, Note_on_c, 9, 37, 0
3, 10080, Note_on_c, 9, 35, 60
3, 10080, Note_on_c, 9, 37, 70
3, 10105, Note_on_c, 9, 37, 0
3, 10105, Note_on_c, 9, 35, 0
3, 10140, Note_on_c, 9, 37, 30
3, 10165, Note_on_c, 9, 37, 0
3, 10200, Note_on_c, 9, 37, 30
3, 10200, Note_on_c, 9, 42, 60
3, 10225, Note_on_c, 9, 42, 0
3, 10225, Note_on_c, 9, 37, 0
3, 10260, Note_on_c, 9, 37, 70
3, 10285, Note_on_c, 9, 37, 0
3, 10320, Note_on_c, 9, 35, 60
3, 10320, Note_on_c, 9, 37, 30
3, 10345, Note_on_c, 9, 37, 0
3, 10345, Note_on_c, 9, 35, 0
3, 10380, Note_on_c, 9, 37, 30
3, 10405, Note_on_c, 9, 37, 0
3, 10440, Note_on_c, 9, 37, 80
3, 10440, Note_on_c, 9, 42, 60
3, 10465, Note_on_c, 9, 42, 0
3, 10465, Note_on_c, 9, 37, 0
3, 10500, Note_on_c, 9, 37, 110
3, 10500, Note_on_c, 9, 42, 30
3, 10525, Note_on_c, 9, 42, 0
3, 10525, Note_on_c, 9, 37, 0
3, 10560, Note_on_c, 9, 35, 60
3, 10560, Note_on_c, 9, 37, 30
3, 10585, Note_on_c, 9, 37, 0
3, 10585, Note_on_c, 9, 35, 0
3, 10620, Note_on_c, 9, 37, 30
3, 10645, Note_on_c, 9, 37, 0
3, 10680, Note_on_c, 9, 37, 90
3, 10680, Note_on_c, 9, 42, 60
3, 10705, Note_on_c, 9, 42, 0
3, 10705, Note_on_c, 9, 37, 0
3, 10740, Note_on_c, 9, 37, 30
3, 10765, Note_on_c, 9, 37, 0
3, 10800, Note_on_c, 9, 35, 60
3, 10800, Note_on_c, 9, 37, 30
3, 10825, Note_on_c, 9, 37, 0
3, 10825, Note_on_c, 9, 35, 0
3, 10860, Note_on_c, 9, 37, 90
3, 10885, Note_on_c, 9, 37, 0
3, 10920, Note_on_c, 9, 37, 30
3, 10920, Note_on_c, 9, 42, 60
3, 10945, Note_on_c, 9, 42, 0
3, 10945, Note_on_c, 9, 37, 0
3, 10980, Note_on_c, 9, 37, 30
3, 11005, Note_on_c, 9, 37, 0
3, 11040, Note_on_c, 9, 35, 60
3, 11040, Note_on_c, 9, 37, 70
3, 11065, Note_on_c, 9, 37, 0
3, 11065, Note_on_c, 9, 35, 0
3, 11100, Note_on_c, 9, 37, 30
3, 11125, Note_on_c, 9, 37, 0
3, 11160, Note_on_c, 9, 37, 30
3, 11160, Note_on_c, 9, 42, 60
3, 11185, Note_on_c, 9, 42, 0
3, 11185, Note_on_c, 9, 37, 0
3, 11220, Note_on_c, 9, 37, 70
3, 11245, Note_on_c, 9, 37, 0
3, 11280, Note_on_c, 9, 35, 60
3, 11280, Note_on_c, 9, 37, 30
3, 11305, Note_on_c, 9, 37, 0
3, 11305, Note_on_c, 9, 35, 0
3, 11340, Note_on_c, 9, 37, 30
3, 11365, Note_on_c, 9, 37, 0
3, 11400, Note_on_c, 9, 37, 80
3, 11400, Note_on_c, 9, 42, 60
3, 11425, Note_on_c, 9, 42, 0
3, 11425, Note_on_c, 9, 37, 0
3, 11460, Note_on_c, 9, 37, 110
3, 11460, Note_on_c, 9, 42, 30
3, 11485, Note_on_c, 9, 42, 0
3, 11485, Note_on_c, 9, 37, 0
3, 11520, Note_on_c, 9, 35, 60
3, 11520, Note_on_c, 9, 37, 70
3, 11545, Note_on_c, 9, 37, 0
3, 11545, Note_on_c, 9, 35, 0
3, 11580, Note_on_c, 9, 37, 30
3, 11605, Note_on_c, 9, 37, 0
3, 11640, Note_on_c, 9, 37, 30
3, 11640, Note_on_c, 9, 42, 60
3, 11665, Note_on_c, 9, 42, 0
3, 11665, Note_on_c, 9, 37, 0
3, 11700, Note_on_c, 9, 37, 70
3, 11700, Note_on_c, 9, 38, 50
3, 11700, Note_on_c, 9, 42, 110
3, 11725, Note_on_c, 9, 42, 0
3, 11725, Note_on_c, 9, 38, 0
3, 11725, Note_on_c, 9, 37, 0
3, 11760, Note_on_c, 9, 35, 60
3, 11760, Note_on_c, 9, 37, 30
3, 11785, Note_on_c, 9, 37, 0
3, 11785, Note_on_c, 9, 35, 0
3, 11820, Note_on_c, 9, 37, 30
3, 11820, Note_on_c, 9, 38, 50
3, 11845, Note_on_c, 9, 38, 0
3, 11845, Note_on_c, 9, 37, 0
3, 11880, Note_on_c, 9, 37, 80
3, 11880, Note_on_c, 9, 42, 60
3, 11905, Note_on_c, 9, 42, 0
3, 11905, Note_on_c, 9, 37, 0
3, 11940, Note_on_c, 9, 37, 50
3, 11940, Note_on_c, 9, 38, 30
3, 11965, Note_on_c, 9, 38, 0
3, 11965, Note_on_c, 9, 37, 0
3, 12000, Note_on_c, 9, 35, 70
3, 12000, Note_on_c, 9, 37, 70
3, 12000, Note_on_c, 9, 38, 60
3, 12000, Note_on_c, 9, 51, 70
3, 12025, Note_on_c, 9, 51, 0
3, 12025, Note_on_c, 9, 35, 0
3, 12025, Note_on_c, 9, 37, 0
3, 12025, Note_on_c, 9, 38, 0
3, 12060, Note_on_c, 9, 37, 30
3, 12060, Note_on_c, 9, 51, 40
3, 12085, Note_on_c, 9, 51, 0
3, 12085, Note_on_c, 9, 37, 0
3, 12120, Note_on_c, 9, 37, 30
3, 12120, Note_on_c, 9, 42, 60
3, 12120, Note_on_c, 9, 51, 40
3, 12145, Note_on_c, 9, 51, 0
3, 12145, Note_on_c, 9, 42, 0
3, 12145, Note_on_c, 9, 37, 0
3, 12180, Note_on_c, 9, 37, 70
3, 12180, Note_on_c, 9, 38, 60
3, 12180, Note_on_c, 9, 51, 70
3, 12205, Note_on_c, 9, 51, 0
3, 12205, Note_on_c, 9, 38, 0
3, 12205, Note_on_c, 9, 37, 0
3, 12240, Note_on_c, 9, 35, 70
3, 12240, Note_on_c, 9, 37, 30
3, 12240, Note_on_c, 9, 51, 40
3, 12265, Note_on_c, 9, 51, 0
3, 12265, Note_on_c, 9, 37, 0
3, 12265, Note_on_c, 9, 35, 0
3, 12300, Note_on_c, 9, 37, 30
3, 12300, Note_on_c, 9, 38, 60
3, 12300, Note_on_c, 9, 51, 40
3, 12325, Note_on_c, 9, 51, 0
3, 12325, Note_on_c, 9, 38, 0
3, 12325, Note_on_c, 9, 37, 0
3, 12360, Note_on_c, 9, 37, 80
3, 12360, Note_on_c, 9, 42, 60
3, 12360, Note_on_c, 9, 51, 70
3, 12385, Note_on_c, 9, 51, 0
3, 12385, Note_on_c, 9, 42, 0
3, 12385, Note_on_c, 9, 37, 0
3, 12420, Note_on_c, 9, 37, 60
3, 12420, Note_on_c, 9, 38, 30
3, 12445, Note_on_c, 9, 38, 0
3, 12445, Note_on_c, 9, 37, 0
3, 12480, Note_on_c, 9, 35, 60
3, 12480, Note_on_c, 9, 37, 30
3, 12480, Note_on_c, 9, 38, 60
3, 12480, Note_on_c, 9, 51, 40
3, 12505, Note_on_c, 9, 51, 0
3, 12505, Note_on_c, 9, 35, 0
3, 12505, Note_on_c, 9, 37, 0
3, 12505, Note_on_c, 9, 38, 0
3, 12540, Note_on_c, 9, 37, 30
3, 12540, Note_on_c, 9, 38, 60
3, 12540, Note_on_c, 9, 51, 40
3, 12565, Note_on_c, 9, 51, 0
3, 12565, Note_on_c, 9, 38, 0
3, 12565, Note_on_c, 9, 37, 0
3, 12600, Note_on_c, 9, 37, 90
3, 12600, Note_on_c, 9, 42, 60
3, 12600, Note_on_c, 9, 51, 70
3, 12625, Note_on_c, 9, 51, 0
3, 12625, Note_on_c, 9, 42, 0
3, 12625, Note_on_c, 9, 37, 0
3, 12660, Note_on_c, 9, 35, 60
3, 12660, Note_on_c, 9, 37, 30
3, 12660, Note_on_c, 9, 38, 60
3, 12660, Note_on_c, 9, 51, 40
3, 12685, Note_on_c, 9, 51, 0
3, 12685, Note_on_c, 9, 35, 0
3, 12685, Note_on_c, 9, 37, 0
3, 12685, Note_on_c, 9, 38, 0
3, 12720, Note_on_c, 9, 35, 80
3, 12720, Note_on_c, 9, 37, 30
3, 12720, Note_on_c, 9, 38, 50
3, 12720, Note_on_c, 9, 49, 60
3, 12745, Note_on_c, 9, 49, 0
3, 12745, Note_on_c, 9, 35, 0
3, 12745, Note_on_c, 9, 37, 0
3, 12745, Note_on_c, 9, 38, 0
3, 12745, End_track
4, 0, Start_track
4, 0, Title_t, "Acoustic Grand Piano"
4, 0, Program_c, 2, 0
4, 0, Control_c, 2, 7, 60
4, 0, Control_c, 2, 10, 64
4, 480, Note_on_c, 2, 54, 77
4, 480, Note_on_c, 2, 58, 77
4, 480, Note_on_c, 2, 61, 77
4, 480, Note_on_c, 2, 66, 77
4, 513, Note_on_c, 2, 66, 0
4, 513, Note_on_c, 2, 54, 0
4, 513, Note_on_c, 2, 58, 0
4, 513, Note_on_c, 2, 61, 0
4, 600, Note_on_c, 2, 54, 75
4, 600, Note_on_c, 2, 58, 75
4, 600, Note_on_c, 2, 61, 75
4, 600, Note_on_c, 2, 66, 75
4, 639, Note_on_c, 2, 66, 0
4, 639, Note_on_c, 2, 54, 0
4, 639, Note_on_c, 2, 58, 0
4, 639, Note_on_c, 2, 61, 0
4, 780, Note_on_c, 2, 59, 82
4, 780, Note_on_c, 2, 63, 82
4, 780, Note_on_c, 2, 66, 82
4, 780, Note_on_c, 2, 71, 82
4, 825, Note_on_c, 2, 71, 0
4, 825, Note_on_c, 2, 59, 0
4, 825, Note_on_c, 2, 63, 0
4, 825, Note_on_c, 2, 66, 0
4, 900, Note_on_c, 2, 58, 81
4, 900, Note_on_c, 2, 66, 81
4, 900, Note_on_c, 2, 73, 81
4, 1060, Note_on_c, 2, 73, 0
4, 1060, Note_on_c, 2, 66, 0
4, 1060, Note_on_c, 2, 58, 0
4, 1140, Note_on_c, 2, 58, 84
4, 1140, Note_on_c, 2, 66, 84
4, 1140, Note_on_c, 2, 73, 84
4, 1176, Note_on_c, 2, 73, 0
4, 1176, Note_on_c, 2, 66, 0
4, 1176, Note_on_c, 2, 58, 0
4, 1200, Note_on_c, 2, 54, 63
4, 1200, Note_on_c, 2, 58, 63
4, 1200, Note_on_c, 2, 61, 63
4, 1272, Note_on_c, 2, 61, 0
4, 1272, Note_on_c, 2, 58, 0
4, 1272, Note_on_c, 2, 54, 0
4, 1320, Note_on_c, 2, 58, 74
4, 1320, Note_on_c, 2, 66, 74
4, 1320, Note_on_c, 2, 73, 74
4, 1363, Note_on_c, 2, 73, 0
4, 1363, Note_on_c, 2, 66, 0
4, 1363, Note_on_c, 2, 58, 0
4, 1440, Note_on_c, 2, 59, 77
4, 1440, Note_on_c, 2, 63, 77
4, 1440, Note_on_c, 2, 66, 77
4, 1440, Note_on_c, 2, 71, 77
4, 1473, Note_on_c, 2, 71, 0
4, 1473, Note_on_c, 2, 59, 0
4, 1473, Note_on_c, 2, 63, 0
4, 1473, Note_on_c, 2, 66, 0
4, 1560, Note_on_c, 2, 59, 75
4, 1560, Note_on_c, 2, 63, 75
4, 1560, Note_on_c, 2, 66, 75
4, 1560, Note_on_c, 2, 71, 75
4, 1599, Note_on_c, 2, 71, 0
4, 1599, Note_on_c, 2, 59, 0
4, 1599, Note_on_c, 2, 63, 0
4, 1599, Note_on_c, 2, 66, 0
4, 1740, Note_on_c, 2, 58, 82
4, 1740, Note_on_c, 2, 66, 82
4, 1740, Note_on_c, 2, 73, 82
4, 1785, Note_on_c, 2, 73, 0
4, 1785, Note_on_c, 2, 66, 0
4, 1785, Note_on_c, 2, 58, 0
4, 1860, Note_on_c, 2, 59, 81
4, 1860, Note_on_c, 2, 66, 81
4, 1860, Note_on_c, 2, 70, 81
4, 1860, Note_on_c, 2, 75, 81
4, 2020, Note_on_c, 2, 75, 0
4, 2020, Note_on_c, 2, 59, 0
4, 2020, Note_on_c, 2, 66, 0
4, 2020, Note_on_c, 2, 70, 0
4, 2100, Note_on_c, 2, 59, 84
4, 2100, Note_on_c, 2, 66, 84
4, 2100, Note_on_c, 2, 70, 84
4, 2100, Note_on_c, 2, 75, 84
4, 2136, Note_on_c, 2, 75, 0
4, 2136, Note_on_c, 2, 59, 0
4, 2136, Note_on_c, 2, 66, 0
4, 2136, Note_on_c, 2, 70, 0
4, 2160, Note_on_c, 2, 59, 63
4, 2160, Note_on_c, 2, 63, 63
4, 2160, Note_on_c, 2, 66, 63
4, 2160, Note_on_c, 2, 68, 63
4, 2232, Note_on_c, 2, 68, 0
4, 2232, Note_on_c, 2, 59, 0
4, 2232, Note_on_c, 2, 63, 0
4, 2232, Note_on_c, 2, 66, 0
4, 2280, Note_on_c, 2, 59, 74
4, 2280, Note_on_c, 2, 66, 74
4, 2280, Note_on_c, 2, 70, 74
4, 2280, Note_on_c, 2, 75, 74
4, 2323, Note_on_c, 2, 75, 0
4, 2323, Note_on_c, 2, 59, 0
4, 2323, Note_on_c, 2, 66, 0
4, 2323, Note_on_c, 2, 70, 0
4, 2400, Note_on_c, 2, 61, 77
4, 2400, Note_on_c, 2, 65, 77
4, 2400, Note_on_c, 2, 68, 77
4, 2400, Note_on_c, 2, 73, 77
4, 2433, Note_on_c, 2, 73, 0
4, 2433, Note_on_c, 2, 61, 0
4, 2433, Note_on_c, 2, 65, 0
4, 2433, Note_on_c, 2, 68, 0
4, 2520, Note_on_c, 2, 61, 75
4, 2520, Note_on_c, 2, 65, 75
4, 2520, Note_on_c, 2, 68, 75
4, 2520, Note_on_c, 2, 73, 75
4, 2559, Note_on_c, 2, 73, 0
4, 2559, Note_on_c, 2, 61, 0
4, 2559, Note_on_c, 2, 65, 0
4, 2559, Note_on_c, 2, 68, 0
4, 2700, Note_on_c, 2, 60, 82
4, 2700, Note_on_c, 2, 67, 82
4, 2700, Note_on_c, 2, 69, 82
4, 2700, Note_on_c, 2, 76, 82
4, 2745, Note_on_c, 2, 76, 0
4, 2745, Note_on_c, 2, 60, 0
4, 2745, Note_on_c, 2, 67, 0
4, 2745, Note_on_c, 2, 69, 0
4, 2820, Note_on_c, 2, 59, 81
4, 2820, Note_on_c, 2, 66, 81
4, 2820, Note_on_c, 2, 70, 81
4, 2820, Note_on_c, 2, 75, 81
4, 2980, Note_on_c, 2, 75, 0
4, 2980, Note_on_c, 2, 59, 0
4, 2980, Note_on_c, 2, 66, 0
4, 2980, Note_on_c, 2, 70, 0
4, 3060, Note_on_c, 2, 59, 84
4, 3060, Note_on_c, 2, 66, 84
4, 3060, Note_on_c, 2, 70, 84
4, 3060, Note_on_c, 2, 75, 84
4, 3096, Note_on_c, 2, 75, 0
4, 3096, Note_on_c, 2, 59, 0
4, 3096, Note_on_c, 2, 66, 0
4, 3096, Note_on_c, 2, 70, 0
4, 3120, Note_on_c, 2, 59, 63
4, 3120, Note_on_c, 2, 63, 63
4, 3120, Note_on_c, 2, 66, 63
4, 3120, Note_on_c, 2, 68, 63
4, 3192, Note_on_c, 2, 68, 0
4, 3192, Note_on_c, 2, 59, 0
4, 3192, Note_on_c, 2, 63, 0
4, 3192, Note_on_c, 2, 66, 0
4, 3240, Note_on_c, 2, 59, 74
4, 3240, Note_on_c, 2, 66, 74
4, 3240, Note_on_c, 2, 70, 74
4, 3240, Note_on_c, 2, 75, 74
4, 3283, Note_on_c, 2, 75, 0
4, 3283, Note_on_c, 2, 59, 0
4, 3283, Note_on_c, 2, 66, 0
4, 3283, Note_on_c, 2, 70, 0
4, 3360, Note_on_c, 2, 58, 77
4, 3360, Note_on_c, 2, 66, 77
4, 3360, Note_on_c, 2, 73, 77
4, 3393, Note_on_c, 2, 73, 0
4, 3393, Note_on_c, 2, 66, 0
4, 3393, Note_on_c, 2, 58, 0
4, 3480, Note_on_c, 2, 58, 75
4, 3480, Note_on_c, 2, 66, 75
4, 3480, Note_on_c, 2, 73, 75
4, 3519, Note_on_c, 2, 73, 0
4, 3519, Note_on_c, 2, 66, 0
4, 3519, Note_on_c, 2, 58, 0
4, 3660, Note_on_c, 2, 59, 82
4, 3660, Note_on_c, 2, 63, 82
4, 3660, Note_on_c, 2, 66, 82
4, 3660, Note_on_c, 2, 71, 82
4, 3705, Note_on_c, 2, 71, 0
4, 3705, Note_on_c, 2, 59, 0
4, 3705, Note_on_c, 2, 63, 0
4, 3705, Note_on_c, 2, 66, 0
4, 3780, Note_on_c, 2, 58, 74
4, 3780, Note_on_c, 2, 61, 74
4, 3780, Note_on_c, 2, 66, 74
4, 3878, Note_on_c, 2, 66, 0
4, 3878, Note_on_c, 2, 61, 0
4, 3878, Note_on_c, 2, 58, 0
4, 4020, Note_on_c, 2, 59, 77
4, 4020, Note_on_c, 2, 61, 77
4, 4020, Note_on_c, 2, 65, 77
4, 4020, Note_on_c, 2, 68, 77
4, 4114, Note_on_c, 2, 68, 0
4, 4114, Note_on_c, 2, 59, 0
4, 4114, Note_on_c, 2, 61, 0
4, 4114, Note_on_c, 2, 65, 0
4, 4200, Note_on_c, 2, 59, 72
4, 4200, Note_on_c, 2, 61, 72
4, 4200, Note_on_c, 2, 65, 72
4, 4200, Note_on_c, 2, 68, 72
4, 4238, Note_on_c, 2, 68, 0
4, 4238, Note_on_c, 2, 59, 0
4, 4238, Note_on_c, 2, 61, 0
4, 4238, Note_on_c, 2, 65, 0
4, 4320, Note_on_c, 2, 58, 77
4, 4320, Note_on_c, 2, 61, 77
4, 4320, Note_on_c, 2, 66, 77
4, 4353, Note_on_c, 2, 66, 0
4, 4353, Note_on_c, 2, 61, 0
4, 4353, Note_on_c, 2, 58, 0
4, 4440, Note_on_c, 2, 58, 75
4, 4440, Note_on_c, 2, 61, 75
4, 4440, Note_on_c, 2, 66, 75
4, 4479, Note_on_c, 2, 66, 0
4, 4479, Note_on_c, 2, 61, 0
4, 4479, Note_on_c, 2, 58, 0
4, 4620, Note_on_c, 2, 59, 82
4, 4620, Note_on_c, 2, 63, 82
4, 4620, Note_on_c, 2, 66, 82
4, 4665, Note_on_c, 2, 66, 0
4, 4665, Note_on_c, 2, 63, 0
4, 4665, Note_on_c, 2, 59, 0
4, 4920, Note_on_c, 2, 58, 82
4, 4920, Note_on_c, 2, 66, 82
4, 4920, Note_on_c, 2, 73, 82
4, 5080, Note_on_c, 2, 73, 0
4, 5080, Note_on_c, 2, 66, 0
4, 5080, Note_on_c, 2, 58, 0
4, 5100, Note_on_c, 2, 61, 82
4, 5100, Note_on_c, 2, 66, 82
4, 5100, Note_on_c, 2, 70, 82
4, 5280, Note_on_c, 2, 70, 0
4, 5280, Note_on_c, 2, 66, 0
4, 5280, Note_on_c, 2, 61, 0
4, 5280, Note_on_c, 2, 59, 77
4, 5280, Note_on_c, 2, 63, 77
4, 5280, Note_on_c, 2, 66, 77
4, 5280, Note_on_c, 2, 71, 77
4, 5313, Note_on_c, 2, 71, 0
4, 5313, Note_on_c, 2, 59, 0
4, 5313, Note_on_c, 2, 63, 0
4, 5313, Note_on_c, 2, 66, 0
4, 5400, Note_on_c, 2, 59, 75
4, 5400, Note_on_c, 2, 63, 75
4, 5400, Note_on_c, 2, 66, 75
4, 5400, Note_on_c, 2, 71, 75
4, 5439, Note_on_c, 2, 71, 0
4, 5439, Note_on_c, 2, 59, 0
4, 5439, Note_on_c, 2, 63, 0
4, 5439, Note_on_c, 2, 66, 0
4, 5580, Note_on_c, 2, 58, 82
4, 5580, Note_on_c, 2, 61, 82
4, 5580, Note_on_c, 2, 66, 82
4, 5625, Note_on_c, 2, 66, 0
4, 5625, Note_on_c, 2, 61, 0
4, 5625, Note_on_c, 2, 58, 0
4, 5946, Note_on_c, 2, 54, 73
4, 5946, Note_on_c, 2, 59, 73
4, 5946, Note_on_c, 2, 63, 73
4, 5946, Note_on_c, 2, 68, 73
4, 6091, Note_on_c, 2, 68, 0
4, 6091, Note_on_c, 2, 54, 0
4, 6091, Note_on_c, 2, 59, 0
4, 6091, Note_on_c, 2, 63, 0
4, 6128, Note_on_c, 2, 54, 75
4, 6128, Note_on_c, 2, 59, 75
4, 6128, Note_on_c, 2, 63, 75
4, 6128, Note_on_c, 2, 68, 75
4, 6180, Note_on_c, 2, 68, 0
4, 6180, Note_on_c, 2, 54, 0
4, 6180, Note_on_c, 2, 59, 0
4, 6180, Note_on_c, 2, 63, 0
4, 6240, Note_on_c, 2, 53, 77
4, 6240, Note_on_c, 2, 61, 77
4, 6240, Note_on_c, 2, 68, 77
4, 6273, Note_on_c, 2, 68, 0
4, 6273, Note_on_c, 2, 61, 0
4, 6273, Note_on_c, 2, 53, 0
4, 6360, Note_on_c, 2, 53, 75
4, 6360, Note_on_c, 2, 61, 75
4, 6360, Note_on_c, 2, 68, 75
4, 6399, Note_on_c, 2, 68, 0
4, 6399, Note_on_c, 2, 61, 0
4, 6399, Note_on_c, 2, 53, 0
4, 6540, Note_on_c, 2, 55, 82
4, 6540, Note_on_c, 2, 57, 82
4, 6540, Note_on_c, 2, 60, 82
4, 6540, Note_on_c, 2, 64, 82
4, 6585, Note_on_c, 2, 64, 0
4, 6585, Note_on_c, 2, 55, 0
4, 6585, Note_on_c, 2, 57, 0
4, 6585, Note_on_c, 2, 60, 0
4, 6660, Note_on_c, 2, 54, 81
4, 6660, Note_on_c, 2, 59, 81
4, 6660, Note_on_c, 2, 63, 81
4, 6660, Note_on_c, 2, 70, 81
4, 6820, Note_on_c, 2, 70, 0
4, 6820, Note_on_c, 2, 54, 0
4, 6820, Note_on_c, 2, 59, 0
4, 6820, Note_on_c, 2, 63, 0
4, 6900, Note_on_c, 2, 54, 84
4, 6900, Note_on_c, 2, 59, 84
4, 6900, Note_on_c, 2, 63, 84
4, 6900, Note_on_c, 2, 70, 84
4, 6936, Note_on_c, 2, 70, 0
4, 6936, Note_on_c, 2, 54, 0
4, 6936, Note_on_c, 2, 59, 0
4, 6936, Note_on_c, 2, 63, 0
4, 6960, Note_on_c, 2, 59, 63
4, 6960, Note_on_c, 2, 63, 63
4, 6960, Note_on_c, 2, 66, 63
4, 6960, Note_on_c, 2, 68, 63
4, 7032, Note_on_c, 2, 68, 0
4, 7032, Note_on_c, 2, 59, 0
4, 7032, Note_on_c, 2, 63, 0
4, 7032, Note_on_c, 2, 66, 0
4, 7080, Note_on_c, 2, 54, 74
4, 7080, Note_on_c, 2, 59, 74
4, 7080, Note_on_c, 2, 63, 74
4, 7080, Note_on_c, 2, 70, 74
4, 7123, Note_on_c, 2, 70, 0
4, 7123, Note_on_c, 2, 54, 0
4, 7123, Note_on_c, 2, 59, 0
4, 7123, Note_on_c, 2, 63, 0
4, 7200, Note_on_c, 2, 54, 77
4, 7200, Note_on_c, 2, 58, 77
4, 7200, Note_on_c, 2, 61, 77
4, 7233, Note_on_c, 2, 61, 0
4, 7233, Note_on_c, 2, 58, 0
4, 7233, Note_on_c, 2, 54, 0
4, 7320, Note_on_c, 2, 54, 75
4, 7320, Note_on_c, 2, 58, 75
4, 7320, Note_on_c, 2, 61, 75
4, 7359, Note_on_c, 2, 61, 0
4, 7359, Note_on_c, 2, 58, 0
4, 7359, Note_on_c, 2, 54, 0
4, 7500, Note_on_c, 2, 59, 82
4, 7500, Note_on_c, 2, 63, 82
4, 7500, Note_on_c, 2, 66, 82
4, 7500, Note_on_c, 2, 71, 82
4, 7545, Note_on_c, 2, 71, 0
4, 7545, Note_on_c, 2, 59, 0
4, 7545, Note_on_c, 2, 63, 0
4, 7545, Note_on_c, 2, 66, 0
4, 7620, Note_on_c, 2, 58, 74
4, 7620, Note_on_c, 2, 66, 74
4, 7620, Note_on_c, 2, 73, 74
4, 7718, Note_on_c, 2, 73, 0
4, 7718, Note_on_c, 2, 66, 0
4, 7718, Note_on_c, 2, 58, 0
4, 7860, Note_on_c, 2, 59, 77
4, 7860, Note_on_c, 2, 61, 77
4, 7860, Note_on_c, 2, 65, 77
4, 7860, Note_on_c, 2, 68, 77
4, 7954, Note_on_c, 2, 68, 0
4, 7954, Note_on_c, 2, 59, 0
4, 7954, Note_on_c, 2, 61, 0
4, 7954, Note_on_c, 2, 65, 0
4, 8040, Note_on_c, 2, 59, 72
4, 8040, Note_on_c, 2, 61, 72
4, 8040, Note_on_c, 2, 65, 72
4, 8040, Note_on_c, 2, 68, 72
4, 8078, Note_on_c, 2, 68, 0
4, 8078, Note_on_c, 2, 59, 0
4, 8078, Note_on_c, 2, 61, 0
4, 8078, Note_on_c, 2, 65, 0
4, 8160, Note_on_c, 2, 58, 77
4, 8160, Note_on_c, 2, 61, 77
4, 8160, Note_on_c, 2, 66, 77
4, 8193, Note_on_c, 2, 66, 0
4, 8193, Note_on_c, 2, 61, 0
4, 8193, Note_on_c, 2, 58, 0
4, 8280, Note_on_c, 2, 58, 75
4, 8280, Note_on_c, 2, 61, 75
4, 8280, Note_on_c, 2, 66, 75
4, 8319, Note_on_c, 2, 66, 0
4, 8319, Note_on_c, 2, 61, 0
4, 8319, Note_on_c, 2, 58, 0
4, 8460, Note_on_c, 2, 59, 82
4, 8460, Note_on_c, 2, 63, 82
4, 8460, Note_on_c, 2, 66, 82
4, 8460, Note_on_c, 2, 71, 82
4, 8505, Note_on_c, 2, 71, 0
4, 8505, Note_on_c, 2, 59, 0
4, 8505, Note_on_c, 2, 63, 0
4, 8505, Note_on_c, 2, 66, 0
4, 8826, Note_on_c, 2, 58, 73
4, 8826, Note_on_c, 2, 61, 73
4, 8826, Note_on_c, 2, 66, 73
4, 8971, Note_on_c, 2, 66, 0
4, 8971, Note_on_c, 2, 61, 0
4, 8971, Note_on_c, 2, 58, 0
4, 9008, Note_on_c, 2, 58, 75
4, 9008, Note_on_c, 2, 61, 75
4, 9008, Note_on_c, 2, 66, 75
4, 9060, Note_on_c, 2, 66, 0
4, 9060, Note_on_c, 2, 61, 0
4, 9060, Note_on_c, 2, 58, 0
4, 9120, Note_on_c, 2, 59, 77
4, 9120, Note_on_c, 2, 63, 77
4, 9120, Note_on_c, 2, 66, 77
4, 9153, Note_on_c, 2, 66, 0
4, 9153, Note_on_c, 2, 63, 0
4, 9153, Note_on_c, 2, 59, 0
4, 9240, Note_on_c, 2, 59, 75
4, 9240, Note_on_c, 2, 63, 75
4, 9240, Note_on_c, 2, 66, 75
4, 9279, Note_on_c, 2, 66, 0
4, 9279, Note_on_c, 2, 63, 0
4, 9279, Note_on_c, 2, 59, 0
4, 9420, Note_on_c, 2, 58, 82
4, 9420, Note_on_c, 2, 66, 82
4, 9420, Note_on_c, 2, 73, 82
4, 9465, Note_on_c, 2, 73, 0
4, 9465, Note_on_c, 2, 66, 0
4, 9465, Note_on_c, 2, 58, 0
4, 9720, Note_on_c, 2, 54, 82
4, 9720, Note_on_c, 2, 59, 82
4, 9720, Note_on_c, 2, 63, 82
4, 9720, Note_on_c, 2, 70, 82
4, 9880, Note_on_c, 2, 70, 0
4, 9880, Note_on_c, 2, 54, 0
4, 9880, Note_on_c, 2, 59, 0
4, 9880, Note_on_c, 2, 63, 0
4, 9900, Note_on_c, 2, 59, 82
4, 9900, Note_on_c, 2, 63, 82
4, 9900, Note_on_c, 2, 66, 82
4, 9900, Note_on_c, 2, 68, 82
4, 10080, Note_on_c, 2, 68, 0
4, 10080, Note_on_c, 2, 59, 0
4, 10080, Note_on_c, 2, 63, 0
4, 10080, Note_on_c, 2, 66, 0
4, 10080, Note_on_c, 2, 53, 77
4, 10080, Note_on_c, 2, 61, 77
4, 10080, Note_on_c, 2, 68, 77
4, 10113, Note_on_c, 2, 68, 0
4, 10113, Note_on_c, 2, 61, 0
4, 10113, Note_on_c, 2, 53, 0
4, 10200, Note_on_c, 2, 53, 75
4, 10200, Note_on_c, 2, 61, 75
4, 10200, Note_on_c, 2, 68, 75
4, 10239, Note_on_c, 2, 68, 0
4, 10239, Note_on_c, 2, 61, 0
4, 10239, Note_on_c, 2, 53, 0
4, 10380, Note_on_c, 2, 55, 82
4, 10380, Note_on_c, 2, 60, 82
4, 10380, Note_on_c, 2, 64, 82
4, 10380, Note_on_c, 2, 71, 82
4, 10425, Note_on_c, 2, 71, 0
4, 10425, Note_on_c, 2, 55, 0
4, 10425, Note_on_c, 2, 60, 0
4, 10425, Note_on_c, 2, 64, 0
4, 10500, Note_on_c, 2, 54, 71
4, 10500, Note_on_c, 2, 59, 71
4, 10500, Note_on_c, 2, 63, 71
4, 10500, Note_on_c, 2, 70, 71
4, 10700, Note_on_c, 2, 70, 0
4, 10700, Note_on_c, 2, 54, 0
4, 10700, Note_on_c, 2, 59, 0
4, 10700, Note_on_c, 2, 63, 0
4, 10746, Note_on_c, 2, 54, 76
4, 10746, Note_on_c, 2, 59, 76
4, 10746, Note_on_c, 2, 63, 76
4, 10746, Note_on_c, 2, 70, 76
4, 11039, Note_on_c, 2, 70, 0
4, 11039, Note_on_c, 2, 54, 0
4, 11039, Note_on_c, 2, 59, 0
4, 11039, Note_on_c, 2, 63, 0
4, 11040, Note_on_c, 2, 54, 77
4, 11040, Note_on_c, 2, 58, 77
4, 11040, Note_on_c, 2, 61, 77
4, 11040, Note_on_c, 2, 66, 77
4, 11073, Note_on_c, 2, 66, 0
4, 11073, Note_on_c, 2, 54, 0
4, 11073, Note_on_c, 2, 58, 0
4, 11073, Note_on_c, 2, 61, 0
4, 11160, Note_on_c, 2, 54, 75
4, 11160, Note_on_c, 2, 58, 75
4, 11160, Note_on_c, 2, 61, 75
4, 11160, Note_on_c, 2, 66, 75
4, 11199, Note_on_c, 2, 66, 0
4, 11199, Note_on_c, 2, 54, 0
4, 11199, Note_on_c, 2, 58, 0
4, 11199, Note_on_c, 2, 61, 0
4, 11340, Note_on_c, 2, 59, 82
4, 11340, Note_on_c, 2, 63, 82
4, 11340, Note_on_c, 2, 66, 82
4, 11385, Note_on_c, 2, 66, 0
4, 11385, Note_on_c, 2, 63, 0
4, 11385, Note_on_c, 2, 59, 0
4, 11460, Note_on_c, 2, 58, 74
4, 11460, Note_on_c, 2, 66, 74
4, 11460, Note_on_c, 2, 73, 74
4, 11558, Note_on_c, 2, 73, 0
4, 11558, Note_on_c, 2, 66, 0
4, 11558, Note_on_c, 2, 58, 0
4, 11700, Note_on_c, 2, 59, 77
4, 11700, Note_on_c, 2, 65, 77
4, 11700, Note_on_c, 2, 70, 77
4, 11700, Note_on_c, 2, 75, 77
4, 11794, Note_on_c, 2, 75, 0
4, 11794, Note_on_c, 2, 59, 0
4, 11794, Note_on_c, 2, 65, 0
4, 11794, Note_on_c, 2, 70, 0
4, 11880, Note_on_c, 2, 59, 72
4, 11880, Note_on_c, 2, 61, 72
4, 11880, Note_on_c, 2, 65, 72
4, 11880, Note_on_c, 2, 68, 72
4, 11918, Note_on_c, 2, 68, 0
4, 11918, Note_on_c, 2, 59, 0
4, 11918, Note_on_c, 2, 61, 0
4, 11918, Note_on_c, 2, 65, 0
4, 12000, Note_on_c, 2, 58, 76
4, 12000, Note_on_c, 2, 66, 76
4, 12000, Note_on_c, 2, 73, 76
4, 12175, Note_on_c, 2, 73, 0
4, 12175, Note_on_c, 2, 66, 0
4, 12175, Note_on_c, 2, 58, 0
4, 12180, Note_on_c, 2, 58, 65
4, 12180, Note_on_c, 2, 61, 65
4, 12180, Note_on_c, 2, 66, 65
4, 12226, Note_on_c, 2, 66, 0
4, 12226, Note_on_c, 2, 61, 0
4, 12226, Note_on_c, 2, 58, 0
4, 12300, Note_on_c, 2, 58, 60
4, 12300, Note_on_c, 2, 61, 60
4, 12300, Note_on_c, 2, 66, 60
4, 12350, Note_on_c, 2, 66, 0
4, 12350, Note_on_c, 2, 61, 0
4, 12350, Note_on_c, 2, 58, 0
4, 12420, Note_on_c, 2, 58, 66
4, 12420, Note_on_c, 2, 61, 66
4, 12420, Note_on_c, 2, 66, 66
4, 12470, Note_on_c, 2, 66, 0
4, 12470, Note_on_c, 2, 61, 0
4, 12470, Note_on_c, 2, 58, 0
4, 12480, Note_on_c, 2, 58, 74
4, 12480, Note_on_c, 2, 66, 74
4, 12480, Note_on_c, 2, 73, 74
4, 12955, Note_on_c, 2, 73, 0
4, 12955, Note_on_c, 2, 66, 0
4, 12955, Note_on_c, 2, 58, 0
4, 12955, End_track
5, 0, Start_track
5, 0, Title_t, "Trumpet"
5, 0, Program_c, 0, 56
5, 0, Control_c, 0, 7, 100
5, 0, Control_c, 0, 10, 64
5, 240, Note_on_c, 0, 61, 64
5, 300, Note_on_c, 0, 61, 0
5, 300, Note_on_c, 0, 63, 64
5, 360, Note_on_c, 0, 63, 0
5, 360, Note_on_c, 0, 66, 64
5, 420, Note_on_c, 0, 66, 0
5, 420, Note_on_c, 0, 68, 64
5, 480, Note_on_c, 0, 68, 0
5, 480, Note_on_c, 0, 70, 64
5, 1200, Note_on_c, 0, 70, 0
5, 1200, Note_on_c, 0, 68, 64
5, 1260, Note_on_c, 0, 68, 0
5, 1260, Note_on_c, 0, 70, 64
5, 1320, Note_on_c, 0, 70, 0
5, 1320, Note_on_c, 0, 68, 64
5, 1380, Note_on_c, 0, 68, 0
5, 1380, Note_on_c, 0, 66, 64
5, 1440, Note_on_c, 0, 66, 0
5, 1440, Note_on_c, 0, 63, 64
5, 2160, Note_on_c, 0, 63, 0
5, 2160, Note_on_c, 0, 68, 64
5, 2220, Note_on_c, 0, 68, 0
5, 2220, Note_on_c, 0, 70, 64
5, 2280, Note_on_c, 0, 70, 0
5, 2280, Note_on_c, 0, 68, 64
5, 2340, Note_on_c, 0, 68, 0
5, 2340, Note_on_c, 0, 66, 64
5, 2400, Note_on_c, 0, 66, 0
5, 2400, Note_on_c, 0, 63, 64
5, 3120, Note_on_c, 0, 63, 0
5, 3120, Note_on_c, 0, 68, 64
5, 3180, Note_on_c, 0, 68, 0
5, 3180, Note_on_c, 0, 70, 64
5, 3240, Note_on_c, 0, 70, 0
5, 3240, Note_on_c, 0, 68, 64
5, 3300, Note_on_c, 0, 68, 0
5, 3300, Note_on_c, 0, 63, 64
5, 3360, Note_on_c, 0, 63, 0
5, 3360, Note_on_c, 0, 66, 64
5, 4320, Note_on_c, 0, 66, 0
5, 4440, Note_on_c, 0, 66, 100
5, 4560, Note_on_c, 0, 66, 0
5, 4560, Note_on_c, 0, 66, 100
5, 4620, Note_on_c, 0, 66, 0
5, 4620, Note_on_c, 0, 66, 100
5, 4740, Note_on_c, 0, 66, 0
5, 4740, Note_on_c, 0, 70, 100
5, 5040, Note_on_c, 0, 70, 0
5, 5400, Note_on_c, 0, 71, 100
5, 5520, Note_on_c, 0, 71, 0
5, 5520, Note_on_c, 0, 70, 100
5, 5580, Note_on_c, 0, 70, 0
5, 5580, Note_on_c, 0, 70, 100
5, 5700, Note_on_c, 0, 70, 0
5, 5700, Note_on_c, 0, 68, 100
5, 6000, Note_on_c, 0, 68, 0
5, 6360, Note_on_c, 0, 70, 100
5, 6480, Note_on_c, 0, 70, 0
5, 6480, Note_on_c, 0, 68, 100
5, 6540, Note_on_c, 0, 68, 0
5, 6540, Note_on_c, 0, 68, 100
5, 6660, Note_on_c, 0, 68, 0
5, 6660, Note_on_c, 0, 66, 100
5, 6960, Note_on_c, 0, 66, 0
5, 7320, Note_on_c, 0, 66, 100
5, 7440, Note_on_c, 0, 66, 0
5, 7440, Note_on_c, 0, 66, 100
5, 7500, Note_on_c, 0, 66, 0
5, 7500, Note_on_c, 0, 66, 100
5, 7620, Note_on_c, 0, 66, 0
5, 7620, Note_on_c, 0, 66, 100
5, 7800, Note_on_c, 0, 66, 0
5, 7860, Note_on_c, 0, 59, 100
5, 7920, Note_on_c, 0, 59, 0
5, 7920, Note_on_c, 0, 61, 64
5, 7980, Note_on_c, 0, 61, 0
5, 7980, Note_on_c, 0, 63, 64
5, 8040, Note_on_c, 0, 63, 0
5, 8040, Note_on_c, 0, 66, 64
5, 8100, Note_on_c, 0, 66, 0
5, 8100, Note_on_c, 0, 68, 64
5, 8160, Note_on_c, 0, 68, 0
5, 8160, Note_on_c, 0, 70, 64
5, 8880, Note_on_c, 0, 70, 0
5, 8880, Note_on_c, 0, 68, 64
5, 8940, Note_on_c, 0, 68, 0
5, 8940, Note_on_c, 0, 70, 64
5, 9000, Note_on_c, 0, 70, 0
5, 9000, Note_on_c, 0, 68, 64
5, 9060, Note_on_c, 0, 68, 0
5, 9060, Note_on_c, 0, 66, 64
5, 9120, Note_on_c, 0, 66, 0
5, 9120, Note_on_c, 0, 63, 64
5, 9840, Note_on_c, 0, 63, 0
5, 9840, Note_on_c, 0, 68, 64
5, 9900, Note_on_c, 0, 68, 0
5, 9900, Note_on_c, 0, 70, 64
5, 9960, Note_on_c, 0, 70, 0
5, 9960, Note_on_c, 0, 68, 64
5, 10020, Note_on_c, 0, 68, 0
5, 10020, Note_on_c, 0, 66, 64
5, 10080, Note_on_c, 0, 66, 0
5, 10080, Note_on_c, 0, 63, 64
5, 10800, Note_on_c, 0, 63, 0
5, 10800, Note_on_c, 0, 68, 64
5, 10860, Note_on_c, 0, 68, 0
5, 10860, Note_on_c, 0, 70, 64
5, 10920, Note_on_c, 0, 70, 0
5, 10920, Note_on_c, 0, 66, 64
5, 10980, Note_on_c, 0, 66, 0
5, 10980, Note_on_c, 0, 63, 64
5, 11040, Note_on_c, 0, 63, 0
5, 11040, Note_on_c, 0, 66, 64
5, 12000, Note_on_c, 0, 66, 0
5, 12120, Note_on_c, 0, 66, 100
5, 12240, Note_on_c, 0, 66, 0
5, 12240, Note_on_c, 0, 66, 100
5, 12300, Note_on_c, 0, 66, 0
5, 12300, Note_on_c, 0, 66, 100
5, 12420, Note_on_c, 0, 66, 0
5, 12420, Note_on_c, 0, 66, 100
5, 12600, Note_on_c, 0, 66, 0
5, 12600, End_track
6, 0, Start_track
6, 0, Title_t, "Tenor"
6, 0, Control_c, 3, 0, 0
6, 0, Control_c, 3, 7, 60
6, 0, Control_c, 3, 10, 90
6, 0, Control_c, 3, 91, 89
6, 0, Control_c, 3, 93, 0
6, 1, Program_c, 3, 66
6, 600, Control_c, 3, 11, 127
6, 600, Note_on_c, 3, 58, 100
6, 720, Note_on_c, 3, 58, 0
6, 720, Note_on_c, 3, 59, 100
6, 780, Note_on_c, 3, 59, 0
6, 780, Note_on_c, 3, 59, 100
6, 900, Note_on_c, 3, 59, 0
6, 900, Note_on_c, 3, 61, 100
6, 1200, Note_on_c, 3, 61, 0
6, 1560, Note_on_c, 3, 63, 100
6, 1680, Note_on_c, 3, 63, 0
6, 1680, Note_on_c, 3, 61, 100
6, 1740, Note_on_c, 3, 61, 0
6, 1740, Note_on_c, 3, 61, 100
6, 1860, Note_on_c, 3, 61, 0
6, 1860, Note_on_c, 3, 59, 100
6, 2160, Note_on_c, 3, 59, 0
6, 2520, Note_on_c, 3, 61, 100
6, 2640, Note_on_c, 3, 61, 0
6, 2640, Note_on_c, 3, 60, 100
6, 2700, Note_on_c, 3, 60, 0
6, 2700, Note_on_c, 3, 60, 100
6, 2820, Note_on_c, 3, 60, 0
6, 2820, Note_on_c, 3, 59, 100
6, 3120, Note_on_c, 3, 59, 0
6, 3480, Note_on_c, 3, 58, 100
6, 3600, Note_on_c, 3, 58, 0
6, 3600, Note_on_c, 3, 59, 100
6, 3660, Note_on_c, 3, 59, 0
6, 3660, Note_on_c, 3, 59, 100
6, 3780, Note_on_c, 3, 59, 0
6, 3780, Note_on_c, 3, 58, 100
6, 4020, Note_on_c, 3, 58, 0
6, 4020, Note_on_c, 3, 59, 100
6, 4260, Note_on_c, 3, 59, 0
6, 4440, Note_on_c, 3, 58, 100
6, 4560, Note_on_c, 3, 58, 0
6, 4560, Note_on_c, 3, 59, 100
6, 4620, Note_on_c, 3, 59, 0
6, 4620, Note_on_c, 3, 59, 100
6, 4740, Note_on_c, 3, 59, 0
6, 4740, Note_on_c, 3, 61, 100
6, 5040, Note_on_c, 3, 61, 0
6, 5400, Note_on_c, 3, 63, 100
6, 5520, Note_on_c, 3, 63, 0
6, 5520, Note_on_c, 3, 61, 100
6, 5580, Note_on_c, 3, 61, 0
6, 5580, Note_on_c, 3, 61, 100
6, 5700, Note_on_c, 3, 61, 0
6, 5700, Note_on_c, 3, 59, 100
6, 6000, Note_on_c, 3, 59, 0
6, 6360, Note_on_c, 3, 61, 100
6, 6480, Note_on_c, 3, 61, 0
6, 6480, Note_on_c, 3, 60, 100
6, 6540, Note_on_c, 3, 60, 0
6, 6540, Note_on_c, 3, 60, 100
6, 6660, Note_on_c, 3, 60, 0
6, 6660, Note_on_c, 3, 59, 100
6, 6960, Note_on_c, 3, 59, 0
6, 7320, Note_on_c, 3, 58, 100
6, 7440, Note_on_c, 3, 58, 0
6, 7440, Note_on_c, 3, 59, 100
6, 7500, Note_on_c, 3, 59, 0
6, 7500, Note_on_c, 3, 59, 100
6, 7620, Note_on_c, 3, 59, 0
6, 7620, Note_on_c, 3, 58, 100
6, 7800, Note_on_c, 3, 58, 0
6, 7860, Note_on_c, 3, 59, 100
6, 7920, Note_on_c, 3, 59, 0
6, 7920, Note_on_c, 3, 61, 100
6, 7980, Note_on_c, 3, 61, 0
6, 7980, Note_on_c, 3, 63, 100
6, 8040, Note_on_c, 3, 63, 0
6, 8040, Note_on_c, 3, 66, 100
6, 8100, Note_on_c, 3, 66, 0
6, 8100, Note_on_c, 3, 68, 100
6, 8160, Note_on_c, 3, 68, 0
6, 8160, Note_on_c, 3, 70, 100
6, 8880, Note_on_c, 3, 70, 0
6, 8880, Note_on_c, 3, 68, 100
6, 8940, Note_on_c, 3, 68, 0
6, 8940, Note_on_c, 3, 70, 100
6, 9000, Note_on_c, 3, 70, 0
6, 9000, Note_on_c, 3, 68, 100
6, 9060, Note_on_c, 3, 68, 0
6, 9060, Note_on_c, 3, 66, 100
6, 9120, Note_on_c, 3, 66, 0
6, 9120, Note_on_c, 3, 63, 100
6, 9840, Note_on_c, 3, 63, 0
6, 9840, Note_on_c, 3, 68, 100
6, 9900, Note_on_c, 3, 68, 0
6, 9900, Note_on_c, 3, 70, 100
6, 9960, Note_on_c, 3, 70, 0
6, 9960, Note_on_c, 3, 68, 100
6, 10020, Note_on_c, 3, 68, 0
6, 10020, Note_on_c, 3, 66, 100
6, 10080, Note_on_c, 3, 66, 0
6, 10080, Note_on_c, 3, 63, 100
6, 10800, Note_on_c, 3, 63, 0
6, 10800, Note_on_c, 3, 68, 100
6, 10860, Note_on_c, 3, 68, 0
6, 10860, Note_on_c, 3, 70, 100
6, 10920, Note_on_c, 3, 70, 0
6, 10920, Note_on_c, 3, 66, 100
6, 10980, Note_on_c, 3, 66, 0
6, 10980, Note_on_c, 3, 63, 100
6, 11040, Note_on_c, 3, 63, 0
6, 11040, Note_on_c, 3, 66, 100
6, 11700, Note_on_c, 3, 66, 0
6, 12120, Note_on_c, 3, 58, 100
6, 12240, Note_on_c, 3, 58, 0
6, 12240, Note_on_c, 3, 59, 100
6, 12300, Note_on_c, 3, 59, 0
6, 12300, Note_on_c, 3, 59, 100
6, 12420, Note_on_c, 3, 59, 0
6, 12420, Note_on_c, 3, 58, 100
6, 12600, Note_on_c, 3, 58, 0
6, 12600, End_track
7, 0, Start_track
7, 0, Title_t, "Alto"
7, 0, Program_c, 4, 65
7, 0, Control_c, 4, 7, 60
7, 0, Control_c, 4, 10, 30
7, 600, Note_on_c, 4, 66, 100
7, 720, Note_on_c, 4, 66, 0
7, 720, Note_on_c, 4, 66, 100
7, 780, Note_on_c, 4, 66, 0
7, 780, Note_on_c, 4, 66, 100
7, 900, Note_on_c, 4, 66, 0
7, 900, Note_on_c, 4, 66, 100
7, 1200, Note_on_c, 4, 66, 0
7, 1560, Note_on_c, 4, 71, 100
7, 1680, Note_on_c, 4, 71, 0
7, 1680, Note_on_c, 4, 70, 100
7, 1740, Note_on_c, 4, 70, 0
7, 1740, Note_on_c, 4, 70, 100
7, 1860, Note_on_c, 4, 70, 0
7, 1860, Note_on_c, 4, 68, 100
7, 2160, Note_on_c, 4, 68, 0
7, 2520, Note_on_c, 4, 70, 100
7, 2640, Note_on_c, 4, 70, 0
7, 2640, Note_on_c, 4, 68, 100
7, 2700, Note_on_c, 4, 68, 0
7, 2700, Note_on_c, 4, 68, 100
7, 2820, Note_on_c, 4, 68, 0
7, 2820, Note_on_c, 4, 66, 100
7, 3120, Note_on_c, 4, 66, 0
7, 3480, Note_on_c, 4, 66, 100
7, 3600, Note_on_c, 4, 66, 0
7, 3600, Note_on_c, 4, 66, 100
7, 3660, Note_on_c, 4, 66, 0
7, 3660, Note_on_c, 4, 66, 100
7, 3780, Note_on_c, 4, 66, 0
7, 3780, Note_on_c, 4, 66, 100
7, 4020, Note_on_c, 4, 66, 0
7, 4020, Note_on_c, 4, 66, 100
7, 4260, Note_on_c, 4, 66, 0
7, 4440, Note_on_c, 4, 61, 100
7, 4560, Note_on_c, 4, 61, 0
7, 4560, Note_on_c, 4, 63, 100
7, 4620, Note_on_c, 4, 63, 0
7, 4620, Note_on_c, 4, 63, 100
7, 4740, Note_on_c, 4, 63, 0
7, 4740, Note_on_c, 4, 66, 100
7, 5040, Note_on_c, 4, 66, 0
7, 5400, Note_on_c, 4, 66, 100
7, 5520, Note_on_c, 4, 66, 0
7, 5520, Note_on_c, 4, 66, 100
7, 5580, Note_on_c, 4, 66, 0
7, 5580, Note_on_c, 4, 66, 100
7, 5700, Note_on_c, 4, 66, 0
7, 5700, Note_on_c, 4, 63, 100
7, 6000, Note_on_c, 4, 63, 0
7, 6360, Note_on_c, 4, 66, 100
7, 6480, Note_on_c, 4, 66, 0
7, 6480, Note_on_c, 4, 63, 100
7, 6540, Note_on_c, 4, 63, 0
7, 6540, Note_on_c, 4, 63, 100
7, 6660, Note_on_c, 4, 63, 0
7, 6660, Note_on_c, 4, 63, 100
7, 6960, Note_on_c, 4, 63, 0
7, 7320, Note_on_c, 4, 61, 100
7, 7440, Note_on_c, 4, 61, 0
7, 7440, Note_on_c, 4, 63, 100
7, 7500, Note_on_c, 4, 63, 0
7, 7500, Note_on_c, 4, 63, 100
7, 7620, Note_on_c, 4, 63, 0
7, 7620, Note_on_c, 4, 61, 100
7, 7800, Note_on_c, 4, 61, 0
7, 7860, Note_on_c, 4, 59, 100
7, 7920, Note_on_c, 4, 59, 0
7, 7920, Note_on_c, 4, 61, 64
7, 7980, Note_on_c, 4, 61, 0
7, 7980, Note_on_c, 4, 63, 64
7, 8040, Note_on_c, 4, 63, 0
7, 8040, Note_on_c, 4, 66, 64
7, 8100, Note_on_c, 4, 66, 0
7, 8100, Note_on_c, 4, 68, 64
7, 8160, Note_on_c, 4, 68, 0
7, 8160, Note_on_c, 4, 70, 64
7, 8880, Note_on_c, 4, 70, 0
7, 8880, Note_on_c, 4, 68, 64
7, 8940, Note_on_c, 4, 68, 0
7, 8940, Note_on_c, 4, 70, 64
7, 9000, Note_on_c, 4, 70, 0
7, 9000, Note_on_c, 4, 68, 64
7, 9060, Note_on_c, 4, 68, 0
7, 9060, Note_on_c, 4, 66, 64
7, 9120, Note_on_c, 4, 66, 0
7, 9120, Note_on_c, 4, 63, 64
7, 9840, Note_on_c, 4, 63, 0
7, 9840, Note_on_c, 4, 68, 64
7, 9900, Note_on_c, 4, 68, 0
7, 9900, Note_on_c, 4, 70, 64
7, 9960, Note_on_c, 4, 70, 0
7, 9960, Note_on_c, 4, 68, 64
7, 10020, Note_on_c, 4, 68, 0
7, 10020, Note_on_c, 4, 66, 64
7, 10080, Note_on_c, 4, 66, 0
7, 10080, Note_on_c, 4, 63, 64
7, 10800, Note_on_c, 4, 63, 0
7, 10800, Note_on_c, 4, 68, 64
7, 10860, Note_on_c, 4, 68, 0
7, 10860, Note_on_c, 4, 70, 64
7, 10920, Note_on_c, 4, 70, 0
7, 10920, Note_on_c, 4, 66, 64
7, 10980, Note_on_c, 4, 66, 0
7, 10980, Note_on_c, 4, 63, 64
7, 11040, Note_on_c, 4, 63, 0
7, 11040, Note_on_c, 4, 66, 64
7, 12000, Note_on_c, 4, 66, 0
7, 12120, Note_on_c, 4, 61, 100
7, 12240, Note_on_c, 4, 61, 0
7, 12240, Note_on_c, 4, 63, 100
7, 12300, Note_on_c, 4, 63, 0
7, 12300, Note_on_c, 4, 63, 100
7, 12420, Note_on_c, 4, 63, 0
7, 12420, Note_on_c, 4, 61, 100
7, 12600, Note_on_c, 4, 61, 0
7, 12600, End_track
8, 0, Start_track
8, 0, Title_t, "Piano"
8, 0, Control_c, 2, 0, 16
8, 0, Control_c, 2, 7, 90
8, 0, Control_c, 2, 10, 64
8, 0, Control_c, 2, 91, 89
8, 0, Control_c, 2, 93, 0
8, 1, Program_c, 2, 0
8, 600, Note_on_c, 2, 61, 100
8, 600, Note_on_c, 2, 70, 100
8, 600, Note_on_c, 2, 66, 100
8, 720, Note_on_c, 2, 66, 0
8, 720, Note_on_c, 2, 70, 0
8, 720, Note_on_c, 2, 61, 0
8, 720, Note_on_c, 2, 66, 100
8, 720, Note_on_c, 2, 71, 100
8, 780, Note_on_c, 2, 71, 0
8, 780, Note_on_c, 2, 66, 0
8, 780, Note_on_c, 2, 71, 100
8, 780, Note_on_c, 2, 66, 100
8, 780, Note_on_c, 2, 63, 100
8, 900, Note_on_c, 2, 63, 0
8, 900, Note_on_c, 2, 66, 0
8, 900, Note_on_c, 2, 71, 0
8, 900, Note_on_c, 2, 66, 100
8, 900, Note_on_c, 2, 70, 100
8, 900, Note_on_c, 2, 61, 100
8, 1200, Note_on_c, 2, 61, 0
8, 1200, Note_on_c, 2, 70, 0
8, 1200, Note_on_c, 2, 66, 0
8, 1560, Note_on_c, 2, 75, 100
8, 1560, Note_on_c, 2, 66, 100
8, 1560, Note_on_c, 2, 71, 100
8, 1680, Note_on_c, 2, 71, 0
8, 1680, Note_on_c, 2, 66, 0
8, 1680, Note_on_c, 2, 75, 0
8, 1680, Note_on_c, 2, 66, 100
8, 1680, Note_on_c, 2, 73, 100
8, 1680, Note_on_c, 2, 70, 100
8, 1740, Note_on_c, 2, 70, 0
8, 1740, Note_on_c, 2, 73, 0
8, 1740, Note_on_c, 2, 66, 0
8, 1740, Note_on_c, 2, 73, 100
8, 1740, Note_on_c, 2, 66, 100
8, 1740, Note_on_c, 2, 70, 100
8, 1800, Note_on_c, 2, 70, 0
8, 1800, Note_on_c, 2, 66, 0
8, 1800, Note_on_c, 2, 73, 0
8, 1860, Note_on_c, 2, 66, 100
8, 1860, Note_on_c, 2, 71, 100
8, 1860, Note_on_c, 2, 63, 100
8, 2160, Note_on_c, 2, 63, 0
8, 2160, Note_on_c, 2, 71, 0
8, 2160, Note_on_c, 2, 66, 0
8, 2520, Note_on_c, 2, 73, 100
8, 2520, Note_on_c, 2, 70, 100
8, 2520, Note_on_c, 2, 66, 100
8, 2640, Note_on_c, 2, 66, 0
8, 2640, Note_on_c, 2, 70, 0
8, 2640, Note_on_c, 2, 73, 0
8, 2640, Note_on_c, 2, 72, 100
8, 2640, Note_on_c, 2, 63, 100
8, 2640, Note_on_c, 2, 68, 100
8, 2700, Note_on_c, 2, 68, 0
8, 2700, Note_on_c, 2, 63, 0
8, 2700, Note_on_c, 2, 72, 0
8, 2700, Note_on_c, 2, 72, 100
8, 2700, Note_on_c, 2, 68, 100
8, 2700, Note_on_c, 2, 63, 100
8, 2760, Note_on_c, 2, 63, 0
8, 2760, Note_on_c, 2, 68, 0
8, 2820, Note_on_c, 2, 72, 0
8, 2820, Note_on_c, 2, 63, 100
8, 2820, Note_on_c, 2, 71, 100
8, 2820, Note_on_c, 2, 66, 100
8, 3060, Note_on_c, 2, 66, 0
8, 3060, Note_on_c, 2, 71, 0
8, 3060, Note_on_c, 2, 63, 0
8, 3480, Note_on_c, 2, 70, 100
8, 3480, Note_on_c, 2, 61, 100
8, 3480, Note_on_c, 2, 66, 100
8, 3600, Note_on_c, 2, 66, 0
8, 3600, Note_on_c, 2, 61, 0
8, 3600, Note_on_c, 2, 70, 0
8, 3600, Note_on_c, 2, 66, 100
8, 3600, Note_on_c, 2, 71, 100
8, 3600, Note_on_c, 2, 63, 100
8, 3660, Note_on_c, 2, 63, 0
8, 3660, Note_on_c, 2, 71, 0
8, 3660, Note_on_c, 2, 66, 0
8, 3660, Note_on_c, 2, 71, 100
8, 3660, Note_on_c, 2, 63, 100
8, 3660, Note_on_c, 2, 66, 100
8, 3780, Note_on_c, 2, 66, 0
8, 3780, Note_on_c, 2, 63, 0
8, 3780, Note_on_c, 2, 71, 0
8, 3780, Note_on_c, 2, 70, 100
8, 3780, Note_on_c, 2, 61, 100
8, 3780, Note_on_c, 2, 66, 100
8, 3960, Note_on_c, 2, 61, 0
8, 4020, Note_on_c, 2, 66, 0
8, 4020, Note_on_c, 2, 70, 0
8, 4020, Note_on_c, 2, 63, 100
8, 4020, Note_on_c, 2, 66, 100
8, 4020, Note_on_c, 2, 71, 100
8, 4260, Note_on_c, 2, 71, 0
8, 4260, Note_on_c, 2, 66, 0
8, 4260, Note_on_c, 2, 63, 0
8, 4440, Note_on_c, 2, 70, 100
8, 4440, Note_on_c, 2, 61, 100
8, 4440, Note_on_c, 2, 66, 100
8, 4560, Note_on_c, 2, 66, 0
8, 4560, Note_on_c, 2, 61, 0
8, 4560, Note_on_c, 2, 70, 0
8, 4560, Note_on_c, 2, 66, 100
8, 4560, Note_on_c, 2, 71, 100
8, 4620, Note_on_c, 2, 71, 0
8, 4620, Note_on_c, 2, 66, 0
8, 4620, Note_on_c, 2, 66, 100
8, 4620, Note_on_c, 2, 71, 100
8, 4620, Note_on_c, 2, 63, 100
8, 4740, Note_on_c, 2, 63, 0
8, 4740, Note_on_c, 2, 71, 0
8, 4740, Note_on_c, 2, 66, 0
8, 4740, Note_on_c, 2, 66, 100
8, 4740, Note_on_c, 2, 61, 100
8, 4740, Note_on_c, 2, 70, 100
8, 5040, Note_on_c, 2, 70, 0
8, 5040, Note_on_c, 2, 61, 0
8, 5040, Note_on_c, 2, 66, 0
8, 5400, Note_on_c, 2, 75, 100
8, 5400, Note_on_c, 2, 71, 100
8, 5400, Note_on_c, 2, 66, 100
8, 5520, Note_on_c, 2, 66, 0
8, 5520, Note_on_c, 2, 71, 0
8, 5520, Note_on_c, 2, 75, 0
8, 5520, Note_on_c, 2, 73, 100
8, 5520, Note_on_c, 2, 66, 100
8, 5520, Note_on_c, 2, 70, 100
8, 5580, Note_on_c, 2, 70, 0
8, 5580, Note_on_c, 2, 66, 0
8, 5580, Note_on_c, 2, 73, 0
8, 5580, Note_on_c, 2, 70, 100
8, 5580, Note_on_c, 2, 66, 100
8, 5580, Note_on_c, 2, 73, 100
8, 5640, Note_on_c, 2, 73, 0
8, 5640, Note_on_c, 2, 66, 0
8, 5640, Note_on_c, 2, 70, 0
8, 5700, Note_on_c, 2, 63, 100
8, 5700, Note_on_c, 2, 66, 100
8, 5700, Note_on_c, 2, 71, 100
8, 6000, Note_on_c, 2, 71, 0
8, 6000, Note_on_c, 2, 66, 0
8, 6000, Note_on_c, 2, 63, 0
8, 6360, Note_on_c, 2, 66, 100
8, 6360, Note_on_c, 2, 70, 100
8, 6360, Note_on_c, 2, 73, 100
8, 6480, Note_on_c, 2, 73, 0
8, 6480, Note_on_c, 2, 70, 0
8, 6480, Note_on_c, 2, 66, 0
8, 6480, Note_on_c, 2, 68, 100
8, 6480, Note_on_c, 2, 63, 100
8, 6480, Note_on_c, 2, 72, 100
8, 6540, Note_on_c, 2, 72, 0
8, 6540, Note_on_c, 2, 63, 0
8, 6540, Note_on_c, 2, 68, 0
8, 6540, Note_on_c, 2, 68, 100
8, 6540, Note_on_c, 2, 72, 100
8, 6540, Note_on_c, 2, 63, 100
8, 6600, Note_on_c, 2, 63, 0
8, 6600, Note_on_c, 2, 68, 0
8, 6660, Note_on_c, 2, 72, 0
8, 6660, Note_on_c, 2, 71, 100
8, 6660, Note_on_c, 2, 63, 100
8, 6660, Note_on_c, 2, 66, 100
8, 6900, Note_on_c, 2, 66, 0
8, 6900, Note_on_c, 2, 63, 0
8, 6900, Note_on_c, 2, 71, 0
8, 7320, Note_on_c, 2, 66, 100
8, 7320, Note_on_c, 2, 61, 100
8, 7320, Note_on_c, 2, 70, 100
8, 7440, Note_on_c, 2, 70, 0
8, 7440, Note_on_c, 2, 61, 0
8, 7440, Note_on_c, 2, 66, 0
8, 7440, Note_on_c, 2, 66, 100
8, 7440, Note_on_c, 2, 63, 100
8, 7440, Note_on_c, 2, 71, 100
8, 7500, Note_on_c, 2, 71, 0
8, 7500, Note_on_c, 2, 63, 0
8, 7500, Note_on_c, 2, 66, 0
8, 7500, Note_on_c, 2, 71, 100
8, 7500, Note_on_c, 2, 66, 100
8, 7500, Note_on_c, 2, 63, 100
8, 7620, Note_on_c, 2, 63, 0
8, 7620, Note_on_c, 2, 66, 0
8, 7620, Note_on_c, 2, 71, 0
8, 7620, Note_on_c, 2, 66, 100
8, 7620, Note_on_c, 2, 70, 100
8, 7620, Note_on_c, 2, 61, 100
8, 7800, Note_on_c, 2, 61, 0
8, 7860, Note_on_c, 2, 70, 0
8, 7860, Note_on_c, 2, 66, 0
8, 7860, Note_on_c, 2, 66, 100
8, 7860, Note_on_c, 2, 63, 100
8, 7860, Note_on_c, 2, 71, 100
8, 8100, Note_on_c, 2, 71, 0
8, 8100, Note_on_c, 2, 63, 0
8, 8100, Note_on_c, 2, 66, 0
8, 8280, Note_on_c, 2, 66, 100
8, 8280, Note_on_c, 2, 61, 100
8, 8280, Note_on_c, 2, 70, 100
8, 8400, Note_on_c, 2, 70, 0
8, 8400, Note_on_c, 2, 61, 0
8, 8400, Note_on_c, 2, 66, 0
8, 8400, Note_on_c, 2, 66, 100
8, 8400, Note_on_c, 2, 71, 100
8, 8460, Note_on_c, 2, 71, 0
8, 8460, Note_on_c, 2, 66, 0
8, 8460, Note_on_c, 2, 63, 100
8, 8460, Note_on_c, 2, 71, 100
8, 8460, Note_on_c, 2, 66, 100
8, 8580, Note_on_c, 2, 66, 0
8, 8580, Note_on_c, 2, 71, 0
8, 8580, Note_on_c, 2, 63, 0
8, 8580, Note_on_c, 2, 66, 100
8, 8580, Note_on_c, 2, 70, 100
8, 8580, Note_on_c, 2, 61, 100
8, 8880, Note_on_c, 2, 61, 0
8, 8880, Note_on_c, 2, 70, 0
8, 8880, Note_on_c, 2, 66, 0
8, 9240, Note_on_c, 2, 75, 100
8, 9240, Note_on_c, 2, 66, 100
8, 9240, Note_on_c, 2, 71, 100
8, 9360, Note_on_c, 2, 71, 0
8, 9360, Note_on_c, 2, 66, 0
8, 9360, Note_on_c, 2, 75, 0
8, 9360, Note_on_c, 2, 66, 100
8, 9360, Note_on_c, 2, 73, 100
8, 9420, Note_on_c, 2, 73, 0
8, 9420, Note_on_c, 2, 66, 0
8, 9420, Note_on_c, 2, 66, 100
8, 9420, Note_on_c, 2, 73, 100
8, 9420, Note_on_c, 2, 70, 100
8, 9480, Note_on_c, 2, 70, 0
8, 9480, Note_on_c, 2, 73, 0
8, 9480, Note_on_c, 2, 66, 0
8, 9540, Note_on_c, 2, 71, 100
8, 9540, Note_on_c, 2, 66, 100
8, 9540, Note_on_c, 2, 63, 100
8, 9840, Note_on_c, 2, 63, 0
8, 9840, Note_on_c, 2, 66, 0
8, 9840, Note_on_c, 2, 71, 0
8, 10200, Note_on_c, 2, 73, 100
8, 10200, Note_on_c, 2, 66, 100
8, 10200, Note_on_c, 2, 70, 100
8, 10320, Note_on_c, 2, 70, 0
8, 10320, Note_on_c, 2, 66, 0
8, 10320, Note_on_c, 2, 73, 0
8, 10320, Note_on_c, 2, 63, 100
8, 10320, Note_on_c, 2, 72, 100
8, 10320, Note_on_c, 2, 68, 100
8, 10380, Note_on_c, 2, 68, 0
8, 10380, Note_on_c, 2, 72, 0
8, 10380, Note_on_c, 2, 63, 0
8, 10380, Note_on_c, 2, 63, 100
8, 10380, Note_on_c, 2, 72, 100
8, 10380, Note_on_c, 2, 68, 100
8, 10440, Note_on_c, 2, 68, 0
8, 10440, Note_on_c, 2, 63, 0
8, 10500, Note_on_c, 2, 72, 0
8, 10500, Note_on_c, 2, 71, 100
8, 10500, Note_on_c, 2, 63, 100
8, 10500, Note_on_c, 2, 66, 100
8, 10740, Note_on_c, 2, 66, 0
8, 10740, Note_on_c, 2, 63, 0
8, 10740, Note_on_c, 2, 71, 0
8, 11160, Note_on_c, 2, 61, 100
8, 11160, Note_on_c, 2, 70, 100
8, 11160, Note_on_c, 2, 66, 100
8, 11280, Note_on_c, 2, 66, 0
8, 11280, Note_on_c, 2, 70, 0
8, 11280, Note_on_c, 2, 61, 0
8, 11280, Note_on_c, 2, 66, 100
8, 11280, Note_on_c, 2, 63, 100
8, 11280, Note_on_c, 2, 71, 100
8, 11340, Note_on_c, 2, 71, 0
8, 11340, Note_on_c, 2, 63, 0
8, 11340, Note_on_c, 2, 66, 0
8, 11340, Note_on_c, 2, 63, 100
8, 11340, Note_on_c, 2, 71, 100
8, 11340, Note_on_c, 2, 66, 100
8, 11460, Note_on_c, 2, 66, 0
8, 11460, Note_on_c, 2, 71, 0
8, 11460, Note_on_c, 2, 63, 0
8, 11460, Note_on_c, 2, 66, 100
8, 11460, Note_on_c, 2, 70, 100
8, 11460, Note_on_c, 2, 61, 100
8, 11640, Note_on_c, 2, 61, 0
8, 11700, Note_on_c, 2, 70, 0
8, 11700, Note_on_c, 2, 66, 0
8, 11700, Note_on_c, 2, 66, 100
8, 11700, Note_on_c, 2, 63, 100
8, 11700, Note_on_c, 2, 71, 100
8, 11940, Note_on_c, 2, 71, 0
8, 11940, Note_on_c, 2, 63, 0
8, 11940, Note_on_c, 2, 66, 0
8, 12120, Note_on_c, 2, 61, 100
8, 12120, Note_on_c, 2, 70, 100
8, 12120, Note_on_c, 2, 66, 100
8, 12240, Note_on_c, 2, 66, 0
8, 12240, Note_on_c, 2, 70, 0
8, 12240, Note_on_c, 2, 61, 0
8, 12240, Note_on_c, 2, 66, 100
8, 12240, Note_on_c, 2, 71, 100
8, 12240, Note_on_c, 2, 63, 100
8, 12300, Note_on_c, 2, 63, 0
8, 12300, Note_on_c, 2, 71, 0
8, 12300, Note_on_c, 2, 66, 0
8, 12300, Note_on_c, 2, 71, 100
8, 12300, Note_on_c, 2, 66, 100
8, 12300, Note_on_c, 2, 63, 100
8, 12420, Note_on_c, 2, 63, 0
8, 12420, Note_on_c, 2, 66, 0
8, 12420, Note_on_c, 2, 71, 0
8, 12420, Note_on_c, 2, 66, 100
8, 12420, Note_on_c, 2, 70, 100
8, 12420, Note_on_c, 2, 61, 100
8, 12720, Note_on_c, 2, 61, 0
8, 12720, Note_on_c, 2, 70, 0
8, 12720, Note_on_c, 2, 66, 0
8, 12720, End_track
0, 0, End_of_file
