0, 0, Header, 1, 56, 384
1, 0, Start_track
1, 0, Time_signature, 4, 2, 96, 8
1, 0, Sequencer_specific, 3, 0, 0, 65
1, 0, Sequencer_specific, 5, 0, 0, 119, 14, 0
1, 0, Tempo, 600000
1, 39936, Tempo, 555555
1, 64512, Tempo, 666666
1, 67584, Tempo, 500000
1, 70656, Tempo, 666666
1, 73728, Tempo, 500000
1, 76800, Tempo, 666666
1, 76800, End_track
2, 0, Start_track
2, 0, Control_c, 0, 0, 0
2, 0, Program_c, 0, 0
2, 0, Control_c, 0, 7, 127
2, 0, Control_c, 0, 10, 59
2, 0, Control_c, 0, 91, 54
2, 0, Control_c, 0, 93, 127
2, 0, Note_on_c, 0, 92, 100
2, 192, Note_off_c, 0, 92, 100
2, 192, Note_on_c, 0, 90, 100
2, 384, Note_off_c, 0, 90, 100
2, 384, Note_on_c, 0, 88, 100
2, 576, Note_off_c, 0, 88, 100
2, 576, Note_on_c, 0, 87, 100
2, 1088, Note_off_c, 0, 87, 100
2, 1152, Note_on_c, 0, 83, 100
2, 1344, Note_off_c, 0, 83, 100
2, 1344, Note_on_c, 0, 85, 100
2, 1536, Note_off_c, 0, 85, 100
2, 2112, Note_on_c, 0, 78, 100
2, 2176, Note_off_c, 0, 78, 100
2, 2208, Note_on_c, 0, 80, 100
2, 2272, Note_off_c, 0, 80, 100
2, 2304, Note_on_c, 0, 78, 100
2, 2560, Note_off_c, 0, 78, 100
2, 2688, Note_on_c, 0, 76, 100
2, 2944, Note_off_c, 0, 76, 100
2, 3072, Note_on_c, 0, 92, 100
2, 3264, Note_off_c, 0, 92, 100
2, 3264, Note_on_c, 0, 90, 100
2, 3456, Note_off_c, 0, 90, 100
2, 3456, Note_on_c, 0, 88, 100
2, 3648, Note_off_c, 0, 88, 100
2, 3648, Note_on_c, 0, 87, 100
2, 4160, Note_off_c, 0, 87, 100
2, 4224, Note_on_c, 0, 83, 100
2, 4416, Note_off_c, 0, 83, 100
2, 4416, Note_on_c, 0, 80, 100
2, 4672, Note_off_c, 0, 80, 100
2, 4800, Note_on_c, 0, 78, 100
2, 5056, Note_off_c, 0, 78, 100
2, 5184, Note_on_c, 0, 76, 100
2, 5696, Note_off_c, 0, 76, 100
2, 5760, Note_on_c, 0, 75, 100
2, 6016, Note_off_c, 0, 75, 100
2, 6144, Note_on_c, 0, 92, 100
2, 6336, Note_off_c, 0, 92, 100
2, 6336, Note_on_c, 0, 90, 100
2, 6528, Note_off_c, 0, 90, 100
2, 6528, Note_on_c, 0, 88, 100
2, 6720, Note_off_c, 0, 88, 100
2, 6720, Note_on_c, 0, 87, 100
2, 7232, Note_off_c, 0, 87, 100
2, 7296, Note_on_c, 0, 83, 100
2, 7488, Note_off_c, 0, 83, 100
2, 7488, Note_on_c, 0, 85, 100
2, 7680, Note_off_c, 0, 85, 100
2, 8256, Note_on_c, 0, 78, 100
2, 8320, Note_off_c, 0, 78, 100
2, 8352, Note_on_c, 0, 80, 100
2, 8416, Note_off_c, 0, 80, 100
2, 8448, Note_on_c, 0, 78, 100
2, 8704, Note_off_c, 0, 78, 100
2, 8832, Note_on_c, 0, 76, 100
2, 9088, Note_off_c, 0, 76, 100
2, 9216, Note_on_c, 0, 92, 100
2, 9408, Note_off_c, 0, 92, 100
2, 9408, Note_on_c, 0, 90, 100
2, 9600, Note_off_c, 0, 90, 100
2, 9600, Note_on_c, 0, 88, 100
2, 9792, Note_off_c, 0, 88, 100
2, 9792, Note_on_c, 0, 87, 100
2, 10304, Note_off_c, 0, 87, 100
2, 10368, Note_on_c, 0, 83, 100
2, 10560, Note_off_c, 0, 83, 100
2, 10560, Note_on_c, 0, 80, 100
2, 10816, Note_off_c, 0, 80, 100
2, 10944, Note_on_c, 0, 78, 100
2, 11200, Note_off_c, 0, 78, 100
2, 11328, Note_on_c, 0, 76, 100
2, 11584, Note_off_c, 0, 76, 100
2, 11712, Note_on_c, 0, 75, 100
2, 11968, Note_off_c, 0, 75, 100
2, 12096, Note_on_c, 0, 78, 100
2, 12352, Note_off_c, 0, 78, 100
2, 12480, Note_on_c, 0, 76, 100
2, 12736, Note_off_c, 0, 76, 100
2, 12864, Note_on_c, 0, 75, 100
2, 13120, Note_off_c, 0, 75, 100
2, 13248, Note_on_c, 0, 73, 100
2, 13376, Note_off_c, 0, 73, 100
2, 13440, Note_on_c, 0, 72, 100
2, 14976, Note_off_c, 0, 72, 64
2, 18432, Note_on_c, 0, 68, 100
2, 18624, Note_off_c, 0, 68, 100
2, 18624, Note_on_c, 0, 73, 100
2, 18816, Note_off_c, 0, 73, 100
2, 18816, Note_on_c, 0, 75, 100
2, 19008, Note_off_c, 0, 75, 100
2, 19008, Note_on_c, 0, 76, 100
2, 19200, Note_off_c, 0, 76, 100
2, 19200, Note_on_c, 0, 75, 100
2, 19456, Note_off_c, 0, 75, 100
2, 19584, Note_on_c, 0, 73, 100
2, 19840, Note_off_c, 0, 73, 100
2, 19968, Note_on_c, 0, 68, 100
2, 20160, Note_off_c, 0, 68, 100
2, 20160, Note_on_c, 0, 73, 100
2, 20352, Note_off_c, 0, 73, 100
2, 20352, Note_on_c, 0, 75, 100
2, 20544, Note_off_c, 0, 75, 100
2, 20544, Note_on_c, 0, 76, 100
2, 20736, Note_off_c, 0, 76, 100
2, 20736, Note_on_c, 0, 75, 100
2, 20992, Note_off_c, 0, 75, 100
2, 21504, Note_on_c, 0, 68, 100
2, 21696, Note_off_c, 0, 68, 100
2, 21696, Note_on_c, 0, 73, 100
2, 21888, Note_off_c, 0, 73, 100
2, 21888, Note_on_c, 0, 75, 100
2, 22080, Note_off_c, 0, 75, 100
2, 22080, Note_on_c, 0, 76, 100
2, 22272, Note_off_c, 0, 76, 100
2, 22272, Note_on_c, 0, 75, 100
2, 22528, Note_off_c, 0, 75, 100
2, 23040, Note_on_c, 0, 68, 100
2, 23232, Note_off_c, 0, 68, 100
2, 23232, Note_on_c, 0, 73, 100
2, 23424, Note_off_c, 0, 73, 100
2, 23424, Note_on_c, 0, 75, 100
2, 23616, Note_off_c, 0, 75, 100
2, 23616, Note_on_c, 0, 76, 100
2, 23808, Note_off_c, 0, 76, 100
2, 23808, Note_on_c, 0, 75, 100
2, 24064, Note_off_c, 0, 75, 100
2, 24576, Note_on_c, 0, 68, 100
2, 24768, Note_off_c, 0, 68, 100
2, 24768, Note_on_c, 0, 73, 100
2, 24960, Note_off_c, 0, 73, 100
2, 24960, Note_on_c, 0, 75, 100
2, 25152, Note_off_c, 0, 75, 100
2, 25152, Note_on_c, 0, 76, 100
2, 25344, Note_off_c, 0, 76, 100
2, 25344, Note_on_c, 0, 75, 100
2, 25600, Note_off_c, 0, 75, 100
2, 25728, Note_on_c, 0, 82, 100
2, 25728, Note_on_c, 0, 87, 100
2, 25856, Note_off_c, 0, 82, 100
2, 25856, Note_off_c, 0, 87, 100
2, 25920, Note_on_c, 0, 76, 100
2, 25920, Note_on_c, 0, 83, 100
2, 26044, Note_on_c, 0, 87, 100
2, 26112, Note_off_c, 0, 76, 100
2, 26112, Note_off_c, 0, 83, 100
2, 26172, Note_off_c, 0, 87, 64
2, 27456, Note_on_c, 0, 80, 100
2, 27456, Note_on_c, 0, 83, 100
2, 27648, Note_off_c, 0, 80, 100
2, 27648, Note_off_c, 0, 83, 100
2, 27648, Note_on_c, 0, 68, 100
2, 27648, Note_on_c, 0, 78, 100
2, 27648, Note_on_c, 0, 81, 100
2, 27840, Note_off_c, 0, 68, 100
2, 27840, Note_off_c, 0, 78, 100
2, 27840, Note_off_c, 0, 81, 100
2, 27840, Note_on_c, 0, 73, 100
2, 28032, Note_off_c, 0, 73, 100
2, 28032, Note_on_c, 0, 75, 100
2, 28032, Note_on_c, 0, 76, 100
2, 28032, Note_on_c, 0, 80, 100
2, 28224, Note_off_c, 0, 75, 100
2, 28224, Note_off_c, 0, 76, 100
2, 28224, Note_off_c, 0, 80, 100
2, 28224, Note_on_c, 0, 76, 100
2, 28224, Note_on_c, 0, 78, 100
2, 28224, Note_on_c, 0, 75, 100
2, 28416, Note_off_c, 0, 76, 100
2, 28416, Note_off_c, 0, 78, 100
2, 28416, Note_off_c, 0, 75, 100
2, 28416, Note_on_c, 0, 75, 100
2, 28672, Note_off_c, 0, 75, 100
2, 28992, Note_on_c, 0, 73, 100
2, 28992, Note_on_c, 0, 76, 100
2, 29184, Note_off_c, 0, 73, 100
2, 29184, Note_off_c, 0, 76, 100
2, 29184, Note_on_c, 0, 73, 100
2, 29184, Note_on_c, 0, 76, 100
2, 29376, Note_on_c, 0, 73, 100
2, 29568, Note_off_c, 0, 73, 100
2, 29568, Note_on_c, 0, 80, 100
2, 29760, Note_off_c, 0, 80, 100
2, 29760, Note_on_c, 0, 76, 100
2, 29952, Note_off_c, 0, 76, 100
2, 29952, Note_on_c, 0, 73, 100
2, 30144, Note_off_c, 0, 73, 100
2, 30144, Note_on_c, 0, 78, 100
2, 30336, Note_off_c, 0, 76, 100
2, 30336, Note_off_c, 0, 73, 100
2, 30336, Note_off_c, 0, 78, 100
2, 30336, Note_on_c, 0, 76, 100
2, 30528, Note_off_c, 0, 76, 100
2, 30528, Note_on_c, 0, 73, 100
2, 30720, Note_off_c, 0, 73, 100
2, 30720, Note_on_c, 0, 72, 100
2, 30720, Note_on_c, 0, 75, 100
2, 33792, Note_off_c, 0, 75, 64
2, 33792, Note_off_c, 0, 72, 64
2, 40800, Note_on_c, 0, 61, 100
2, 40992, Note_off_c, 0, 61, 100
2, 40992, Note_on_c, 0, 56, 100
2, 41184, Note_off_c, 0, 56, 100
2, 41184, Note_on_c, 0, 63, 100
2, 41376, Note_off_c, 0, 63, 100
2, 41376, Note_on_c, 0, 56, 100
2, 41568, Note_off_c, 0, 56, 100
2, 41568, Note_on_c, 0, 64, 100
2, 41760, Note_off_c, 0, 64, 100
2, 41760, Note_on_c, 0, 56, 100
2, 41952, Note_off_c, 0, 56, 100
2, 41952, Note_on_c, 0, 66, 100
2, 42144, Note_off_c, 0, 66, 100
2, 42336, Note_on_c, 0, 61, 100
2, 42528, Note_off_c, 0, 61, 100
2, 42528, Note_on_c, 0, 56, 100
2, 42720, Note_off_c, 0, 56, 100
2, 42720, Note_on_c, 0, 63, 100
2, 42912, Note_off_c, 0, 63, 100
2, 42912, Note_on_c, 0, 56, 100
2, 43104, Note_off_c, 0, 56, 100
2, 43104, Note_on_c, 0, 64, 100
2, 43296, Note_off_c, 0, 64, 100
2, 43872, Note_on_c, 0, 61, 100
2, 44064, Note_off_c, 0, 61, 100
2, 44064, Note_on_c, 0, 56, 100
2, 44256, Note_off_c, 0, 56, 100
2, 44256, Note_on_c, 0, 63, 100
2, 44448, Note_off_c, 0, 63, 100
2, 44448, Note_on_c, 0, 56, 100
2, 44640, Note_off_c, 0, 56, 100
2, 44640, Note_on_c, 0, 64, 100
2, 44832, Note_off_c, 0, 64, 100
2, 44832, Note_on_c, 0, 56, 100
2, 45024, Note_off_c, 0, 56, 100
2, 45024, Note_on_c, 0, 66, 100
2, 45216, Note_off_c, 0, 66, 100
2, 45216, Note_on_c, 0, 56, 100
2, 45344, Note_off_c, 0, 56, 100
2, 50784, Note_on_c, 0, 68, 100
2, 50784, Note_on_c, 0, 80, 100
2, 50976, Note_off_c, 0, 68, 100
2, 50976, Note_off_c, 0, 80, 100
2, 50976, Note_on_c, 0, 66, 100
2, 50976, Note_on_c, 0, 78, 100
2, 51168, Note_off_c, 0, 66, 100
2, 51168, Note_off_c, 0, 78, 100
2, 51168, Note_on_c, 0, 64, 100
2, 51168, Note_on_c, 0, 76, 100
2, 51360, Note_off_c, 0, 64, 100
2, 51360, Note_off_c, 0, 76, 100
2, 51360, Note_on_c, 0, 63, 100
2, 51360, Note_on_c, 0, 75, 100
2, 51936, Note_off_c, 0, 63, 100
2, 51936, Note_off_c, 0, 75, 100
2, 53088, Note_on_c, 0, 63, 100
2, 53216, Note_off_c, 0, 63, 100
2, 53280, Note_on_c, 0, 56, 100
2, 53408, Note_off_c, 0, 56, 100
2, 53472, Note_on_c, 0, 64, 100
2, 53600, Note_off_c, 0, 64, 100
2, 53664, Note_on_c, 0, 56, 100
2, 53792, Note_off_c, 0, 56, 100
2, 53856, Note_on_c, 0, 66, 100
2, 53984, Note_off_c, 0, 66, 100
2, 54048, Note_on_c, 0, 64, 100
2, 54176, Note_off_c, 0, 64, 100
2, 54240, Note_on_c, 0, 64, 100
2, 54368, Note_off_c, 0, 64, 100
2, 54432, Note_on_c, 0, 56, 100
2, 54560, Note_off_c, 0, 56, 100
2, 54624, Note_on_c, 0, 63, 100
2, 54752, Note_off_c, 0, 63, 100
2, 54816, Note_on_c, 0, 56, 100
2, 54944, Note_off_c, 0, 56, 100
2, 55008, Note_on_c, 0, 68, 100
2, 55264, Note_off_c, 0, 68, 100
2, 55392, Note_on_c, 0, 66, 100
2, 55584, Note_off_c, 0, 66, 100
2, 55584, Note_on_c, 0, 64, 100
2, 55776, Note_off_c, 0, 64, 100
2, 55776, Note_on_c, 0, 64, 100
2, 55904, Note_off_c, 0, 64, 100
2, 55968, Note_on_c, 0, 56, 100
2, 56096, Note_off_c, 0, 56, 100
2, 56160, Note_on_c, 0, 64, 100
2, 56416, Note_off_c, 0, 64, 100
2, 56544, Note_on_c, 0, 64, 100
2, 56736, Note_off_c, 0, 64, 100
2, 56736, Note_on_c, 0, 66, 100
2, 56928, Note_off_c, 0, 66, 100
2, 56928, Note_on_c, 0, 66, 100
2, 57056, Note_off_c, 0, 66, 100
2, 57120, Note_on_c, 0, 64, 100
2, 57248, Note_off_c, 0, 64, 100
2, 57312, Note_on_c, 0, 64, 100
2, 57440, Note_off_c, 0, 64, 100
2, 57504, Note_on_c, 0, 56, 100
2, 57632, Note_off_c, 0, 56, 100
2, 57696, Note_on_c, 0, 63, 100
2, 57824, Note_off_c, 0, 63, 100
2, 57888, Note_on_c, 0, 56, 100
2, 58016, Note_off_c, 0, 56, 100
2, 58080, Note_on_c, 0, 64, 100
2, 58208, Note_off_c, 0, 64, 100
2, 58272, Note_on_c, 0, 56, 100
2, 58400, Note_off_c, 0, 56, 100
2, 58464, Note_on_c, 0, 63, 100
2, 58656, Note_off_c, 0, 63, 100
2, 58656, Note_on_c, 0, 64, 100
2, 58848, Note_off_c, 0, 64, 100
2, 58848, Note_on_c, 0, 66, 100
2, 59040, Note_off_c, 0, 66, 100
2, 59040, Note_on_c, 0, 68, 100
2, 59232, Note_off_c, 0, 68, 100
2, 59232, Note_on_c, 0, 68, 100
2, 59424, Note_off_c, 0, 68, 100
2, 59616, Note_on_c, 0, 66, 100
2, 59808, Note_off_c, 0, 66, 100
2, 59808, Note_on_c, 0, 66, 100
2, 60000, Note_off_c, 0, 66, 100
2, 60192, Note_on_c, 0, 68, 100
2, 60296, Note_on_c, 0, 66, 100
2, 60356, Note_on_c, 0, 64, 100
2, 60384, Note_off_c, 0, 68, 100
2, 60384, Note_on_c, 0, 61, 100
2, 60488, Note_off_c, 0, 66, 100
2, 60548, Note_off_c, 0, 64, 100
2, 60576, Note_off_c, 0, 61, 100
2, 61536, Note_on_c, 0, 64, 100
2, 61728, Note_off_c, 0, 64, 100
2, 61728, Note_on_c, 0, 68, 100
2, 61920, Note_off_c, 0, 68, 100
2, 61920, Note_on_c, 0, 69, 100
2, 62112, Note_off_c, 0, 69, 100
2, 62112, Note_on_c, 0, 67, 100
2, 62276, Note_on_c, 0, 67, 100
2, 62304, Note_off_c, 0, 67, 100
2, 62304, Note_on_c, 0, 68, 100
2, 62340, Note_off_c, 0, 67, 100
2, 62688, Note_on_c, 0, 80, 100
2, 62784, Note_on_c, 0, 69, 100
2, 62816, Note_off_c, 0, 80, 100
2, 62844, Note_on_c, 0, 66, 100
2, 62848, Note_off_c, 0, 69, 100
2, 63072, Note_off_c, 0, 68, 100
2, 63612, Note_off_c, 0, 66, 64
2, 64608, Note_on_c, 0, 61, 100
2, 64672, Note_off_c, 0, 61, 100
2, 64744, Note_on_c, 0, 58, 100
2, 64804, Note_on_c, 0, 61, 100
2, 64808, Note_off_c, 0, 58, 100
2, 64844, Note_on_c, 0, 63, 100
2, 64868, Note_off_c, 0, 61, 100
2, 64908, Note_off_c, 0, 63, 100
2, 65280, Note_on_c, 0, 64, 100
2, 65344, Note_off_c, 0, 64, 100
2, 65376, Note_on_c, 0, 77, 100
2, 65376, Note_on_c, 0, 65, 100
2, 65376, Note_on_c, 0, 63, 100
2, 65568, Note_off_c, 0, 77, 100
2, 65568, Note_off_c, 0, 65, 100
2, 65568, Note_off_c, 0, 63, 100
2, 65568, Note_on_c, 0, 66, 100
2, 65760, Note_off_c, 0, 66, 100
2, 65760, Note_on_c, 0, 68, 100
2, 65952, Note_off_c, 0, 68, 100
2, 66048, Note_on_c, 0, 73, 100
2, 66240, Note_off_c, 0, 73, 64
2, 66300, Note_on_c, 0, 73, 100
2, 66336, Note_on_c, 0, 71, 100
2, 66428, Note_off_c, 0, 73, 100
2, 66528, Note_off_c, 0, 71, 100
2, 66720, Note_on_c, 0, 68, 100
2, 66912, Note_off_c, 0, 68, 100
2, 66912, Note_on_c, 0, 68, 100
2, 67104, Note_off_c, 0, 68, 100
2, 67104, Note_on_c, 0, 64, 100
2, 67268, Note_on_c, 0, 64, 100
2, 67296, Note_off_c, 0, 64, 100
2, 67296, Note_on_c, 0, 66, 100
2, 67460, Note_off_c, 0, 64, 100
2, 67872, Note_off_c, 0, 66, 64
2, 70944, Note_on_c, 0, 64, 100
2, 71040, Note_on_c, 0, 63, 100
2, 71040, Note_on_c, 0, 77, 100
2, 71040, Note_on_c, 0, 65, 100
2, 71136, Note_off_c, 0, 64, 100
2, 71232, Note_off_c, 0, 63, 100
2, 71232, Note_off_c, 0, 77, 100
2, 71232, Note_off_c, 0, 65, 100
2, 71232, Note_on_c, 0, 66, 100
2, 71424, Note_off_c, 0, 66, 100
2, 71424, Note_on_c, 0, 68, 100
2, 71616, Note_off_c, 0, 68, 100
2, 71712, Note_on_c, 0, 73, 100
2, 71904, Note_off_c, 0, 73, 100
2, 71980, Note_on_c, 0, 73, 100
2, 72000, Note_on_c, 0, 71, 100
2, 72108, Note_off_c, 0, 73, 100
2, 72576, Note_off_c, 0, 71, 64
2, 76896, Note_on_c, 0, 64, 100
2, 76992, Note_on_c, 0, 65, 100
2, 76992, Note_on_c, 0, 77, 100
2, 76992, Note_on_c, 0, 63, 100
2, 77088, Note_off_c, 0, 64, 100
2, 77184, Note_off_c, 0, 65, 100
2, 77184, Note_off_c, 0, 77, 100
2, 77184, Note_off_c, 0, 63, 100
2, 77184, Note_on_c, 0, 66, 100
2, 77376, Note_off_c, 0, 66, 100
2, 77376, Note_on_c, 0, 68, 100
2, 77568, Note_off_c, 0, 68, 100
2, 77664, Note_on_c, 0, 73, 100
2, 77856, Note_off_c, 0, 73, 100
2, 77916, Note_on_c, 0, 73, 100
2, 77952, Note_on_c, 0, 71, 100
2, 78044, Note_off_c, 0, 73, 100
2, 78144, Note_off_c, 0, 71, 100
2, 78336, Note_on_c, 0, 68, 100
2, 78432, Note_off_c, 0, 68, 100
2, 78528, Note_on_c, 0, 68, 100
2, 78720, Note_off_c, 0, 68, 100
2, 78720, Note_on_c, 0, 64, 100
2, 78912, Note_off_c, 0, 64, 100
2, 78912, Note_on_c, 0, 64, 100
2, 79008, Note_on_c, 0, 66, 100
2, 79068, Note_on_c, 0, 65, 100
2, 79104, Note_off_c, 0, 64, 100
2, 79148, Note_on_c, 0, 66, 100
2, 79188, Note_on_c, 0, 64, 100
2, 79200, Note_off_c, 0, 66, 100
2, 79260, Note_off_c, 0, 65, 100
2, 79340, Note_off_c, 0, 66, 100
2, 79380, Note_off_c, 0, 64, 100
2, 79488, Note_on_c, 0, 62, 100
2, 79680, Note_off_c, 0, 62, 100
2, 79680, Note_on_c, 0, 63, 100
2, 79872, Note_off_c, 0, 63, 100
2, 79968, Note_on_c, 0, 59, 100
2, 80096, Note_off_c, 0, 59, 100
2, 80668, Note_on_c, 0, 63, 100
2, 80708, Note_on_c, 0, 68, 100
2, 80736, Note_on_c, 0, 49, 100
2, 82204, Note_off_c, 0, 63, 64
2, 82244, Note_off_c, 0, 68, 64
2, 82272, Note_off_c, 0, 49, 64
2, 83740, Note_on_c, 0, 75, 100
2, 83780, Note_on_c, 0, 80, 100
2, 83808, Note_on_c, 0, 61, 100
2, 85276, Note_off_c, 0, 75, 64
2, 85316, Note_off_c, 0, 80, 64
2, 85344, Note_off_c, 0, 61, 64
2, 85344, End_track
3, 0, Start_track
3, 0, Control_c, 1, 0, 0
3, 0, Program_c, 1, 0
3, 0, Control_c, 1, 7, 127
3, 0, Note_on_c, 1, 68, 100
3, 192, Note_off_c, 1, 68, 100
3, 192, Note_on_c, 1, 73, 100
3, 384, Note_off_c, 1, 73, 100
3, 384, Note_on_c, 1, 75, 100
3, 576, Note_off_c, 1, 75, 100
3, 576, Note_on_c, 1, 76, 100
3, 1088, Note_off_c, 1, 76, 100
3, 1536, Note_on_c, 1, 64, 100
3, 1728, Note_off_c, 1, 64, 100
3, 1728, Note_on_c, 1, 68, 100
3, 1920, Note_off_c, 1, 68, 100
3, 1920, Note_on_c, 1, 69, 100
3, 2112, Note_off_c, 1, 69, 100
3, 2112, Note_on_c, 1, 73, 100
3, 2304, Note_off_c, 1, 73, 100
3, 2688, Note_on_c, 1, 73, 100
3, 3072, Note_off_c, 1, 73, 100
3, 3072, Note_on_c, 1, 68, 100
3, 3264, Note_off_c, 1, 68, 100
3, 3264, Note_on_c, 1, 73, 100
3, 3456, Note_off_c, 1, 73, 100
3, 3456, Note_on_c, 1, 75, 100
3, 3648, Note_off_c, 1, 75, 100
3, 3648, Note_on_c, 1, 76, 100
3, 4160, Note_off_c, 1, 76, 100
3, 4224, Note_on_c, 1, 71, 100
3, 4352, Note_off_c, 1, 71, 100
3, 4416, Note_on_c, 1, 68, 100
3, 4672, Note_off_c, 1, 68, 100
3, 4800, Note_on_c, 1, 66, 100
3, 5056, Note_off_c, 1, 66, 100
3, 5184, Note_on_c, 1, 64, 100
3, 5696, Note_off_c, 1, 64, 100
3, 5760, Note_on_c, 1, 63, 100
3, 6016, Note_off_c, 1, 63, 100
3, 6144, Note_on_c, 1, 68, 100
3, 6336, Note_off_c, 1, 68, 100
3, 6336, Note_on_c, 1, 73, 100
3, 6528, Note_off_c, 1, 73, 100
3, 6528, Note_on_c, 1, 75, 100
3, 6720, Note_off_c, 1, 75, 100
3, 6720, Note_on_c, 1, 76, 100
3, 7232, Note_off_c, 1, 76, 100
3, 7680, Note_on_c, 1, 64, 100
3, 7872, Note_off_c, 1, 64, 100
3, 7872, Note_on_c, 1, 68, 100
3, 8064, Note_off_c, 1, 68, 100
3, 8064, Note_on_c, 1, 69, 100
3, 8256, Note_off_c, 1, 69, 100
3, 8256, Note_on_c, 1, 73, 100
3, 8448, Note_off_c, 1, 73, 100
3, 8832, Note_on_c, 1, 73, 100
3, 9216, Note_off_c, 1, 73, 100
3, 9216, Note_on_c, 1, 68, 100
3, 9408, Note_off_c, 1, 68, 100
3, 9408, Note_on_c, 1, 73, 100
3, 9600, Note_off_c, 1, 73, 100
3, 9600, Note_on_c, 1, 75, 100
3, 9792, Note_off_c, 1, 75, 100
3, 9792, Note_on_c, 1, 76, 100
3, 10304, Note_off_c, 1, 76, 100
3, 10368, Note_on_c, 1, 71, 100
3, 10496, Note_off_c, 1, 71, 100
3, 10560, Note_on_c, 1, 68, 100
3, 10816, Note_off_c, 1, 68, 100
3, 10944, Note_on_c, 1, 66, 100
3, 11200, Note_off_c, 1, 66, 100
3, 11328, Note_on_c, 1, 64, 100
3, 11584, Note_off_c, 1, 64, 100
3, 11712, Note_on_c, 1, 63, 100
3, 11968, Note_off_c, 1, 63, 100
3, 12096, Note_on_c, 1, 66, 100
3, 12352, Note_off_c, 1, 66, 100
3, 12480, Note_on_c, 1, 64, 100
3, 12736, Note_off_c, 1, 64, 100
3, 12864, Note_on_c, 1, 63, 100
3, 13120, Note_off_c, 1, 63, 100
3, 13248, Note_on_c, 1, 61, 100
3, 13376, Note_off_c, 1, 61, 100
3, 13440, Note_on_c, 1, 60, 100
3, 14976, Note_off_c, 1, 60, 64
3, 18432, Note_on_c, 1, 49, 100
3, 18944, Note_off_c, 1, 49, 100
3, 19968, Note_on_c, 1, 49, 100
3, 20480, Note_off_c, 1, 49, 100
3, 21504, Note_on_c, 1, 45, 100
3, 22532, Note_off_c, 1, 45, 100
3, 23040, Note_on_c, 1, 45, 100
3, 24068, Note_off_c, 1, 45, 100
3, 24576, Note_on_c, 1, 42, 100
3, 25604, Note_off_c, 1, 42, 100
3, 27456, Note_on_c, 1, 68, 100
3, 27456, Note_on_c, 1, 71, 100
3, 27648, Note_off_c, 1, 68, 100
3, 27648, Note_off_c, 1, 71, 100
3, 27648, Note_on_c, 1, 44, 100
3, 27648, Note_on_c, 1, 66, 100
3, 27648, Note_on_c, 1, 69, 100
3, 27840, Note_off_c, 1, 66, 100
3, 27840, Note_off_c, 1, 69, 100
3, 28032, Note_on_c, 1, 64, 100
3, 28032, Note_on_c, 1, 68, 100
3, 28224, Note_off_c, 1, 64, 100
3, 28224, Note_off_c, 1, 68, 100
3, 28224, Note_on_c, 1, 66, 100
3, 28224, Note_on_c, 1, 63, 100
3, 28416, Note_off_c, 1, 66, 100
3, 28416, Note_off_c, 1, 63, 100
3, 28676, Note_off_c, 1, 44, 100
3, 28992, Note_on_c, 1, 61, 100
3, 28992, Note_on_c, 1, 64, 100
3, 29184, Note_off_c, 1, 61, 100
3, 29184, Note_off_c, 1, 64, 100
3, 29184, Note_on_c, 1, 44, 100
3, 29184, Note_on_c, 1, 61, 100
3, 29184, Note_on_c, 1, 64, 100
3, 30212, Note_off_c, 1, 44, 100
3, 30720, Note_off_c, 1, 61, 100
3, 30720, Note_off_c, 1, 64, 100
3, 30720, Note_on_c, 1, 51, 100
3, 30720, Note_on_c, 1, 60, 100
3, 30720, Note_on_c, 1, 63, 100
3, 31748, Note_off_c, 1, 51, 100
3, 32256, Note_off_c, 1, 60, 100
3, 32256, Note_off_c, 1, 63, 100
3, 33792, Note_on_c, 1, 76, 100
3, 33984, Note_off_c, 1, 76, 100
3, 33984, Note_on_c, 1, 68, 100
3, 34176, Note_off_c, 1, 68, 100
3, 34176, Note_on_c, 1, 73, 100
3, 34368, Note_off_c, 1, 73, 100
3, 34368, Note_on_c, 1, 76, 100
3, 34624, Note_off_c, 1, 76, 100
3, 34752, Note_on_c, 1, 68, 100
3, 34944, Note_off_c, 1, 68, 100
3, 34944, Note_on_c, 1, 73, 100
3, 35136, Note_off_c, 1, 73, 100
3, 35136, Note_on_c, 1, 76, 100
3, 35328, Note_off_c, 1, 76, 100
3, 35520, Note_on_c, 1, 68, 100
3, 35712, Note_off_c, 1, 68, 100
3, 35712, Note_on_c, 1, 73, 100
3, 35904, Note_off_c, 1, 73, 100
3, 35904, Note_on_c, 1, 76, 100
3, 36160, Note_off_c, 1, 76, 100
3, 36288, Note_on_c, 1, 68, 100
3, 36480, Note_off_c, 1, 68, 100
3, 36480, Note_on_c, 1, 73, 100
3, 36672, Note_off_c, 1, 73, 100
3, 36672, Note_on_c, 1, 76, 100
3, 36864, Note_off_c, 1, 76, 100
3, 36864, Note_on_c, 1, 75, 100
3, 36992, Note_off_c, 1, 75, 100
3, 37056, Note_on_c, 1, 66, 100
3, 37248, Note_off_c, 1, 66, 100
3, 37248, Note_on_c, 1, 72, 100
3, 37440, Note_off_c, 1, 72, 100
3, 37440, Note_on_c, 1, 75, 100
3, 37632, Note_off_c, 1, 75, 100
3, 37824, Note_on_c, 1, 66, 100
3, 38016, Note_off_c, 1, 66, 100
3, 38112, Note_on_c, 1, 72, 100
3, 38304, Note_off_c, 1, 72, 100
3, 38400, Note_on_c, 1, 75, 100
3, 38592, Note_off_c, 1, 75, 64
3, 38592, Note_on_c, 1, 56, 100
3, 38592, Note_on_c, 1, 70, 100
3, 40032, Note_on_c, 1, 73, 100
3, 40128, Note_off_c, 1, 70, 64
3, 40128, Note_off_c, 1, 56, 64
3, 40224, Note_off_c, 1, 73, 100
3, 40224, Note_on_c, 1, 75, 100
3, 40416, Note_off_c, 1, 75, 100
3, 40416, Note_on_c, 1, 76, 100
3, 40608, Note_off_c, 1, 76, 100
3, 40608, Note_on_c, 1, 78, 100
3, 41568, Note_off_c, 1, 78, 100
3, 42144, Note_on_c, 1, 76, 100
3, 42784, Note_off_c, 1, 76, 100
3, 43296, Note_on_c, 1, 73, 100
3, 43488, Note_off_c, 1, 73, 100
3, 43488, Note_on_c, 1, 75, 100
3, 43680, Note_off_c, 1, 75, 100
3, 43680, Note_on_c, 1, 76, 100
3, 43872, Note_off_c, 1, 76, 100
3, 43872, Note_on_c, 1, 78, 100
3, 44512, Note_off_c, 1, 78, 100
3, 45408, Note_on_c, 1, 73, 100
3, 45600, Note_off_c, 1, 73, 100
3, 45600, Note_on_c, 1, 56, 100
3, 45792, Note_off_c, 1, 56, 100
3, 45792, Note_on_c, 1, 63, 100
3, 45984, Note_off_c, 1, 63, 100
3, 45984, Note_on_c, 1, 56, 100
3, 46176, Note_off_c, 1, 56, 100
3, 46176, Note_on_c, 1, 64, 100
3, 46368, Note_off_c, 1, 64, 100
3, 46368, Note_on_c, 1, 73, 100
3, 46560, Note_off_c, 1, 73, 100
3, 46560, Note_on_c, 1, 75, 100
3, 46752, Note_off_c, 1, 75, 100
3, 46752, Note_on_c, 1, 76, 100
3, 46944, Note_off_c, 1, 76, 100
3, 46944, Note_on_c, 1, 66, 100
3, 46944, Note_on_c, 1, 45, 100
3, 47136, Note_on_c, 1, 52, 100
3, 47456, Note_off_c, 1, 45, 100
3, 47520, Note_off_c, 1, 52, 100
3, 47520, Note_on_c, 1, 52, 100
3, 47584, Note_off_c, 1, 66, 100
3, 47712, Note_on_c, 1, 61, 100
3, 48032, Note_off_c, 1, 52, 64
3, 48224, Note_off_c, 1, 61, 100
3, 48288, Note_on_c, 1, 64, 100
3, 48416, Note_off_c, 1, 64, 100
3, 48480, Note_on_c, 1, 64, 100
3, 48480, Note_on_c, 1, 66, 100
3, 48480, Note_on_c, 1, 45, 100
3, 48672, Note_off_c, 1, 64, 100
3, 48736, Note_off_c, 1, 66, 100
3, 48864, Note_on_c, 1, 80, 100
3, 48992, Note_off_c, 1, 45, 100
3, 49056, Note_off_c, 1, 80, 100
3, 49056, Note_on_c, 1, 75, 100
3, 49056, Note_on_c, 1, 78, 100
3, 49184, Note_off_c, 1, 78, 100
3, 49184, Note_off_c, 1, 75, 100
3, 49248, Note_on_c, 1, 73, 100
3, 49376, Note_off_c, 1, 73, 100
3, 49440, Note_on_c, 1, 73, 100
3, 49440, Note_on_c, 1, 76, 100
3, 49696, Note_off_c, 1, 73, 100
3, 49696, Note_off_c, 1, 76, 100
3, 49824, Note_on_c, 1, 73, 100
3, 49824, Note_on_c, 1, 76, 100
3, 50016, Note_on_c, 1, 45, 100
3, 50592, Note_off_c, 1, 73, 100
3, 50592, Note_off_c, 1, 76, 100
3, 50912, Note_off_c, 1, 45, 64
3, 51552, Note_on_c, 1, 60, 100
3, 51552, Note_on_c, 1, 44, 100
3, 51552, Note_on_c, 1, 63, 100
3, 52320, Note_off_c, 1, 63, 100
3, 52320, Note_off_c, 1, 60, 100
3, 52448, Note_off_c, 1, 44, 64
3, 53088, Note_on_c, 1, 49, 100
3, 53984, Note_off_c, 1, 49, 64
3, 54624, Note_on_c, 1, 49, 100
3, 55136, Note_off_c, 1, 49, 100
3, 56160, Note_on_c, 1, 47, 100
3, 57056, Note_off_c, 1, 47, 64
3, 57696, Note_on_c, 1, 47, 100
3, 58592, Note_off_c, 1, 47, 64
3, 59232, Note_on_c, 1, 45, 100
3, 59744, Note_off_c, 1, 45, 100
3, 60768, Note_on_c, 1, 45, 100
3, 61664, Note_off_c, 1, 45, 64
3, 62304, Note_on_c, 1, 44, 100
3, 62816, Note_off_c, 1, 44, 100
3, 63840, Note_on_c, 1, 44, 100
3, 64352, Note_off_c, 1, 44, 100
3, 65376, Note_on_c, 1, 53, 100
3, 65504, Note_off_c, 1, 53, 100
3, 65760, Note_on_c, 1, 53, 100
3, 65888, Note_off_c, 1, 53, 100
3, 66048, Note_on_c, 1, 53, 100
3, 66176, Note_off_c, 1, 53, 64
3, 66336, Note_on_c, 1, 35, 100
3, 67488, Note_off_c, 1, 35, 100
3, 71040, Note_on_c, 1, 53, 100
3, 71168, Note_off_c, 1, 53, 100
3, 71424, Note_on_c, 1, 53, 100
3, 71552, Note_off_c, 1, 53, 100
3, 71712, Note_on_c, 1, 53, 100
3, 71840, Note_off_c, 1, 53, 100
3, 72000, Note_on_c, 1, 35, 100
3, 73152, Note_off_c, 1, 35, 64
3, 76992, Note_on_c, 1, 53, 100
3, 77120, Note_off_c, 1, 53, 100
3, 77376, Note_on_c, 1, 53, 100
3, 77504, Note_off_c, 1, 53, 100
3, 77664, Note_on_c, 1, 53, 100
3, 77792, Note_off_c, 1, 53, 100
3, 77952, Note_on_c, 1, 35, 100
3, 78348, Note_off_c, 1, 35, 100
3, 79584, Note_on_c, 1, 40, 100
3, 80736, Note_off_c, 1, 40, 64
3, 80736, End_track
4, 0, Start_track
4, 0, Control_c, 2, 0, 0
4, 0, Program_c, 2, 0
4, 0, Control_c, 2, 7, 127
4, 25728, Note_on_c, 2, 70, 100
4, 25728, Note_on_c, 2, 75, 100
4, 25856, Note_off_c, 2, 70, 100
4, 25856, Note_off_c, 2, 75, 100
4, 25920, Note_on_c, 2, 64, 100
4, 25920, Note_on_c, 2, 71, 100
4, 26044, Note_on_c, 2, 75, 100
4, 26084, Note_on_c, 2, 68, 100
4, 26112, Note_off_c, 2, 64, 100
4, 26112, Note_off_c, 2, 71, 100
4, 26112, Note_on_c, 2, 68, 100
4, 26112, Note_on_c, 2, 73, 100
4, 26172, Note_off_c, 2, 75, 100
4, 26212, Note_off_c, 2, 68, 100
4, 26304, Note_off_c, 2, 68, 100
4, 26304, Note_off_c, 2, 73, 100
4, 52704, Note_on_c, 2, 73, 100
4, 52896, Note_off_c, 2, 73, 100
4, 52896, Note_on_c, 2, 76, 100
4, 53088, Note_off_c, 2, 76, 100
4, 53088, Note_on_c, 2, 76, 100
4, 53344, Note_off_c, 2, 76, 100
4, 53472, Note_on_c, 2, 76, 100
4, 53664, Note_off_c, 2, 76, 100
4, 53664, Note_on_c, 2, 78, 100
4, 53920, Note_off_c, 2, 78, 64
4, 54048, Note_on_c, 2, 75, 100
4, 54304, Note_off_c, 2, 75, 100
4, 54432, Note_on_c, 2, 76, 100
4, 54688, Note_off_c, 2, 76, 100
4, 56160, Note_on_c, 2, 76, 100
4, 56416, Note_off_c, 2, 76, 100
4, 56544, Note_on_c, 2, 76, 100
4, 56736, Note_off_c, 2, 76, 100
4, 56736, Note_on_c, 2, 78, 100
4, 56928, Note_off_c, 2, 78, 100
4, 57120, Note_on_c, 2, 75, 100
4, 57376, Note_off_c, 2, 75, 100
4, 57504, Note_on_c, 2, 76, 100
4, 57760, Note_off_c, 2, 76, 100
4, 58464, Note_on_c, 2, 75, 100
4, 58656, Note_off_c, 2, 75, 100
4, 58656, Note_on_c, 2, 76, 100
4, 58848, Note_off_c, 2, 76, 100
4, 58848, Note_on_c, 2, 78, 100
4, 59040, Note_off_c, 2, 78, 100
4, 59040, Note_on_c, 2, 80, 100
4, 59232, Note_off_c, 2, 80, 100
4, 59232, Note_on_c, 2, 80, 100
4, 59424, Note_off_c, 2, 80, 100
4, 59616, Note_on_c, 2, 78, 100
4, 59808, Note_off_c, 2, 78, 100
4, 59808, Note_on_c, 2, 78, 100
4, 60000, Note_off_c, 2, 78, 100
4, 60192, Note_on_c, 2, 80, 100
4, 60296, Note_on_c, 2, 78, 100
4, 60356, Note_on_c, 2, 76, 100
4, 60384, Note_off_c, 2, 80, 100
4, 60384, Note_on_c, 2, 73, 100
4, 60488, Note_off_c, 2, 78, 100
4, 60548, Note_off_c, 2, 76, 100
4, 60576, Note_off_c, 2, 73, 100
4, 61536, Note_on_c, 2, 76, 100
4, 61728, Note_off_c, 2, 76, 100
4, 61728, Note_on_c, 2, 80, 100
4, 61920, Note_off_c, 2, 80, 100
4, 61920, Note_on_c, 2, 81, 100
4, 62112, Note_off_c, 2, 81, 100
4, 62112, Note_on_c, 2, 79, 100
4, 62276, Note_on_c, 2, 79, 100
4, 62304, Note_off_c, 2, 79, 100
4, 62304, Note_on_c, 2, 80, 100
4, 62340, Note_off_c, 2, 79, 100
4, 62688, Note_on_c, 2, 92, 100
4, 62784, Note_on_c, 2, 81, 100
4, 62816, Note_off_c, 2, 92, 100
4, 62844, Note_on_c, 2, 78, 100
4, 62848, Note_off_c, 2, 81, 100
4, 63072, Note_off_c, 2, 80, 100
4, 63612, Note_off_c, 2, 78, 64
4, 67680, Note_on_c, 2, 75, 100
4, 67680, Note_on_c, 2, 71, 100
4, 67872, Note_off_c, 2, 75, 100
4, 67872, Note_off_c, 2, 71, 100
4, 67872, Note_on_c, 2, 76, 100
4, 68064, Note_off_c, 2, 76, 100
4, 68064, Note_on_c, 2, 83, 100
4, 68256, Note_off_c, 2, 83, 100
4, 68256, Note_on_c, 2, 75, 100
4, 68256, Note_on_c, 2, 72, 100
4, 68448, Note_off_c, 2, 75, 100
4, 68448, Note_off_c, 2, 72, 100
4, 68448, Note_on_c, 2, 76, 100
4, 68640, Note_off_c, 2, 76, 100
4, 68640, Note_on_c, 2, 83, 100
4, 68832, Note_off_c, 2, 83, 100
4, 68832, Note_on_c, 2, 73, 100
4, 68832, Note_on_c, 2, 75, 100
4, 68960, Note_off_c, 2, 73, 100
4, 69024, Note_off_c, 2, 75, 100
4, 69024, Note_on_c, 2, 76, 100
4, 69216, Note_off_c, 2, 76, 100
4, 69216, Note_on_c, 2, 83, 100
4, 69408, Note_off_c, 2, 83, 100
4, 69408, Note_on_c, 2, 75, 100
4, 69600, Note_off_c, 2, 75, 100
4, 69600, Note_on_c, 2, 76, 100
4, 69792, Note_off_c, 2, 76, 100
4, 69792, Note_on_c, 2, 83, 100
4, 69984, Note_off_c, 2, 83, 100
4, 69984, Note_on_c, 2, 75, 100
4, 70560, Note_off_c, 2, 75, 100
4, 73824, Note_on_c, 2, 71, 100
4, 73824, Note_on_c, 2, 75, 100
4, 74016, Note_off_c, 2, 71, 100
4, 74016, Note_off_c, 2, 75, 100
4, 74016, Note_on_c, 2, 76, 100
4, 74208, Note_off_c, 2, 76, 100
4, 74208, Note_on_c, 2, 83, 100
4, 74400, Note_off_c, 2, 83, 100
4, 74400, Note_on_c, 2, 75, 100
4, 74400, Note_on_c, 2, 72, 100
4, 74592, Note_off_c, 2, 75, 100
4, 74592, Note_off_c, 2, 72, 100
4, 74592, Note_on_c, 2, 76, 100
4, 74784, Note_off_c, 2, 76, 100
4, 74784, Note_on_c, 2, 83, 100
4, 74976, Note_off_c, 2, 83, 100
4, 74976, Note_on_c, 2, 73, 100
4, 74976, Note_on_c, 2, 75, 100
4, 75104, Note_off_c, 2, 73, 100
4, 75168, Note_off_c, 2, 75, 100
4, 75168, Note_on_c, 2, 76, 100
4, 75360, Note_off_c, 2, 76, 100
4, 75360, Note_on_c, 2, 83, 100
4, 75552, Note_off_c, 2, 83, 100
4, 75552, Note_on_c, 2, 75, 100
4, 75744, Note_off_c, 2, 75, 100
4, 75744, Note_on_c, 2, 76, 100
4, 75936, Note_off_c, 2, 76, 100
4, 75936, Note_on_c, 2, 83, 100
4, 76128, Note_off_c, 2, 83, 100
4, 76128, Note_on_c, 2, 75, 100
4, 76704, Note_off_c, 2, 75, 100
4, 76704, End_track
5, 0, Start_track
5, 0, Control_c, 5, 7, 127
5, 26112, Note_on_c, 5, 85, 100
5, 26112, Note_on_c, 5, 68, 100
5, 26304, Note_off_c, 5, 85, 100
5, 26304, Note_off_c, 5, 68, 100
5, 26304, Note_on_c, 5, 73, 100
5, 26496, Note_off_c, 5, 73, 100
5, 26496, Note_on_c, 5, 75, 100
5, 26688, Note_off_c, 5, 75, 100
5, 26688, Note_on_c, 5, 76, 100
5, 26880, Note_off_c, 5, 76, 100
5, 26880, Note_on_c, 5, 75, 100
5, 27136, Note_off_c, 5, 75, 100
5, 27136, End_track
6, 0, Start_track
6, 26112, Note_on_c, 1, 42, 100
6, 27140, Note_off_c, 1, 42, 100
6, 27140, End_track
7, 0, Start_track
7, 0, End_track
8, 0, Start_track
8, 0, End_track
9, 0, Start_track
9, 0, End_track
10, 0, Start_track
10, 0, End_track
11, 0, Start_track
11, 0, End_track
12, 0, Start_track
12, 0, End_track
13, 0, Start_track
13, 0, End_track
14, 0, Start_track
14, 0, End_track
15, 0, Start_track
15, 0, End_track
16, 0, Start_track
16, 0, End_track
17, 0, Start_track
17, 0, End_track
18, 0, Start_track
18, 0, End_track
19, 0, Start_track
19, 0, End_track
20, 0, Start_track
20, 0, End_track
21, 0, Start_track
21, 0, End_track
22, 0, Start_track
22, 0, End_track
23, 0, Start_track
23, 0, End_track
24, 0, Start_track
24, 0, End_track
25, 0, Start_track
25, 0, End_track
26, 0, Start_track
26, 0, End_track
27, 0, Start_track
27, 0, End_track
28, 0, Start_track
28, 0, End_track
29, 0, Start_track
29, 0, End_track
30, 0, Start_track
30, 0, End_track
31, 0, Start_track
31, 0, End_track
32, 0, Start_track
32, 0, End_track
33, 0, Start_track
33, 0, End_track
34, 0, Start_track
34, 0, End_track
35, 0, Start_track
35, 0, End_track
36, 0, Start_track
36, 0, End_track
37, 0, Start_track
37, 0, End_track
38, 0, Start_track
38, 0, End_track
39, 0, Start_track
39, 0, End_track
40, 0, Start_track
40, 0, End_track
41, 0, Start_track
41, 0, End_track
42, 0, Start_track
42, 0, End_track
43, 0, Start_track
43, 0, End_track
44, 0, Start_track
44, 0, End_track
45, 0, Start_track
45, 0, End_track
46, 0, Start_track
46, 0, End_track
47, 0, Start_track
47, 0, End_track
48, 0, Start_track
48, 0, End_track
49, 0, Start_track
49, 0, End_track
50, 0, Start_track
50, 0, End_track
51, 0, Start_track
51, 0, End_track
52, 0, Start_track
52, 0, End_track
53, 0, Start_track
53, 0, End_track
54, 0, Start_track
54, 0, End_track
55, 0, Start_track
55, 0, End_track
56, 0, Start_track
56, 0, End_track
0, 0, End_of_file
