0, 0, Header, 1, 7, 120
1, 0, Start_track
1, 0, Time_signature, 4, 2, 24, 8
1, 0, Key_signature, 0, "major"
1, 0, Tempo, 476190
1, 0, Marker_t, "Intro 1"
1, 5280, Marker_t, "Chorus 1"
1, 12960, Marker_t, "Chorus 2"
1, 20160, Marker_t, "Intro 1"
1, 24960, Marker_t, "Chorus 1"
1, 32160, Marker_t, "Chorus 3"
1, 40320, Marker_t, "Chorus 4"
1, 48000, Marker_t, "Chorus 5"
1, 55200, Marker_t, "Ending"
1, 55200, End_track
2, 0, Start_track
2, 0, MIDI_port, 0
2, 0, Title_t, """on bended knee"""
2, 0, Control_c, 0, 0, 15
2, 0, Program_c, 0, 8
2, 0, End_track
3, 0, Start_track
3, 0, MIDI_port, 0
3, 0, Title_t, "boyz to men"
3, 0, Control_c, 1, 0, 0
3, 0, Program_c, 1, 0
3, 0, Control_c, 1, 7, 127
3, 375, Control_c, 1, 64, 127
3, 380, Control_c, 1, 64, 0
3, 398, Control_c, 1, 64, 127
3, 416, Control_c, 1, 64, 0
3, 417, Note_on_c, 1, 63, 55
3, 478, Note_on_c, 1, 72, 80
3, 480, Note_on_c, 1, 63, 0
3, 480, Note_on_c, 1, 49, 66
3, 488, Control_c, 1, 64, 127
3, 542, Note_on_c, 1, 56, 54
3, 576, Note_on_c, 1, 49, 0
3, 598, Note_on_c, 1, 61, 84
3, 607, Note_on_c, 1, 56, 0
3, 637, Note_on_c, 1, 72, 0
3, 646, Note_on_c, 1, 61, 0
3, 660, Note_on_c, 1, 70, 62
3, 718, Note_on_c, 1, 51, 47
3, 768, Control_c, 1, 64, 0
3, 777, Note_on_c, 1, 58, 57
3, 810, Note_on_c, 1, 51, 0
3, 834, Note_on_c, 1, 63, 69
3, 835, Control_c, 1, 64, 127
3, 847, Note_on_c, 1, 58, 0
3, 889, Note_on_c, 1, 63, 0
3, 894, Note_on_c, 1, 70, 0
3, 896, Note_on_c, 1, 68, 96
3, 954, Note_on_c, 1, 53, 68
3, 986, Control_c, 1, 64, 0
3, 1012, Note_on_c, 1, 60, 66
3, 1022, Note_on_c, 1, 53, 0
3, 1035, Control_c, 1, 64, 127
3, 1064, Note_on_c, 1, 68, 0
3, 1068, Note_on_c, 1, 65, 61
3, 1080, Note_on_c, 1, 60, 0
3, 1106, Note_on_c, 1, 65, 0
3, 1128, Note_on_c, 1, 68, 54
3, 1147, Note_on_c, 1, 70, 44
3, 1154, Note_on_c, 1, 68, 0
3, 1174, Note_on_c, 1, 68, 92
3, 1182, Note_on_c, 1, 70, 0
3, 1183, Note_on_c, 1, 51, 68
3, 1185, Note_on_c, 1, 67, 86
3, 1195, Note_on_c, 1, 68, 0
3, 1204, Control_c, 1, 64, 0
3, 1244, Note_on_c, 1, 67, 0
3, 1244, Note_on_c, 1, 58, 58
3, 1254, Control_c, 1, 64, 127
3, 1262, Note_on_c, 1, 51, 0
3, 1300, Note_on_c, 1, 58, 0
3, 1304, Note_on_c, 1, 63, 44
3, 1364, Note_on_c, 1, 63, 0
3, 1365, Note_on_c, 1, 65, 62
3, 1425, Control_c, 1, 64, 0
3, 1430, Note_on_c, 1, 49, 57
3, 1482, Control_c, 1, 64, 127
3, 1484, Control_c, 1, 64, 0
3, 1486, Control_c, 1, 64, 127
3, 1490, Note_on_c, 1, 56, 57
3, 1537, Note_on_c, 1, 65, 0
3, 1546, Note_on_c, 1, 61, 71
3, 1556, Note_on_c, 1, 49, 0
3, 1604, Note_on_c, 1, 56, 0
3, 1610, Note_on_c, 1, 65, 85
3, 1614, Note_on_c, 1, 61, 0
3, 1760, Note_on_c, 1, 65, 0
3, 1838, Note_on_c, 1, 68, 66
3, 1868, Note_on_c, 1, 68, 0
3, 1908, Note_on_c, 1, 68, 92
3, 1908, Note_on_c, 1, 51, 68
3, 1935, Control_c, 1, 64, 0
3, 1970, Note_on_c, 1, 58, 52
3, 1982, Control_c, 1, 64, 127
3, 2001, Note_on_c, 1, 51, 0
3, 2028, Note_on_c, 1, 68, 0
3, 2029, Note_on_c, 1, 67, 75
3, 2031, Note_on_c, 1, 63, 84
3, 2044, Note_on_c, 1, 58, 0
3, 2065, Note_on_c, 1, 63, 0
3, 2086, Note_on_c, 1, 67, 0
3, 2092, Note_on_c, 1, 65, 75
3, 2198, Note_on_c, 1, 65, 0
3, 2220, Note_on_c, 1, 67, 86
3, 2283, Note_on_c, 1, 67, 0
3, 2337, Note_on_c, 1, 63, 75
3, 2402, Note_on_c, 1, 49, 77
3, 2412, Control_c, 1, 64, 0
3, 2464, Note_on_c, 1, 56, 52
3, 2468, Control_c, 1, 64, 127
3, 2486, Note_on_c, 1, 49, 0
3, 2521, Note_on_c, 1, 61, 84
3, 2527, Note_on_c, 1, 56, 0
3, 2546, Note_on_c, 1, 63, 0
3, 2563, Note_on_c, 1, 61, 0
3, 2578, Note_on_c, 1, 72, 79
3, 2614, Note_on_c, 1, 72, 0
3, 2638, Note_on_c, 1, 70, 92
3, 2640, Note_on_c, 1, 51, 71
3, 2656, Control_c, 1, 64, 0
3, 2700, Note_on_c, 1, 58, 62
3, 2701, Control_c, 1, 64, 127
3, 2704, Control_c, 1, 64, 0
3, 2707, Control_c, 1, 64, 127
3, 2708, Note_on_c, 1, 51, 0
3, 2758, Note_on_c, 1, 63, 86
3, 2760, Note_on_c, 1, 58, 0
3, 2802, Note_on_c, 1, 63, 0
3, 2810, Note_on_c, 1, 70, 0
3, 2823, Note_on_c, 1, 68, 100
3, 2877, Note_on_c, 1, 53, 68
3, 2905, Control_c, 1, 64, 0
3, 2936, Note_on_c, 1, 60, 62
3, 2942, Note_on_c, 1, 53, 0
3, 2948, Control_c, 1, 64, 127
3, 2952, Control_c, 1, 64, 0
3, 2954, Control_c, 1, 64, 127
3, 2990, Note_on_c, 1, 68, 0
3, 2990, Note_on_c, 1, 65, 64
3, 2992, Note_on_c, 1, 60, 0
3, 3027, Note_on_c, 1, 65, 0
3, 3048, Note_on_c, 1, 68, 51
3, 3067, Note_on_c, 1, 70, 75
3, 3070, Note_on_c, 1, 68, 0
3, 3096, Note_on_c, 1, 68, 96
3, 3103, Note_on_c, 1, 70, 0
3, 3109, Note_on_c, 1, 67, 82
3, 3115, Note_on_c, 1, 51, 75
3, 3121, Note_on_c, 1, 68, 0
3, 3129, Control_c, 1, 64, 0
3, 3170, Control_c, 1, 64, 127
3, 3171, Control_c, 1, 64, 0
3, 3175, Note_on_c, 1, 67, 0
3, 3175, Control_c, 1, 64, 127
3, 3178, Note_on_c, 1, 58, 56
3, 3189, Note_on_c, 1, 51, 0
3, 3228, Note_on_c, 1, 58, 0
3, 3234, Note_on_c, 1, 63, 59
3, 3288, Note_on_c, 1, 63, 0
3, 3297, Note_on_c, 1, 65, 64
3, 3354, Note_on_c, 1, 49, 46
3, 3374, Control_c, 1, 64, 0
3, 3415, Note_on_c, 1, 56, 44
3, 3417, Control_c, 1, 64, 127
3, 3420, Control_c, 1, 64, 0
3, 3423, Control_c, 1, 64, 127
3, 3441, Note_on_c, 1, 49, 0
3, 3458, Note_on_c, 1, 65, 0
3, 3481, Note_on_c, 1, 56, 0
3, 3482, Note_on_c, 1, 61, 86
3, 3511, Note_on_c, 1, 61, 0
3, 3542, Note_on_c, 1, 65, 75
3, 3691, Note_on_c, 1, 65, 0
3, 3783, Note_on_c, 1, 68, 86
3, 3810, Note_on_c, 1, 68, 0
3, 3842, Note_on_c, 1, 51, 57
3, 3843, Note_on_c, 1, 68, 84
3, 3854, Control_c, 1, 64, 0
3, 3901, Control_c, 1, 64, 127
3, 3904, Control_c, 1, 64, 0
3, 3906, Note_on_c, 1, 58, 47
3, 3907, Control_c, 1, 64, 127
3, 3926, Note_on_c, 1, 51, 0
3, 3956, Note_on_c, 1, 68, 0
3, 3961, Note_on_c, 1, 58, 0
3, 3961, Note_on_c, 1, 63, 63
3, 3963, Note_on_c, 1, 67, 63
3, 3988, Note_on_c, 1, 63, 0
3, 4016, Note_on_c, 1, 67, 0
3, 4023, Note_on_c, 1, 65, 66
3, 4119, Note_on_c, 1, 65, 0
3, 4143, Note_on_c, 1, 67, 70
3, 4212, Note_on_c, 1, 67, 0
3, 4262, Note_on_c, 1, 68, 51
3, 4298, Note_on_c, 1, 68, 0
3, 4320, Note_on_c, 1, 44, 48
3, 4347, Control_c, 1, 64, 0
3, 4377, Note_on_c, 1, 56, 46
3, 4393, Control_c, 1, 64, 127
3, 4441, Note_on_c, 1, 56, 0
3, 4441, Note_on_c, 1, 61, 57
3, 4501, Note_on_c, 1, 61, 0
3, 4507, Note_on_c, 1, 63, 54
3, 4610, Note_on_c, 1, 63, 0
3, 4615, Note_on_c, 1, 61, 47
3, 4662, Note_on_c, 1, 61, 0
3, 4700, Note_on_c, 1, 44, 0
3, 4744, Note_on_c, 1, 58, 52
3, 4783, Note_on_c, 1, 58, 0
3, 4806, Note_on_c, 1, 60, 69
3, 4870, Note_on_c, 1, 60, 0
3, 5042, Note_on_c, 1, 44, 43
3, 5044, Note_on_c, 1, 56, 55
3, 5048, Control_c, 1, 64, 0
3, 5076, Note_on_c, 1, 44, 0
3, 5082, Note_on_c, 1, 56, 0
3, 5098, Note_on_c, 1, 43, 65
3, 5098, Note_on_c, 1, 55, 64
3, 5136, Note_on_c, 1, 43, 0
3, 5140, Note_on_c, 1, 55, 0
3, 5156, Note_on_c, 1, 41, 78
3, 5158, Note_on_c, 1, 53, 78
3, 5184, Note_on_c, 1, 53, 0
3, 5196, Note_on_c, 1, 41, 0
3, 5197, Control_c, 1, 64, 127
3, 5276, Note_on_c, 1, 67, 73
3, 5276, Note_on_c, 1, 63, 89
3, 5280, Note_on_c, 1, 51, 104
3, 5281, Note_on_c, 1, 39, 100
3, 5304, Control_c, 1, 64, 0
3, 5361, Note_on_c, 1, 67, 0
3, 5379, Note_on_c, 1, 63, 0
3, 5386, Note_on_c, 1, 58, 47
3, 5397, Control_c, 1, 64, 127
3, 5403, Control_c, 1, 64, 0
3, 5409, Control_c, 1, 64, 127
3, 5510, Note_on_c, 1, 58, 0
3, 5522, Note_on_c, 1, 67, 71
3, 5524, Note_on_c, 1, 63, 62
3, 5611, Note_on_c, 1, 67, 0
3, 5623, Note_on_c, 1, 63, 0
3, 5631, Note_on_c, 1, 58, 54
3, 5737, Note_on_c, 1, 58, 0
3, 5754, Note_on_c, 1, 63, 60
3, 5760, Note_on_c, 1, 67, 70
3, 5841, Note_on_c, 1, 67, 0
3, 5859, Note_on_c, 1, 63, 0
3, 5868, Note_on_c, 1, 58, 42
3, 5928, Note_on_c, 1, 58, 0
3, 5932, Note_on_c, 1, 39, 0
3, 5944, Note_on_c, 1, 51, 0
3, 5988, Note_on_c, 1, 63, 59
3, 5990, Note_on_c, 1, 58, 51
3, 6008, Note_on_c, 1, 63, 0
3, 6013, Note_on_c, 1, 58, 0
3, 6045, Note_on_c, 1, 58, 38
3, 6052, Note_on_c, 1, 65, 31
3, 6070, Note_on_c, 1, 58, 0
3, 6079, Note_on_c, 1, 63, 89
3, 6091, Note_on_c, 1, 65, 0
3, 6096, Note_on_c, 1, 62, 94
3, 6102, Note_on_c, 1, 63, 0
3, 6156, Note_on_c, 1, 63, 89
3, 6160, Note_on_c, 1, 62, 0
3, 6204, Note_on_c, 1, 63, 0
3, 6218, Note_on_c, 1, 62, 92
3, 6220, Note_on_c, 1, 67, 90
3, 6220, Note_on_c, 1, 51, 89
3, 6223, Note_on_c, 1, 39, 89
3, 6244, Control_c, 1, 64, 0
3, 6279, Control_c, 1, 64, 127
3, 6283, Control_c, 1, 64, 0
3, 6288, Control_c, 1, 64, 127
3, 6304, Note_on_c, 1, 67, 0
3, 6333, Note_on_c, 1, 62, 0
3, 6339, Note_on_c, 1, 58, 52
3, 6406, Note_on_c, 1, 58, 0
3, 6475, Note_on_c, 1, 62, 75
3, 6477, Note_on_c, 1, 67, 71
3, 6535, Note_on_c, 1, 67, 0
3, 6584, Note_on_c, 1, 62, 0
3, 6601, Note_on_c, 1, 58, 37
3, 6690, Note_on_c, 1, 58, 0
3, 6717, Note_on_c, 1, 62, 70
3, 6720, Note_on_c, 1, 67, 76
3, 6789, Note_on_c, 1, 67, 0
3, 6826, Note_on_c, 1, 62, 0
3, 6826, Note_on_c, 1, 39, 0
3, 6838, Note_on_c, 1, 51, 0
3, 6838, Note_on_c, 1, 58, 40
3, 6900, Note_on_c, 1, 58, 0
3, 6957, Note_on_c, 1, 63, 73
3, 6958, Note_on_c, 1, 58, 79
3, 6976, Note_on_c, 1, 63, 0
3, 6982, Note_on_c, 1, 58, 0
3, 7012, Note_on_c, 1, 58, 49
3, 7015, Note_on_c, 1, 63, 44
3, 7032, Note_on_c, 1, 63, 0
3, 7032, Note_on_c, 1, 65, 63
3, 7047, Note_on_c, 1, 58, 0
3, 7057, Note_on_c, 1, 63, 75
3, 7065, Note_on_c, 1, 65, 0
3, 7072, Note_on_c, 1, 62, 85
3, 7080, Note_on_c, 1, 63, 0
3, 7135, Note_on_c, 1, 63, 66
3, 7140, Note_on_c, 1, 62, 0
3, 7196, Note_on_c, 1, 63, 0
3, 7207, Note_on_c, 1, 67, 68
3, 7208, Note_on_c, 1, 61, 92
3, 7210, Note_on_c, 1, 51, 84
3, 7212, Note_on_c, 1, 39, 81
3, 7236, Control_c, 1, 64, 0
3, 7291, Control_c, 1, 64, 127
3, 7296, Note_on_c, 1, 67, 0
3, 7316, Note_on_c, 1, 58, 54
3, 7318, Note_on_c, 1, 61, 0
3, 7405, Note_on_c, 1, 58, 0
3, 7444, Note_on_c, 1, 67, 74
3, 7446, Note_on_c, 1, 61, 58
3, 7521, Note_on_c, 1, 67, 0
3, 7549, Note_on_c, 1, 61, 0
3, 7557, Note_on_c, 1, 51, 0
3, 7557, Note_on_c, 1, 39, 0
3, 7560, Note_on_c, 1, 58, 58
3, 7645, Note_on_c, 1, 58, 0
3, 7677, Note_on_c, 1, 61, 63
3, 7677, Note_on_c, 1, 67, 66
3, 7750, Note_on_c, 1, 67, 0
3, 7786, Note_on_c, 1, 61, 0
3, 7795, Note_on_c, 1, 58, 54
3, 7863, Note_on_c, 1, 58, 0
3, 7909, Note_on_c, 1, 58, 49
3, 7909, Note_on_c, 1, 67, 68
3, 7909, Note_on_c, 1, 39, 49
3, 7915, Note_on_c, 1, 51, 52
3, 7932, Note_on_c, 1, 67, 0
3, 7934, Note_on_c, 1, 39, 0
3, 7939, Note_on_c, 1, 58, 0
3, 7940, Control_c, 1, 51, 0
3, 7971, Note_on_c, 1, 58, 62
3, 7972, Note_on_c, 1, 68, 77
3, 7974, Note_on_c, 1, 41, 69
3, 7975, Note_on_c, 1, 53, 78
3, 7992, Note_on_c, 1, 68, 0
3, 7995, Note_on_c, 1, 41, 0
3, 7999, Note_on_c, 1, 53, 0
3, 8000, Note_on_c, 1, 58, 0
3, 8031, Note_on_c, 1, 70, 84
3, 8032, Note_on_c, 1, 58, 68
3, 8032, Note_on_c, 1, 55, 86
3, 8035, Note_on_c, 1, 43, 82
3, 8074, Note_on_c, 1, 43, 0
3, 8092, Note_on_c, 1, 58, 0
3, 8092, Note_on_c, 1, 55, 0
3, 8100, Note_on_c, 1, 70, 0
3, 8149, Note_on_c, 1, 68, 73
3, 8149, Note_on_c, 1, 56, 89
3, 8151, Note_on_c, 1, 44, 75
3, 8179, Control_c, 1, 64, 0
3, 8194, Note_on_c, 1, 68, 0
3, 8205, Note_on_c, 1, 67, 72
3, 8208, Control_c, 1, 64, 127
3, 8211, Control_c, 1, 64, 0
3, 8214, Control_c, 1, 64, 127
3, 8235, Note_on_c, 1, 67, 0
3, 8271, Note_on_c, 1, 63, 109
3, 8332, Note_on_c, 1, 56, 0
3, 8334, Note_on_c, 1, 63, 0
3, 8336, Note_on_c, 1, 44, 0
3, 8396, Note_on_c, 1, 63, 66
3, 8398, Note_on_c, 1, 68, 62
3, 8508, Note_on_c, 1, 68, 0
3, 8518, Note_on_c, 1, 63, 0
3, 8522, Note_on_c, 1, 60, 66
3, 8604, Note_on_c, 1, 60, 0
3, 8643, Note_on_c, 1, 63, 100
3, 8644, Note_on_c, 1, 68, 73
3, 8644, Note_on_c, 1, 58, 84
3, 8647, Note_on_c, 1, 46, 69
3, 8660, Control_c, 1, 64, 0
3, 8688, Control_c, 1, 64, 127
3, 8690, Control_c, 1, 64, 0
3, 8700, Control_c, 1, 64, 127
3, 8725, Note_on_c, 1, 58, 0
3, 8748, Note_on_c, 1, 63, 0
3, 8754, Note_on_c, 1, 60, 60
3, 8755, Note_on_c, 1, 68, 0
3, 8790, Note_on_c, 1, 60, 0
3, 8876, Note_on_c, 1, 58, 57
3, 8932, Note_on_c, 1, 58, 0
3, 8938, Note_on_c, 1, 60, 62
3, 8964, Note_on_c, 1, 46, 0
3, 8983, Note_on_c, 1, 60, 0
3, 8996, Note_on_c, 1, 63, 50
3, 9056, Note_on_c, 1, 46, 64
3, 9072, Note_on_c, 1, 63, 0
3, 9082, Note_on_c, 1, 46, 0
3, 9117, Note_on_c, 1, 51, 0
3, 9117, Note_on_c, 1, 51, 77
3, 9120, Note_on_c, 1, 63, 69
3, 9120, Note_on_c, 1, 67, 73
3, 9123, Note_on_c, 1, 39, 86
3, 9142, Control_c, 1, 64, 0
3, 9194, Control_c, 1, 64, 127
3, 9213, Note_on_c, 1, 67, 0
3, 9217, Note_on_c, 1, 63, 0
3, 9235, Note_on_c, 1, 58, 42
3, 9324, Note_on_c, 1, 58, 0
3, 9364, Note_on_c, 1, 67, 62
3, 9367, Note_on_c, 1, 63, 49
3, 9442, Note_on_c, 1, 67, 0
3, 9444, Note_on_c, 1, 63, 0
3, 9477, Note_on_c, 1, 58, 55
3, 9561, Note_on_c, 1, 58, 0
3, 9597, Note_on_c, 1, 63, 64
3, 9598, Note_on_c, 1, 67, 74
3, 9654, Note_on_c, 1, 51, 0
3, 9670, Note_on_c, 1, 39, 0
3, 9676, Note_on_c, 1, 67, 0
3, 9688, Note_on_c, 1, 63, 0
3, 9712, Note_on_c, 1, 58, 60
3, 9750, Note_on_c, 1, 58, 0
3, 9830, Note_on_c, 1, 58, 57
3, 9831, Note_on_c, 1, 63, 46
3, 9848, Note_on_c, 1, 63, 0
3, 9854, Note_on_c, 1, 58, 0
3, 9884, Note_on_c, 1, 63, 51
3, 9885, Note_on_c, 1, 58, 51
3, 9900, Note_on_c, 1, 63, 0
3, 9900, Note_on_c, 1, 65, 62
3, 9925, Note_on_c, 1, 63, 79
3, 9927, Note_on_c, 1, 58, 0
3, 9938, Note_on_c, 1, 65, 0
3, 9940, Note_on_c, 1, 62, 94
3, 9948, Note_on_c, 1, 63, 0
3, 10011, Note_on_c, 1, 63, 86
3, 10015, Note_on_c, 1, 62, 0
3, 10065, Note_on_c, 1, 63, 0
3, 10076, Note_on_c, 1, 62, 92
3, 10078, Note_on_c, 1, 67, 97
3, 10078, Note_on_c, 1, 51, 79
3, 10081, Note_on_c, 1, 39, 79
3, 10094, Control_c, 1, 64, 0
3, 10149, Control_c, 1, 64, 127
3, 10184, Note_on_c, 1, 67, 0
3, 10191, Note_on_c, 1, 62, 0
3, 10197, Note_on_c, 1, 58, 63
3, 10286, Note_on_c, 1, 58, 0
3, 10324, Note_on_c, 1, 67, 78
3, 10327, Note_on_c, 1, 62, 75
3, 10402, Note_on_c, 1, 67, 0
3, 10435, Note_on_c, 1, 62, 0
3, 10441, Note_on_c, 1, 58, 38
3, 10519, Note_on_c, 1, 58, 0
3, 10555, Note_on_c, 1, 62, 76
3, 10556, Note_on_c, 1, 67, 72
3, 10648, Note_on_c, 1, 67, 0
3, 10671, Note_on_c, 1, 62, 0
3, 10682, Note_on_c, 1, 58, 33
3, 10692, Note_on_c, 1, 39, 0
3, 10699, Note_on_c, 1, 51, 0
3, 10736, Note_on_c, 1, 58, 0
3, 10795, Note_on_c, 1, 63, 71
3, 10797, Note_on_c, 1, 58, 69
3, 10815, Note_on_c, 1, 63, 0
3, 10822, Note_on_c, 1, 58, 0
3, 10855, Note_on_c, 1, 58, 53
3, 10856, Note_on_c, 1, 63, 48
3, 10870, Note_on_c, 1, 65, 58
3, 10872, Note_on_c, 1, 63, 0
3, 10892, Note_on_c, 1, 58, 0
3, 10893, Note_on_c, 1, 63, 84
3, 10905, Note_on_c, 1, 65, 0
3, 10911, Note_on_c, 1, 62, 97
3, 10921, Note_on_c, 1, 63, 0
3, 10977, Note_on_c, 1, 63, 89
3, 10982, Note_on_c, 1, 62, 0
3, 11037, Note_on_c, 1, 63, 0
3, 11041, Note_on_c, 1, 67, 90
3, 11041, Note_on_c, 1, 61, 104
3, 11041, Note_on_c, 1, 51, 79
3, 11044, Note_on_c, 1, 39, 84
3, 11060, Control_c, 1, 64, 0
3, 11124, Control_c, 1, 64, 127
3, 11140, Note_on_c, 1, 67, 0
3, 11158, Note_on_c, 1, 61, 0
3, 11161, Note_on_c, 1, 58, 49
3, 11247, Note_on_c, 1, 58, 0
3, 11283, Note_on_c, 1, 67, 72
3, 11284, Note_on_c, 1, 61, 79
3, 11377, Note_on_c, 1, 67, 0
3, 11392, Note_on_c, 1, 61, 0
3, 11400, Note_on_c, 1, 58, 60
3, 11410, Note_on_c, 1, 39, 0
3, 11420, Note_on_c, 1, 51, 0
3, 11478, Note_on_c, 1, 58, 0
3, 11521, Note_on_c, 1, 61, 81
3, 11522, Note_on_c, 1, 67, 76
3, 11524, Note_on_c, 1, 66, 30
3, 11556, Note_on_c, 1, 66, 0
3, 11620, Note_on_c, 1, 67, 0
3, 11635, Note_on_c, 1, 61, 0
3, 11647, Note_on_c, 1, 58, 77
3, 11716, Note_on_c, 1, 58, 0
3, 11760, Note_on_c, 1, 67, 68
3, 11762, Note_on_c, 1, 51, 63
3, 11762, Note_on_c, 1, 39, 73
3, 11762, Note_on_c, 1, 58, 73
3, 11785, Note_on_c, 1, 67, 0
3, 11788, Note_on_c, 1, 39, 0
3, 11792, Note_on_c, 1, 51, 0
3, 11792, Note_on_c, 1, 58, 0
3, 11816, Note_on_c, 1, 58, 59
3, 11821, Note_on_c, 1, 68, 77
3, 11822, Note_on_c, 1, 41, 82
3, 11822, Note_on_c, 1, 53, 92
3, 11833, Note_on_c, 1, 68, 0
3, 11840, Note_on_c, 1, 41, 0
3, 11842, Note_on_c, 1, 53, 0
3, 11844, Note_on_c, 1, 58, 0
3, 11874, Note_on_c, 1, 58, 64
3, 11875, Note_on_c, 1, 70, 86
3, 11875, Note_on_c, 1, 55, 101
3, 11878, Note_on_c, 1, 43, 99
3, 11922, Note_on_c, 1, 43, 0
3, 11924, Note_on_c, 1, 58, 0
3, 11935, Note_on_c, 1, 55, 0
3, 11958, Note_on_c, 1, 70, 0
3, 12000, Note_on_c, 1, 68, 92
3, 12001, Note_on_c, 1, 56, 96
3, 12003, Note_on_c, 1, 44, 84
3, 12013, Control_c, 1, 64, 0
3, 12043, Note_on_c, 1, 68, 0
3, 12051, Control_c, 1, 64, 127
3, 12055, Control_c, 1, 64, 0
3, 12056, Note_on_c, 1, 67, 72
3, 12060, Control_c, 1, 64, 127
3, 12090, Note_on_c, 1, 67, 0
3, 12124, Note_on_c, 1, 63, 104
3, 12176, Note_on_c, 1, 56, 0
3, 12204, Note_on_c, 1, 63, 0
3, 12240, Note_on_c, 1, 68, 84
3, 12241, Note_on_c, 1, 63, 92
3, 12260, Note_on_c, 1, 44, 0
3, 12357, Note_on_c, 1, 56, 47
3, 12364, Note_on_c, 1, 63, 0
3, 12367, Note_on_c, 1, 60, 92
3, 12368, Note_on_c, 1, 68, 0
3, 12398, Note_on_c, 1, 56, 0
3, 12442, Note_on_c, 1, 60, 0
3, 12475, Note_on_c, 1, 68, 69
3, 12476, Note_on_c, 1, 63, 100
3, 12476, Note_on_c, 1, 58, 84
3, 12478, Note_on_c, 1, 46, 75
3, 12484, Control_c, 1, 64, 0
3, 12536, Control_c, 1, 64, 127
3, 12591, Note_on_c, 1, 63, 0
3, 12597, Note_on_c, 1, 60, 88
3, 12598, Note_on_c, 1, 68, 0
3, 12613, Note_on_c, 1, 58, 0
3, 12670, Note_on_c, 1, 60, 0
3, 12718, Note_on_c, 1, 68, 66
3, 12720, Note_on_c, 1, 63, 100
3, 12723, Note_on_c, 1, 46, 0
3, 12822, Note_on_c, 1, 46, 51
3, 12831, Note_on_c, 1, 68, 0
3, 12832, Note_on_c, 1, 60, 73
3, 12836, Note_on_c, 1, 63, 0
3, 12853, Note_on_c, 1, 46, 0
3, 12874, Note_on_c, 1, 60, 0
3, 12886, Note_on_c, 1, 51, 68
3, 12890, Note_on_c, 1, 39, 55
3, 12906, Note_on_c, 1, 39, 0
3, 12909, Note_on_c, 1, 51, 0
3, 12956, Note_on_c, 1, 67, 90
3, 12956, Note_on_c, 1, 63, 89
3, 12958, Note_on_c, 1, 58, 104
3, 12958, Note_on_c, 1, 51, 104
3, 12958, Note_on_c, 1, 39, 96
3, 12972, Control_c, 1, 64, 0
3, 13021, Control_c, 1, 64, 127
3, 13028, Control_c, 1, 64, 0
3, 13030, Control_c, 1, 64, 127
3, 13050, Note_on_c, 1, 67, 0
3, 13053, Note_on_c, 1, 58, 0
3, 13057, Note_on_c, 1, 63, 0
3, 13083, Note_on_c, 1, 58, 69
3, 13154, Note_on_c, 1, 58, 0
3, 13202, Note_on_c, 1, 67, 80
3, 13203, Note_on_c, 1, 58, 86
3, 13204, Note_on_c, 1, 63, 79
3, 13238, Note_on_c, 1, 51, 0
3, 13284, Note_on_c, 1, 58, 0
3, 13315, Note_on_c, 1, 67, 0
3, 13321, Note_on_c, 1, 39, 0
3, 13321, Note_on_c, 1, 51, 92
3, 13329, Note_on_c, 1, 63, 0
3, 13363, Note_on_c, 1, 51, 0
3, 13375, Note_on_c, 1, 58, 81
3, 13413, Note_on_c, 1, 58, 0
3, 13435, Note_on_c, 1, 68, 64
3, 13437, Note_on_c, 1, 58, 79
3, 13440, Note_on_c, 1, 63, 86
3, 13440, Note_on_c, 1, 61, 81
3, 13442, Note_on_c, 1, 53, 94
3, 13442, Note_on_c, 1, 41, 83
3, 13446, Control_c, 1, 64, 0
3, 13491, Control_c, 1, 64, 127
3, 13494, Control_c, 1, 64, 0
3, 13498, Control_c, 1, 64, 127
3, 13504, Note_on_c, 1, 68, 0
3, 13516, Note_on_c, 1, 58, 0
3, 13522, Note_on_c, 1, 63, 0
3, 13533, Note_on_c, 1, 61, 0
3, 13550, Note_on_c, 1, 41, 0
3, 13562, Note_on_c, 1, 67, 79
3, 13564, Note_on_c, 1, 58, 81
3, 13567, Note_on_c, 1, 53, 0
3, 13635, Note_on_c, 1, 67, 0
3, 13641, Note_on_c, 1, 58, 0
3, 13681, Note_on_c, 1, 55, 85
3, 13683, Note_on_c, 1, 58, 81
3, 13683, Note_on_c, 1, 43, 90
3, 13683, Note_on_c, 1, 65, 75
3, 13696, Control_c, 1, 64, 0
3, 13755, Control_c, 1, 64, 127
3, 13759, Control_c, 1, 64, 0
3, 13762, Control_c, 1, 64, 127
3, 13771, Note_on_c, 1, 65, 0
3, 13771, Note_on_c, 1, 58, 0
3, 13779, Note_on_c, 1, 43, 0
3, 13789, Note_on_c, 1, 55, 0
3, 13800, Note_on_c, 1, 58, 84
3, 13802, Note_on_c, 1, 67, 97
3, 13827, Note_on_c, 1, 67, 0
3, 13843, Note_on_c, 1, 58, 0
3, 13921, Note_on_c, 1, 63, 79
3, 13922, Note_on_c, 1, 58, 96
3, 13923, Note_on_c, 1, 60, 104
3, 13926, Note_on_c, 1, 44, 71
3, 13941, Control_c, 1, 64, 0
3, 13999, Control_c, 1, 64, 127
3, 14010, Note_on_c, 1, 63, 0
3, 14019, Note_on_c, 1, 60, 0
3, 14020, Note_on_c, 1, 58, 0
3, 14037, Note_on_c, 1, 56, 64
3, 14109, Note_on_c, 1, 56, 0
3, 14166, Note_on_c, 1, 58, 64
3, 14167, Note_on_c, 1, 63, 68
3, 14167, Note_on_c, 1, 60, 80
3, 14236, Note_on_c, 1, 44, 0
3, 14253, Note_on_c, 1, 58, 0
3, 14259, Note_on_c, 1, 63, 0
3, 14264, Note_on_c, 1, 60, 0
3, 14282, Note_on_c, 1, 56, 86
3, 14361, Note_on_c, 1, 56, 0
3, 14397, Note_on_c, 1, 58, 86
3, 14401, Note_on_c, 1, 63, 68
3, 14401, Note_on_c, 1, 46, 104
3, 14401, Note_on_c, 1, 60, 88
3, 14413, Control_c, 1, 64, 0
3, 14460, Control_c, 1, 64, 127
3, 14482, Note_on_c, 1, 63, 0
3, 14482, Note_on_c, 1, 58, 0
3, 14497, Note_on_c, 1, 60, 0
3, 14517, Note_on_c, 1, 56, 89
3, 14578, Note_on_c, 1, 56, 0
3, 14632, Note_on_c, 1, 58, 96
3, 14678, Note_on_c, 1, 58, 0
3, 14692, Note_on_c, 1, 60, 80
3, 14704, Note_on_c, 1, 46, 0
3, 14752, Note_on_c, 1, 63, 92
3, 14754, Note_on_c, 1, 60, 0
3, 14786, Note_on_c, 1, 63, 0
3, 14811, Note_on_c, 1, 46, 96
3, 14835, Note_on_c, 1, 46, 0
3, 14877, Note_on_c, 1, 58, 79
3, 14878, Note_on_c, 1, 51, 104
3, 14881, Note_on_c, 1, 67, 90
3, 14881, Note_on_c, 1, 63, 84
3, 14881, Note_on_c, 1, 39, 84
3, 14894, Control_c, 1, 64, 0
3, 14938, Control_c, 1, 64, 127
3, 14943, Control_c, 1, 64, 0
3, 14946, Control_c, 1, 64, 127
3, 14958, Note_on_c, 1, 58, 0
3, 14965, Note_on_c, 1, 63, 0
3, 14966, Note_on_c, 1, 67, 0
3, 15000, Note_on_c, 1, 58, 68
3, 15070, Note_on_c, 1, 58, 0
3, 15118, Note_on_c, 1, 67, 90
3, 15118, Note_on_c, 1, 58, 89
3, 15122, Note_on_c, 1, 63, 96
3, 15152, Note_on_c, 1, 51, 0
3, 15194, Note_on_c, 1, 39, 0
3, 15214, Note_on_c, 1, 58, 0
3, 15216, Note_on_c, 1, 67, 0
3, 15224, Note_on_c, 1, 63, 0
3, 15231, Note_on_c, 1, 51, 92
3, 15259, Note_on_c, 1, 51, 0
3, 15285, Note_on_c, 1, 58, 69
3, 15326, Note_on_c, 1, 58, 0
3, 15358, Note_on_c, 1, 68, 69
3, 15360, Note_on_c, 1, 58, 92
3, 15362, Note_on_c, 1, 61, 86
3, 15362, Note_on_c, 1, 63, 86
3, 15362, Note_on_c, 1, 53, 90
3, 15366, Note_on_c, 1, 41, 90
3, 15368, Control_c, 1, 64, 0
3, 15412, Control_c, 1, 64, 127
3, 15421, Note_on_c, 1, 68, 0
3, 15421, Control_c, 1, 64, 0
3, 15424, Control_c, 1, 64, 127
3, 15432, Note_on_c, 1, 58, 0
3, 15441, Note_on_c, 1, 61, 0
3, 15444, Note_on_c, 1, 63, 0
3, 15469, Note_on_c, 1, 41, 0
3, 15478, Note_on_c, 1, 67, 82
3, 15478, Note_on_c, 1, 58, 79
3, 15488, Note_on_c, 1, 53, 0
3, 15558, Note_on_c, 1, 58, 0
3, 15560, Note_on_c, 1, 67, 0
3, 15598, Note_on_c, 1, 65, 69
3, 15600, Note_on_c, 1, 58, 89
3, 15600, Note_on_c, 1, 55, 86
3, 15602, Note_on_c, 1, 43, 86
3, 15625, Control_c, 1, 64, 0
3, 15675, Note_on_c, 1, 43, 0
3, 15675, Control_c, 1, 64, 127
3, 15678, Control_c, 1, 64, 0
3, 15680, Note_on_c, 1, 65, 0
3, 15682, Control_c, 1, 64, 127
3, 15685, Note_on_c, 1, 58, 0
3, 15703, Note_on_c, 1, 55, 0
3, 15717, Note_on_c, 1, 67, 78
3, 15721, Note_on_c, 1, 58, 86
3, 15741, Note_on_c, 1, 67, 0
3, 15754, Note_on_c, 1, 58, 0
3, 15848, Note_on_c, 1, 58, 104
3, 15850, Note_on_c, 1, 63, 89
3, 15850, Note_on_c, 1, 60, 97
3, 15853, Note_on_c, 1, 44, 104
3, 15864, Control_c, 1, 64, 0
3, 15913, Control_c, 1, 64, 127
3, 15915, Control_c, 1, 64, 0
3, 15919, Control_c, 1, 64, 127
3, 15933, Note_on_c, 1, 63, 0
3, 15938, Note_on_c, 1, 58, 0
3, 15945, Note_on_c, 1, 60, 0
3, 15957, Note_on_c, 1, 56, 73
3, 16023, Note_on_c, 1, 56, 0
3, 16080, Note_on_c, 1, 58, 104
3, 16080, Note_on_c, 1, 63, 84
3, 16083, Note_on_c, 1, 60, 94
3, 16162, Note_on_c, 1, 58, 0
3, 16165, Note_on_c, 1, 63, 0
3, 16180, Note_on_c, 1, 60, 0
3, 16194, Note_on_c, 1, 56, 71
3, 16261, Note_on_c, 1, 56, 0
3, 16303, Note_on_c, 1, 44, 0
3, 16311, Note_on_c, 1, 63, 56
3, 16315, Note_on_c, 1, 60, 88
3, 16315, Note_on_c, 1, 58, 84
3, 16315, Note_on_c, 1, 46, 109
3, 16320, Note_on_c, 1, 56, 69
3, 16341, Control_c, 1, 64, 0
3, 16347, Note_on_c, 1, 56, 0
3, 16394, Control_c, 1, 64, 127
3, 16412, Note_on_c, 1, 63, 0
3, 16414, Note_on_c, 1, 60, 0
3, 16422, Note_on_c, 1, 58, 0
3, 16442, Note_on_c, 1, 56, 71
3, 16462, Note_on_c, 1, 56, 0
3, 16554, Note_on_c, 1, 46, 0
3, 16567, Note_on_c, 1, 63, 84
3, 16610, Note_on_c, 1, 63, 0
3, 16624, Note_on_c, 1, 65, 73
3, 16678, Note_on_c, 1, 65, 0
3, 16682, Note_on_c, 1, 67, 80
3, 16734, Note_on_c, 1, 67, 0
3, 16740, Note_on_c, 1, 68, 57
3, 16798, Note_on_c, 1, 70, 77
3, 16801, Note_on_c, 1, 51, 77
3, 16802, Note_on_c, 1, 68, 0
3, 16809, Control_c, 1, 64, 0
3, 16837, Control_c, 1, 64, 127
3, 16843, Control_c, 1, 64, 0
3, 16848, Control_c, 1, 64, 127
3, 16856, Note_on_c, 1, 58, 59
3, 16863, Note_on_c, 1, 51, 0
3, 16870, Note_on_c, 1, 70, 0
3, 16912, Note_on_c, 1, 58, 0
3, 16914, Note_on_c, 1, 70, 64
3, 16917, Note_on_c, 1, 63, 96
3, 16951, Note_on_c, 1, 63, 0
3, 16971, Note_on_c, 1, 70, 0
3, 16975, Note_on_c, 1, 65, 94
3, 17000, Note_on_c, 1, 65, 0
3, 17035, Note_on_c, 1, 67, 97
3, 17037, Note_on_c, 1, 70, 104
3, 17100, Note_on_c, 1, 67, 0
3, 17114, Note_on_c, 1, 70, 0
3, 17155, Note_on_c, 1, 70, 96
3, 17226, Note_on_c, 1, 70, 0
3, 17264, Note_on_c, 1, 46, 79
3, 17264, Note_on_c, 1, 72, 75
3, 17286, Control_c, 1, 64, 0
3, 17323, Note_on_c, 1, 53, 68
3, 17325, Note_on_c, 1, 46, 0
3, 17325, Control_c, 1, 64, 127
3, 17382, Note_on_c, 1, 53, 0
3, 17389, Note_on_c, 1, 70, 96
3, 17392, Note_on_c, 1, 58, 100
3, 17397, Note_on_c, 1, 72, 0
3, 17421, Note_on_c, 1, 58, 0
3, 17455, Note_on_c, 1, 60, 75
3, 17480, Note_on_c, 1, 60, 0
3, 17515, Note_on_c, 1, 51, 71
3, 17518, Note_on_c, 1, 68, 92
3, 17527, Note_on_c, 1, 70, 0
3, 17533, Control_c, 1, 64, 0
3, 17568, Control_c, 1, 64, 127
3, 17572, Control_c, 1, 64, 0
3, 17575, Note_on_c, 1, 58, 64
3, 17577, Control_c, 1, 64, 127
3, 17586, Note_on_c, 1, 51, 0
3, 17596, Note_on_c, 1, 68, 0
3, 17637, Note_on_c, 1, 58, 0
3, 17637, Note_on_c, 1, 63, 96
3, 17640, Note_on_c, 1, 67, 75
3, 17672, Note_on_c, 1, 63, 0
3, 17679, Note_on_c, 1, 67, 0
3, 17700, Note_on_c, 1, 65, 83
3, 17718, Note_on_c, 1, 65, 0
3, 17760, Note_on_c, 1, 67, 88
3, 17767, Note_on_c, 1, 44, 71
3, 17774, Control_c, 1, 64, 0
3, 17809, Control_c, 1, 64, 127
3, 17815, Control_c, 1, 64, 0
3, 17817, Control_c, 1, 64, 127
3, 17820, Note_on_c, 1, 51, 60
3, 17829, Note_on_c, 1, 44, 0
3, 17864, Note_on_c, 1, 67, 0
3, 17872, Note_on_c, 1, 51, 0
3, 17880, Note_on_c, 1, 68, 69
3, 17882, Note_on_c, 1, 56, 96
3, 17910, Note_on_c, 1, 56, 0
3, 17940, Note_on_c, 1, 58, 81
3, 17964, Note_on_c, 1, 58, 0
3, 17996, Note_on_c, 1, 68, 0
3, 17997, Note_on_c, 1, 60, 101
3, 18000, Note_on_c, 1, 65, 71
3, 18048, Note_on_c, 1, 60, 0
3, 18068, Note_on_c, 1, 65, 0
3, 18121, Note_on_c, 1, 63, 100
3, 18156, Note_on_c, 1, 63, 0
3, 18177, Note_on_c, 1, 59, 82
3, 18238, Note_on_c, 1, 44, 89
3, 18243, Control_c, 1, 64, 0
3, 18290, Control_c, 1, 64, 127
3, 18295, Note_on_c, 1, 51, 53
3, 18296, Control_c, 1, 64, 0
3, 18297, Control_c, 1, 64, 127
3, 18327, Note_on_c, 1, 44, 0
3, 18352, Note_on_c, 1, 56, 84
3, 18360, Note_on_c, 1, 51, 0
3, 18360, Note_on_c, 1, 59, 0
3, 18392, Note_on_c, 1, 56, 0
3, 18415, Note_on_c, 1, 58, 92
3, 18475, Note_on_c, 1, 58, 0
3, 18483, Note_on_c, 1, 59, 104
3, 18596, Note_on_c, 1, 51, 69
3, 18612, Note_on_c, 1, 59, 0
3, 18628, Note_on_c, 1, 51, 0
3, 18717, Note_on_c, 1, 43, 76
3, 18723, Note_on_c, 1, 58, 84
3, 18732, Control_c, 1, 64, 0
3, 18775, Note_on_c, 1, 50, 70
3, 18782, Control_c, 1, 64, 127
3, 18787, Note_on_c, 1, 43, 0
3, 18787, Control_c, 1, 64, 0
3, 18790, Control_c, 1, 64, 127
3, 18820, Note_on_c, 1, 58, 0
3, 18836, Note_on_c, 1, 65, 71
3, 18840, Note_on_c, 1, 55, 85
3, 18846, Note_on_c, 1, 50, 0
3, 18873, Note_on_c, 1, 55, 0
3, 18889, Note_on_c, 1, 65, 0
3, 18895, Note_on_c, 1, 63, 57
3, 18900, Note_on_c, 1, 57, 94
3, 18924, Note_on_c, 1, 57, 0
3, 18956, Note_on_c, 1, 58, 96
3, 19021, Note_on_c, 1, 63, 0
3, 19064, Note_on_c, 1, 58, 0
3, 19088, Note_on_c, 1, 58, 86
3, 19142, Note_on_c, 1, 60, 74
3, 19144, Note_on_c, 1, 58, 0
3, 19196, Note_on_c, 1, 44, 79
3, 19209, Control_c, 1, 64, 0
3, 19252, Note_on_c, 1, 51, 54
3, 19260, Control_c, 1, 64, 127
3, 19276, Note_on_c, 1, 44, 0
3, 19312, Note_on_c, 1, 51, 0
3, 19316, Note_on_c, 1, 60, 0
3, 19316, Note_on_c, 1, 56, 79
3, 19317, Note_on_c, 1, 63, 81
3, 19347, Note_on_c, 1, 56, 0
3, 19382, Note_on_c, 1, 58, 86
3, 19407, Note_on_c, 1, 58, 0
3, 19440, Note_on_c, 1, 60, 104
3, 19545, Note_on_c, 1, 60, 0
3, 19560, Note_on_c, 1, 63, 0
3, 19628, Note_on_c, 1, 65, 79
3, 19681, Note_on_c, 1, 65, 0
3, 19682, Note_on_c, 1, 67, 73
3, 19684, Note_on_c, 1, 46, 75
3, 19704, Control_c, 1, 64, 0
3, 19748, Note_on_c, 1, 53, 69
3, 19752, Control_c, 1, 64, 127
3, 19754, Control_c, 1, 64, 0
3, 19756, Note_on_c, 1, 46, 0
3, 19762, Control_c, 1, 64, 127
3, 19779, Note_on_c, 1, 67, 0
3, 19803, Note_on_c, 1, 53, 0
3, 19803, Note_on_c, 1, 65, 63
3, 19810, Note_on_c, 1, 58, 89
3, 19848, Note_on_c, 1, 58, 0
3, 19858, Note_on_c, 1, 63, 96
3, 19860, Note_on_c, 1, 65, 0
3, 19873, Note_on_c, 1, 60, 97
3, 19969, Note_on_c, 1, 60, 0
3, 19978, Note_on_c, 1, 63, 0
3, 19981, Note_on_c, 1, 62, 94
3, 20092, Note_on_c, 1, 62, 0
3, 20102, Note_on_c, 1, 63, 86
3, 20160, Note_on_c, 1, 49, 84
3, 20170, Control_c, 1, 64, 0
3, 20222, Note_on_c, 1, 56, 62
3, 20226, Control_c, 1, 64, 127
3, 20234, Note_on_c, 1, 63, 0
3, 20252, Note_on_c, 1, 49, 0
3, 20286, Note_on_c, 1, 61, 96
3, 20288, Note_on_c, 1, 56, 0
3, 20325, Note_on_c, 1, 61, 0
3, 20337, Note_on_c, 1, 72, 75
3, 20392, Note_on_c, 1, 72, 0
3, 20402, Note_on_c, 1, 51, 71
3, 20402, Note_on_c, 1, 70, 100
3, 20413, Control_c, 1, 64, 0
3, 20458, Note_on_c, 1, 58, 51
3, 20458, Control_c, 1, 64, 127
3, 20468, Note_on_c, 1, 51, 0
3, 20520, Note_on_c, 1, 63, 84
3, 20527, Note_on_c, 1, 58, 0
3, 20556, Note_on_c, 1, 63, 0
3, 20581, Note_on_c, 1, 68, 86
3, 20582, Note_on_c, 1, 70, 0
3, 20640, Note_on_c, 1, 53, 74
3, 20660, Control_c, 1, 64, 0
3, 20697, Note_on_c, 1, 53, 0
3, 20701, Note_on_c, 1, 60, 69
3, 20703, Control_c, 1, 64, 127
3, 20707, Control_c, 1, 64, 0
3, 20709, Control_c, 1, 64, 127
3, 20755, Note_on_c, 1, 68, 0
3, 20767, Note_on_c, 1, 65, 54
3, 20776, Note_on_c, 1, 60, 0
3, 20805, Note_on_c, 1, 65, 0
3, 20826, Note_on_c, 1, 67, 92
3, 20886, Note_on_c, 1, 51, 77
3, 20889, Control_c, 1, 64, 0
3, 20920, Note_on_c, 1, 67, 0
3, 20931, Control_c, 1, 64, 127
3, 20942, Note_on_c, 1, 58, 54
3, 20967, Note_on_c, 1, 51, 0
3, 21004, Note_on_c, 1, 63, 79
3, 21006, Note_on_c, 1, 58, 0
3, 21064, Note_on_c, 1, 65, 63
3, 21066, Note_on_c, 1, 63, 0
3, 21120, Note_on_c, 1, 49, 57
3, 21140, Control_c, 1, 64, 0
3, 21182, Note_on_c, 1, 56, 54
3, 21187, Control_c, 1, 64, 127
3, 21189, Control_c, 1, 64, 0
3, 21195, Control_c, 1, 64, 127
3, 21247, Note_on_c, 1, 61, 73
3, 21264, Note_on_c, 1, 65, 0
3, 21307, Note_on_c, 1, 65, 97
3, 21337, Note_on_c, 1, 61, 0
3, 21421, Note_on_c, 1, 49, 0
3, 21456, Note_on_c, 1, 56, 0
3, 21528, Note_on_c, 1, 65, 0
3, 21540, Note_on_c, 1, 68, 89
3, 21579, Note_on_c, 1, 68, 0
3, 21601, Note_on_c, 1, 68, 81
3, 21602, Note_on_c, 1, 51, 54
3, 21612, Control_c, 1, 64, 0
3, 21657, Control_c, 1, 64, 127
3, 21663, Note_on_c, 1, 58, 54
3, 21693, Note_on_c, 1, 51, 0
3, 21722, Note_on_c, 1, 67, 70
3, 21723, Note_on_c, 1, 68, 0
3, 21786, Note_on_c, 1, 65, 85
3, 21787, Note_on_c, 1, 67, 0
3, 21910, Note_on_c, 1, 67, 110
3, 21918, Note_on_c, 1, 65, 0
3, 21922, Note_on_c, 1, 58, 0
3, 21994, Note_on_c, 1, 67, 0
3, 22029, Note_on_c, 1, 63, 104
3, 22086, Control_c, 1, 64, 0
3, 22092, Note_on_c, 1, 49, 73
3, 22140, Control_c, 1, 64, 127
3, 22142, Control_c, 1, 64, 0
3, 22143, Control_c, 1, 64, 127
3, 22154, Note_on_c, 1, 56, 55
3, 22215, Note_on_c, 1, 61, 92
3, 22225, Note_on_c, 1, 56, 0
3, 22226, Note_on_c, 1, 49, 0
3, 22228, Note_on_c, 1, 63, 0
3, 22268, Note_on_c, 1, 72, 82
3, 22270, Note_on_c, 1, 61, 0
3, 22315, Note_on_c, 1, 72, 0
3, 22323, Note_on_c, 1, 70, 92
3, 22324, Note_on_c, 1, 51, 69
3, 22338, Control_c, 1, 64, 0
3, 22383, Control_c, 1, 64, 127
3, 22387, Note_on_c, 1, 58, 56
3, 22419, Note_on_c, 1, 51, 0
3, 22448, Note_on_c, 1, 63, 89
3, 22455, Note_on_c, 1, 58, 0
3, 22501, Note_on_c, 1, 63, 0
3, 22507, Note_on_c, 1, 68, 109
3, 22513, Note_on_c, 1, 70, 0
3, 22564, Note_on_c, 1, 53, 69
3, 22573, Control_c, 1, 64, 0
3, 22621, Control_c, 1, 64, 127
3, 22624, Note_on_c, 1, 60, 68
3, 22626, Control_c, 1, 64, 0
3, 22628, Control_c, 1, 64, 127
3, 22636, Note_on_c, 1, 53, 0
3, 22684, Note_on_c, 1, 65, 62
3, 22687, Note_on_c, 1, 68, 0
3, 22695, Note_on_c, 1, 60, 0
3, 22719, Note_on_c, 1, 65, 0
3, 22747, Note_on_c, 1, 70, 89
3, 22801, Note_on_c, 1, 70, 0
3, 22802, Note_on_c, 1, 67, 99
3, 22802, Note_on_c, 1, 51, 71
3, 22816, Control_c, 1, 64, 0
3, 22856, Control_c, 1, 64, 127
3, 22861, Note_on_c, 1, 58, 46
3, 22862, Control_c, 1, 64, 0
3, 22863, Control_c, 1, 64, 127
3, 22870, Note_on_c, 1, 51, 0
3, 22870, Note_on_c, 1, 67, 0
3, 22918, Note_on_c, 1, 63, 84
3, 22922, Note_on_c, 1, 58, 0
3, 22968, Note_on_c, 1, 63, 0
3, 22977, Note_on_c, 1, 65, 62
3, 23040, Note_on_c, 1, 49, 63
3, 23050, Control_c, 1, 64, 0
3, 23097, Control_c, 1, 64, 127
3, 23102, Note_on_c, 1, 56, 40
3, 23145, Note_on_c, 1, 65, 0
3, 23163, Note_on_c, 1, 61, 77
3, 23181, Note_on_c, 1, 56, 0
3, 23184, Note_on_c, 1, 49, 0
3, 23202, Note_on_c, 1, 61, 0
3, 23217, Note_on_c, 1, 65, 85
3, 23400, Note_on_c, 1, 65, 0
3, 23461, Note_on_c, 1, 68, 68
3, 23493, Note_on_c, 1, 68, 0
3, 23518, Note_on_c, 1, 68, 84
3, 23520, Note_on_c, 1, 51, 57
3, 23536, Control_c, 1, 64, 0
3, 23580, Note_on_c, 1, 58, 56
3, 23580, Control_c, 1, 64, 127
3, 23589, Note_on_c, 1, 51, 0
3, 23626, Note_on_c, 1, 68, 0
3, 23634, Note_on_c, 1, 67, 75
3, 23637, Note_on_c, 1, 63, 89
3, 23646, Note_on_c, 1, 58, 0
3, 23674, Note_on_c, 1, 63, 0
3, 23685, Note_on_c, 1, 67, 0
3, 23700, Note_on_c, 1, 65, 88
3, 23784, Note_on_c, 1, 65, 0
3, 23820, Note_on_c, 1, 67, 78
3, 23887, Note_on_c, 1, 67, 0
3, 23940, Note_on_c, 1, 68, 84
3, 23970, Note_on_c, 1, 68, 0
3, 24000, Note_on_c, 1, 44, 57
3, 24021, Control_c, 1, 64, 0
3, 24060, Note_on_c, 1, 56, 49
3, 24067, Control_c, 1, 64, 127
3, 24106, Note_on_c, 1, 56, 0
3, 24122, Note_on_c, 1, 61, 68
3, 24180, Note_on_c, 1, 61, 0
3, 24182, Note_on_c, 1, 63, 62
3, 24235, Note_on_c, 1, 63, 0
3, 24294, Note_on_c, 1, 61, 71
3, 24340, Note_on_c, 1, 61, 0
3, 24418, Note_on_c, 1, 58, 59
3, 24463, Note_on_c, 1, 58, 0
3, 24477, Note_on_c, 1, 60, 79
3, 24534, Note_on_c, 1, 44, 0
3, 24546, Note_on_c, 1, 60, 0
3, 24716, Note_on_c, 1, 44, 54
3, 24718, Note_on_c, 1, 56, 68
3, 24751, Note_on_c, 1, 44, 0
3, 24756, Note_on_c, 1, 56, 0
3, 24770, Note_on_c, 1, 43, 76
3, 24775, Note_on_c, 1, 55, 75
3, 24799, Note_on_c, 1, 43, 0
3, 24811, Note_on_c, 1, 55, 0
3, 24831, Note_on_c, 1, 41, 86
3, 24836, Control_c, 1, 64, 0
3, 24836, Note_on_c, 1, 53, 83
3, 24878, Note_on_c, 1, 53, 0
3, 24883, Control_c, 1, 64, 127
3, 24885, Note_on_c, 1, 41, 0
3, 24888, Control_c, 1, 64, 0
3, 24890, Control_c, 1, 64, 127
3, 24962, Note_on_c, 1, 67, 85
3, 24963, Note_on_c, 1, 63, 96
3, 24966, Note_on_c, 1, 39, 86
3, 24966, Note_on_c, 1, 51, 104
3, 24993, Control_c, 1, 64, 0
3, 25046, Note_on_c, 1, 67, 0
3, 25051, Control_c, 1, 64, 127
3, 25075, Note_on_c, 1, 58, 47
3, 25084, Note_on_c, 1, 63, 0
3, 25173, Note_on_c, 1, 58, 0
3, 25201, Note_on_c, 1, 63, 81
3, 25204, Note_on_c, 1, 67, 80
3, 25285, Note_on_c, 1, 67, 0
3, 25294, Note_on_c, 1, 63, 0
3, 25312, Note_on_c, 1, 58, 44
3, 25392, Note_on_c, 1, 58, 0
3, 25435, Note_on_c, 1, 63, 62
3, 25436, Note_on_c, 1, 67, 69
3, 25512, Note_on_c, 1, 67, 0
3, 25539, Note_on_c, 1, 63, 0
3, 25557, Note_on_c, 1, 58, 71
3, 25606, Note_on_c, 1, 58, 0
3, 25668, Note_on_c, 1, 63, 75
3, 25671, Note_on_c, 1, 58, 84
3, 25687, Note_on_c, 1, 63, 0
3, 25696, Note_on_c, 1, 58, 0
3, 25719, Note_on_c, 1, 39, 0
3, 25728, Note_on_c, 1, 58, 52
3, 25729, Note_on_c, 1, 63, 51
3, 25738, Note_on_c, 1, 63, 0
3, 25738, Note_on_c, 1, 51, 0
3, 25738, Note_on_c, 1, 65, 59
3, 25761, Note_on_c, 1, 58, 0
3, 25768, Note_on_c, 1, 63, 100
3, 25780, Note_on_c, 1, 65, 0
3, 25788, Note_on_c, 1, 62, 83
3, 25800, Note_on_c, 1, 63, 0
3, 25849, Note_on_c, 1, 63, 100
3, 25855, Note_on_c, 1, 62, 0
3, 25909, Note_on_c, 1, 63, 0
3, 25916, Note_on_c, 1, 67, 94
3, 25917, Note_on_c, 1, 62, 99
3, 25920, Note_on_c, 1, 51, 92
3, 25922, Note_on_c, 1, 39, 89
3, 25939, Control_c, 1, 64, 0
3, 25998, Control_c, 1, 64, 127
3, 26000, Control_c, 1, 64, 0
3, 26006, Control_c, 1, 64, 127
3, 26028, Note_on_c, 1, 67, 0
3, 26035, Note_on_c, 1, 62, 0
3, 26037, Note_on_c, 1, 58, 58
3, 26120, Note_on_c, 1, 58, 0
3, 26162, Note_on_c, 1, 67, 83
3, 26163, Note_on_c, 1, 62, 83
3, 26263, Note_on_c, 1, 62, 0
3, 26263, Note_on_c, 1, 67, 0
3, 26278, Note_on_c, 1, 58, 59
3, 26352, Note_on_c, 1, 58, 0
3, 26394, Note_on_c, 1, 62, 88
3, 26395, Note_on_c, 1, 67, 73
3, 26490, Note_on_c, 1, 67, 0
3, 26510, Note_on_c, 1, 62, 0
3, 26521, Note_on_c, 1, 58, 62
3, 26581, Note_on_c, 1, 58, 0
3, 26608, Note_on_c, 1, 39, 0
3, 26626, Note_on_c, 1, 51, 0
3, 26635, Note_on_c, 1, 58, 68
3, 26636, Note_on_c, 1, 63, 77
3, 26655, Note_on_c, 1, 63, 0
3, 26662, Note_on_c, 1, 58, 0
3, 26691, Note_on_c, 1, 58, 45
3, 26702, Note_on_c, 1, 65, 60
3, 26728, Note_on_c, 1, 58, 0
3, 26730, Note_on_c, 1, 63, 92
3, 26743, Note_on_c, 1, 65, 0
3, 26748, Note_on_c, 1, 62, 92
3, 26756, Note_on_c, 1, 63, 0
3, 26815, Note_on_c, 1, 63, 92
3, 26822, Note_on_c, 1, 62, 0
3, 26872, Note_on_c, 1, 63, 0
3, 26878, Note_on_c, 1, 67, 86
3, 26880, Note_on_c, 1, 61, 109
3, 26880, Note_on_c, 1, 51, 89
3, 26883, Note_on_c, 1, 39, 81
3, 26900, Control_c, 1, 64, 0
3, 26973, Control_c, 1, 64, 127
3, 26982, Note_on_c, 1, 67, 0
3, 26996, Note_on_c, 1, 61, 0
3, 27000, Note_on_c, 1, 58, 75
3, 27097, Note_on_c, 1, 58, 0
3, 27122, Note_on_c, 1, 67, 76
3, 27124, Note_on_c, 1, 61, 104
3, 27212, Note_on_c, 1, 67, 0
3, 27230, Note_on_c, 1, 61, 0
3, 27238, Note_on_c, 1, 58, 69
3, 27326, Note_on_c, 1, 58, 0
3, 27355, Note_on_c, 1, 67, 75
3, 27357, Note_on_c, 1, 61, 96
3, 27436, Note_on_c, 1, 39, 0
3, 27440, Note_on_c, 1, 67, 0
3, 27441, Note_on_c, 1, 51, 0
3, 27472, Note_on_c, 1, 61, 0
3, 27477, Note_on_c, 1, 58, 79
3, 27546, Note_on_c, 1, 58, 0
3, 27590, Note_on_c, 1, 67, 75
3, 27590, Note_on_c, 1, 58, 86
3, 27594, Note_on_c, 1, 51, 77
3, 27594, Note_on_c, 1, 39, 71
3, 27618, Note_on_c, 1, 67, 0
3, 27619, Note_on_c, 1, 39, 0
3, 27621, Note_on_c, 1, 51, 0
3, 27621, Note_on_c, 1, 58, 0
3, 27648, Note_on_c, 1, 58, 79
3, 27650, Note_on_c, 1, 68, 81
3, 27654, Note_on_c, 1, 53, 92
3, 27654, Note_on_c, 1, 41, 92
3, 27664, Note_on_c, 1, 68, 0
3, 27672, Note_on_c, 1, 58, 0
3, 27672, Note_on_c, 1, 41, 0
3, 27674, Note_on_c, 1, 53, 0
3, 27708, Note_on_c, 1, 70, 84
3, 27708, Note_on_c, 1, 58, 84
3, 27709, Note_on_c, 1, 55, 99
3, 27709, Note_on_c, 1, 43, 94
3, 27751, Note_on_c, 1, 43, 0
3, 27753, Note_on_c, 1, 58, 0
3, 27769, Note_on_c, 1, 55, 0
3, 27793, Note_on_c, 1, 44, 43
3, 27798, Note_on_c, 1, 70, 0
3, 27801, Note_on_c, 1, 44, 0
3, 27826, Note_on_c, 1, 68, 86
3, 27830, Note_on_c, 1, 56, 96
3, 27832, Note_on_c, 1, 44, 81
3, 27852, Control_c, 1, 64, 0
3, 27873, Note_on_c, 1, 68, 0
3, 27882, Control_c, 1, 64, 127
3, 27884, Control_c, 1, 64, 0
3, 27884, Note_on_c, 1, 67, 78
3, 27890, Control_c, 1, 64, 127
3, 27922, Note_on_c, 1, 67, 0
3, 27952, Note_on_c, 1, 63, 119
3, 28011, Note_on_c, 1, 63, 0
3, 28076, Note_on_c, 1, 68, 86
3, 28077, Note_on_c, 1, 63, 104
3, 28141, Note_on_c, 1, 44, 0
3, 28150, Note_on_c, 1, 56, 0
3, 28184, Note_on_c, 1, 63, 0
3, 28185, Note_on_c, 1, 68, 0
3, 28190, Note_on_c, 1, 60, 94
3, 28255, Note_on_c, 1, 60, 0
3, 28304, Note_on_c, 1, 68, 84
3, 28305, Note_on_c, 1, 63, 109
3, 28308, Control_c, 1, 64, 0
3, 28310, Note_on_c, 1, 58, 96
3, 28311, Note_on_c, 1, 46, 92
3, 28351, Control_c, 1, 64, 127
3, 28356, Control_c, 1, 64, 0
3, 28362, Control_c, 1, 64, 127
3, 28411, Note_on_c, 1, 58, 0
3, 28419, Note_on_c, 1, 63, 0
3, 28424, Note_on_c, 1, 68, 0
3, 28425, Note_on_c, 1, 60, 66
3, 28436, Note_on_c, 1, 68, 37
3, 28441, Note_on_c, 1, 68, 0
3, 28459, Note_on_c, 1, 60, 0
3, 28550, Note_on_c, 1, 58, 96
3, 28614, Note_on_c, 1, 60, 72
3, 28622, Note_on_c, 1, 58, 0
3, 28657, Note_on_c, 1, 60, 0
3, 28669, Note_on_c, 1, 63, 73
3, 28677, Note_on_c, 1, 46, 0
3, 28725, Note_on_c, 1, 46, 66
3, 28738, Note_on_c, 1, 63, 0
3, 28750, Note_on_c, 1, 46, 0
3, 28791, Note_on_c, 1, 67, 92
3, 28792, Note_on_c, 1, 51, 92
3, 28792, Note_on_c, 1, 63, 100
3, 28792, Note_on_c, 1, 39, 100
3, 28812, Control_c, 1, 64, 0
3, 28872, Control_c, 1, 64, 127
3, 28874, Control_c, 1, 64, 0
3, 28878, Control_c, 1, 64, 127
3, 28891, Note_on_c, 1, 67, 0
3, 28902, Note_on_c, 1, 63, 0
3, 28912, Note_on_c, 1, 58, 60
3, 28987, Note_on_c, 1, 58, 0
3, 29035, Note_on_c, 1, 63, 109
3, 29038, Note_on_c, 1, 67, 94
3, 29137, Note_on_c, 1, 67, 0
3, 29145, Note_on_c, 1, 63, 0
3, 29154, Note_on_c, 1, 58, 69
3, 29240, Note_on_c, 1, 58, 0
3, 29274, Note_on_c, 1, 67, 70
3, 29276, Note_on_c, 1, 63, 79
3, 29368, Note_on_c, 1, 67, 0
3, 29378, Note_on_c, 1, 63, 0
3, 29397, Note_on_c, 1, 58, 62
3, 29438, Note_on_c, 1, 58, 0
3, 29440, Note_on_c, 1, 39, 0
3, 29446, Note_on_c, 1, 51, 0
3, 29502, Note_on_c, 1, 63, 68
3, 29504, Note_on_c, 1, 58, 64
3, 29527, Note_on_c, 1, 63, 0
3, 29535, Note_on_c, 1, 58, 0
3, 29565, Note_on_c, 1, 63, 54
3, 29568, Note_on_c, 1, 58, 38
3, 29576, Note_on_c, 1, 65, 64
3, 29582, Note_on_c, 1, 63, 0
3, 29587, Note_on_c, 1, 58, 0
3, 29602, Note_on_c, 1, 63, 100
3, 29613, Note_on_c, 1, 65, 0
3, 29618, Note_on_c, 1, 62, 90
3, 29628, Note_on_c, 1, 63, 0
3, 29680, Note_on_c, 1, 63, 77
3, 29688, Note_on_c, 1, 62, 0
3, 29738, Note_on_c, 1, 63, 0
3, 29744, Note_on_c, 1, 62, 99
3, 29748, Note_on_c, 1, 51, 96
3, 29749, Note_on_c, 1, 67, 97
3, 29750, Note_on_c, 1, 39, 96
3, 29774, Control_c, 1, 64, 0
3, 29829, Control_c, 1, 64, 127
3, 29833, Control_c, 1, 64, 0
3, 29835, Control_c, 1, 64, 127
3, 29858, Note_on_c, 1, 67, 0
3, 29864, Note_on_c, 1, 62, 0
3, 29872, Note_on_c, 1, 58, 71
3, 29955, Note_on_c, 1, 58, 0
3, 30002, Note_on_c, 1, 67, 88
3, 30004, Note_on_c, 1, 62, 97
3, 30090, Note_on_c, 1, 67, 0
3, 30120, Note_on_c, 1, 62, 0
3, 30121, Note_on_c, 1, 58, 66
3, 30192, Note_on_c, 1, 58, 0
3, 30237, Note_on_c, 1, 67, 80
3, 30240, Note_on_c, 1, 62, 82
3, 30327, Note_on_c, 1, 67, 0
3, 30366, Note_on_c, 1, 58, 77
3, 30370, Note_on_c, 1, 62, 0
3, 30427, Note_on_c, 1, 58, 0
3, 30481, Note_on_c, 1, 63, 63
3, 30482, Note_on_c, 1, 58, 69
3, 30498, Note_on_c, 1, 63, 0
3, 30504, Note_on_c, 1, 58, 0
3, 30524, Note_on_c, 1, 39, 0
3, 30534, Note_on_c, 1, 51, 0
3, 30541, Note_on_c, 1, 58, 42
3, 30542, Note_on_c, 1, 63, 32
3, 30552, Note_on_c, 1, 63, 0
3, 30554, Note_on_c, 1, 65, 65
3, 30566, Note_on_c, 1, 58, 0
3, 30579, Note_on_c, 1, 63, 92
3, 30591, Note_on_c, 1, 65, 0
3, 30594, Note_on_c, 1, 62, 101
3, 30604, Note_on_c, 1, 63, 0
3, 30656, Note_on_c, 1, 63, 79
3, 30660, Note_on_c, 1, 62, 0
3, 30710, Note_on_c, 1, 63, 0
3, 30722, Note_on_c, 1, 61, 109
3, 30723, Note_on_c, 1, 51, 89
3, 30726, Note_on_c, 1, 39, 92
3, 30728, Note_on_c, 1, 67, 110
3, 30741, Control_c, 1, 64, 0
3, 30790, Control_c, 1, 64, 127
3, 30794, Control_c, 1, 64, 0
3, 30796, Control_c, 1, 64, 127
3, 30831, Note_on_c, 1, 67, 0
3, 30832, Note_on_c, 1, 61, 0
3, 30842, Note_on_c, 1, 58, 84
3, 30913, Note_on_c, 1, 58, 0
3, 30960, Note_on_c, 1, 67, 83
3, 30961, Note_on_c, 1, 61, 100
3, 31051, Note_on_c, 1, 67, 0
3, 31076, Note_on_c, 1, 61, 0
3, 31077, Note_on_c, 1, 58, 58
3, 31167, Note_on_c, 1, 58, 0
3, 31204, Note_on_c, 1, 61, 92
3, 31204, Note_on_c, 1, 67, 90
3, 31278, Note_on_c, 1, 51, 0
3, 31287, Note_on_c, 1, 67, 0
3, 31294, Note_on_c, 1, 39, 0
3, 31302, Note_on_c, 1, 61, 0
3, 31318, Note_on_c, 1, 58, 68
3, 31383, Note_on_c, 1, 58, 0
3, 31426, Note_on_c, 1, 58, 77
3, 31428, Note_on_c, 1, 67, 71
3, 31429, Note_on_c, 1, 39, 66
3, 31431, Note_on_c, 1, 51, 81
3, 31453, Note_on_c, 1, 67, 0
3, 31454, Note_on_c, 1, 39, 0
3, 31456, Note_on_c, 1, 51, 0
3, 31460, Note_on_c, 1, 58, 0
3, 31485, Note_on_c, 1, 58, 69
3, 31488, Note_on_c, 1, 53, 92
3, 31488, Note_on_c, 1, 68, 84
3, 31490, Note_on_c, 1, 41, 90
3, 31504, Note_on_c, 1, 68, 0
3, 31507, Note_on_c, 1, 41, 0
3, 31509, Note_on_c, 1, 53, 0
3, 31512, Note_on_c, 1, 58, 0
3, 31546, Note_on_c, 1, 55, 104
3, 31548, Note_on_c, 1, 70, 100
3, 31548, Note_on_c, 1, 43, 99
3, 31552, Note_on_c, 1, 58, 66
3, 31558, Note_on_c, 1, 58, 0
3, 31586, Note_on_c, 1, 43, 0
3, 31598, Note_on_c, 1, 55, 0
3, 31639, Note_on_c, 1, 70, 0
3, 31665, Note_on_c, 1, 68, 109
3, 31669, Note_on_c, 1, 56, 100
3, 31670, Note_on_c, 1, 44, 81
3, 31681, Control_c, 1, 64, 0
3, 31717, Control_c, 1, 64, 127
3, 31719, Note_on_c, 1, 68, 0
3, 31725, Control_c, 1, 64, 0
3, 31728, Note_on_c, 1, 67, 80
3, 31729, Control_c, 1, 64, 127
3, 31756, Note_on_c, 1, 67, 0
3, 31792, Note_on_c, 1, 63, 119
3, 31862, Note_on_c, 1, 63, 0
3, 31917, Note_on_c, 1, 68, 68
3, 31920, Note_on_c, 1, 63, 109
3, 31969, Note_on_c, 1, 44, 0
3, 31969, Note_on_c, 1, 56, 0
3, 32014, Note_on_c, 1, 68, 0
3, 32020, Note_on_c, 1, 63, 0
3, 32028, Note_on_c, 1, 60, 86
3, 32106, Note_on_c, 1, 60, 0
3, 32142, Control_c, 1, 64, 127
3, 32144, Control_c, 1, 64, 0
3, 32146, Note_on_c, 1, 46, 114
3, 32148, Control_c, 1, 64, 127
3, 32149, Note_on_c, 1, 58, 71
3, 32149, Note_on_c, 1, 60, 88
3, 32151, Note_on_c, 1, 63, 69
3, 32151, Note_on_c, 1, 56, 86
3, 32156, Note_on_c, 1, 68, 89
3, 32156, Note_on_c, 1, 58, 79
3, 32156, Note_on_c, 1, 60, 85
3, 32157, Note_on_c, 1, 63, 109
3, 32158, Note_on_c, 1, 46, 109
3, 32158, Note_on_c, 1, 56, 77
3, 32158, Note_on_c, 1, 63, 54
3, 32170, Control_c, 1, 64, 127
3, 32176, Control_c, 1, 64, 0
3, 32179, Control_c, 1, 64, 127
3, 32233, Note_on_c, 1, 63, 0
3, 32235, Note_on_c, 1, 56, 0
3, 32238, Note_on_c, 1, 63, 0
3, 32241, Note_on_c, 1, 56, 0
3, 32245, Note_on_c, 1, 58, 0
3, 32247, Note_on_c, 1, 60, 0
3, 32248, Note_on_c, 1, 60, 0
3, 32251, Note_on_c, 1, 58, 0
3, 32265, Note_on_c, 1, 46, 0
3, 32281, Note_on_c, 1, 56, 46
3, 32283, Note_on_c, 1, 63, 0
3, 32292, Note_on_c, 1, 68, 0
3, 32296, Note_on_c, 1, 56, 0
3, 32409, Note_on_c, 1, 43, 99
3, 32409, Note_on_c, 1, 59, 90
3, 32409, Note_on_c, 1, 62, 80
3, 32409, Note_on_c, 1, 55, 94
3, 32414, Control_c, 1, 64, 0
3, 32458, Note_on_c, 1, 46, 0
3, 32464, Control_c, 1, 64, 127
3, 32470, Control_c, 1, 64, 0
3, 32473, Control_c, 1, 64, 127
3, 32515, Note_on_c, 1, 43, 0
3, 32515, Note_on_c, 1, 47, 123
3, 32522, Note_on_c, 1, 55, 0
3, 32529, Note_on_c, 1, 62, 0
3, 32535, Note_on_c, 1, 59, 0
3, 32563, Note_on_c, 1, 47, 0
3, 32637, Note_on_c, 1, 60, 92
3, 32638, Note_on_c, 1, 63, 114
3, 32640, Note_on_c, 1, 67, 92
3, 32642, Note_on_c, 1, 48, 117
3, 32643, Note_on_c, 1, 36, 117
3, 32648, Control_c, 1, 64, 0
3, 32698, Control_c, 1, 64, 127
3, 32716, Note_on_c, 1, 60, 0
3, 32745, Note_on_c, 1, 67, 0
3, 32756, Note_on_c, 1, 63, 0
3, 32756, Note_on_c, 1, 60, 70
3, 32820, Note_on_c, 1, 60, 0
3, 32887, Note_on_c, 1, 67, 92
3, 32889, Note_on_c, 1, 60, 101
3, 32889, Note_on_c, 1, 63, 109
3, 32906, Note_on_c, 1, 36, 0
3, 32948, Note_on_c, 1, 48, 0
3, 32956, Note_on_c, 1, 60, 0
3, 32986, Note_on_c, 1, 67, 0
3, 32997, Note_on_c, 1, 60, 82
3, 33002, Note_on_c, 1, 63, 0
3, 33026, Note_on_c, 1, 60, 0
3, 33121, Note_on_c, 1, 46, 119
3, 33122, Note_on_c, 1, 62, 97
3, 33122, Note_on_c, 1, 65, 94
3, 33122, Control_c, 1, 64, 0
3, 33126, Note_on_c, 1, 58, 96
3, 33157, Control_c, 1, 64, 127
3, 33160, Control_c, 1, 64, 0
3, 33166, Control_c, 1, 64, 127
3, 33201, Note_on_c, 1, 62, 0
3, 33204, Note_on_c, 1, 65, 0
3, 33207, Note_on_c, 1, 58, 0
3, 33240, Note_on_c, 1, 58, 81
3, 33286, Note_on_c, 1, 58, 0
3, 33362, Note_on_c, 1, 58, 96
3, 33363, Note_on_c, 1, 62, 99
3, 33364, Note_on_c, 1, 65, 99
3, 33424, Note_on_c, 1, 46, 0
3, 33458, Note_on_c, 1, 62, 0
3, 33463, Note_on_c, 1, 58, 0
3, 33465, Note_on_c, 1, 65, 0
3, 33482, Note_on_c, 1, 46, 114
3, 33520, Note_on_c, 1, 46, 0
3, 33532, Note_on_c, 1, 56, 75
3, 33560, Note_on_c, 1, 56, 0
3, 33597, Control_c, 1, 64, 0
3, 33600, Note_on_c, 1, 44, 109
3, 33601, Note_on_c, 1, 63, 89
3, 33601, Note_on_c, 1, 60, 104
3, 33602, Note_on_c, 1, 56, 96
3, 33640, Control_c, 1, 64, 127
3, 33643, Control_c, 1, 64, 0
3, 33649, Control_c, 1, 64, 127
3, 33690, Note_on_c, 1, 56, 0
3, 33696, Note_on_c, 1, 60, 0
3, 33709, Note_on_c, 1, 63, 0
3, 33720, Note_on_c, 1, 56, 71
3, 33765, Note_on_c, 1, 56, 0
3, 33835, Note_on_c, 1, 56, 96
3, 33837, Note_on_c, 1, 63, 96
3, 33837, Note_on_c, 1, 60, 101
3, 33910, Note_on_c, 1, 44, 0
3, 33914, Note_on_c, 1, 60, 0
3, 33916, Note_on_c, 1, 63, 0
3, 33920, Note_on_c, 1, 56, 0
3, 33951, Note_on_c, 1, 56, 49
3, 33955, Note_on_c, 1, 44, 96
3, 33981, Note_on_c, 1, 56, 0
3, 34076, Note_on_c, 1, 60, 92
3, 34076, Note_on_c, 1, 63, 66
3, 34080, Note_on_c, 1, 56, 96
3, 34117, Note_on_c, 1, 44, 0
3, 34135, Note_on_c, 1, 63, 0
3, 34142, Note_on_c, 1, 60, 0
3, 34143, Note_on_c, 1, 56, 0
3, 34196, Note_on_c, 1, 43, 71
3, 34244, Note_on_c, 1, 55, 64
3, 34274, Note_on_c, 1, 55, 0
3, 34274, Note_on_c, 1, 43, 0
3, 34318, Note_on_c, 1, 62, 88
3, 34318, Note_on_c, 1, 55, 101
3, 34320, Note_on_c, 1, 47, 125
3, 34320, Note_on_c, 1, 59, 101
3, 34330, Control_c, 1, 64, 0
3, 34387, Control_c, 1, 64, 127
3, 34432, Note_on_c, 1, 55, 0
3, 34440, Note_on_c, 1, 59, 0
3, 34452, Note_on_c, 1, 62, 0
3, 34545, Note_on_c, 1, 47, 0
3, 34561, Note_on_c, 1, 48, 101
3, 34562, Note_on_c, 1, 60, 90
3, 34562, Note_on_c, 1, 63, 114
3, 34566, Note_on_c, 1, 67, 94
3, 34581, Control_c, 1, 64, 0
3, 34628, Control_c, 1, 64, 127
3, 34634, Note_on_c, 1, 60, 0
3, 34675, Note_on_c, 1, 63, 0
3, 34677, Note_on_c, 1, 67, 0
3, 34677, Note_on_c, 1, 60, 80
3, 34738, Note_on_c, 1, 60, 0
3, 34804, Note_on_c, 1, 60, 110
3, 34806, Note_on_c, 1, 63, 104
3, 34808, Note_on_c, 1, 67, 99
3, 34828, Note_on_c, 1, 48, 0
3, 34910, Note_on_c, 1, 48, 110
3, 34917, Note_on_c, 1, 60, 0
3, 34940, Note_on_c, 1, 63, 0
3, 34946, Note_on_c, 1, 67, 0
3, 34965, Note_on_c, 1, 60, 94
3, 34981, Note_on_c, 1, 48, 0
3, 35002, Note_on_c, 1, 60, 0
3, 35035, Note_on_c, 1, 46, 119
3, 35036, Note_on_c, 1, 65, 82
3, 35037, Note_on_c, 1, 59, 78
3, 35037, Note_on_c, 1, 62, 83
3, 35037, Note_on_c, 1, 58, 92
3, 35059, Note_on_c, 1, 59, 0
3, 35074, Control_c, 1, 64, 127
3, 35128, Note_on_c, 1, 58, 0
3, 35136, Note_on_c, 1, 65, 0
3, 35139, Note_on_c, 1, 62, 0
3, 35142, Note_on_c, 1, 46, 0
3, 35155, Note_on_c, 1, 58, 64
3, 35217, Note_on_c, 1, 58, 0
3, 35284, Note_on_c, 1, 65, 88
3, 35287, Note_on_c, 1, 58, 96
3, 35287, Note_on_c, 1, 62, 92
3, 35389, Note_on_c, 1, 62, 0
3, 35397, Note_on_c, 1, 46, 119
3, 35400, Note_on_c, 1, 65, 0
3, 35404, Note_on_c, 1, 58, 0
3, 35426, Note_on_c, 1, 46, 0
3, 35458, Note_on_c, 1, 56, 77
3, 35482, Note_on_c, 1, 56, 0
3, 35521, Note_on_c, 1, 63, 89
3, 35523, Note_on_c, 1, 60, 104
3, 35523, Note_on_c, 1, 56, 96
3, 35526, Note_on_c, 1, 44, 119
3, 35544, Control_c, 1, 64, 0
3, 35596, Control_c, 1, 64, 127
3, 35599, Control_c, 1, 64, 0
3, 35605, Control_c, 1, 64, 127
3, 35617, Note_on_c, 1, 56, 0
3, 35628, Note_on_c, 1, 60, 0
3, 35647, Note_on_c, 1, 56, 79
3, 35655, Note_on_c, 1, 63, 0
3, 35689, Note_on_c, 1, 56, 0
3, 35768, Note_on_c, 1, 63, 84
3, 35768, Note_on_c, 1, 60, 101
3, 35772, Note_on_c, 1, 56, 96
3, 35800, Note_on_c, 1, 44, 0
3, 35857, Note_on_c, 1, 60, 0
3, 35862, Note_on_c, 1, 56, 0
3, 35871, Note_on_c, 1, 63, 0
3, 35871, Note_on_c, 1, 44, 109
3, 35935, Note_on_c, 1, 56, 62
3, 35973, Note_on_c, 1, 56, 0
3, 36001, Note_on_c, 1, 44, 0
3, 36006, Note_on_c, 1, 60, 90
3, 36007, Note_on_c, 1, 56, 86
3, 36007, Note_on_c, 1, 63, 73
3, 36026, Note_on_c, 1, 60, 0
3, 36030, Note_on_c, 1, 56, 0
3, 36032, Note_on_c, 1, 63, 0
3, 36080, Note_on_c, 1, 55, 107
3, 36080, Note_on_c, 1, 59, 110
3, 36081, Note_on_c, 1, 62, 104
3, 36082, Note_on_c, 1, 43, 120
3, 36091, Control_c, 1, 64, 0
3, 36160, Control_c, 1, 64, 127
3, 36166, Control_c, 1, 64, 0
3, 36170, Control_c, 1, 64, 127
3, 36194, Note_on_c, 1, 55, 0
3, 36208, Note_on_c, 1, 59, 0
3, 36212, Note_on_c, 1, 62, 0
3, 36244, Note_on_c, 1, 43, 0
3, 36321, Note_on_c, 1, 47, 125
3, 36322, Note_on_c, 1, 65, 97
3, 36322, Note_on_c, 1, 59, 107
3, 36326, Note_on_c, 1, 62, 107
3, 36344, Control_c, 1, 64, 0
3, 36382, Control_c, 1, 64, 127
3, 36385, Control_c, 1, 64, 0
3, 36388, Control_c, 1, 64, 127
3, 36398, Note_on_c, 1, 59, 0
3, 36414, Note_on_c, 1, 47, 0
3, 36418, Note_on_c, 1, 62, 0
3, 36420, Note_on_c, 1, 65, 0
3, 36441, Note_on_c, 1, 48, 57
3, 36451, Note_on_c, 1, 60, 58
3, 36452, Note_on_c, 1, 48, 0
3, 36463, Note_on_c, 1, 60, 0
3, 36496, Note_on_c, 1, 48, 110
3, 36500, Note_on_c, 1, 63, 109
3, 36500, Note_on_c, 1, 67, 90
3, 36500, Note_on_c, 1, 60, 104
3, 36516, Control_c, 1, 64, 0
3, 36556, Control_c, 1, 64, 127
3, 36560, Control_c, 1, 64, 0
3, 36562, Control_c, 1, 64, 127
3, 36580, Note_on_c, 1, 60, 0
3, 36609, Note_on_c, 1, 63, 0
3, 36616, Note_on_c, 1, 60, 97
3, 36626, Note_on_c, 1, 67, 0
3, 36680, Note_on_c, 1, 60, 0
3, 36741, Note_on_c, 1, 67, 99
3, 36742, Note_on_c, 1, 60, 113
3, 36744, Note_on_c, 1, 63, 119
3, 36780, Note_on_c, 1, 48, 0
3, 36844, Note_on_c, 1, 48, 99
3, 36852, Note_on_c, 1, 60, 0
3, 36855, Note_on_c, 1, 67, 0
3, 36859, Note_on_c, 1, 63, 0
3, 36897, Note_on_c, 1, 59, 83
3, 36900, Note_on_c, 1, 48, 0
3, 36927, Note_on_c, 1, 59, 0
3, 36964, Note_on_c, 1, 59, 107
3, 36966, Note_on_c, 1, 67, 101
3, 36967, Note_on_c, 1, 47, 125
3, 36967, Note_on_c, 1, 62, 107
3, 36970, Control_c, 1, 64, 0
3, 37011, Control_c, 1, 64, 127
3, 37041, Note_on_c, 1, 59, 0
3, 37058, Note_on_c, 1, 67, 0
3, 37072, Note_on_c, 1, 62, 0
3, 37081, Note_on_c, 1, 59, 79
3, 37134, Note_on_c, 1, 59, 0
3, 37208, Note_on_c, 1, 67, 78
3, 37210, Note_on_c, 1, 59, 99
3, 37210, Note_on_c, 1, 62, 107
3, 37210, Note_on_c, 1, 65, 82
3, 37237, Note_on_c, 1, 47, 0
3, 37240, Note_on_c, 1, 65, 0
3, 37308, Note_on_c, 1, 59, 0
3, 37317, Note_on_c, 1, 47, 99
3, 37318, Note_on_c, 1, 67, 0
3, 37322, Note_on_c, 1, 62, 0
3, 37357, Note_on_c, 1, 47, 0
3, 37382, Note_on_c, 1, 58, 77
3, 37406, Note_on_c, 1, 58, 0
3, 37441, Note_on_c, 1, 46, 119
3, 37442, Note_on_c, 1, 67, 97
3, 37442, Note_on_c, 1, 63, 109
3, 37446, Note_on_c, 1, 58, 114
3, 37448, Control_c, 1, 64, 0
3, 37492, Control_c, 1, 64, 127
3, 37520, Note_on_c, 1, 58, 0
3, 37527, Note_on_c, 1, 67, 0
3, 37542, Note_on_c, 1, 63, 0
3, 37573, Note_on_c, 1, 58, 100
3, 37618, Note_on_c, 1, 58, 0
3, 37687, Note_on_c, 1, 58, 104
3, 37688, Note_on_c, 1, 63, 114
3, 37689, Note_on_c, 1, 66, 50
3, 37692, Note_on_c, 1, 67, 104
3, 37693, Note_on_c, 1, 66, 0
3, 37723, Note_on_c, 1, 46, 0
3, 37774, Note_on_c, 1, 67, 0
3, 37779, Note_on_c, 1, 58, 0
3, 37782, Note_on_c, 1, 63, 0
3, 37796, Note_on_c, 1, 46, 109
3, 37848, Note_on_c, 1, 57, 67
3, 37873, Note_on_c, 1, 46, 0
3, 37881, Note_on_c, 1, 57, 0
3, 37918, Note_on_c, 1, 65, 90
3, 37920, Note_on_c, 1, 57, 104
3, 37922, Note_on_c, 1, 60, 104
3, 37922, Note_on_c, 1, 45, 113
3, 37932, Control_c, 1, 64, 0
3, 37977, Control_c, 1, 64, 127
3, 37990, Note_on_c, 1, 57, 0
3, 38013, Note_on_c, 1, 60, 0
3, 38016, Note_on_c, 1, 65, 0
3, 38037, Note_on_c, 1, 57, 80
3, 38092, Note_on_c, 1, 57, 0
3, 38164, Note_on_c, 1, 57, 104
3, 38164, Note_on_c, 1, 65, 94
3, 38169, Note_on_c, 1, 60, 110
3, 38182, Note_on_c, 1, 45, 0
3, 38246, Note_on_c, 1, 65, 0
3, 38251, Note_on_c, 1, 57, 0
3, 38253, Note_on_c, 1, 60, 0
3, 38282, Note_on_c, 1, 45, 75
3, 38316, Note_on_c, 1, 45, 0
3, 38340, Note_on_c, 1, 56, 47
3, 38371, Note_on_c, 1, 56, 0
3, 38401, Control_c, 1, 64, 0
3, 38401, Note_on_c, 1, 44, 119
3, 38403, Note_on_c, 1, 60, 99
3, 38404, Note_on_c, 1, 63, 84
3, 38404, Note_on_c, 1, 56, 92
3, 38458, Control_c, 1, 64, 127
3, 38481, Note_on_c, 1, 56, 0
3, 38498, Note_on_c, 1, 60, 0
3, 38503, Note_on_c, 1, 63, 0
3, 38524, Note_on_c, 1, 56, 86
3, 38571, Note_on_c, 1, 56, 0
3, 38643, Note_on_c, 1, 63, 92
3, 38644, Note_on_c, 1, 60, 101
3, 38646, Note_on_c, 1, 56, 100
3, 38679, Note_on_c, 1, 44, 0
3, 38732, Note_on_c, 1, 56, 0
3, 38733, Note_on_c, 1, 63, 0
3, 38740, Note_on_c, 1, 60, 0
3, 38748, Note_on_c, 1, 44, 109
3, 38804, Note_on_c, 1, 55, 69
3, 38838, Note_on_c, 1, 55, 0
3, 38844, Note_on_c, 1, 44, 0
3, 38880, Note_on_c, 1, 63, 75
3, 38881, Note_on_c, 1, 43, 120
3, 38881, Note_on_c, 1, 58, 109
3, 38881, Note_on_c, 1, 55, 99
3, 38889, Control_c, 1, 64, 0
3, 38940, Control_c, 1, 64, 127
3, 38949, Note_on_c, 1, 55, 0
3, 38978, Note_on_c, 1, 58, 0
3, 38983, Note_on_c, 1, 43, 0
3, 38984, Note_on_c, 1, 63, 0
3, 38988, Note_on_c, 1, 55, 69
3, 39007, Note_on_c, 1, 55, 0
3, 39045, Note_on_c, 1, 58, 44
3, 39052, Note_on_c, 1, 48, 57
3, 39061, Note_on_c, 1, 58, 0
3, 39067, Note_on_c, 1, 48, 0
3, 39118, Note_on_c, 1, 63, 104
3, 39118, Note_on_c, 1, 58, 109
3, 39122, Note_on_c, 1, 67, 97
3, 39122, Note_on_c, 1, 48, 113
3, 39130, Control_c, 1, 64, 0
3, 39174, Control_c, 1, 64, 127
3, 39196, Note_on_c, 1, 58, 0
3, 39216, Note_on_c, 1, 63, 0
3, 39216, Note_on_c, 1, 67, 0
3, 39220, Note_on_c, 1, 48, 0
3, 39241, Note_on_c, 1, 58, 81
3, 39259, Note_on_c, 1, 58, 0
3, 39298, Note_on_c, 1, 56, 62
3, 39308, Note_on_c, 1, 56, 0
3, 39310, Note_on_c, 1, 48, 78
3, 39331, Note_on_c, 1, 48, 0
3, 39370, Note_on_c, 1, 44, 109
3, 39370, Note_on_c, 1, 56, 109
3, 39372, Note_on_c, 1, 63, 96
3, 39379, Control_c, 1, 64, 0
3, 39420, Control_c, 1, 64, 127
3, 39447, Note_on_c, 1, 63, 0
3, 39453, Note_on_c, 1, 56, 0
3, 39457, Note_on_c, 1, 44, 0
3, 39484, Note_on_c, 1, 46, 109
3, 39484, Note_on_c, 1, 63, 79
3, 39486, Note_on_c, 1, 58, 96
3, 39535, Note_on_c, 1, 63, 0
3, 39559, Note_on_c, 1, 58, 0
3, 39567, Note_on_c, 1, 46, 0
3, 39595, Note_on_c, 1, 48, 88
3, 39596, Note_on_c, 1, 60, 104
3, 39596, Note_on_c, 1, 63, 96
3, 39596, Note_on_c, 1, 50, 76
3, 39632, Note_on_c, 1, 50, 0
3, 39662, Note_on_c, 1, 63, 0
3, 39667, Note_on_c, 1, 48, 0
3, 39676, Note_on_c, 1, 60, 0
3, 39712, Note_on_c, 1, 44, 109
3, 39714, Note_on_c, 1, 56, 109
3, 39718, Note_on_c, 1, 63, 47
3, 39724, Note_on_c, 1, 63, 0
3, 39744, Note_on_c, 1, 44, 0
3, 39747, Note_on_c, 1, 56, 0
3, 39831, Note_on_c, 1, 64, 79
3, 39832, Note_on_c, 1, 57, 99
3, 39834, Note_on_c, 1, 45, 117
3, 39844, Control_c, 1, 64, 0
3, 39883, Control_c, 1, 64, 127
3, 39889, Control_c, 1, 64, 0
3, 39891, Control_c, 1, 64, 127
3, 39914, Note_on_c, 1, 64, 0
3, 39920, Note_on_c, 1, 57, 0
3, 39924, Note_on_c, 1, 45, 0
3, 39950, Note_on_c, 1, 47, 123
3, 39952, Note_on_c, 1, 59, 99
3, 39992, Note_on_c, 1, 47, 0
3, 40027, Note_on_c, 1, 59, 0
3, 40076, Note_on_c, 1, 49, 109
3, 40076, Note_on_c, 1, 61, 109
3, 40153, Note_on_c, 1, 61, 0
3, 40153, Note_on_c, 1, 49, 0
3, 40190, Note_on_c, 1, 52, 113
3, 40190, Note_on_c, 1, 64, 99
3, 40220, Note_on_c, 1, 64, 0
3, 40220, Note_on_c, 1, 52, 0
3, 40251, Note_on_c, 1, 40, 68
3, 40255, Note_on_c, 1, 59, 88
3, 40257, Note_on_c, 1, 52, 52
3, 40266, Note_on_c, 1, 52, 0
3, 40272, Note_on_c, 1, 40, 0
3, 40282, Note_on_c, 1, 59, 0
3, 40317, Note_on_c, 1, 68, 92
3, 40321, Note_on_c, 1, 59, 101
3, 40321, Note_on_c, 1, 64, 107
3, 40324, Note_on_c, 1, 52, 117
3, 40324, Note_on_c, 1, 40, 104
3, 40334, Control_c, 1, 64, 0
3, 40381, Control_c, 1, 64, 127
3, 40395, Note_on_c, 1, 59, 0
3, 40405, Note_on_c, 1, 68, 0
3, 40412, Note_on_c, 1, 64, 0
3, 40440, Note_on_c, 1, 59, 78
3, 40491, Note_on_c, 1, 59, 0
3, 40554, Note_on_c, 1, 68, 92
3, 40556, Note_on_c, 1, 64, 99
3, 40556, Note_on_c, 1, 59, 99
3, 40585, Note_on_c, 1, 40, 0
3, 40588, Note_on_c, 1, 52, 0
3, 40633, Note_on_c, 1, 68, 0
3, 40635, Note_on_c, 1, 64, 0
3, 40638, Note_on_c, 1, 59, 0
3, 40671, Note_on_c, 1, 52, 110
3, 40701, Note_on_c, 1, 52, 0
3, 40723, Note_on_c, 1, 59, 88
3, 40754, Note_on_c, 1, 59, 0
3, 40794, Note_on_c, 1, 69, 99
3, 40794, Note_on_c, 1, 59, 104
3, 40797, Note_on_c, 1, 64, 101
3, 40797, Note_on_c, 1, 54, 109
3, 40798, Note_on_c, 1, 42, 86
3, 40814, Control_c, 1, 64, 0
3, 40856, Control_c, 1, 64, 127
3, 40872, Note_on_c, 1, 69, 0
3, 40879, Note_on_c, 1, 59, 0
3, 40885, Note_on_c, 1, 64, 0
3, 40916, Note_on_c, 1, 42, 0
3, 40920, Note_on_c, 1, 59, 85
3, 40921, Note_on_c, 1, 68, 100
3, 40922, Note_on_c, 1, 54, 0
3, 40996, Note_on_c, 1, 59, 0
3, 41001, Note_on_c, 1, 68, 0
3, 41036, Note_on_c, 1, 56, 92
3, 41036, Note_on_c, 1, 59, 101
3, 41038, Note_on_c, 1, 44, 89
3, 41038, Note_on_c, 1, 66, 114
3, 41056, Control_c, 1, 64, 0
3, 41097, Control_c, 1, 64, 127
3, 41112, Note_on_c, 1, 66, 0
3, 41116, Note_on_c, 1, 59, 0
3, 41128, Note_on_c, 1, 44, 0
3, 41142, Note_on_c, 1, 56, 0
3, 41161, Note_on_c, 1, 59, 97
3, 41163, Note_on_c, 1, 68, 109
3, 41187, Note_on_c, 1, 68, 0
3, 41197, Note_on_c, 1, 59, 0
3, 41287, Note_on_c, 1, 61, 114
3, 41287, Note_on_c, 1, 59, 107
3, 41287, Note_on_c, 1, 64, 85
3, 41292, Note_on_c, 1, 45, 99
3, 41292, Control_c, 1, 64, 0
3, 41341, Control_c, 1, 64, 127
3, 41380, Note_on_c, 1, 59, 0
3, 41385, Note_on_c, 1, 64, 0
3, 41392, Note_on_c, 1, 61, 0
3, 41398, Note_on_c, 1, 57, 92
3, 41466, Note_on_c, 1, 57, 0
3, 41521, Note_on_c, 1, 61, 114
3, 41523, Note_on_c, 1, 59, 113
3, 41523, Note_on_c, 1, 64, 90
3, 41618, Note_on_c, 1, 59, 0
3, 41631, Note_on_c, 1, 64, 0
3, 41634, Note_on_c, 1, 61, 0
3, 41642, Note_on_c, 1, 57, 85
3, 41716, Note_on_c, 1, 57, 0
3, 41757, Note_on_c, 1, 47, 117
3, 41758, Note_on_c, 1, 64, 85
3, 41761, Note_on_c, 1, 45, 0
3, 41761, Note_on_c, 1, 59, 110
3, 41761, Note_on_c, 1, 61, 119
3, 41766, Control_c, 1, 64, 0
3, 41802, Control_c, 1, 64, 127
3, 41804, Control_c, 1, 64, 0
3, 41808, Control_c, 1, 64, 127
3, 41842, Note_on_c, 1, 64, 0
3, 41869, Note_on_c, 1, 61, 0
3, 41875, Note_on_c, 1, 57, 80
3, 41876, Note_on_c, 1, 59, 0
3, 41949, Note_on_c, 1, 57, 0
3, 42000, Note_on_c, 1, 59, 110
3, 42051, Note_on_c, 1, 59, 0
3, 42060, Note_on_c, 1, 61, 69
3, 42099, Note_on_c, 1, 47, 0
3, 42116, Note_on_c, 1, 64, 82
3, 42123, Note_on_c, 1, 61, 0
3, 42151, Note_on_c, 1, 64, 0
3, 42181, Note_on_c, 1, 47, 104
3, 42210, Note_on_c, 1, 47, 0
3, 42252, Note_on_c, 1, 68, 79
3, 42252, Note_on_c, 1, 59, 86
3, 42254, Note_on_c, 1, 64, 97
3, 42258, Note_on_c, 1, 40, 107
3, 42258, Note_on_c, 1, 52, 104
3, 42258, Note_on_c, 1, 41, 90
3, 42261, Note_on_c, 1, 46, 75
3, 42262, Note_on_c, 1, 46, 0
3, 42266, Note_on_c, 1, 41, 0
3, 42267, Control_c, 1, 64, 0
3, 42306, Control_c, 1, 64, 127
3, 42308, Control_c, 1, 64, 0
3, 42314, Control_c, 1, 64, 127
3, 42325, Note_on_c, 1, 68, 0
3, 42331, Note_on_c, 1, 59, 0
3, 42342, Note_on_c, 1, 64, 0
3, 42361, Note_on_c, 1, 59, 82
3, 42422, Note_on_c, 1, 59, 0
3, 42477, Note_on_c, 1, 68, 89
3, 42478, Note_on_c, 1, 59, 94
3, 42480, Note_on_c, 1, 64, 107
3, 42538, Note_on_c, 1, 52, 0
3, 42567, Note_on_c, 1, 59, 0
3, 42567, Note_on_c, 1, 68, 0
3, 42570, Note_on_c, 1, 64, 0
3, 42574, Note_on_c, 1, 40, 0
3, 42595, Note_on_c, 1, 52, 99
3, 42627, Note_on_c, 1, 52, 0
3, 42640, Note_on_c, 1, 59, 71
3, 42681, Note_on_c, 1, 59, 0
3, 42718, Note_on_c, 1, 54, 104
3, 42720, Note_on_c, 1, 69, 101
3, 42720, Note_on_c, 1, 64, 90
3, 42722, Note_on_c, 1, 42, 92
3, 42722, Note_on_c, 1, 59, 101
3, 42728, Control_c, 1, 64, 0
3, 42771, Control_c, 1, 64, 127
3, 42796, Note_on_c, 1, 69, 0
3, 42804, Note_on_c, 1, 59, 0
3, 42806, Note_on_c, 1, 64, 0
3, 42836, Note_on_c, 1, 59, 76
3, 42841, Note_on_c, 1, 68, 114
3, 42873, Note_on_c, 1, 42, 0
3, 42894, Note_on_c, 1, 54, 0
3, 42922, Note_on_c, 1, 59, 0
3, 42922, Note_on_c, 1, 68, 0
3, 42956, Note_on_c, 1, 59, 85
3, 42958, Note_on_c, 1, 56, 100
3, 42960, Note_on_c, 1, 66, 84
3, 42961, Note_on_c, 1, 44, 89
3, 42990, Control_c, 1, 64, 0
3, 43034, Note_on_c, 1, 66, 0
3, 43034, Control_c, 1, 64, 127
3, 43035, Note_on_c, 1, 59, 0
3, 43058, Note_on_c, 1, 56, 0
3, 43075, Note_on_c, 1, 44, 0
3, 43082, Note_on_c, 1, 59, 94
3, 43083, Note_on_c, 1, 68, 114
3, 43108, Note_on_c, 1, 68, 0
3, 43128, Note_on_c, 1, 59, 0
3, 43207, Note_on_c, 1, 61, 114
3, 43207, Note_on_c, 1, 45, 120
3, 43207, Note_on_c, 1, 64, 90
3, 43209, Note_on_c, 1, 59, 110
3, 43216, Control_c, 1, 64, 0
3, 43251, Control_c, 1, 64, 127
3, 43257, Control_c, 1, 64, 0
3, 43261, Control_c, 1, 64, 127
3, 43302, Note_on_c, 1, 64, 0
3, 43309, Note_on_c, 1, 59, 0
3, 43314, Note_on_c, 1, 61, 0
3, 43317, Note_on_c, 1, 57, 79
3, 43389, Note_on_c, 1, 57, 0
3, 43444, Note_on_c, 1, 61, 109
3, 43448, Note_on_c, 1, 59, 99
3, 43448, Note_on_c, 1, 64, 80
3, 43538, Note_on_c, 1, 64, 0
3, 43543, Note_on_c, 1, 59, 0
3, 43551, Note_on_c, 1, 61, 0
3, 43558, Note_on_c, 1, 57, 69
3, 43634, Note_on_c, 1, 57, 0
3, 43680, Note_on_c, 1, 64, 86
3, 43681, Note_on_c, 1, 61, 119
3, 43681, Note_on_c, 1, 59, 110
3, 43686, Note_on_c, 1, 47, 104
3, 43690, Note_on_c, 1, 45, 0
3, 43695, Control_c, 1, 64, 0
3, 43744, Control_c, 1, 64, 127
3, 43772, Note_on_c, 1, 64, 0
3, 43790, Note_on_c, 1, 59, 0
3, 43796, Note_on_c, 1, 57, 66
3, 43807, Note_on_c, 1, 61, 0
3, 43819, Note_on_c, 1, 57, 0
3, 43862, Note_on_c, 1, 47, 0
3, 43924, Note_on_c, 1, 64, 92
3, 43965, Note_on_c, 1, 64, 0
3, 43984, Note_on_c, 1, 66, 96
3, 44011, Note_on_c, 1, 66, 0
3, 44040, Note_on_c, 1, 68, 109
3, 44068, Note_on_c, 1, 68, 0
3, 44092, Note_on_c, 1, 69, 75
3, 44127, Note_on_c, 1, 69, 0
3, 44156, Note_on_c, 1, 71, 99
3, 44157, Note_on_c, 1, 52, 90
3, 44162, Control_c, 1, 64, 0
3, 44198, Control_c, 1, 64, 127
3, 44200, Control_c, 1, 64, 0
3, 44204, Control_c, 1, 64, 127
3, 44218, Note_on_c, 1, 59, 75
3, 44220, Note_on_c, 1, 71, 0
3, 44224, Note_on_c, 1, 52, 0
3, 44278, Note_on_c, 1, 71, 85
3, 44281, Note_on_c, 1, 64, 92
3, 44282, Note_on_c, 1, 59, 0
3, 44307, Note_on_c, 1, 64, 0
3, 44319, Note_on_c, 1, 71, 0
3, 44335, Note_on_c, 1, 66, 86
3, 44355, Note_on_c, 1, 66, 0
3, 44394, Note_on_c, 1, 68, 109
3, 44396, Note_on_c, 1, 71, 101
3, 44428, Note_on_c, 1, 68, 0
3, 44467, Note_on_c, 1, 71, 0
3, 44517, Note_on_c, 1, 71, 101
3, 44587, Note_on_c, 1, 71, 0
3, 44642, Note_on_c, 1, 47, 90
3, 44643, Note_on_c, 1, 73, 104
3, 44652, Control_c, 1, 64, 0
3, 44690, Control_c, 1, 64, 127
3, 44702, Note_on_c, 1, 54, 73
3, 44703, Note_on_c, 1, 47, 0
3, 44761, Note_on_c, 1, 54, 0
3, 44764, Note_on_c, 1, 59, 94
3, 44769, Note_on_c, 1, 73, 0
3, 44770, Note_on_c, 1, 71, 80
3, 44792, Note_on_c, 1, 59, 0
3, 44822, Note_on_c, 1, 61, 96
3, 44847, Note_on_c, 1, 61, 0
3, 44850, Note_on_c, 1, 71, 0
3, 44882, Note_on_c, 1, 69, 71
3, 44883, Note_on_c, 1, 52, 94
3, 44906, Control_c, 1, 64, 0
3, 44931, Control_c, 1, 64, 127
3, 44935, Control_c, 1, 64, 0
3, 44940, Note_on_c, 1, 59, 70
3, 44941, Control_c, 1, 64, 127
3, 44947, Note_on_c, 1, 52, 0
3, 45000, Note_on_c, 1, 69, 0
3, 45004, Note_on_c, 1, 59, 0
3, 45006, Note_on_c, 1, 64, 97
3, 45006, Note_on_c, 1, 68, 81
3, 45033, Note_on_c, 1, 64, 0
3, 45064, Note_on_c, 1, 66, 75
3, 45067, Note_on_c, 1, 68, 0
3, 45081, Note_on_c, 1, 66, 0
3, 45124, Note_on_c, 1, 68, 84
3, 45130, Note_on_c, 1, 45, 85
3, 45130, Note_on_c, 1, 48, 69
3, 45130, Note_on_c, 1, 52, 72
3, 45139, Note_on_c, 1, 48, 0
3, 45153, Control_c, 1, 64, 0
3, 45198, Control_c, 1, 64, 127
3, 45200, Note_on_c, 1, 52, 0
3, 45212, Note_on_c, 1, 45, 0
3, 45234, Note_on_c, 1, 68, 0
3, 45261, Note_on_c, 1, 69, 73
3, 45262, Note_on_c, 1, 57, 92
3, 45300, Note_on_c, 1, 57, 0
3, 45321, Note_on_c, 1, 59, 101
3, 45349, Note_on_c, 1, 59, 0
3, 45373, Note_on_c, 1, 69, 0
3, 45380, Note_on_c, 1, 66, 104
3, 45380, Note_on_c, 1, 61, 104
3, 45438, Note_on_c, 1, 61, 0
3, 45477, Note_on_c, 1, 66, 0
3, 45494, Note_on_c, 1, 64, 90
3, 45547, Note_on_c, 1, 60, 76
3, 45555, Note_on_c, 1, 64, 0
3, 45606, Note_on_c, 1, 45, 101
3, 45643, Control_c, 1, 64, 0
3, 45666, Note_on_c, 1, 52, 82
3, 45684, Control_c, 1, 64, 127
3, 45688, Control_c, 1, 64, 0
3, 45692, Control_c, 1, 64, 127
3, 45721, Note_on_c, 1, 60, 0
3, 45727, Note_on_c, 1, 57, 104
3, 45780, Note_on_c, 1, 59, 92
3, 45818, Note_on_c, 1, 59, 0
3, 45829, Note_on_c, 1, 57, 0
3, 45843, Note_on_c, 1, 60, 117
3, 45861, Note_on_c, 1, 45, 0
3, 45867, Note_on_c, 1, 52, 0
3, 45969, Note_on_c, 1, 52, 110
3, 45998, Note_on_c, 1, 52, 0
3, 46040, Note_on_c, 1, 60, 0
3, 46090, Note_on_c, 1, 44, 86
3, 46093, Note_on_c, 1, 59, 104
3, 46132, Control_c, 1, 64, 0
3, 46148, Note_on_c, 1, 51, 55
3, 46161, Note_on_c, 1, 44, 0
3, 46179, Control_c, 1, 64, 127
3, 46192, Note_on_c, 1, 59, 0
3, 46204, Note_on_c, 1, 51, 0
3, 46204, Note_on_c, 1, 66, 85
3, 46206, Note_on_c, 1, 56, 100
3, 46234, Note_on_c, 1, 56, 0
3, 46266, Note_on_c, 1, 58, 114
3, 46267, Note_on_c, 1, 64, 109
3, 46274, Note_on_c, 1, 66, 0
3, 46294, Note_on_c, 1, 58, 0
3, 46328, Note_on_c, 1, 59, 110
3, 46356, Note_on_c, 1, 64, 0
3, 46382, Note_on_c, 1, 59, 0
3, 46442, Note_on_c, 1, 59, 101
3, 46508, Note_on_c, 1, 61, 114
3, 46513, Note_on_c, 1, 59, 0
3, 46568, Note_on_c, 1, 45, 99
3, 46580, Control_c, 1, 64, 0
3, 46622, Note_on_c, 1, 52, 75
3, 46624, Control_c, 1, 64, 127
3, 46634, Note_on_c, 1, 45, 0
3, 46664, Note_on_c, 1, 61, 0
3, 46682, Note_on_c, 1, 64, 73
3, 46683, Note_on_c, 1, 57, 107
3, 46690, Note_on_c, 1, 52, 0
3, 46712, Note_on_c, 1, 57, 0
3, 46737, Note_on_c, 1, 59, 94
3, 46762, Note_on_c, 1, 59, 0
3, 46796, Note_on_c, 1, 61, 109
3, 46891, Note_on_c, 1, 61, 0
3, 46996, Note_on_c, 1, 66, 104
3, 47005, Note_on_c, 1, 64, 0
3, 47046, Note_on_c, 1, 66, 0
3, 47055, Note_on_c, 1, 68, 100
3, 47058, Note_on_c, 1, 47, 92
3, 47070, Control_c, 1, 64, 0
3, 47108, Control_c, 1, 64, 127
3, 47109, Note_on_c, 1, 54, 57
3, 47113, Control_c, 1, 64, 0
3, 47116, Control_c, 1, 64, 127
3, 47121, Note_on_c, 1, 47, 0
3, 47162, Note_on_c, 1, 66, 79
3, 47169, Note_on_c, 1, 68, 0
3, 47170, Note_on_c, 1, 59, 97
3, 47178, Note_on_c, 1, 54, 0
3, 47196, Note_on_c, 1, 59, 0
3, 47220, Note_on_c, 1, 64, 75
3, 47221, Note_on_c, 1, 66, 0
3, 47229, Note_on_c, 1, 61, 109
3, 47256, Note_on_c, 1, 61, 0
3, 47302, Note_on_c, 1, 63, 114
3, 47331, Note_on_c, 1, 63, 0
3, 47397, Note_on_c, 1, 64, 0
3, 47404, Note_on_c, 1, 63, 124
3, 47433, Note_on_c, 1, 63, 0
3, 47529, Note_on_c, 1, 48, 90
3, 47532, Note_on_c, 1, 69, 107
3, 47539, Control_c, 1, 64, 0
3, 47586, Note_on_c, 1, 48, 0
3, 47586, Control_c, 1, 64, 127
3, 47586, Note_on_c, 1, 55, 79
3, 47637, Note_on_c, 1, 55, 0
3, 47641, Note_on_c, 1, 69, 0
3, 47644, Note_on_c, 1, 67, 107
3, 47649, Note_on_c, 1, 60, 101
3, 47678, Note_on_c, 1, 60, 0
3, 47700, Note_on_c, 1, 65, 94
3, 47704, Note_on_c, 1, 62, 104
3, 47707, Note_on_c, 1, 67, 0
3, 47736, Note_on_c, 1, 62, 0
3, 47763, Note_on_c, 1, 64, 110
3, 47802, Note_on_c, 1, 65, 0
3, 47805, Note_on_c, 1, 64, 0
3, 47821, Note_on_c, 1, 67, 110
3, 47868, Note_on_c, 1, 67, 0
3, 47875, Note_on_c, 1, 69, 90
3, 47907, Note_on_c, 1, 69, 0
3, 47931, Note_on_c, 1, 70, 114
3, 47948, Note_on_c, 1, 70, 0
3, 48001, Note_on_c, 1, 53, 117
3, 48001, Note_on_c, 1, 69, 123
3, 48003, Note_on_c, 1, 41, 113
3, 48003, Note_on_c, 1, 72, 110
3, 48003, Note_on_c, 1, 71, 88
3, 48008, Note_on_c, 1, 71, 0
3, 48015, Control_c, 1, 64, 0
3, 48072, Control_c, 1, 64, 127
3, 48115, Note_on_c, 1, 69, 0
3, 48115, Note_on_c, 1, 72, 0
3, 48120, Note_on_c, 1, 65, 97
3, 48195, Note_on_c, 1, 65, 0
3, 48242, Note_on_c, 1, 69, 107
3, 48243, Note_on_c, 1, 72, 104
3, 48314, Note_on_c, 1, 53, 0
3, 48354, Note_on_c, 1, 69, 0
3, 48355, Note_on_c, 1, 41, 0
3, 48357, Note_on_c, 1, 53, 88
3, 48360, Note_on_c, 1, 65, 88
3, 48364, Note_on_c, 1, 72, 0
3, 48394, Note_on_c, 1, 53, 0
3, 48406, Note_on_c, 1, 43, 59
3, 48423, Note_on_c, 1, 43, 0
3, 48442, Note_on_c, 1, 65, 0
3, 48480, Note_on_c, 1, 65, 107
3, 48481, Note_on_c, 1, 70, 119
3, 48481, Note_on_c, 1, 72, 107
3, 48483, Note_on_c, 1, 55, 113
3, 48483, Note_on_c, 1, 43, 113
3, 48494, Control_c, 1, 64, 0
3, 48537, Control_c, 1, 64, 127
3, 48540, Control_c, 1, 64, 0
3, 48543, Control_c, 1, 64, 127
3, 48564, Note_on_c, 1, 65, 0
3, 48568, Note_on_c, 1, 72, 0
3, 48570, Note_on_c, 1, 70, 0
3, 48597, Note_on_c, 1, 65, 85
3, 48600, Note_on_c, 1, 72, 80
3, 48600, Note_on_c, 1, 69, 88
3, 48626, Note_on_c, 1, 43, 0
3, 48645, Note_on_c, 1, 55, 0
3, 48664, Note_on_c, 1, 65, 0
3, 48676, Note_on_c, 1, 65, 61
3, 48679, Note_on_c, 1, 69, 0
3, 48682, Note_on_c, 1, 45, 48
3, 48685, Note_on_c, 1, 57, 46
3, 48698, Note_on_c, 1, 45, 0
3, 48704, Note_on_c, 1, 57, 0
3, 48706, Note_on_c, 1, 72, 0
3, 48710, Note_on_c, 1, 65, 0
3, 48739, Note_on_c, 1, 67, 107
3, 48740, Note_on_c, 1, 72, 107
3, 48744, Note_on_c, 1, 57, 117
3, 48745, Note_on_c, 1, 45, 113
3, 48753, Control_c, 1, 64, 0
3, 48796, Control_c, 1, 64, 127
3, 48818, Note_on_c, 1, 57, 0
3, 48823, Note_on_c, 1, 67, 0
3, 48823, Note_on_c, 1, 72, 0
3, 48830, Note_on_c, 1, 45, 0
3, 48842, Note_on_c, 1, 69, 97
3, 48864, Note_on_c, 1, 69, 0
3, 48907, Note_on_c, 1, 66, 44
3, 48913, Note_on_c, 1, 66, 0
3, 48918, Note_on_c, 1, 58, 24
3, 48928, Note_on_c, 1, 58, 0
3, 48968, Note_on_c, 1, 65, 97
3, 48969, Note_on_c, 1, 62, 107
3, 48970, Note_on_c, 1, 46, 124
3, 48972, Note_on_c, 1, 60, 110
3, 48972, Note_on_c, 1, 58, 96
3, 48982, Control_c, 1, 64, 0
3, 49033, Control_c, 1, 64, 127
3, 49035, Control_c, 1, 64, 0
3, 49044, Note_on_c, 1, 58, 0
3, 49044, Control_c, 1, 64, 127
3, 49056, Note_on_c, 1, 62, 0
3, 49056, Note_on_c, 1, 60, 0
3, 49072, Note_on_c, 1, 65, 0
3, 49081, Note_on_c, 1, 58, 86
3, 49132, Note_on_c, 1, 58, 0
3, 49204, Note_on_c, 1, 65, 101
3, 49206, Note_on_c, 1, 60, 104
3, 49206, Note_on_c, 1, 58, 104
3, 49207, Note_on_c, 1, 62, 94
3, 49266, Note_on_c, 1, 46, 0
3, 49288, Note_on_c, 1, 58, 0
3, 49288, Note_on_c, 1, 60, 0
3, 49297, Note_on_c, 1, 62, 0
3, 49326, Note_on_c, 1, 65, 0
3, 49327, Note_on_c, 1, 46, 109
3, 49381, Note_on_c, 1, 58, 69
3, 49408, Note_on_c, 1, 46, 0
3, 49419, Note_on_c, 1, 58, 0
3, 49450, Note_on_c, 1, 60, 101
3, 49453, Note_on_c, 1, 62, 94
3, 49453, Note_on_c, 1, 65, 94
3, 49458, Note_on_c, 1, 48, 126
3, 49458, Note_on_c, 1, 58, 92
3, 49466, Control_c, 1, 64, 0
3, 49508, Note_on_c, 1, 58, 0
3, 49513, Control_c, 1, 64, 127
3, 49524, Note_on_c, 1, 62, 0
3, 49526, Note_on_c, 1, 60, 0
3, 49527, Note_on_c, 1, 65, 0
3, 49561, Note_on_c, 1, 58, 64
3, 49591, Note_on_c, 1, 58, 0
3, 49629, Note_on_c, 1, 60, 45
3, 49638, Note_on_c, 1, 60, 0
3, 49693, Note_on_c, 1, 60, 107
3, 49740, Note_on_c, 1, 60, 0
3, 49754, Note_on_c, 1, 62, 97
3, 49756, Note_on_c, 1, 64, 57
3, 49767, Note_on_c, 1, 64, 0
3, 49792, Note_on_c, 1, 62, 0
3, 49803, Note_on_c, 1, 65, 78
3, 49819, Note_on_c, 1, 48, 0
3, 49831, Note_on_c, 1, 65, 0
3, 49866, Note_on_c, 1, 48, 120
3, 49891, Note_on_c, 1, 48, 0
3, 49924, Note_on_c, 1, 72, 104
3, 49927, Note_on_c, 1, 69, 113
3, 49927, Note_on_c, 1, 41, 101
3, 49930, Note_on_c, 1, 53, 107
3, 49941, Control_c, 1, 64, 0
3, 49988, Control_c, 1, 64, 127
3, 49990, Control_c, 1, 64, 0
3, 49999, Control_c, 1, 64, 127
3, 50014, Note_on_c, 1, 72, 0
3, 50023, Note_on_c, 1, 69, 0
3, 50032, Note_on_c, 1, 65, 86
3, 50098, Note_on_c, 1, 65, 0
3, 50161, Note_on_c, 1, 72, 107
3, 50163, Note_on_c, 1, 69, 113
3, 50228, Note_on_c, 1, 53, 0
3, 50263, Note_on_c, 1, 72, 0
3, 50275, Note_on_c, 1, 41, 0
3, 50275, Note_on_c, 1, 69, 0
3, 50277, Note_on_c, 1, 53, 104
3, 50317, Note_on_c, 1, 53, 0
3, 50335, Note_on_c, 1, 65, 90
3, 50370, Note_on_c, 1, 65, 0
3, 50397, Note_on_c, 1, 65, 99
3, 50400, Note_on_c, 1, 72, 99
3, 50400, Note_on_c, 1, 70, 119
3, 50402, Note_on_c, 1, 55, 113
3, 50402, Note_on_c, 1, 43, 104
3, 50413, Control_c, 1, 64, 0
3, 50460, Control_c, 1, 64, 127
3, 50479, Note_on_c, 1, 65, 0
3, 50482, Note_on_c, 1, 72, 0
3, 50485, Note_on_c, 1, 70, 0
3, 50521, Note_on_c, 1, 72, 94
3, 50523, Note_on_c, 1, 43, 0
3, 50523, Note_on_c, 1, 65, 92
3, 50523, Note_on_c, 1, 69, 101
3, 50527, Note_on_c, 1, 70, 54
3, 50529, Note_on_c, 1, 70, 0
3, 50538, Note_on_c, 1, 55, 0
3, 50590, Note_on_c, 1, 72, 0
3, 50593, Note_on_c, 1, 65, 0
3, 50601, Note_on_c, 1, 69, 0
3, 50637, Note_on_c, 1, 57, 104
3, 50638, Note_on_c, 1, 45, 82
3, 50640, Note_on_c, 1, 72, 104
3, 50640, Note_on_c, 1, 47, 90
3, 50642, Note_on_c, 1, 67, 104
3, 50644, Control_c, 1, 64, 0
3, 50656, Note_on_c, 1, 47, 0
3, 50686, Control_c, 1, 64, 127
3, 50713, Note_on_c, 1, 72, 0
3, 50718, Note_on_c, 1, 57, 0
3, 50720, Note_on_c, 1, 67, 0
3, 50727, Note_on_c, 1, 45, 0
3, 50760, Note_on_c, 1, 69, 107
3, 50760, Note_on_c, 1, 72, 107
3, 50784, Note_on_c, 1, 72, 0
3, 50790, Note_on_c, 1, 69, 0
3, 50896, Note_on_c, 1, 65, 97
3, 50896, Note_on_c, 1, 62, 101
3, 50898, Note_on_c, 1, 60, 107
3, 50899, Note_on_c, 1, 46, 124
3, 50905, Control_c, 1, 64, 0
3, 50960, Control_c, 1, 64, 127
3, 50985, Note_on_c, 1, 62, 0
3, 50988, Note_on_c, 1, 65, 0
3, 50990, Note_on_c, 1, 60, 0
3, 51004, Note_on_c, 1, 58, 89
3, 51058, Note_on_c, 1, 58, 0
3, 51122, Note_on_c, 1, 65, 101
3, 51126, Note_on_c, 1, 60, 117
3, 51126, Note_on_c, 1, 62, 97
3, 51184, Note_on_c, 1, 46, 0
3, 51210, Note_on_c, 1, 60, 0
3, 51216, Note_on_c, 1, 62, 0
3, 51218, Note_on_c, 1, 65, 0
3, 51238, Note_on_c, 1, 58, 89
3, 51303, Note_on_c, 1, 58, 0
3, 51367, Note_on_c, 1, 48, 125
3, 51368, Note_on_c, 1, 117, 65
3, 51373, Note_on_c, 1, 62, 107
3, 51373, Note_on_c, 1, 58, 114
3, 51373, Note_on_c, 1, 64, 65
3, 51393, Note_on_c, 1, 64, 0
3, 51400, Control_c, 1, 64, 0
3, 51432, Note_on_c, 1, 58, 0
3, 51442, Note_on_c, 1, 62, 0
3, 51464, Control_c, 1, 64, 127
3, 51483, Note_on_c, 1, 58, 81
3, 51505, Note_on_c, 1, 58, 0
3, 51577, Note_on_c, 1, 48, 0
3, 51609, Note_on_c, 1, 65, 97
3, 51642, Note_on_c, 1, 65, 0
3, 51668, Note_on_c, 1, 67, 86
3, 51694, Note_on_c, 1, 67, 0
3, 51724, Note_on_c, 1, 69, 75
3, 51748, Note_on_c, 1, 69, 0
3, 51780, Note_on_c, 1, 70, 92
3, 51804, Note_on_c, 1, 70, 0
3, 51840, Note_on_c, 1, 53, 82
3, 51841, Note_on_c, 1, 72, 99
3, 51856, Control_c, 1, 64, 0
3, 51892, Note_on_c, 1, 60, 71
3, 51897, Control_c, 1, 64, 127
3, 51906, Note_on_c, 1, 53, 0
3, 51907, Note_on_c, 1, 72, 0
3, 51954, Note_on_c, 1, 60, 0
3, 51955, Note_on_c, 1, 72, 82
3, 51956, Note_on_c, 1, 65, 90
3, 51988, Note_on_c, 1, 65, 0
3, 51997, Note_on_c, 1, 72, 0
3, 52015, Note_on_c, 1, 67, 83
3, 52040, Note_on_c, 1, 67, 0
3, 52076, Note_on_c, 1, 69, 99
3, 52077, Note_on_c, 1, 72, 97
3, 52122, Note_on_c, 1, 69, 0
3, 52146, Note_on_c, 1, 72, 0
3, 52197, Note_on_c, 1, 72, 94
3, 52273, Note_on_c, 1, 72, 0
3, 52315, Note_on_c, 1, 48, 88
3, 52318, Note_on_c, 1, 74, 85
3, 52332, Control_c, 1, 64, 0
3, 52374, Note_on_c, 1, 55, 70
3, 52378, Note_on_c, 1, 48, 0
3, 52381, Control_c, 1, 64, 127
3, 52431, Note_on_c, 1, 55, 0
3, 52441, Note_on_c, 1, 60, 90
3, 52446, Note_on_c, 1, 72, 72
3, 52449, Note_on_c, 1, 74, 0
3, 52467, Note_on_c, 1, 60, 0
3, 52500, Note_on_c, 1, 62, 82
3, 52524, Note_on_c, 1, 62, 0
3, 52539, Note_on_c, 1, 72, 0
3, 52562, Note_on_c, 1, 53, 52
3, 52564, Note_on_c, 1, 70, 63
3, 52573, Control_c, 1, 64, 0
3, 52608, Control_c, 1, 64, 127
3, 52610, Control_c, 1, 64, 0
3, 52614, Control_c, 1, 64, 127
3, 52614, Note_on_c, 1, 60, 55
3, 52634, Note_on_c, 1, 53, 0
3, 52677, Note_on_c, 1, 65, 71
3, 52683, Note_on_c, 1, 60, 0
3, 52688, Note_on_c, 1, 70, 0
3, 52689, Note_on_c, 1, 69, 75
3, 52705, Note_on_c, 1, 65, 0
3, 52747, Note_on_c, 1, 69, 0
3, 52797, Note_on_c, 1, 69, 68
3, 52801, Note_on_c, 1, 46, 77
3, 52813, Control_c, 1, 64, 0
3, 52848, Control_c, 1, 64, 127
3, 52852, Control_c, 1, 64, 0
3, 52856, Control_c, 1, 64, 127
3, 52857, Note_on_c, 1, 53, 66
3, 52869, Note_on_c, 1, 46, 0
3, 52903, Note_on_c, 1, 69, 0
3, 52910, Note_on_c, 1, 53, 0
3, 52918, Note_on_c, 1, 70, 77
3, 52924, Note_on_c, 1, 58, 100
3, 52954, Note_on_c, 1, 58, 0
3, 52981, Note_on_c, 1, 60, 83
3, 53004, Note_on_c, 1, 60, 0
3, 53036, Note_on_c, 1, 62, 97
3, 53038, Note_on_c, 1, 70, 0
3, 53040, Note_on_c, 1, 67, 92
3, 53068, Note_on_c, 1, 62, 0
3, 53116, Note_on_c, 1, 67, 0
3, 53149, Note_on_c, 1, 65, 97
3, 53173, Note_on_c, 1, 65, 0
3, 53211, Note_on_c, 1, 61, 100
3, 53265, Note_on_c, 1, 46, 114
3, 53287, Control_c, 1, 64, 0
3, 53322, Control_c, 1, 64, 127
3, 53322, Note_on_c, 1, 53, 70
3, 53328, Control_c, 1, 64, 0
3, 53330, Note_on_c, 1, 46, 0
3, 53330, Control_c, 1, 64, 127
3, 53383, Note_on_c, 1, 53, 0
3, 53388, Note_on_c, 1, 61, 0
3, 53388, Note_on_c, 1, 58, 109
3, 53449, Note_on_c, 1, 60, 104
3, 53450, Note_on_c, 1, 58, 0
3, 53486, Note_on_c, 1, 60, 0
3, 53511, Note_on_c, 1, 61, 119
3, 53640, Note_on_c, 1, 53, 76
3, 53679, Note_on_c, 1, 53, 0
3, 53749, Note_on_c, 1, 61, 0
3, 53763, Note_on_c, 1, 60, 86
3, 53766, Note_on_c, 1, 45, 82
3, 53793, Control_c, 1, 64, 0
3, 53817, Note_on_c, 1, 52, 71
3, 53830, Note_on_c, 1, 45, 0
3, 53832, Control_c, 1, 64, 127
3, 53834, Control_c, 1, 64, 0
3, 53840, Control_c, 1, 64, 127
3, 53878, Note_on_c, 1, 60, 0
3, 53882, Note_on_c, 1, 52, 0
3, 53882, Note_on_c, 1, 57, 85
3, 53889, Note_on_c, 1, 67, 75
3, 53916, Note_on_c, 1, 57, 0
3, 53942, Note_on_c, 1, 65, 74
3, 53942, Note_on_c, 1, 59, 104
3, 53949, Note_on_c, 1, 67, 0
3, 53978, Note_on_c, 1, 59, 0
3, 54002, Note_on_c, 1, 60, 117
3, 54048, Note_on_c, 1, 60, 0
3, 54136, Note_on_c, 1, 65, 0
3, 54138, Note_on_c, 1, 60, 75
3, 54192, Note_on_c, 1, 62, 90
3, 54201, Note_on_c, 1, 60, 0
3, 54248, Note_on_c, 1, 46, 92
3, 54262, Control_c, 1, 64, 0
3, 54302, Control_c, 1, 64, 127
3, 54306, Control_c, 1, 64, 0
3, 54307, Note_on_c, 1, 53, 74
3, 54312, Note_on_c, 1, 46, 0
3, 54312, Control_c, 1, 64, 127
3, 54357, Note_on_c, 1, 53, 0
3, 54357, Note_on_c, 1, 62, 0
3, 54364, Note_on_c, 1, 65, 82
3, 54367, Note_on_c, 1, 58, 109
3, 54398, Note_on_c, 1, 58, 0
3, 54421, Note_on_c, 1, 60, 101
3, 54446, Note_on_c, 1, 60, 0
3, 54481, Note_on_c, 1, 62, 107
3, 54583, Note_on_c, 1, 62, 0
3, 54660, Note_on_c, 1, 65, 0
3, 54667, Note_on_c, 1, 67, 74
3, 54722, Note_on_c, 1, 67, 0
3, 54724, Note_on_c, 1, 69, 82
3, 54728, Note_on_c, 1, 48, 92
3, 54751, Control_c, 1, 64, 0
3, 54786, Note_on_c, 1, 55, 67
3, 54792, Control_c, 1, 64, 127
3, 54794, Note_on_c, 1, 48, 0
3, 54840, Note_on_c, 1, 55, 0
3, 54846, Note_on_c, 1, 69, 0
3, 54850, Note_on_c, 1, 67, 99
3, 54850, Note_on_c, 1, 60, 99
3, 54880, Note_on_c, 1, 60, 0
3, 54903, Note_on_c, 1, 67, 0
3, 54904, Note_on_c, 1, 65, 92
3, 54908, Note_on_c, 1, 62, 107
3, 54990, Note_on_c, 1, 62, 0
3, 55016, Note_on_c, 1, 65, 0
3, 55022, Note_on_c, 1, 64, 101
3, 55143, Note_on_c, 1, 64, 0
3, 55143, Note_on_c, 1, 65, 92
3, 55208, Note_on_c, 1, 51, 81
3, 55221, Control_c, 1, 64, 0
3, 55252, Control_c, 1, 64, 127
3, 55266, Note_on_c, 1, 58, 57
3, 55297, Note_on_c, 1, 51, 0
3, 55328, Note_on_c, 1, 63, 104
3, 55335, Note_on_c, 1, 58, 0
3, 55371, Note_on_c, 1, 63, 0
3, 55374, Note_on_c, 1, 65, 0
3, 55383, Note_on_c, 1, 74, 79
3, 55431, Note_on_c, 1, 74, 0
3, 55443, Note_on_c, 1, 53, 90
3, 55446, Note_on_c, 1, 72, 110
3, 55459, Control_c, 1, 64, 0
3, 55497, Note_on_c, 1, 60, 69
3, 55503, Control_c, 1, 64, 127
3, 55504, Note_on_c, 1, 53, 0
3, 55562, Note_on_c, 1, 60, 0
3, 55562, Note_on_c, 1, 65, 88
3, 55603, Note_on_c, 1, 65, 0
3, 55609, Note_on_c, 1, 72, 0
3, 55626, Note_on_c, 1, 70, 109
3, 55684, Note_on_c, 1, 55, 83
3, 55704, Control_c, 1, 64, 0
3, 55741, Control_c, 1, 64, 127
3, 55744, Control_c, 1, 64, 0
3, 55746, Note_on_c, 1, 55, 0
3, 55747, Control_c, 1, 64, 127
3, 55802, Note_on_c, 1, 67, 79
3, 55816, Note_on_c, 1, 70, 0
3, 55827, Note_on_c, 1, 67, 0
3, 55860, Note_on_c, 1, 72, 90
3, 55897, Note_on_c, 1, 72, 0
3, 55921, Note_on_c, 1, 53, 74
3, 55922, Note_on_c, 1, 69, 113
3, 55946, Control_c, 1, 64, 0
3, 55980, Note_on_c, 1, 60, 75
3, 55983, Control_c, 1, 64, 127
3, 55986, Control_c, 1, 64, 0
3, 55988, Control_c, 1, 64, 127
3, 55992, Note_on_c, 1, 53, 0
3, 56024, Note_on_c, 1, 60, 0
3, 56032, Note_on_c, 1, 69, 0
3, 56041, Note_on_c, 1, 65, 78
3, 56091, Note_on_c, 1, 65, 0
3, 56102, Note_on_c, 1, 67, 101
3, 56160, Note_on_c, 1, 51, 89
3, 56175, Control_c, 1, 64, 0
3, 56216, Note_on_c, 1, 58, 71
3, 56223, Note_on_c, 1, 51, 0
3, 56230, Control_c, 1, 64, 127
3, 56236, Control_c, 1, 64, 0
3, 56239, Control_c, 1, 64, 127
3, 56277, Note_on_c, 1, 63, 114
3, 56280, Note_on_c, 1, 67, 0
3, 56284, Note_on_c, 1, 58, 0
3, 56337, Note_on_c, 1, 63, 0
3, 56340, Note_on_c, 1, 67, 117
3, 56522, Note_on_c, 1, 67, 0
3, 56577, Note_on_c, 1, 70, 114
3, 56611, Note_on_c, 1, 70, 0
3, 56638, Note_on_c, 1, 70, 109
3, 56641, Note_on_c, 1, 53, 79
3, 56653, Control_c, 1, 64, 0
3, 56697, Note_on_c, 1, 60, 67
3, 56706, Control_c, 1, 64, 127
3, 56708, Note_on_c, 1, 53, 0
3, 56755, Note_on_c, 1, 65, 86
3, 56758, Note_on_c, 1, 60, 0
3, 56760, Note_on_c, 1, 69, 97
3, 56761, Note_on_c, 1, 70, 0
3, 56800, Note_on_c, 1, 65, 0
3, 56815, Note_on_c, 1, 69, 0
3, 56822, Note_on_c, 1, 67, 107
3, 56925, Note_on_c, 1, 67, 0
3, 56938, Note_on_c, 1, 69, 99
3, 57054, Note_on_c, 1, 69, 0
3, 57058, Note_on_c, 1, 65, 107
3, 57123, Note_on_c, 1, 51, 100
3, 57148, Control_c, 1, 64, 0
3, 57181, Note_on_c, 1, 58, 57
3, 57186, Control_c, 1, 64, 127
3, 57188, Control_c, 1, 64, 0
3, 57192, Control_c, 1, 64, 127
3, 57200, Note_on_c, 1, 51, 0
3, 57241, Note_on_c, 1, 63, 109
3, 57247, Note_on_c, 1, 58, 0
3, 57276, Note_on_c, 1, 65, 0
3, 57288, Note_on_c, 1, 63, 0
3, 57296, Note_on_c, 1, 74, 86
3, 57340, Note_on_c, 1, 74, 0
3, 57360, Note_on_c, 1, 53, 101
3, 57362, Note_on_c, 1, 72, 101
3, 57375, Control_c, 1, 64, 0
3, 57415, Note_on_c, 1, 60, 69
3, 57420, Control_c, 1, 64, 127
3, 57421, Control_c, 1, 64, 0
3, 57422, Note_on_c, 1, 53, 0
3, 57424, Control_c, 1, 64, 127
3, 57476, Note_on_c, 1, 60, 0
3, 57476, Note_on_c, 1, 65, 97
3, 57523, Note_on_c, 1, 65, 0
3, 57526, Note_on_c, 1, 72, 0
3, 57538, Note_on_c, 1, 70, 109
3, 57600, Note_on_c, 1, 55, 73
3, 57622, Control_c, 1, 64, 0
3, 57655, Note_on_c, 1, 62, 68
3, 57656, Note_on_c, 1, 55, 0
3, 57661, Control_c, 1, 64, 127
3, 57663, Control_c, 1, 64, 0
3, 57667, Control_c, 1, 64, 127
3, 57692, Note_on_c, 1, 70, 0
3, 57716, Note_on_c, 1, 67, 76
3, 57723, Note_on_c, 1, 62, 0
3, 57750, Note_on_c, 1, 67, 0
3, 57771, Note_on_c, 1, 70, 49
3, 57787, Note_on_c, 1, 72, 63
3, 57793, Note_on_c, 1, 70, 0
3, 57813, Note_on_c, 1, 70, 69
3, 57819, Note_on_c, 1, 72, 0
3, 57830, Note_on_c, 1, 69, 113
3, 57836, Note_on_c, 1, 70, 0
3, 57840, Note_on_c, 1, 53, 78
3, 57858, Control_c, 1, 64, 0
3, 57898, Control_c, 1, 64, 127
3, 57900, Note_on_c, 1, 60, 75
3, 57904, Control_c, 1, 64, 0
3, 57910, Control_c, 1, 64, 127
3, 57914, Note_on_c, 1, 53, 0
3, 57940, Note_on_c, 1, 60, 0
3, 57951, Note_on_c, 1, 69, 0
3, 57960, Note_on_c, 1, 65, 90
3, 58020, Note_on_c, 1, 65, 0
3, 58028, Note_on_c, 1, 67, 110
3, 58083, Note_on_c, 1, 51, 75
3, 58106, Control_c, 1, 64, 0
3, 58140, Note_on_c, 1, 58, 66
3, 58149, Note_on_c, 1, 51, 0
3, 58155, Control_c, 1, 64, 127
3, 58191, Note_on_c, 1, 67, 0
3, 58198, Note_on_c, 1, 63, 104
3, 58203, Note_on_c, 1, 58, 0
3, 58264, Note_on_c, 1, 67, 117
3, 58273, Note_on_c, 1, 63, 0
3, 58444, Note_on_c, 1, 67, 0
3, 58516, Note_on_c, 1, 70, 124
3, 58544, Note_on_c, 1, 70, 0
3, 58573, Note_on_c, 1, 53, 70
3, 58574, Note_on_c, 1, 70, 104
3, 58598, Control_c, 1, 64, 0
3, 58639, Note_on_c, 1, 60, 65
3, 58644, Note_on_c, 1, 53, 0
3, 58646, Control_c, 1, 64, 127
3, 58695, Note_on_c, 1, 70, 0
3, 58695, Note_on_c, 1, 69, 76
3, 58698, Note_on_c, 1, 65, 68
3, 58700, Note_on_c, 1, 60, 0
3, 58732, Note_on_c, 1, 65, 0
3, 58752, Note_on_c, 1, 69, 0
3, 58764, Note_on_c, 1, 67, 73
3, 58845, Note_on_c, 1, 67, 0
3, 58881, Note_on_c, 1, 69, 101
3, 58960, Note_on_c, 1, 69, 0
3, 59002, Note_on_c, 1, 70, 100
3, 59037, Note_on_c, 1, 70, 0
3, 59073, Note_on_c, 1, 46, 86
3, 59116, Control_c, 1, 64, 0
3, 59143, Note_on_c, 1, 58, 48
3, 59215, Note_on_c, 1, 63, 59
3, 59217, Note_on_c, 1, 58, 0
3, 59233, Control_c, 1, 64, 127
3, 59239, Control_c, 1, 64, 0
3, 59241, Control_c, 1, 64, 127
3, 59288, Note_on_c, 1, 63, 0
3, 59292, Note_on_c, 1, 65, 76
3, 59413, Note_on_c, 1, 63, 92
3, 59419, Note_on_c, 1, 65, 0
3, 59420, Note_on_c, 1, 46, 0
3, 59462, Note_on_c, 1, 63, 0
3, 59511, Note_on_c, 1, 60, 63
3, 59542, Note_on_c, 1, 60, 0
3, 59632, Note_on_c, 1, 58, 39
3, 59632, Note_on_c, 1, 60, 70
3, 59640, Note_on_c, 1, 46, 34
3, 59652, Note_on_c, 1, 62, 72
3, 59652, Note_on_c, 1, 65, 62
3, 59658, Control_c, 1, 64, 0
3, 59677, Note_on_c, 1, 60, 0
3, 60084, Note_on_c, 1, 58, 0
3, 60100, Note_on_c, 1, 62, 0
3, 60100, Note_on_c, 1, 65, 0
3, 60128, Note_on_c, 1, 46, 0
3, 60373, Note_on_c, 1, 117, 0
3, 60373, Note_on_c, 1, 90, 7
3, 60373, Note_on_c, 1, 90, 0
3, 60373, End_track
4, 0, Start_track
4, 0, MIDI_port, 0
4, 0, Title_t, "recorded by koichi yanaga"
4, 0, End_track
5, 0, Start_track
5, 0, MIDI_port, 0
5, 0, Title_t, "written by boys to men"
5, 0, End_track
6, 0, Start_track
6, 0, MIDI_port, 0
6, 0, End_track
7, 0, Start_track
7, 0, MIDI_port, 0
7, 0, Title_t, "respond to yanagak@watserv.ucr.edu"
7, 0, End_track
0, 0, End_of_file
