0, 0, Header, 1, 5, 192
1, 0, Start_track
1, 0, Title_t, "Only Solitaire"
1, 0, Text_t, "By Ian Anderson"
1, 0, Copyright_t, "Copyright © 1997 by Adam Bodkin"
1, 0, Copyright_t, "Adam Bodkin"
1, 0, Text_t, "Generated by NoteWorthy Composer"
1, 0, Tempo, 600000
1, 0, Key_signature, -1, "major"
1, 0, Time_signature, 4, 2, 24, 8
1, 5376, Time_signature, 2, 2, 24, 8
1, 5760, Time_signature, 4, 2, 24, 8
1, 18048, Tempo, 800000
1, 18048, Key_signature, 1, "major"
1, 18048, End_track
2, 0, Start_track
2, 0, MIDI_port, 0
2, 0, Title_t, "Melody"
2, 0, Program_c, 0, 73
2, 0, Control_c, 0, 7, 127
2, 0, Control_c, 0, 10, 64
2, 6528, Note_on_c, 0, 67, 110
2, 6688, Note_on_c, 0, 67, 0
2, 6720, Note_on_c, 0, 67, 110
2, 6814, Note_on_c, 0, 67, 0
2, 6816, Note_on_c, 0, 69, 110
2, 6910, Note_on_c, 0, 69, 0
2, 6912, Note_on_c, 0, 70, 110
2, 6958, Note_on_c, 0, 70, 0
2, 6960, Note_on_c, 0, 70, 110
2, 7102, Note_on_c, 0, 70, 0
2, 7104, Note_on_c, 0, 65, 110
2, 7150, Note_on_c, 0, 65, 0
2, 7152, Note_on_c, 0, 67, 110
2, 7294, Note_on_c, 0, 67, 0
2, 7296, Note_on_c, 0, 65, 110
2, 7342, Note_on_c, 0, 65, 0
2, 7344, Note_on_c, 0, 65, 110
2, 7438, Note_on_c, 0, 65, 0
2, 7440, Note_on_c, 0, 64, 110
2, 7582, Note_on_c, 0, 64, 0
2, 7584, Note_on_c, 0, 64, 110
2, 7678, Note_on_c, 0, 64, 0
2, 7680, Note_on_c, 0, 62, 110
2, 7774, Note_on_c, 0, 62, 0
2, 7776, Note_on_c, 0, 62, 110
2, 7822, Note_on_c, 0, 62, 0
2, 7824, Note_on_c, 0, 62, 110
2, 7918, Note_on_c, 0, 62, 0
2, 7920, Note_on_c, 0, 60, 110
2, 8062, Note_on_c, 0, 60, 0
2, 8064, Note_on_c, 0, 62, 110
2, 8158, Note_on_c, 0, 62, 0
2, 8160, Note_on_c, 0, 62, 110
2, 8254, Note_on_c, 0, 62, 0
2, 8256, Note_on_c, 0, 62, 110
2, 8302, Note_on_c, 0, 62, 0
2, 8304, Note_on_c, 0, 64, 110
2, 8446, Note_on_c, 0, 64, 0
2, 8448, Note_on_c, 0, 65, 110
2, 8542, Note_on_c, 0, 65, 0
2, 8544, Note_on_c, 0, 65, 110
2, 8638, Note_on_c, 0, 65, 0
2, 8640, Note_on_c, 0, 62, 110
2, 8688, Note_on_c, 0, 62, 0
2, 8688, Note_on_c, 0, 60, 110
2, 8734, Note_on_c, 0, 60, 0
2, 8736, Note_on_c, 0, 58, 110
2, 8830, Note_on_c, 0, 58, 0
2, 8928, Note_on_c, 0, 60, 110
2, 9184, Note_on_c, 0, 60, 0
2, 9552, Note_on_c, 0, 65, 110
2, 9598, Note_on_c, 0, 65, 0
2, 9600, Note_on_c, 0, 67, 110
2, 9646, Note_on_c, 0, 67, 0
2, 9648, Note_on_c, 0, 67, 110
2, 9790, Note_on_c, 0, 67, 0
2, 9792, Note_on_c, 0, 67, 110
2, 9886, Note_on_c, 0, 67, 0
2, 9888, Note_on_c, 0, 69, 110
2, 9982, Note_on_c, 0, 69, 0
2, 9984, Note_on_c, 0, 70, 110
2, 10078, Note_on_c, 0, 70, 0
2, 10080, Note_on_c, 0, 70, 110
2, 10176, Note_on_c, 0, 70, 0
2, 10176, Note_on_c, 0, 65, 110
2, 10222, Note_on_c, 0, 65, 0
2, 10224, Note_on_c, 0, 64, 110
2, 10366, Note_on_c, 0, 64, 0
2, 10368, Note_on_c, 0, 65, 110
2, 10462, Note_on_c, 0, 65, 0
2, 10464, Note_on_c, 0, 65, 110
2, 10510, Note_on_c, 0, 65, 0
2, 10512, Note_on_c, 0, 64, 110
2, 10654, Note_on_c, 0, 64, 0
2, 10656, Note_on_c, 0, 60, 110
2, 10750, Note_on_c, 0, 60, 0
2, 10848, Note_on_c, 0, 58, 110
2, 10942, Note_on_c, 0, 58, 0
2, 10944, Note_on_c, 0, 58, 110
2, 11104, Note_on_c, 0, 58, 0
2, 11184, Note_on_c, 0, 58, 110
2, 11230, Note_on_c, 0, 58, 0
2, 11232, Note_on_c, 0, 62, 110
2, 11278, Note_on_c, 0, 62, 0
2, 11280, Note_on_c, 0, 62, 110
2, 11326, Note_on_c, 0, 62, 0
2, 11328, Note_on_c, 0, 62, 110
2, 11422, Note_on_c, 0, 62, 0
2, 11424, Note_on_c, 0, 64, 110
2, 11518, Note_on_c, 0, 64, 0
2, 11520, Note_on_c, 0, 65, 110
2, 11614, Note_on_c, 0, 65, 0
2, 11616, Note_on_c, 0, 65, 110
2, 11710, Note_on_c, 0, 65, 0
2, 11712, Note_on_c, 0, 62, 110
2, 11760, Note_on_c, 0, 62, 0
2, 11760, Note_on_c, 0, 60, 110
2, 11806, Note_on_c, 0, 60, 0
2, 11808, Note_on_c, 0, 58, 110
2, 11902, Note_on_c, 0, 58, 0
2, 12000, Note_on_c, 0, 60, 110
2, 12256, Note_on_c, 0, 60, 0
2, 12624, Note_on_c, 0, 58, 110
2, 12670, Note_on_c, 0, 58, 0
2, 12672, Note_on_c, 0, 67, 110
2, 12766, Note_on_c, 0, 67, 0
2, 12768, Note_on_c, 0, 67, 110
2, 12814, Note_on_c, 0, 67, 0
2, 12816, Note_on_c, 0, 67, 110
2, 12958, Note_on_c, 0, 67, 0
2, 12960, Note_on_c, 0, 67, 110
2, 13054, Note_on_c, 0, 67, 0
2, 13056, Note_on_c, 0, 67, 110
2, 13102, Note_on_c, 0, 67, 0
2, 13104, Note_on_c, 0, 68, 110
2, 13246, Note_on_c, 0, 68, 0
2, 13248, Note_on_c, 0, 67, 110
2, 13294, Note_on_c, 0, 67, 0
2, 13296, Note_on_c, 0, 65, 110
2, 13342, Note_on_c, 0, 65, 0
2, 13344, Note_on_c, 0, 63, 110
2, 13438, Note_on_c, 0, 63, 0
2, 13440, Note_on_c, 0, 65, 110
2, 13486, Note_on_c, 0, 65, 0
2, 13488, Note_on_c, 0, 65, 110
2, 13630, Note_on_c, 0, 65, 0
2, 13632, Note_on_c, 0, 65, 110
2, 13680, Note_on_c, 0, 65, 0
2, 13680, Note_on_c, 0, 67, 110
2, 13822, Note_on_c, 0, 67, 0
2, 13824, Note_on_c, 0, 69, 110
2, 13918, Note_on_c, 0, 69, 0
2, 13920, Note_on_c, 0, 69, 110
2, 14014, Note_on_c, 0, 69, 0
2, 14016, Note_on_c, 0, 69, 110
2, 14110, Note_on_c, 0, 69, 0
2, 14112, Note_on_c, 0, 60, 110
2, 14206, Note_on_c, 0, 60, 0
2, 14304, Note_on_c, 0, 62, 110
2, 14350, Note_on_c, 0, 62, 0
2, 14352, Note_on_c, 0, 62, 110
2, 14398, Note_on_c, 0, 62, 0
2, 14400, Note_on_c, 0, 62, 110
2, 14446, Note_on_c, 0, 62, 0
2, 14448, Note_on_c, 0, 62, 110
2, 14590, Note_on_c, 0, 62, 0
2, 14592, Note_on_c, 0, 62, 110
2, 14638, Note_on_c, 0, 62, 0
2, 14640, Note_on_c, 0, 63, 110
2, 14782, Note_on_c, 0, 63, 0
2, 14784, Note_on_c, 0, 62, 110
2, 14878, Note_on_c, 0, 62, 0
2, 14880, Note_on_c, 0, 58, 110
2, 14974, Note_on_c, 0, 58, 0
2, 14976, Note_on_c, 0, 60, 110
2, 15136, Note_on_c, 0, 60, 0
2, 15744, Note_on_c, 0, 64, 110
2, 15904, Note_on_c, 0, 64, 0
2, 15936, Note_on_c, 0, 65, 110
2, 16030, Note_on_c, 0, 65, 0
2, 16032, Note_on_c, 0, 65, 110
2, 16126, Note_on_c, 0, 65, 0
2, 16128, Note_on_c, 0, 67, 110
2, 16174, Note_on_c, 0, 67, 0
2, 16176, Note_on_c, 0, 67, 110
2, 16318, Note_on_c, 0, 67, 0
2, 16320, Note_on_c, 0, 67, 110
2, 16366, Note_on_c, 0, 67, 0
2, 16368, Note_on_c, 0, 64, 110
2, 16462, Note_on_c, 0, 64, 0
2, 16464, Note_on_c, 0, 60, 110
2, 16510, Note_on_c, 0, 60, 0
2, 16512, Note_on_c, 0, 65, 110
2, 16606, Note_on_c, 0, 65, 0
2, 16608, Note_on_c, 0, 65, 110
2, 16702, Note_on_c, 0, 65, 0
2, 16704, Note_on_c, 0, 67, 110
2, 16750, Note_on_c, 0, 67, 0
2, 16752, Note_on_c, 0, 67, 110
2, 16894, Note_on_c, 0, 67, 0
2, 16896, Note_on_c, 0, 69, 110
2, 16942, Note_on_c, 0, 69, 0
2, 16944, Note_on_c, 0, 69, 110
2, 17086, Note_on_c, 0, 69, 0
2, 17088, Note_on_c, 0, 70, 110
2, 17182, Note_on_c, 0, 70, 0
2, 17184, Note_on_c, 0, 70, 110
2, 17230, Note_on_c, 0, 70, 0
2, 17232, Note_on_c, 0, 72, 110
2, 17374, Note_on_c, 0, 72, 0
2, 17376, Note_on_c, 0, 72, 110
2, 17422, Note_on_c, 0, 72, 0
2, 17424, Note_on_c, 0, 67, 110
2, 17566, Note_on_c, 0, 67, 0
2, 17568, Note_on_c, 0, 65, 110
2, 17662, Note_on_c, 0, 65, 0
2, 17664, Note_on_c, 0, 65, 110
2, 17758, Note_on_c, 0, 65, 0
2, 17760, Note_on_c, 0, 65, 110
2, 17806, Note_on_c, 0, 65, 0
2, 17808, Note_on_c, 0, 62, 110
2, 17950, Note_on_c, 0, 62, 0
2, 17952, Note_on_c, 0, 58, 110
2, 18046, Note_on_c, 0, 58, 0
2, 18048, Note_on_c, 0, 62, 110
2, 18208, Note_on_c, 0, 62, 0
2, 18240, Note_on_c, 0, 66, 110
2, 18334, Note_on_c, 0, 66, 0
2, 18336, Note_on_c, 0, 67, 110
2, 18592, Note_on_c, 0, 67, 0
2, 18720, Note_on_c, 0, 67, 110
2, 18766, Note_on_c, 0, 67, 0
2, 18768, Note_on_c, 0, 69, 110
2, 18862, Note_on_c, 0, 69, 0
2, 18864, Note_on_c, 0, 71, 110
2, 18958, Note_on_c, 0, 71, 0
2, 18960, Note_on_c, 0, 69, 110
2, 19006, Note_on_c, 0, 69, 0
2, 19008, Note_on_c, 0, 67, 110
2, 19054, Note_on_c, 0, 67, 0
2, 19056, Note_on_c, 0, 67, 110
2, 19102, Note_on_c, 0, 67, 0
2, 19104, Note_on_c, 0, 67, 110
2, 19150, Note_on_c, 0, 67, 0
2, 19152, Note_on_c, 0, 69, 110
2, 19294, Note_on_c, 0, 69, 0
2, 19536, Note_on_c, 0, 66, 110
2, 19582, Note_on_c, 0, 66, 0
2, 19584, Note_on_c, 0, 67, 110
2, 19744, Note_on_c, 0, 67, 0
2, 19776, Note_on_c, 0, 67, 110
2, 19824, Note_on_c, 0, 67, 0
2, 19824, Note_on_c, 0, 71, 110
2, 19918, Note_on_c, 0, 71, 0
2, 19920, Note_on_c, 0, 71, 110
2, 19968, Note_on_c, 0, 71, 0
2, 19968, Note_on_c, 0, 72, 110
2, 20062, Note_on_c, 0, 72, 0
2, 20064, Note_on_c, 0, 71, 110
2, 20110, Note_on_c, 0, 71, 0
2, 20112, Note_on_c, 0, 69, 110
2, 20206, Note_on_c, 0, 69, 0
2, 20208, Note_on_c, 0, 67, 110
2, 20350, Note_on_c, 0, 67, 0
2, 20352, Note_on_c, 0, 71, 110
2, 20446, Note_on_c, 0, 71, 0
2, 20448, Note_on_c, 0, 67, 110
2, 20494, Note_on_c, 0, 67, 0
2, 20496, Note_on_c, 0, 67, 110
2, 20590, Note_on_c, 0, 67, 0
2, 20592, Note_on_c, 0, 67, 110
2, 20638, Note_on_c, 0, 67, 0
2, 20640, Note_on_c, 0, 67, 110
2, 20688, Note_on_c, 0, 67, 0
2, 20688, Note_on_c, 0, 69, 110
2, 20896, Note_on_c, 0, 69, 0
2, 21072, Note_on_c, 0, 66, 110
2, 21118, Note_on_c, 0, 66, 0
2, 21120, Note_on_c, 0, 71, 110
2, 21214, Note_on_c, 0, 71, 0
2, 21216, Note_on_c, 0, 74, 110
2, 21262, Note_on_c, 0, 74, 0
2, 21264, Note_on_c, 0, 74, 110
2, 21358, Note_on_c, 0, 74, 0
2, 21360, Note_on_c, 0, 71, 110
2, 21408, Note_on_c, 0, 71, 0
2, 21408, Note_on_c, 0, 72, 110
2, 21550, Note_on_c, 0, 72, 0
2, 21552, Note_on_c, 0, 72, 110
2, 21646, Note_on_c, 0, 72, 0
2, 21648, Note_on_c, 0, 71, 110
2, 21694, Note_on_c, 0, 71, 0
2, 21696, Note_on_c, 0, 69, 110
2, 21838, Note_on_c, 0, 69, 0
2, 21840, Note_on_c, 0, 67, 110
2, 21886, Note_on_c, 0, 67, 0
2, 21888, Note_on_c, 0, 71, 110
2, 21934, Note_on_c, 0, 71, 0
2, 21936, Note_on_c, 0, 71, 110
2, 21982, Note_on_c, 0, 71, 0
2, 21984, Note_on_c, 0, 71, 110
2, 22078, Note_on_c, 0, 71, 0
2, 22080, Note_on_c, 0, 71, 110
2, 22240, Note_on_c, 0, 71, 0
2, 22272, Note_on_c, 0, 70, 110
2, 22366, Note_on_c, 0, 70, 0
2, 22368, Note_on_c, 0, 69, 110
2, 22414, Note_on_c, 0, 69, 0
2, 22416, Note_on_c, 0, 67, 110
2, 22558, Note_on_c, 0, 67, 0
2, 22560, Note_on_c, 0, 69, 110
2, 22606, Note_on_c, 0, 69, 0
2, 22608, Note_on_c, 0, 67, 110
2, 22702, Note_on_c, 0, 67, 0
2, 22704, Note_on_c, 0, 65, 110
2, 22750, Note_on_c, 0, 65, 0
2, 22752, Note_on_c, 0, 63, 110
2, 22798, Note_on_c, 0, 63, 0
2, 22800, Note_on_c, 0, 63, 110
2, 23008, Note_on_c, 0, 63, 0
2, 23008, End_track
3, 0, Start_track
3, 0, MIDI_port, 0
3, 0, Title_t, "Harmony"
3, 0, Program_c, 0, 73
3, 0, Control_c, 0, 7, 127
3, 0, Control_c, 0, 10, 64
3, 6528, Pitch_bend_c, 0, 8092
3, 6528, Note_on_c, 0, 67, 110
3, 6688, Note_on_c, 0, 67, 0
3, 6720, Note_on_c, 0, 67, 110
3, 6814, Note_on_c, 0, 67, 0
3, 6816, Note_on_c, 0, 69, 110
3, 6910, Note_on_c, 0, 69, 0
3, 6912, Note_on_c, 0, 70, 110
3, 6958, Note_on_c, 0, 70, 0
3, 6960, Note_on_c, 0, 70, 110
3, 7102, Note_on_c, 0, 70, 0
3, 7104, Note_on_c, 0, 65, 110
3, 7150, Note_on_c, 0, 65, 0
3, 7152, Note_on_c, 0, 67, 110
3, 7294, Note_on_c, 0, 67, 0
3, 7296, Note_on_c, 0, 65, 110
3, 7342, Note_on_c, 0, 65, 0
3, 7344, Note_on_c, 0, 65, 110
3, 7438, Note_on_c, 0, 65, 0
3, 7440, Note_on_c, 0, 64, 110
3, 7582, Note_on_c, 0, 64, 0
3, 7584, Note_on_c, 0, 64, 110
3, 7678, Note_on_c, 0, 64, 0
3, 7680, Note_on_c, 0, 62, 110
3, 7774, Note_on_c, 0, 62, 0
3, 7776, Note_on_c, 0, 62, 110
3, 7822, Note_on_c, 0, 62, 0
3, 7824, Note_on_c, 0, 62, 110
3, 7918, Note_on_c, 0, 62, 0
3, 7920, Note_on_c, 0, 60, 110
3, 8062, Note_on_c, 0, 60, 0
3, 8064, Note_on_c, 0, 62, 110
3, 8158, Note_on_c, 0, 62, 0
3, 8160, Note_on_c, 0, 62, 110
3, 8254, Note_on_c, 0, 62, 0
3, 8256, Note_on_c, 0, 62, 110
3, 8302, Note_on_c, 0, 62, 0
3, 8304, Note_on_c, 0, 64, 110
3, 8446, Note_on_c, 0, 64, 0
3, 8448, Note_on_c, 0, 65, 110
3, 8542, Note_on_c, 0, 65, 0
3, 8544, Note_on_c, 0, 65, 110
3, 8638, Note_on_c, 0, 65, 0
3, 8640, Note_on_c, 0, 62, 110
3, 8688, Note_on_c, 0, 62, 0
3, 8688, Note_on_c, 0, 60, 110
3, 8734, Note_on_c, 0, 60, 0
3, 8736, Note_on_c, 0, 58, 110
3, 8830, Note_on_c, 0, 58, 0
3, 8928, Note_on_c, 0, 60, 110
3, 9184, Note_on_c, 0, 60, 0
3, 9552, Note_on_c, 0, 65, 110
3, 9598, Note_on_c, 0, 65, 0
3, 9600, Note_on_c, 0, 67, 110
3, 9646, Note_on_c, 0, 67, 0
3, 9648, Note_on_c, 0, 67, 110
3, 9790, Note_on_c, 0, 67, 0
3, 9792, Note_on_c, 0, 67, 110
3, 9886, Note_on_c, 0, 67, 0
3, 9888, Note_on_c, 0, 69, 110
3, 9982, Note_on_c, 0, 69, 0
3, 9984, Note_on_c, 0, 70, 110
3, 10078, Note_on_c, 0, 70, 0
3, 10080, Note_on_c, 0, 70, 110
3, 10176, Note_on_c, 0, 70, 0
3, 10176, Note_on_c, 0, 65, 110
3, 10222, Note_on_c, 0, 65, 0
3, 10224, Note_on_c, 0, 64, 110
3, 10366, Note_on_c, 0, 64, 0
3, 10368, Note_on_c, 0, 65, 110
3, 10462, Note_on_c, 0, 65, 0
3, 10464, Note_on_c, 0, 65, 110
3, 10510, Note_on_c, 0, 65, 0
3, 10512, Note_on_c, 0, 64, 110
3, 10654, Note_on_c, 0, 64, 0
3, 10656, Note_on_c, 0, 60, 110
3, 10750, Note_on_c, 0, 60, 0
3, 10848, Note_on_c, 0, 58, 110
3, 10942, Note_on_c, 0, 58, 0
3, 10944, Note_on_c, 0, 58, 110
3, 11104, Note_on_c, 0, 58, 0
3, 11184, Note_on_c, 0, 58, 110
3, 11230, Note_on_c, 0, 58, 0
3, 11232, Note_on_c, 0, 62, 110
3, 11278, Note_on_c, 0, 62, 0
3, 11280, Note_on_c, 0, 62, 110
3, 11326, Note_on_c, 0, 62, 0
3, 11328, Note_on_c, 0, 62, 110
3, 11422, Note_on_c, 0, 62, 0
3, 11424, Note_on_c, 0, 64, 110
3, 11518, Note_on_c, 0, 64, 0
3, 11520, Note_on_c, 0, 65, 110
3, 11614, Note_on_c, 0, 65, 0
3, 11616, Note_on_c, 0, 65, 110
3, 11710, Note_on_c, 0, 65, 0
3, 11712, Note_on_c, 0, 62, 110
3, 11760, Note_on_c, 0, 62, 0
3, 11760, Note_on_c, 0, 60, 110
3, 11806, Note_on_c, 0, 60, 0
3, 11808, Note_on_c, 0, 58, 110
3, 11902, Note_on_c, 0, 58, 0
3, 12000, Note_on_c, 0, 60, 110
3, 12256, Note_on_c, 0, 60, 0
3, 12624, Note_on_c, 0, 58, 110
3, 12670, Note_on_c, 0, 58, 0
3, 12672, Note_on_c, 0, 67, 110
3, 12766, Note_on_c, 0, 67, 0
3, 12768, Note_on_c, 0, 67, 110
3, 12814, Note_on_c, 0, 67, 0
3, 12816, Note_on_c, 0, 67, 110
3, 12958, Note_on_c, 0, 67, 0
3, 12960, Note_on_c, 0, 67, 110
3, 13054, Note_on_c, 0, 67, 0
3, 13056, Note_on_c, 0, 67, 110
3, 13102, Note_on_c, 0, 67, 0
3, 13104, Note_on_c, 0, 68, 110
3, 13246, Note_on_c, 0, 68, 0
3, 13248, Note_on_c, 0, 67, 110
3, 13294, Note_on_c, 0, 67, 0
3, 13296, Note_on_c, 0, 65, 110
3, 13342, Note_on_c, 0, 65, 0
3, 13344, Note_on_c, 0, 63, 110
3, 13438, Note_on_c, 0, 63, 0
3, 13440, Note_on_c, 0, 65, 110
3, 13486, Note_on_c, 0, 65, 0
3, 13488, Note_on_c, 0, 65, 110
3, 13630, Note_on_c, 0, 65, 0
3, 13632, Note_on_c, 0, 65, 110
3, 13680, Note_on_c, 0, 65, 0
3, 13680, Note_on_c, 0, 67, 110
3, 13822, Note_on_c, 0, 67, 0
3, 13824, Note_on_c, 0, 69, 110
3, 13918, Note_on_c, 0, 69, 0
3, 13920, Note_on_c, 0, 69, 110
3, 14014, Note_on_c, 0, 69, 0
3, 14016, Note_on_c, 0, 69, 110
3, 14110, Note_on_c, 0, 69, 0
3, 14112, Note_on_c, 0, 60, 110
3, 14206, Note_on_c, 0, 60, 0
3, 14304, Note_on_c, 0, 62, 110
3, 14350, Note_on_c, 0, 62, 0
3, 14352, Note_on_c, 0, 62, 110
3, 14398, Note_on_c, 0, 62, 0
3, 14400, Note_on_c, 0, 62, 110
3, 14446, Note_on_c, 0, 62, 0
3, 14448, Note_on_c, 0, 62, 110
3, 14590, Note_on_c, 0, 62, 0
3, 14592, Note_on_c, 0, 62, 110
3, 14638, Note_on_c, 0, 62, 0
3, 14640, Note_on_c, 0, 63, 110
3, 14782, Note_on_c, 0, 63, 0
3, 14784, Note_on_c, 0, 62, 110
3, 14878, Note_on_c, 0, 62, 0
3, 14880, Note_on_c, 0, 58, 110
3, 14974, Note_on_c, 0, 58, 0
3, 14976, Note_on_c, 0, 60, 110
3, 15136, Note_on_c, 0, 60, 0
3, 15744, Note_on_c, 0, 67, 92
3, 15904, Note_on_c, 0, 67, 0
3, 15936, Note_on_c, 0, 69, 92
3, 16030, Note_on_c, 0, 69, 0
3, 16032, Note_on_c, 0, 69, 92
3, 16126, Note_on_c, 0, 69, 0
3, 16128, Note_on_c, 0, 70, 92
3, 16174, Note_on_c, 0, 70, 0
3, 16176, Note_on_c, 0, 70, 92
3, 16318, Note_on_c, 0, 70, 0
3, 16320, Note_on_c, 0, 70, 92
3, 16366, Note_on_c, 0, 70, 0
3, 16368, Note_on_c, 0, 67, 92
3, 16462, Note_on_c, 0, 67, 0
3, 16464, Note_on_c, 0, 67, 92
3, 16510, Note_on_c, 0, 67, 0
3, 16512, Note_on_c, 0, 69, 92
3, 16606, Note_on_c, 0, 69, 0
3, 16608, Note_on_c, 0, 69, 92
3, 16702, Note_on_c, 0, 69, 0
3, 16704, Note_on_c, 0, 70, 92
3, 16750, Note_on_c, 0, 70, 0
3, 16752, Note_on_c, 0, 70, 92
3, 16894, Note_on_c, 0, 70, 0
3, 16896, Note_on_c, 0, 72, 92
3, 16942, Note_on_c, 0, 72, 0
3, 16944, Note_on_c, 0, 72, 92
3, 17086, Note_on_c, 0, 72, 0
3, 17088, Note_on_c, 0, 74, 92
3, 17182, Note_on_c, 0, 74, 0
3, 17184, Note_on_c, 0, 74, 92
3, 17230, Note_on_c, 0, 74, 0
3, 17232, Note_on_c, 0, 77, 92
3, 17374, Note_on_c, 0, 77, 0
3, 17376, Note_on_c, 0, 77, 92
3, 17422, Note_on_c, 0, 77, 0
3, 17424, Note_on_c, 0, 74, 92
3, 17566, Note_on_c, 0, 74, 0
3, 17568, Note_on_c, 0, 72, 92
3, 17662, Note_on_c, 0, 72, 0
3, 17664, Note_on_c, 0, 70, 92
3, 17758, Note_on_c, 0, 70, 0
3, 17760, Note_on_c, 0, 70, 92
3, 17806, Note_on_c, 0, 70, 0
3, 17808, Note_on_c, 0, 70, 92
3, 17950, Note_on_c, 0, 70, 0
3, 17952, Note_on_c, 0, 70, 92
3, 18046, Note_on_c, 0, 70, 0
3, 18048, Note_on_c, 0, 66, 92
3, 18208, Note_on_c, 0, 66, 0
3, 18240, Note_on_c, 0, 69, 92
3, 18334, Note_on_c, 0, 69, 0
3, 18336, Note_on_c, 0, 71, 92
3, 18592, Note_on_c, 0, 71, 0
3, 18720, Note_on_c, 0, 71, 92
3, 18766, Note_on_c, 0, 71, 0
3, 18768, Note_on_c, 0, 74, 92
3, 18814, Note_on_c, 0, 74, 0
3, 18816, Note_on_c, 0, 74, 92
3, 18862, Note_on_c, 0, 74, 0
3, 18864, Note_on_c, 0, 74, 92
3, 18958, Note_on_c, 0, 74, 0
3, 18960, Note_on_c, 0, 72, 92
3, 19006, Note_on_c, 0, 72, 0
3, 19008, Note_on_c, 0, 72, 92
3, 19054, Note_on_c, 0, 72, 0
3, 19056, Note_on_c, 0, 72, 92
3, 19102, Note_on_c, 0, 72, 0
3, 19104, Note_on_c, 0, 72, 92
3, 19150, Note_on_c, 0, 72, 0
3, 19152, Note_on_c, 0, 74, 92
3, 19294, Note_on_c, 0, 74, 0
3, 19536, Note_on_c, 0, 71, 92
3, 19582, Note_on_c, 0, 71, 0
3, 19584, Note_on_c, 0, 71, 92
3, 19744, Note_on_c, 0, 71, 0
3, 19776, Note_on_c, 0, 71, 92
3, 19822, Note_on_c, 0, 71, 0
3, 19824, Note_on_c, 0, 74, 92
3, 19918, Note_on_c, 0, 74, 0
3, 19920, Note_on_c, 0, 74, 92
3, 19966, Note_on_c, 0, 74, 0
3, 19968, Note_on_c, 0, 76, 92
3, 20062, Note_on_c, 0, 76, 0
3, 20064, Note_on_c, 0, 74, 92
3, 20110, Note_on_c, 0, 74, 0
3, 20112, Note_on_c, 0, 72, 92
3, 20206, Note_on_c, 0, 72, 0
3, 20208, Note_on_c, 0, 72, 92
3, 20350, Note_on_c, 0, 72, 0
3, 20352, Note_on_c, 0, 74, 92
3, 20446, Note_on_c, 0, 74, 0
3, 20448, Note_on_c, 0, 71, 92
3, 20494, Note_on_c, 0, 71, 0
3, 20496, Note_on_c, 0, 71, 92
3, 20590, Note_on_c, 0, 71, 0
3, 20592, Note_on_c, 0, 71, 92
3, 20638, Note_on_c, 0, 71, 0
3, 20640, Note_on_c, 0, 71, 92
3, 20686, Note_on_c, 0, 71, 0
3, 20688, Note_on_c, 0, 72, 92
3, 20896, Note_on_c, 0, 72, 0
3, 21072, Note_on_c, 0, 71, 92
3, 21118, Note_on_c, 0, 71, 0
3, 21120, Note_on_c, 0, 71, 92
3, 21214, Note_on_c, 0, 71, 0
3, 21216, Note_on_c, 0, 79, 92
3, 21262, Note_on_c, 0, 79, 0
3, 21264, Note_on_c, 0, 79, 92
3, 21358, Note_on_c, 0, 79, 0
3, 21360, Note_on_c, 0, 74, 92
3, 21406, Note_on_c, 0, 74, 0
3, 21408, Note_on_c, 0, 76, 92
3, 21550, Note_on_c, 0, 76, 0
3, 21552, Note_on_c, 0, 76, 92
3, 21646, Note_on_c, 0, 76, 0
3, 21648, Note_on_c, 0, 74, 92
3, 21694, Note_on_c, 0, 74, 0
3, 21696, Note_on_c, 0, 72, 92
3, 21838, Note_on_c, 0, 72, 0
3, 21840, Note_on_c, 0, 72, 92
3, 21886, Note_on_c, 0, 72, 0
3, 21888, Note_on_c, 0, 74, 92
3, 21934, Note_on_c, 0, 74, 0
3, 21936, Note_on_c, 0, 74, 92
3, 21982, Note_on_c, 0, 74, 0
3, 21984, Note_on_c, 0, 74, 92
3, 22078, Note_on_c, 0, 74, 0
3, 22080, Note_on_c, 0, 74, 92
3, 22240, Note_on_c, 0, 74, 0
3, 22272, Note_on_c, 0, 75, 92
3, 22366, Note_on_c, 0, 75, 0
3, 22368, Note_on_c, 0, 74, 92
3, 22414, Note_on_c, 0, 74, 0
3, 22416, Note_on_c, 0, 70, 92
3, 22558, Note_on_c, 0, 70, 0
3, 22560, Note_on_c, 0, 72, 92
3, 22606, Note_on_c, 0, 72, 0
3, 22608, Note_on_c, 0, 70, 92
3, 22702, Note_on_c, 0, 70, 0
3, 22704, Note_on_c, 0, 69, 92
3, 22750, Note_on_c, 0, 69, 0
3, 22752, Note_on_c, 0, 67, 92
3, 22798, Note_on_c, 0, 67, 0
3, 22800, Note_on_c, 0, 67, 92
3, 23008, Note_on_c, 0, 67, 0
3, 23008, End_track
4, 0, Start_track
4, 0, MIDI_port, 0
4, 0, Title_t, "Acoustic"
4, 0, Program_c, 1, 25
4, 0, Control_c, 1, 7, 127
4, 0, Control_c, 1, 10, 64
4, 0, Note_on_c, 1, 53, 92
4, 48, Note_on_c, 1, 53, 0
4, 48, Note_on_c, 1, 55, 92
4, 96, Note_on_c, 1, 58, 92
4, 96, Note_on_c, 1, 65, 92
4, 96, Note_on_c, 1, 70, 92
4, 192, Note_on_c, 1, 55, 0
4, 192, Note_on_c, 1, 58, 0
4, 192, Note_on_c, 1, 65, 0
4, 192, Note_on_c, 1, 70, 0
4, 192, Note_on_c, 1, 55, 92
4, 240, Note_on_c, 1, 55, 0
4, 240, Note_on_c, 1, 57, 92
4, 288, Note_on_c, 1, 58, 92
4, 288, Note_on_c, 1, 65, 92
4, 288, Note_on_c, 1, 70, 92
4, 336, Note_on_c, 1, 58, 0
4, 336, Note_on_c, 1, 65, 0
4, 336, Note_on_c, 1, 70, 0
4, 336, Note_on_c, 1, 65, 92
4, 336, Note_on_c, 1, 70, 92
4, 384, Note_on_c, 1, 57, 0
4, 384, Note_on_c, 1, 65, 0
4, 384, Note_on_c, 1, 70, 0
4, 384, Note_on_c, 1, 58, 92
4, 480, Note_on_c, 1, 65, 92
4, 480, Note_on_c, 1, 70, 92
4, 576, Note_on_c, 1, 58, 0
4, 576, Note_on_c, 1, 65, 0
4, 576, Note_on_c, 1, 70, 0
4, 576, Note_on_c, 1, 53, 92
4, 624, Note_on_c, 1, 53, 0
4, 624, Note_on_c, 1, 55, 92
4, 672, Note_on_c, 1, 58, 92
4, 672, Note_on_c, 1, 65, 92
4, 672, Note_on_c, 1, 70, 92
4, 720, Note_on_c, 1, 58, 0
4, 720, Note_on_c, 1, 65, 0
4, 720, Note_on_c, 1, 70, 0
4, 720, Note_on_c, 1, 65, 92
4, 720, Note_on_c, 1, 70, 92
4, 768, Note_on_c, 1, 55, 0
4, 768, Note_on_c, 1, 65, 0
4, 768, Note_on_c, 1, 70, 0
4, 768, Note_on_c, 1, 53, 92
4, 864, Note_on_c, 1, 60, 92
4, 864, Note_on_c, 1, 65, 92
4, 864, Note_on_c, 1, 69, 92
4, 960, Note_on_c, 1, 53, 0
4, 960, Note_on_c, 1, 60, 0
4, 960, Note_on_c, 1, 65, 0
4, 960, Note_on_c, 1, 69, 0
4, 960, Note_on_c, 1, 48, 92
4, 1008, Note_on_c, 1, 48, 0
4, 1008, Note_on_c, 1, 52, 92
4, 1056, Note_on_c, 1, 60, 92
4, 1056, Note_on_c, 1, 65, 92
4, 1056, Note_on_c, 1, 69, 92
4, 1104, Note_on_c, 1, 60, 0
4, 1104, Note_on_c, 1, 65, 0
4, 1104, Note_on_c, 1, 69, 0
4, 1104, Note_on_c, 1, 65, 92
4, 1104, Note_on_c, 1, 69, 92
4, 1152, Note_on_c, 1, 52, 0
4, 1152, Note_on_c, 1, 65, 0
4, 1152, Note_on_c, 1, 69, 0
4, 1152, Note_on_c, 1, 50, 92
4, 1248, Note_on_c, 1, 50, 0
4, 1248, Note_on_c, 1, 50, 92
4, 1248, Note_on_c, 1, 58, 92
4, 1248, Note_on_c, 1, 65, 92
4, 1248, Note_on_c, 1, 70, 92
4, 1392, Note_on_c, 1, 58, 0
4, 1392, Note_on_c, 1, 65, 0
4, 1392, Note_on_c, 1, 70, 0
4, 1392, Note_on_c, 1, 65, 92
4, 1392, Note_on_c, 1, 70, 92
4, 1440, Note_on_c, 1, 50, 0
4, 1440, Note_on_c, 1, 65, 0
4, 1440, Note_on_c, 1, 70, 0
4, 1440, Note_on_c, 1, 48, 92
4, 1536, Note_on_c, 1, 48, 0
4, 1536, Note_on_c, 1, 50, 92
4, 1632, Note_on_c, 1, 58, 92
4, 1632, Note_on_c, 1, 65, 92
4, 1632, Note_on_c, 1, 70, 92
4, 1728, Note_on_c, 1, 50, 0
4, 1728, Note_on_c, 1, 58, 0
4, 1728, Note_on_c, 1, 65, 0
4, 1728, Note_on_c, 1, 70, 0
4, 1728, Note_on_c, 1, 50, 92
4, 1776, Note_on_c, 1, 50, 0
4, 1776, Note_on_c, 1, 52, 92
4, 1824, Note_on_c, 1, 58, 92
4, 1824, Note_on_c, 1, 65, 92
4, 1824, Note_on_c, 1, 70, 92
4, 1872, Note_on_c, 1, 58, 0
4, 1872, Note_on_c, 1, 65, 0
4, 1872, Note_on_c, 1, 70, 0
4, 1872, Note_on_c, 1, 65, 92
4, 1872, Note_on_c, 1, 70, 92
4, 1920, Note_on_c, 1, 52, 0
4, 1920, Note_on_c, 1, 65, 0
4, 1920, Note_on_c, 1, 70, 0
4, 1920, Note_on_c, 1, 50, 92
4, 2016, Note_on_c, 1, 50, 0
4, 2016, Note_on_c, 1, 50, 92
4, 2016, Note_on_c, 1, 58, 92
4, 2016, Note_on_c, 1, 65, 92
4, 2016, Note_on_c, 1, 70, 92
4, 2160, Note_on_c, 1, 50, 0
4, 2160, Note_on_c, 1, 58, 0
4, 2160, Note_on_c, 1, 65, 0
4, 2160, Note_on_c, 1, 70, 0
4, 2160, Note_on_c, 1, 65, 92
4, 2160, Note_on_c, 1, 70, 92
4, 2208, Note_on_c, 1, 65, 0
4, 2208, Note_on_c, 1, 70, 0
4, 2208, Note_on_c, 1, 48, 92
4, 2304, Note_on_c, 1, 48, 0
4, 2304, Note_on_c, 1, 48, 92
4, 2400, Note_on_c, 1, 60, 92
4, 2400, Note_on_c, 1, 65, 92
4, 2400, Note_on_c, 1, 69, 92
4, 2496, Note_on_c, 1, 60, 0
4, 2496, Note_on_c, 1, 65, 0
4, 2496, Note_on_c, 1, 69, 0
4, 2496, Note_on_c, 1, 65, 92
4, 2496, Note_on_c, 1, 69, 92
4, 2544, Note_on_c, 1, 65, 0
4, 2544, Note_on_c, 1, 69, 0
4, 2544, Note_on_c, 1, 65, 92
4, 2544, Note_on_c, 1, 67, 92
4, 2592, Note_on_c, 1, 65, 0
4, 2592, Note_on_c, 1, 67, 0
4, 2592, Note_on_c, 1, 65, 92
4, 2592, Note_on_c, 1, 69, 92
4, 2640, Note_on_c, 1, 65, 0
4, 2640, Note_on_c, 1, 69, 0
4, 2640, Note_on_c, 1, 65, 92
4, 2640, Note_on_c, 1, 67, 92
4, 2688, Note_on_c, 1, 48, 0
4, 2688, Note_on_c, 1, 65, 0
4, 2688, Note_on_c, 1, 67, 0
4, 2688, Note_on_c, 1, 48, 92
4, 2784, Note_on_c, 1, 60, 92
4, 2784, Note_on_c, 1, 65, 92
4, 2784, Note_on_c, 1, 69, 92
4, 2880, Note_on_c, 1, 60, 0
4, 2880, Note_on_c, 1, 65, 0
4, 2880, Note_on_c, 1, 69, 0
4, 2880, Note_on_c, 1, 65, 92
4, 2880, Note_on_c, 1, 69, 92
4, 2928, Note_on_c, 1, 65, 0
4, 2928, Note_on_c, 1, 69, 0
4, 2928, Note_on_c, 1, 65, 92
4, 2928, Note_on_c, 1, 67, 92
4, 2976, Note_on_c, 1, 65, 0
4, 2976, Note_on_c, 1, 67, 0
4, 2976, Note_on_c, 1, 65, 92
4, 2976, Note_on_c, 1, 69, 92
4, 3024, Note_on_c, 1, 65, 0
4, 3024, Note_on_c, 1, 69, 0
4, 3024, Note_on_c, 1, 65, 92
4, 3024, Note_on_c, 1, 67, 92
4, 3072, Note_on_c, 1, 48, 0
4, 3072, Note_on_c, 1, 65, 0
4, 3072, Note_on_c, 1, 67, 0
4, 3072, Note_on_c, 1, 53, 92
4, 3120, Note_on_c, 1, 53, 0
4, 3120, Note_on_c, 1, 55, 92
4, 3168, Note_on_c, 1, 58, 92
4, 3168, Note_on_c, 1, 65, 92
4, 3168, Note_on_c, 1, 70, 92
4, 3264, Note_on_c, 1, 55, 0
4, 3264, Note_on_c, 1, 58, 0
4, 3264, Note_on_c, 1, 65, 0
4, 3264, Note_on_c, 1, 70, 0
4, 3264, Note_on_c, 1, 55, 92
4, 3312, Note_on_c, 1, 55, 0
4, 3312, Note_on_c, 1, 57, 92
4, 3360, Note_on_c, 1, 58, 92
4, 3360, Note_on_c, 1, 65, 92
4, 3360, Note_on_c, 1, 70, 92
4, 3408, Note_on_c, 1, 58, 0
4, 3408, Note_on_c, 1, 65, 0
4, 3408, Note_on_c, 1, 70, 0
4, 3408, Note_on_c, 1, 65, 92
4, 3408, Note_on_c, 1, 70, 92
4, 3456, Note_on_c, 1, 57, 0
4, 3456, Note_on_c, 1, 65, 0
4, 3456, Note_on_c, 1, 70, 0
4, 3456, Note_on_c, 1, 58, 92
4, 3552, Note_on_c, 1, 65, 92
4, 3552, Note_on_c, 1, 70, 92
4, 3648, Note_on_c, 1, 58, 0
4, 3648, Note_on_c, 1, 65, 0
4, 3648, Note_on_c, 1, 70, 0
4, 3648, Note_on_c, 1, 53, 92
4, 3696, Note_on_c, 1, 53, 0
4, 3696, Note_on_c, 1, 55, 92
4, 3744, Note_on_c, 1, 58, 92
4, 3744, Note_on_c, 1, 65, 92
4, 3744, Note_on_c, 1, 70, 92
4, 3792, Note_on_c, 1, 58, 0
4, 3792, Note_on_c, 1, 65, 0
4, 3792, Note_on_c, 1, 70, 0
4, 3792, Note_on_c, 1, 65, 92
4, 3792, Note_on_c, 1, 70, 92
4, 3840, Note_on_c, 1, 55, 0
4, 3840, Note_on_c, 1, 65, 0
4, 3840, Note_on_c, 1, 70, 0
4, 3840, Note_on_c, 1, 53, 92
4, 3936, Note_on_c, 1, 60, 92
4, 3936, Note_on_c, 1, 65, 92
4, 3936, Note_on_c, 1, 69, 92
4, 4032, Note_on_c, 1, 53, 0
4, 4032, Note_on_c, 1, 60, 0
4, 4032, Note_on_c, 1, 65, 0
4, 4032, Note_on_c, 1, 69, 0
4, 4032, Note_on_c, 1, 48, 92
4, 4080, Note_on_c, 1, 48, 0
4, 4080, Note_on_c, 1, 52, 92
4, 4128, Note_on_c, 1, 60, 92
4, 4128, Note_on_c, 1, 65, 92
4, 4128, Note_on_c, 1, 69, 92
4, 4176, Note_on_c, 1, 60, 0
4, 4176, Note_on_c, 1, 65, 0
4, 4176, Note_on_c, 1, 69, 0
4, 4176, Note_on_c, 1, 65, 92
4, 4176, Note_on_c, 1, 69, 92
4, 4224, Note_on_c, 1, 52, 0
4, 4224, Note_on_c, 1, 65, 0
4, 4224, Note_on_c, 1, 69, 0
4, 4224, Note_on_c, 1, 50, 92
4, 4320, Note_on_c, 1, 50, 0
4, 4320, Note_on_c, 1, 50, 92
4, 4320, Note_on_c, 1, 58, 92
4, 4320, Note_on_c, 1, 65, 92
4, 4320, Note_on_c, 1, 70, 92
4, 4464, Note_on_c, 1, 58, 0
4, 4464, Note_on_c, 1, 65, 0
4, 4464, Note_on_c, 1, 70, 0
4, 4464, Note_on_c, 1, 65, 92
4, 4464, Note_on_c, 1, 70, 92
4, 4512, Note_on_c, 1, 50, 0
4, 4512, Note_on_c, 1, 65, 0
4, 4512, Note_on_c, 1, 70, 0
4, 4512, Note_on_c, 1, 48, 92
4, 4608, Note_on_c, 1, 48, 0
4, 4608, Note_on_c, 1, 50, 92
4, 4704, Note_on_c, 1, 58, 92
4, 4704, Note_on_c, 1, 65, 92
4, 4704, Note_on_c, 1, 70, 92
4, 4800, Note_on_c, 1, 50, 0
4, 4800, Note_on_c, 1, 58, 0
4, 4800, Note_on_c, 1, 65, 0
4, 4800, Note_on_c, 1, 70, 0
4, 4800, Note_on_c, 1, 50, 92
4, 4848, Note_on_c, 1, 50, 0
4, 4848, Note_on_c, 1, 52, 92
4, 4896, Note_on_c, 1, 58, 92
4, 4896, Note_on_c, 1, 65, 92
4, 4896, Note_on_c, 1, 70, 92
4, 4944, Note_on_c, 1, 58, 0
4, 4944, Note_on_c, 1, 65, 0
4, 4944, Note_on_c, 1, 70, 0
4, 4944, Note_on_c, 1, 65, 92
4, 4944, Note_on_c, 1, 70, 92
4, 4992, Note_on_c, 1, 52, 0
4, 4992, Note_on_c, 1, 65, 0
4, 4992, Note_on_c, 1, 70, 0
4, 4992, Note_on_c, 1, 50, 92
4, 5088, Note_on_c, 1, 50, 0
4, 5088, Note_on_c, 1, 50, 92
4, 5088, Note_on_c, 1, 58, 92
4, 5088, Note_on_c, 1, 65, 92
4, 5088, Note_on_c, 1, 70, 92
4, 5232, Note_on_c, 1, 50, 0
4, 5232, Note_on_c, 1, 58, 0
4, 5232, Note_on_c, 1, 65, 0
4, 5232, Note_on_c, 1, 70, 0
4, 5232, Note_on_c, 1, 65, 92
4, 5232, Note_on_c, 1, 70, 92
4, 5280, Note_on_c, 1, 65, 0
4, 5280, Note_on_c, 1, 70, 0
4, 5280, Note_on_c, 1, 48, 92
4, 5376, Note_on_c, 1, 48, 0
4, 5376, Note_on_c, 1, 48, 92
4, 5472, Note_on_c, 1, 60, 92
4, 5472, Note_on_c, 1, 65, 92
4, 5472, Note_on_c, 1, 69, 92
4, 5568, Note_on_c, 1, 60, 0
4, 5568, Note_on_c, 1, 65, 0
4, 5568, Note_on_c, 1, 69, 0
4, 5568, Note_on_c, 1, 65, 92
4, 5568, Note_on_c, 1, 69, 92
4, 5616, Note_on_c, 1, 65, 0
4, 5616, Note_on_c, 1, 69, 0
4, 5616, Note_on_c, 1, 65, 92
4, 5616, Note_on_c, 1, 67, 92
4, 5664, Note_on_c, 1, 65, 0
4, 5664, Note_on_c, 1, 67, 0
4, 5664, Note_on_c, 1, 65, 92
4, 5664, Note_on_c, 1, 69, 92
4, 5712, Note_on_c, 1, 65, 0
4, 5712, Note_on_c, 1, 69, 0
4, 5712, Note_on_c, 1, 65, 92
4, 5712, Note_on_c, 1, 67, 92
4, 5760, Note_on_c, 1, 48, 0
4, 5760, Note_on_c, 1, 65, 0
4, 5760, Note_on_c, 1, 67, 0
4, 5760, Note_on_c, 1, 53, 92
4, 5856, Note_on_c, 1, 60, 92
4, 5856, Note_on_c, 1, 65, 92
4, 5856, Note_on_c, 1, 69, 92
4, 5952, Note_on_c, 1, 60, 0
4, 5952, Note_on_c, 1, 65, 0
4, 5952, Note_on_c, 1, 69, 0
4, 5952, Note_on_c, 1, 65, 92
4, 5952, Note_on_c, 1, 69, 92
4, 6000, Note_on_c, 1, 65, 0
4, 6000, Note_on_c, 1, 69, 0
4, 6000, Note_on_c, 1, 65, 92
4, 6000, Note_on_c, 1, 67, 92
4, 6048, Note_on_c, 1, 65, 0
4, 6048, Note_on_c, 1, 67, 0
4, 6048, Note_on_c, 1, 65, 92
4, 6048, Note_on_c, 1, 69, 92
4, 6096, Note_on_c, 1, 65, 0
4, 6096, Note_on_c, 1, 69, 0
4, 6096, Note_on_c, 1, 65, 92
4, 6096, Note_on_c, 1, 67, 92
4, 6144, Note_on_c, 1, 53, 0
4, 6144, Note_on_c, 1, 65, 0
4, 6144, Note_on_c, 1, 67, 0
4, 6144, Note_on_c, 1, 53, 92
4, 6240, Note_on_c, 1, 60, 92
4, 6240, Note_on_c, 1, 65, 92
4, 6240, Note_on_c, 1, 69, 92
4, 6336, Note_on_c, 1, 60, 0
4, 6336, Note_on_c, 1, 65, 0
4, 6336, Note_on_c, 1, 69, 0
4, 6336, Note_on_c, 1, 65, 92
4, 6336, Note_on_c, 1, 69, 92
4, 6384, Note_on_c, 1, 65, 0
4, 6384, Note_on_c, 1, 69, 0
4, 6384, Note_on_c, 1, 65, 92
4, 6384, Note_on_c, 1, 67, 92
4, 6432, Note_on_c, 1, 65, 0
4, 6432, Note_on_c, 1, 67, 0
4, 6432, Note_on_c, 1, 65, 92
4, 6432, Note_on_c, 1, 69, 92
4, 6480, Note_on_c, 1, 65, 0
4, 6480, Note_on_c, 1, 69, 0
4, 6480, Note_on_c, 1, 65, 92
4, 6480, Note_on_c, 1, 67, 92
4, 6528, Note_on_c, 1, 53, 0
4, 6528, Note_on_c, 1, 65, 0
4, 6528, Note_on_c, 1, 67, 0
4, 6528, Note_on_c, 1, 53, 92
4, 6576, Note_on_c, 1, 53, 0
4, 6576, Note_on_c, 1, 55, 92
4, 6624, Note_on_c, 1, 58, 92
4, 6624, Note_on_c, 1, 65, 92
4, 6624, Note_on_c, 1, 70, 92
4, 6720, Note_on_c, 1, 55, 0
4, 6720, Note_on_c, 1, 58, 0
4, 6720, Note_on_c, 1, 65, 0
4, 6720, Note_on_c, 1, 70, 0
4, 6720, Note_on_c, 1, 55, 92
4, 6768, Note_on_c, 1, 55, 0
4, 6768, Note_on_c, 1, 57, 92
4, 6816, Note_on_c, 1, 58, 92
4, 6816, Note_on_c, 1, 65, 92
4, 6816, Note_on_c, 1, 70, 92
4, 6864, Note_on_c, 1, 58, 0
4, 6864, Note_on_c, 1, 65, 0
4, 6864, Note_on_c, 1, 70, 0
4, 6864, Note_on_c, 1, 65, 92
4, 6864, Note_on_c, 1, 70, 92
4, 6912, Note_on_c, 1, 57, 0
4, 6912, Note_on_c, 1, 65, 0
4, 6912, Note_on_c, 1, 70, 0
4, 6912, Note_on_c, 1, 58, 92
4, 7008, Note_on_c, 1, 65, 92
4, 7008, Note_on_c, 1, 70, 92
4, 7104, Note_on_c, 1, 58, 0
4, 7104, Note_on_c, 1, 65, 0
4, 7104, Note_on_c, 1, 70, 0
4, 7104, Note_on_c, 1, 53, 92
4, 7152, Note_on_c, 1, 53, 0
4, 7152, Note_on_c, 1, 55, 92
4, 7200, Note_on_c, 1, 58, 92
4, 7200, Note_on_c, 1, 65, 92
4, 7200, Note_on_c, 1, 70, 92
4, 7248, Note_on_c, 1, 58, 0
4, 7248, Note_on_c, 1, 65, 0
4, 7248, Note_on_c, 1, 70, 0
4, 7248, Note_on_c, 1, 65, 92
4, 7248, Note_on_c, 1, 70, 92
4, 7296, Note_on_c, 1, 55, 0
4, 7296, Note_on_c, 1, 65, 0
4, 7296, Note_on_c, 1, 70, 0
4, 7296, Note_on_c, 1, 53, 92
4, 7392, Note_on_c, 1, 60, 92
4, 7392, Note_on_c, 1, 65, 92
4, 7392, Note_on_c, 1, 69, 92
4, 7488, Note_on_c, 1, 53, 0
4, 7488, Note_on_c, 1, 60, 0
4, 7488, Note_on_c, 1, 65, 0
4, 7488, Note_on_c, 1, 69, 0
4, 7488, Note_on_c, 1, 48, 92
4, 7536, Note_on_c, 1, 48, 0
4, 7536, Note_on_c, 1, 52, 92
4, 7584, Note_on_c, 1, 60, 92
4, 7584, Note_on_c, 1, 65, 92
4, 7584, Note_on_c, 1, 69, 92
4, 7632, Note_on_c, 1, 60, 0
4, 7632, Note_on_c, 1, 65, 0
4, 7632, Note_on_c, 1, 69, 0
4, 7632, Note_on_c, 1, 65, 92
4, 7632, Note_on_c, 1, 69, 92
4, 7680, Note_on_c, 1, 52, 0
4, 7680, Note_on_c, 1, 65, 0
4, 7680, Note_on_c, 1, 69, 0
4, 7680, Note_on_c, 1, 50, 92
4, 7776, Note_on_c, 1, 50, 0
4, 7776, Note_on_c, 1, 50, 92
4, 7776, Note_on_c, 1, 58, 92
4, 7776, Note_on_c, 1, 65, 92
4, 7776, Note_on_c, 1, 70, 92
4, 7920, Note_on_c, 1, 58, 0
4, 7920, Note_on_c, 1, 65, 0
4, 7920, Note_on_c, 1, 70, 0
4, 7920, Note_on_c, 1, 65, 92
4, 7920, Note_on_c, 1, 70, 92
4, 7968, Note_on_c, 1, 50, 0
4, 7968, Note_on_c, 1, 65, 0
4, 7968, Note_on_c, 1, 70, 0
4, 7968, Note_on_c, 1, 48, 92
4, 8064, Note_on_c, 1, 48, 0
4, 8064, Note_on_c, 1, 50, 92
4, 8160, Note_on_c, 1, 58, 92
4, 8160, Note_on_c, 1, 65, 92
4, 8160, Note_on_c, 1, 70, 92
4, 8256, Note_on_c, 1, 50, 0
4, 8256, Note_on_c, 1, 58, 0
4, 8256, Note_on_c, 1, 65, 0
4, 8256, Note_on_c, 1, 70, 0
4, 8256, Note_on_c, 1, 50, 92
4, 8304, Note_on_c, 1, 50, 0
4, 8304, Note_on_c, 1, 52, 92
4, 8352, Note_on_c, 1, 58, 92
4, 8352, Note_on_c, 1, 65, 92
4, 8352, Note_on_c, 1, 70, 92
4, 8400, Note_on_c, 1, 58, 0
4, 8400, Note_on_c, 1, 65, 0
4, 8400, Note_on_c, 1, 70, 0
4, 8400, Note_on_c, 1, 65, 92
4, 8400, Note_on_c, 1, 70, 92
4, 8448, Note_on_c, 1, 52, 0
4, 8448, Note_on_c, 1, 65, 0
4, 8448, Note_on_c, 1, 70, 0
4, 8448, Note_on_c, 1, 50, 92
4, 8544, Note_on_c, 1, 50, 0
4, 8544, Note_on_c, 1, 50, 92
4, 8544, Note_on_c, 1, 58, 92
4, 8544, Note_on_c, 1, 65, 92
4, 8544, Note_on_c, 1, 70, 92
4, 8688, Note_on_c, 1, 50, 0
4, 8688, Note_on_c, 1, 58, 0
4, 8688, Note_on_c, 1, 65, 0
4, 8688, Note_on_c, 1, 70, 0
4, 8688, Note_on_c, 1, 65, 92
4, 8688, Note_on_c, 1, 70, 92
4, 8736, Note_on_c, 1, 65, 0
4, 8736, Note_on_c, 1, 70, 0
4, 8736, Note_on_c, 1, 48, 92
4, 8832, Note_on_c, 1, 48, 0
4, 8832, Note_on_c, 1, 48, 92
4, 8928, Note_on_c, 1, 60, 92
4, 8928, Note_on_c, 1, 65, 92
4, 8928, Note_on_c, 1, 69, 92
4, 9024, Note_on_c, 1, 60, 0
4, 9024, Note_on_c, 1, 65, 0
4, 9024, Note_on_c, 1, 69, 0
4, 9024, Note_on_c, 1, 65, 92
4, 9024, Note_on_c, 1, 69, 92
4, 9072, Note_on_c, 1, 65, 0
4, 9072, Note_on_c, 1, 69, 0
4, 9072, Note_on_c, 1, 65, 92
4, 9072, Note_on_c, 1, 67, 92
4, 9120, Note_on_c, 1, 65, 0
4, 9120, Note_on_c, 1, 67, 0
4, 9120, Note_on_c, 1, 65, 92
4, 9120, Note_on_c, 1, 69, 92
4, 9168, Note_on_c, 1, 65, 0
4, 9168, Note_on_c, 1, 69, 0
4, 9168, Note_on_c, 1, 65, 92
4, 9168, Note_on_c, 1, 67, 92
4, 9216, Note_on_c, 1, 48, 0
4, 9216, Note_on_c, 1, 65, 0
4, 9216, Note_on_c, 1, 67, 0
4, 9216, Note_on_c, 1, 53, 92
4, 9312, Note_on_c, 1, 60, 92
4, 9312, Note_on_c, 1, 65, 92
4, 9312, Note_on_c, 1, 69, 92
4, 9408, Note_on_c, 1, 60, 0
4, 9408, Note_on_c, 1, 65, 0
4, 9408, Note_on_c, 1, 69, 0
4, 9408, Note_on_c, 1, 65, 92
4, 9408, Note_on_c, 1, 69, 92
4, 9456, Note_on_c, 1, 65, 0
4, 9456, Note_on_c, 1, 69, 0
4, 9456, Note_on_c, 1, 65, 92
4, 9456, Note_on_c, 1, 67, 92
4, 9504, Note_on_c, 1, 65, 0
4, 9504, Note_on_c, 1, 67, 0
4, 9504, Note_on_c, 1, 65, 92
4, 9504, Note_on_c, 1, 69, 92
4, 9552, Note_on_c, 1, 65, 0
4, 9552, Note_on_c, 1, 69, 0
4, 9552, Note_on_c, 1, 65, 92
4, 9552, Note_on_c, 1, 67, 92
4, 9600, Note_on_c, 1, 53, 0
4, 9600, Note_on_c, 1, 65, 0
4, 9600, Note_on_c, 1, 67, 0
4, 9600, Note_on_c, 1, 53, 92
4, 9648, Note_on_c, 1, 53, 0
4, 9648, Note_on_c, 1, 55, 92
4, 9696, Note_on_c, 1, 58, 92
4, 9696, Note_on_c, 1, 65, 92
4, 9696, Note_on_c, 1, 70, 92
4, 9792, Note_on_c, 1, 55, 0
4, 9792, Note_on_c, 1, 58, 0
4, 9792, Note_on_c, 1, 65, 0
4, 9792, Note_on_c, 1, 70, 0
4, 9792, Note_on_c, 1, 55, 92
4, 9840, Note_on_c, 1, 55, 0
4, 9840, Note_on_c, 1, 57, 92
4, 9888, Note_on_c, 1, 58, 92
4, 9888, Note_on_c, 1, 65, 92
4, 9888, Note_on_c, 1, 70, 92
4, 9936, Note_on_c, 1, 58, 0
4, 9936, Note_on_c, 1, 65, 0
4, 9936, Note_on_c, 1, 70, 0
4, 9936, Note_on_c, 1, 65, 92
4, 9936, Note_on_c, 1, 70, 92
4, 9984, Note_on_c, 1, 57, 0
4, 9984, Note_on_c, 1, 65, 0
4, 9984, Note_on_c, 1, 70, 0
4, 9984, Note_on_c, 1, 58, 92
4, 10080, Note_on_c, 1, 65, 92
4, 10080, Note_on_c, 1, 70, 92
4, 10176, Note_on_c, 1, 58, 0
4, 10176, Note_on_c, 1, 65, 0
4, 10176, Note_on_c, 1, 70, 0
4, 10176, Note_on_c, 1, 53, 92
4, 10224, Note_on_c, 1, 53, 0
4, 10224, Note_on_c, 1, 55, 92
4, 10272, Note_on_c, 1, 58, 92
4, 10272, Note_on_c, 1, 65, 92
4, 10272, Note_on_c, 1, 70, 92
4, 10320, Note_on_c, 1, 58, 0
4, 10320, Note_on_c, 1, 65, 0
4, 10320, Note_on_c, 1, 70, 0
4, 10320, Note_on_c, 1, 65, 92
4, 10320, Note_on_c, 1, 70, 92
4, 10368, Note_on_c, 1, 55, 0
4, 10368, Note_on_c, 1, 65, 0
4, 10368, Note_on_c, 1, 70, 0
4, 10368, Note_on_c, 1, 53, 92
4, 10464, Note_on_c, 1, 60, 92
4, 10464, Note_on_c, 1, 65, 92
4, 10464, Note_on_c, 1, 69, 92
4, 10560, Note_on_c, 1, 53, 0
4, 10560, Note_on_c, 1, 60, 0
4, 10560, Note_on_c, 1, 65, 0
4, 10560, Note_on_c, 1, 69, 0
4, 10560, Note_on_c, 1, 48, 92
4, 10608, Note_on_c, 1, 48, 0
4, 10608, Note_on_c, 1, 52, 92
4, 10656, Note_on_c, 1, 60, 92
4, 10656, Note_on_c, 1, 65, 92
4, 10656, Note_on_c, 1, 69, 92
4, 10704, Note_on_c, 1, 60, 0
4, 10704, Note_on_c, 1, 65, 0
4, 10704, Note_on_c, 1, 69, 0
4, 10704, Note_on_c, 1, 65, 92
4, 10704, Note_on_c, 1, 69, 92
4, 10752, Note_on_c, 1, 52, 0
4, 10752, Note_on_c, 1, 65, 0
4, 10752, Note_on_c, 1, 69, 0
4, 10752, Note_on_c, 1, 50, 92
4, 10848, Note_on_c, 1, 50, 0
4, 10848, Note_on_c, 1, 50, 92
4, 10848, Note_on_c, 1, 58, 92
4, 10848, Note_on_c, 1, 65, 92
4, 10848, Note_on_c, 1, 70, 92
4, 10992, Note_on_c, 1, 58, 0
4, 10992, Note_on_c, 1, 65, 0
4, 10992, Note_on_c, 1, 70, 0
4, 10992, Note_on_c, 1, 65, 92
4, 10992, Note_on_c, 1, 70, 92
4, 11040, Note_on_c, 1, 50, 0
4, 11040, Note_on_c, 1, 65, 0
4, 11040, Note_on_c, 1, 70, 0
4, 11040, Note_on_c, 1, 48, 92
4, 11136, Note_on_c, 1, 48, 0
4, 11136, Note_on_c, 1, 50, 92
4, 11232, Note_on_c, 1, 58, 92
4, 11232, Note_on_c, 1, 65, 92
4, 11232, Note_on_c, 1, 70, 92
4, 11328, Note_on_c, 1, 50, 0
4, 11328, Note_on_c, 1, 58, 0
4, 11328, Note_on_c, 1, 65, 0
4, 11328, Note_on_c, 1, 70, 0
4, 11328, Note_on_c, 1, 50, 92
4, 11376, Note_on_c, 1, 50, 0
4, 11376, Note_on_c, 1, 52, 92
4, 11424, Note_on_c, 1, 58, 92
4, 11424, Note_on_c, 1, 65, 92
4, 11424, Note_on_c, 1, 70, 92
4, 11472, Note_on_c, 1, 58, 0
4, 11472, Note_on_c, 1, 65, 0
4, 11472, Note_on_c, 1, 70, 0
4, 11472, Note_on_c, 1, 65, 92
4, 11472, Note_on_c, 1, 70, 92
4, 11520, Note_on_c, 1, 52, 0
4, 11520, Note_on_c, 1, 65, 0
4, 11520, Note_on_c, 1, 70, 0
4, 11520, Note_on_c, 1, 50, 92
4, 11616, Note_on_c, 1, 50, 0
4, 11616, Note_on_c, 1, 50, 92
4, 11616, Note_on_c, 1, 58, 92
4, 11616, Note_on_c, 1, 65, 92
4, 11616, Note_on_c, 1, 70, 92
4, 11760, Note_on_c, 1, 50, 0
4, 11760, Note_on_c, 1, 58, 0
4, 11760, Note_on_c, 1, 65, 0
4, 11760, Note_on_c, 1, 70, 0
4, 11760, Note_on_c, 1, 65, 92
4, 11760, Note_on_c, 1, 70, 92
4, 11808, Note_on_c, 1, 65, 0
4, 11808, Note_on_c, 1, 70, 0
4, 11808, Note_on_c, 1, 48, 92
4, 11904, Note_on_c, 1, 48, 0
4, 11904, Note_on_c, 1, 48, 92
4, 12000, Note_on_c, 1, 60, 92
4, 12000, Note_on_c, 1, 65, 92
4, 12000, Note_on_c, 1, 69, 92
4, 12096, Note_on_c, 1, 60, 0
4, 12096, Note_on_c, 1, 65, 0
4, 12096, Note_on_c, 1, 69, 0
4, 12096, Note_on_c, 1, 65, 92
4, 12096, Note_on_c, 1, 69, 92
4, 12144, Note_on_c, 1, 65, 0
4, 12144, Note_on_c, 1, 69, 0
4, 12144, Note_on_c, 1, 65, 92
4, 12144, Note_on_c, 1, 67, 92
4, 12192, Note_on_c, 1, 65, 0
4, 12192, Note_on_c, 1, 67, 0
4, 12192, Note_on_c, 1, 65, 92
4, 12192, Note_on_c, 1, 69, 92
4, 12240, Note_on_c, 1, 65, 0
4, 12240, Note_on_c, 1, 69, 0
4, 12240, Note_on_c, 1, 65, 92
4, 12240, Note_on_c, 1, 67, 92
4, 12288, Note_on_c, 1, 48, 0
4, 12288, Note_on_c, 1, 65, 0
4, 12288, Note_on_c, 1, 67, 0
4, 12288, Note_on_c, 1, 53, 92
4, 12384, Note_on_c, 1, 60, 92
4, 12384, Note_on_c, 1, 65, 92
4, 12384, Note_on_c, 1, 69, 92
4, 12480, Note_on_c, 1, 60, 0
4, 12480, Note_on_c, 1, 65, 0
4, 12480, Note_on_c, 1, 69, 0
4, 12480, Note_on_c, 1, 65, 92
4, 12480, Note_on_c, 1, 69, 92
4, 12528, Note_on_c, 1, 65, 0
4, 12528, Note_on_c, 1, 69, 0
4, 12528, Note_on_c, 1, 65, 92
4, 12528, Note_on_c, 1, 67, 92
4, 12576, Note_on_c, 1, 65, 0
4, 12576, Note_on_c, 1, 67, 0
4, 12576, Note_on_c, 1, 65, 92
4, 12576, Note_on_c, 1, 69, 92
4, 12624, Note_on_c, 1, 65, 0
4, 12624, Note_on_c, 1, 69, 0
4, 12624, Note_on_c, 1, 65, 92
4, 12624, Note_on_c, 1, 67, 92
4, 12672, Note_on_c, 1, 53, 0
4, 12672, Note_on_c, 1, 65, 0
4, 12672, Note_on_c, 1, 67, 0
4, 12672, Note_on_c, 1, 51, 92
4, 12720, Note_on_c, 1, 51, 0
4, 12720, Note_on_c, 1, 55, 92
4, 12768, Note_on_c, 1, 58, 92
4, 12768, Note_on_c, 1, 63, 92
4, 12768, Note_on_c, 1, 67, 92
4, 12864, Note_on_c, 1, 55, 0
4, 12864, Note_on_c, 1, 58, 0
4, 12864, Note_on_c, 1, 63, 0
4, 12864, Note_on_c, 1, 67, 0
4, 12864, Note_on_c, 1, 51, 92
4, 12960, Note_on_c, 1, 58, 92
4, 12960, Note_on_c, 1, 63, 92
4, 12960, Note_on_c, 1, 67, 92
4, 13008, Note_on_c, 1, 58, 0
4, 13008, Note_on_c, 1, 63, 0
4, 13008, Note_on_c, 1, 67, 0
4, 13008, Note_on_c, 1, 63, 92
4, 13008, Note_on_c, 1, 67, 92
4, 13056, Note_on_c, 1, 51, 0
4, 13056, Note_on_c, 1, 63, 0
4, 13056, Note_on_c, 1, 67, 0
4, 13056, Note_on_c, 1, 55, 92
4, 13104, Note_on_c, 1, 55, 0
4, 13104, Note_on_c, 1, 56, 92
4, 13152, Note_on_c, 1, 58, 92
4, 13152, Note_on_c, 1, 63, 92
4, 13152, Note_on_c, 1, 68, 92
4, 13248, Note_on_c, 1, 56, 0
4, 13248, Note_on_c, 1, 58, 0
4, 13248, Note_on_c, 1, 63, 0
4, 13248, Note_on_c, 1, 68, 0
4, 13248, Note_on_c, 1, 67, 92
4, 13296, Note_on_c, 1, 67, 0
4, 13296, Note_on_c, 1, 65, 92
4, 13344, Note_on_c, 1, 65, 0
4, 13344, Note_on_c, 1, 63, 92
4, 13440, Note_on_c, 1, 63, 0
4, 13440, Note_on_c, 1, 53, 92
4, 13536, Note_on_c, 1, 60, 92
4, 13536, Note_on_c, 1, 65, 92
4, 13536, Note_on_c, 1, 69, 92
4, 13632, Note_on_c, 1, 53, 0
4, 13632, Note_on_c, 1, 60, 0
4, 13632, Note_on_c, 1, 65, 0
4, 13632, Note_on_c, 1, 69, 0
4, 13632, Note_on_c, 1, 51, 92
4, 13680, Note_on_c, 1, 51, 0
4, 13680, Note_on_c, 1, 53, 92
4, 13728, Note_on_c, 1, 60, 92
4, 13728, Note_on_c, 1, 65, 92
4, 13728, Note_on_c, 1, 70, 92
4, 13824, Note_on_c, 1, 53, 0
4, 13824, Note_on_c, 1, 60, 0
4, 13824, Note_on_c, 1, 65, 0
4, 13824, Note_on_c, 1, 70, 0
4, 13824, Note_on_c, 1, 65, 92
4, 13920, Note_on_c, 1, 65, 0
4, 13920, Note_on_c, 1, 65, 92
4, 13920, Note_on_c, 1, 69, 92
4, 13920, Note_on_c, 1, 72, 92
4, 14016, Note_on_c, 1, 65, 0
4, 14016, Note_on_c, 1, 69, 0
4, 14016, Note_on_c, 1, 72, 0
4, 14016, Note_on_c, 1, 65, 92
4, 14064, Note_on_c, 1, 65, 0
4, 14064, Note_on_c, 1, 65, 92
4, 14064, Note_on_c, 1, 69, 92
4, 14112, Note_on_c, 1, 65, 0
4, 14112, Note_on_c, 1, 69, 0
4, 14112, Note_on_c, 1, 65, 92
4, 14112, Note_on_c, 1, 69, 92
4, 14112, Note_on_c, 1, 72, 92
4, 14208, Note_on_c, 1, 65, 0
4, 14208, Note_on_c, 1, 69, 0
4, 14208, Note_on_c, 1, 72, 0
4, 14208, Note_on_c, 1, 46, 92
4, 14304, Note_on_c, 1, 58, 92
4, 14304, Note_on_c, 1, 65, 92
4, 14304, Note_on_c, 1, 70, 92
4, 14400, Note_on_c, 1, 46, 0
4, 14400, Note_on_c, 1, 58, 0
4, 14400, Note_on_c, 1, 65, 0
4, 14400, Note_on_c, 1, 70, 0
4, 14400, Note_on_c, 1, 50, 92
4, 14496, Note_on_c, 1, 58, 92
4, 14496, Note_on_c, 1, 65, 92
4, 14496, Note_on_c, 1, 70, 92
4, 14544, Note_on_c, 1, 58, 0
4, 14544, Note_on_c, 1, 65, 0
4, 14544, Note_on_c, 1, 70, 0
4, 14544, Note_on_c, 1, 65, 92
4, 14544, Note_on_c, 1, 70, 92
4, 14592, Note_on_c, 1, 50, 0
4, 14592, Note_on_c, 1, 65, 0
4, 14592, Note_on_c, 1, 70, 0
4, 14592, Note_on_c, 1, 50, 92
4, 14640, Note_on_c, 1, 50, 0
4, 14640, Note_on_c, 1, 51, 92
4, 14688, Note_on_c, 1, 58, 92
4, 14688, Note_on_c, 1, 65, 92
4, 14688, Note_on_c, 1, 70, 92
4, 14736, Note_on_c, 1, 58, 0
4, 14736, Note_on_c, 1, 65, 0
4, 14736, Note_on_c, 1, 70, 0
4, 14736, Note_on_c, 1, 65, 92
4, 14736, Note_on_c, 1, 70, 92
4, 14784, Note_on_c, 1, 51, 0
4, 14784, Note_on_c, 1, 65, 0
4, 14784, Note_on_c, 1, 70, 0
4, 14784, Note_on_c, 1, 50, 92
4, 14832, Note_on_c, 1, 50, 0
4, 14832, Note_on_c, 1, 48, 92
4, 14880, Note_on_c, 1, 48, 0
4, 14880, Note_on_c, 1, 46, 92
4, 14976, Note_on_c, 1, 46, 0
4, 14976, Note_on_c, 1, 48, 92
4, 14976, Note_on_c, 1, 65, 92
4, 15024, Note_on_c, 1, 65, 0
4, 15024, Note_on_c, 1, 67, 92
4, 15072, Note_on_c, 1, 60, 92
4, 15072, Note_on_c, 1, 64, 92
4, 15168, Note_on_c, 1, 48, 0
4, 15168, Note_on_c, 1, 60, 0
4, 15168, Note_on_c, 1, 64, 0
4, 15168, Note_on_c, 1, 67, 0
4, 15168, Note_on_c, 1, 48, 92
4, 15168, Note_on_c, 1, 67, 92
4, 15264, Note_on_c, 1, 67, 0
4, 15264, Note_on_c, 1, 60, 92
4, 15264, Note_on_c, 1, 64, 92
4, 15264, Note_on_c, 1, 67, 92
4, 15312, Note_on_c, 1, 60, 0
4, 15312, Note_on_c, 1, 64, 0
4, 15312, Note_on_c, 1, 67, 0
4, 15312, Note_on_c, 1, 64, 92
4, 15312, Note_on_c, 1, 69, 92
4, 15360, Note_on_c, 1, 48, 0
4, 15360, Note_on_c, 1, 64, 0
4, 15360, Note_on_c, 1, 69, 0
4, 15360, Note_on_c, 1, 48, 92
4, 15360, Note_on_c, 1, 67, 92
4, 15456, Note_on_c, 1, 60, 92
4, 15456, Note_on_c, 1, 64, 92
4, 15552, Note_on_c, 1, 48, 0
4, 15552, Note_on_c, 1, 60, 0
4, 15552, Note_on_c, 1, 64, 0
4, 15552, Note_on_c, 1, 67, 0
4, 15552, Note_on_c, 1, 48, 92
4, 15552, Note_on_c, 1, 60, 92
4, 15552, Note_on_c, 1, 64, 92
4, 15552, Note_on_c, 1, 67, 92
4, 15648, Note_on_c, 1, 60, 0
4, 15648, Note_on_c, 1, 64, 0
4, 15648, Note_on_c, 1, 67, 0
4, 15648, Note_on_c, 1, 60, 92
4, 15648, Note_on_c, 1, 64, 92
4, 15648, Note_on_c, 1, 65, 92
4, 15744, Note_on_c, 1, 48, 0
4, 15744, Note_on_c, 1, 60, 0
4, 15744, Note_on_c, 1, 64, 0
4, 15744, Note_on_c, 1, 65, 0
4, 15744, Note_on_c, 1, 52, 92
4, 15744, Note_on_c, 1, 67, 92
4, 15840, Note_on_c, 1, 60, 92
4, 15840, Note_on_c, 1, 64, 92
4, 15936, Note_on_c, 1, 52, 0
4, 15936, Note_on_c, 1, 60, 0
4, 15936, Note_on_c, 1, 64, 0
4, 15936, Note_on_c, 1, 67, 0
4, 15936, Note_on_c, 1, 53, 92
4, 15936, Note_on_c, 1, 69, 92
4, 16032, Note_on_c, 1, 60, 92
4, 16032, Note_on_c, 1, 64, 92
4, 16032, Note_on_c, 1, 67, 92
4, 16128, Note_on_c, 1, 53, 0
4, 16128, Note_on_c, 1, 60, 0
4, 16128, Note_on_c, 1, 64, 0
4, 16128, Note_on_c, 1, 67, 0
4, 16128, Note_on_c, 1, 69, 0
4, 16128, Note_on_c, 1, 55, 92
4, 16128, Note_on_c, 1, 70, 92
4, 16224, Note_on_c, 1, 60, 92
4, 16224, Note_on_c, 1, 64, 92
4, 16224, Note_on_c, 1, 67, 92
4, 16320, Note_on_c, 1, 55, 0
4, 16320, Note_on_c, 1, 60, 0
4, 16320, Note_on_c, 1, 64, 0
4, 16320, Note_on_c, 1, 67, 0
4, 16320, Note_on_c, 1, 70, 0
4, 16320, Note_on_c, 1, 52, 92
4, 16320, Note_on_c, 1, 67, 92
4, 16416, Note_on_c, 1, 60, 92
4, 16416, Note_on_c, 1, 64, 92
4, 16512, Note_on_c, 1, 52, 0
4, 16512, Note_on_c, 1, 60, 0
4, 16512, Note_on_c, 1, 64, 0
4, 16512, Note_on_c, 1, 67, 0
4, 16512, Note_on_c, 1, 53, 92
4, 16512, Note_on_c, 1, 69, 92
4, 16608, Note_on_c, 1, 60, 92
4, 16608, Note_on_c, 1, 65, 92
4, 16704, Note_on_c, 1, 53, 0
4, 16704, Note_on_c, 1, 60, 0
4, 16704, Note_on_c, 1, 65, 0
4, 16704, Note_on_c, 1, 69, 0
4, 16704, Note_on_c, 1, 55, 92
4, 16704, Note_on_c, 1, 70, 92
4, 16800, Note_on_c, 1, 60, 92
4, 16800, Note_on_c, 1, 65, 92
4, 16896, Note_on_c, 1, 55, 0
4, 16896, Note_on_c, 1, 60, 0
4, 16896, Note_on_c, 1, 65, 0
4, 16896, Note_on_c, 1, 70, 0
4, 16896, Note_on_c, 1, 57, 92
4, 16896, Note_on_c, 1, 72, 92
4, 16992, Note_on_c, 1, 60, 92
4, 16992, Note_on_c, 1, 65, 92
4, 16992, Note_on_c, 1, 69, 92
4, 17088, Note_on_c, 1, 57, 0
4, 17088, Note_on_c, 1, 60, 0
4, 17088, Note_on_c, 1, 65, 0
4, 17088, Note_on_c, 1, 69, 0
4, 17088, Note_on_c, 1, 58, 92
4, 17184, Note_on_c, 1, 65, 92
4, 17184, Note_on_c, 1, 69, 92
4, 17280, Note_on_c, 1, 58, 0
4, 17280, Note_on_c, 1, 65, 0
4, 17280, Note_on_c, 1, 69, 0
4, 17280, Note_on_c, 1, 72, 0
4, 17280, Note_on_c, 1, 60, 92
4, 17376, Note_on_c, 1, 65, 92
4, 17376, Note_on_c, 1, 69, 92
4, 17376, Note_on_c, 1, 72, 92
4, 17472, Note_on_c, 1, 60, 0
4, 17472, Note_on_c, 1, 65, 0
4, 17472, Note_on_c, 1, 69, 0
4, 17472, Note_on_c, 1, 72, 0
4, 17472, Note_on_c, 1, 60, 92
4, 17520, Note_on_c, 1, 60, 0
4, 17520, Note_on_c, 1, 60, 92
4, 17568, Note_on_c, 1, 60, 0
4, 17568, Note_on_c, 1, 51, 92
4, 17568, Note_on_c, 1, 65, 92
4, 17568, Note_on_c, 1, 69, 92
4, 17568, Note_on_c, 1, 72, 92
4, 17664, Note_on_c, 1, 51, 0
4, 17664, Note_on_c, 1, 65, 0
4, 17664, Note_on_c, 1, 69, 0
4, 17664, Note_on_c, 1, 72, 0
4, 17664, Note_on_c, 1, 50, 92
4, 17760, Note_on_c, 1, 58, 92
4, 17760, Note_on_c, 1, 62, 92
4, 17760, Note_on_c, 1, 67, 92
4, 17808, Note_on_c, 1, 58, 0
4, 17808, Note_on_c, 1, 62, 0
4, 17808, Note_on_c, 1, 67, 0
4, 17808, Note_on_c, 1, 62, 92
4, 17808, Note_on_c, 1, 67, 92
4, 17856, Note_on_c, 1, 50, 0
4, 17856, Note_on_c, 1, 62, 0
4, 17856, Note_on_c, 1, 67, 0
4, 17856, Note_on_c, 1, 46, 92
4, 17952, Note_on_c, 1, 58, 92
4, 17952, Note_on_c, 1, 62, 92
4, 17952, Note_on_c, 1, 67, 92
4, 18048, Note_on_c, 1, 46, 0
4, 18048, Note_on_c, 1, 58, 0
4, 18048, Note_on_c, 1, 62, 0
4, 18048, Note_on_c, 1, 67, 0
4, 18048, Note_on_c, 1, 50, 92
4, 18048, Note_on_c, 1, 57, 92
4, 18048, Note_on_c, 1, 62, 92
4, 18048, Note_on_c, 1, 66, 92
4, 18048, Note_on_c, 1, 69, 92
4, 18240, Note_on_c, 1, 50, 0
4, 18240, Note_on_c, 1, 57, 0
4, 18240, Note_on_c, 1, 62, 0
4, 18240, Note_on_c, 1, 66, 0
4, 18240, Note_on_c, 1, 69, 0
4, 18240, Note_on_c, 1, 50, 92
4, 18240, Note_on_c, 1, 57, 92
4, 18240, Note_on_c, 1, 62, 92
4, 18240, Note_on_c, 1, 66, 92
4, 18240, Note_on_c, 1, 69, 92
4, 18432, Note_on_c, 1, 50, 0
4, 18432, Note_on_c, 1, 57, 0
4, 18432, Note_on_c, 1, 62, 0
4, 18432, Note_on_c, 1, 66, 0
4, 18432, Note_on_c, 1, 69, 0
4, 18432, Note_on_c, 1, 43, 92
4, 18432, Note_on_c, 1, 55, 92
4, 18432, Note_on_c, 1, 59, 92
4, 18432, Note_on_c, 1, 62, 92
4, 18432, Note_on_c, 1, 67, 92
4, 18624, Note_on_c, 1, 43, 0
4, 18624, Note_on_c, 1, 55, 0
4, 18624, Note_on_c, 1, 59, 0
4, 18624, Note_on_c, 1, 62, 0
4, 18624, Note_on_c, 1, 67, 0
4, 18624, Note_on_c, 1, 43, 92
4, 18624, Note_on_c, 1, 55, 92
4, 18624, Note_on_c, 1, 59, 92
4, 18624, Note_on_c, 1, 62, 92
4, 18624, Note_on_c, 1, 67, 92
4, 18720, Note_on_c, 1, 55, 0
4, 18720, Note_on_c, 1, 59, 0
4, 18720, Note_on_c, 1, 62, 0
4, 18720, Note_on_c, 1, 67, 0
4, 18720, Note_on_c, 1, 62, 92
4, 18720, Note_on_c, 1, 67, 92
4, 18768, Note_on_c, 1, 62, 0
4, 18768, Note_on_c, 1, 67, 0
4, 18768, Note_on_c, 1, 62, 92
4, 18768, Note_on_c, 1, 67, 92
4, 18816, Note_on_c, 1, 43, 0
4, 18816, Note_on_c, 1, 62, 0
4, 18816, Note_on_c, 1, 67, 0
4, 18816, Note_on_c, 1, 48, 92
4, 18816, Note_on_c, 1, 60, 92
4, 18816, Note_on_c, 1, 64, 92
4, 18816, Note_on_c, 1, 67, 92
4, 19008, Note_on_c, 1, 48, 0
4, 19008, Note_on_c, 1, 60, 0
4, 19008, Note_on_c, 1, 64, 0
4, 19008, Note_on_c, 1, 67, 0
4, 19008, Note_on_c, 1, 48, 92
4, 19008, Note_on_c, 1, 60, 92
4, 19008, Note_on_c, 1, 64, 92
4, 19008, Note_on_c, 1, 67, 92
4, 19200, Note_on_c, 1, 48, 0
4, 19200, Note_on_c, 1, 60, 0
4, 19200, Note_on_c, 1, 64, 0
4, 19200, Note_on_c, 1, 67, 0
4, 19200, Note_on_c, 1, 50, 92
4, 19248, Note_on_c, 1, 57, 92
4, 19248, Note_on_c, 1, 62, 92
4, 19248, Note_on_c, 1, 66, 92
4, 19248, Note_on_c, 1, 69, 92
4, 19296, Note_on_c, 1, 57, 0
4, 19296, Note_on_c, 1, 62, 0
4, 19296, Note_on_c, 1, 66, 0
4, 19296, Note_on_c, 1, 69, 0
4, 19296, Note_on_c, 1, 57, 92
4, 19296, Note_on_c, 1, 62, 92
4, 19296, Note_on_c, 1, 66, 92
4, 19296, Note_on_c, 1, 69, 92
4, 19344, Note_on_c, 1, 57, 0
4, 19344, Note_on_c, 1, 62, 0
4, 19344, Note_on_c, 1, 66, 0
4, 19344, Note_on_c, 1, 69, 0
4, 19344, Note_on_c, 1, 57, 92
4, 19344, Note_on_c, 1, 62, 92
4, 19344, Note_on_c, 1, 66, 92
4, 19344, Note_on_c, 1, 69, 92
4, 19392, Note_on_c, 1, 50, 0
4, 19392, Note_on_c, 1, 57, 0
4, 19392, Note_on_c, 1, 62, 0
4, 19392, Note_on_c, 1, 66, 0
4, 19392, Note_on_c, 1, 69, 0
4, 19392, Note_on_c, 1, 50, 92
4, 19392, Note_on_c, 1, 57, 92
4, 19392, Note_on_c, 1, 62, 92
4, 19392, Note_on_c, 1, 66, 92
4, 19392, Note_on_c, 1, 69, 92
4, 19488, Note_on_c, 1, 57, 0
4, 19488, Note_on_c, 1, 62, 0
4, 19488, Note_on_c, 1, 66, 0
4, 19488, Note_on_c, 1, 69, 0
4, 19488, Note_on_c, 1, 66, 92
4, 19488, Note_on_c, 1, 69, 92
4, 19536, Note_on_c, 1, 66, 0
4, 19536, Note_on_c, 1, 69, 0
4, 19536, Note_on_c, 1, 66, 92
4, 19536, Note_on_c, 1, 69, 92
4, 19584, Note_on_c, 1, 50, 0
4, 19584, Note_on_c, 1, 66, 0
4, 19584, Note_on_c, 1, 69, 0
4, 19584, Note_on_c, 1, 43, 92
4, 19584, Note_on_c, 1, 55, 92
4, 19584, Note_on_c, 1, 59, 92
4, 19584, Note_on_c, 1, 62, 92
4, 19584, Note_on_c, 1, 67, 92
4, 19776, Note_on_c, 1, 43, 0
4, 19776, Note_on_c, 1, 55, 0
4, 19776, Note_on_c, 1, 59, 0
4, 19776, Note_on_c, 1, 62, 0
4, 19776, Note_on_c, 1, 67, 0
4, 19776, Note_on_c, 1, 43, 92
4, 19776, Note_on_c, 1, 55, 92
4, 19776, Note_on_c, 1, 59, 92
4, 19776, Note_on_c, 1, 62, 92
4, 19776, Note_on_c, 1, 67, 92
4, 19872, Note_on_c, 1, 55, 0
4, 19872, Note_on_c, 1, 59, 0
4, 19872, Note_on_c, 1, 62, 0
4, 19872, Note_on_c, 1, 67, 0
4, 19872, Note_on_c, 1, 62, 92
4, 19872, Note_on_c, 1, 67, 92
4, 19920, Note_on_c, 1, 62, 0
4, 19920, Note_on_c, 1, 67, 0
4, 19920, Note_on_c, 1, 62, 92
4, 19920, Note_on_c, 1, 67, 92
4, 19968, Note_on_c, 1, 43, 0
4, 19968, Note_on_c, 1, 62, 0
4, 19968, Note_on_c, 1, 67, 0
4, 19968, Note_on_c, 1, 48, 92
4, 20016, Note_on_c, 1, 64, 92
4, 20016, Note_on_c, 1, 67, 92
4, 20064, Note_on_c, 1, 64, 0
4, 20064, Note_on_c, 1, 67, 0
4, 20064, Note_on_c, 1, 60, 92
4, 20064, Note_on_c, 1, 64, 92
4, 20064, Note_on_c, 1, 67, 92
4, 20112, Note_on_c, 1, 60, 0
4, 20112, Note_on_c, 1, 64, 0
4, 20112, Note_on_c, 1, 67, 0
4, 20112, Note_on_c, 1, 64, 92
4, 20112, Note_on_c, 1, 67, 92
4, 20160, Note_on_c, 1, 48, 0
4, 20160, Note_on_c, 1, 64, 0
4, 20160, Note_on_c, 1, 67, 0
4, 20160, Note_on_c, 1, 48, 92
4, 20160, Note_on_c, 1, 55, 92
4, 20160, Note_on_c, 1, 60, 92
4, 20160, Note_on_c, 1, 64, 92
4, 20160, Note_on_c, 1, 67, 92
4, 20256, Note_on_c, 1, 55, 0
4, 20256, Note_on_c, 1, 60, 0
4, 20256, Note_on_c, 1, 64, 0
4, 20256, Note_on_c, 1, 67, 0
4, 20256, Note_on_c, 1, 64, 92
4, 20256, Note_on_c, 1, 67, 92
4, 20304, Note_on_c, 1, 64, 0
4, 20304, Note_on_c, 1, 67, 0
4, 20304, Note_on_c, 1, 60, 92
4, 20304, Note_on_c, 1, 64, 92
4, 20304, Note_on_c, 1, 67, 92
4, 20352, Note_on_c, 1, 48, 0
4, 20352, Note_on_c, 1, 60, 0
4, 20352, Note_on_c, 1, 64, 0
4, 20352, Note_on_c, 1, 67, 0
4, 20352, Note_on_c, 1, 43, 92
4, 20352, Note_on_c, 1, 55, 92
4, 20352, Note_on_c, 1, 59, 92
4, 20352, Note_on_c, 1, 62, 92
4, 20352, Note_on_c, 1, 67, 92
4, 20544, Note_on_c, 1, 43, 0
4, 20544, Note_on_c, 1, 55, 0
4, 20544, Note_on_c, 1, 59, 0
4, 20544, Note_on_c, 1, 62, 0
4, 20544, Note_on_c, 1, 67, 0
4, 20544, Note_on_c, 1, 43, 92
4, 20544, Note_on_c, 1, 55, 92
4, 20544, Note_on_c, 1, 59, 92
4, 20544, Note_on_c, 1, 62, 92
4, 20544, Note_on_c, 1, 67, 92
4, 20640, Note_on_c, 1, 55, 0
4, 20640, Note_on_c, 1, 59, 0
4, 20640, Note_on_c, 1, 62, 0
4, 20640, Note_on_c, 1, 67, 0
4, 20640, Note_on_c, 1, 62, 92
4, 20640, Note_on_c, 1, 67, 92
4, 20688, Note_on_c, 1, 62, 0
4, 20688, Note_on_c, 1, 67, 0
4, 20688, Note_on_c, 1, 62, 92
4, 20688, Note_on_c, 1, 67, 92
4, 20736, Note_on_c, 1, 43, 0
4, 20736, Note_on_c, 1, 62, 0
4, 20736, Note_on_c, 1, 67, 0
4, 20736, Note_on_c, 1, 50, 92
4, 20784, Note_on_c, 1, 66, 92
4, 20784, Note_on_c, 1, 69, 92
4, 20832, Note_on_c, 1, 66, 0
4, 20832, Note_on_c, 1, 69, 0
4, 20832, Note_on_c, 1, 57, 92
4, 20832, Note_on_c, 1, 62, 92
4, 20832, Note_on_c, 1, 66, 92
4, 20832, Note_on_c, 1, 69, 92
4, 20880, Note_on_c, 1, 57, 0
4, 20880, Note_on_c, 1, 62, 0
4, 20880, Note_on_c, 1, 66, 0
4, 20880, Note_on_c, 1, 69, 0
4, 20880, Note_on_c, 1, 66, 92
4, 20880, Note_on_c, 1, 69, 92
4, 20928, Note_on_c, 1, 50, 0
4, 20928, Note_on_c, 1, 66, 0
4, 20928, Note_on_c, 1, 69, 0
4, 20928, Note_on_c, 1, 50, 92
4, 20928, Note_on_c, 1, 57, 92
4, 20928, Note_on_c, 1, 62, 92
4, 20928, Note_on_c, 1, 66, 92
4, 20928, Note_on_c, 1, 69, 92
4, 21024, Note_on_c, 1, 57, 0
4, 21024, Note_on_c, 1, 62, 0
4, 21024, Note_on_c, 1, 66, 0
4, 21024, Note_on_c, 1, 69, 0
4, 21024, Note_on_c, 1, 66, 92
4, 21024, Note_on_c, 1, 69, 92
4, 21072, Note_on_c, 1, 66, 0
4, 21072, Note_on_c, 1, 69, 0
4, 21072, Note_on_c, 1, 66, 92
4, 21072, Note_on_c, 1, 69, 92
4, 21120, Note_on_c, 1, 50, 0
4, 21120, Note_on_c, 1, 66, 0
4, 21120, Note_on_c, 1, 69, 0
4, 21120, Note_on_c, 1, 43, 92
4, 21120, Note_on_c, 1, 55, 92
4, 21120, Note_on_c, 1, 59, 92
4, 21120, Note_on_c, 1, 62, 92
4, 21120, Note_on_c, 1, 67, 92
4, 21312, Note_on_c, 1, 43, 0
4, 21312, Note_on_c, 1, 55, 0
4, 21312, Note_on_c, 1, 59, 0
4, 21312, Note_on_c, 1, 62, 0
4, 21312, Note_on_c, 1, 67, 0
4, 21312, Note_on_c, 1, 43, 92
4, 21312, Note_on_c, 1, 55, 92
4, 21312, Note_on_c, 1, 59, 92
4, 21312, Note_on_c, 1, 62, 92
4, 21312, Note_on_c, 1, 67, 92
4, 21504, Note_on_c, 1, 43, 0
4, 21504, Note_on_c, 1, 55, 0
4, 21504, Note_on_c, 1, 59, 0
4, 21504, Note_on_c, 1, 62, 0
4, 21504, Note_on_c, 1, 67, 0
4, 21504, Note_on_c, 1, 48, 92
4, 21504, Note_on_c, 1, 55, 92
4, 21504, Note_on_c, 1, 60, 92
4, 21504, Note_on_c, 1, 64, 92
4, 21504, Note_on_c, 1, 67, 92
4, 21696, Note_on_c, 1, 48, 0
4, 21696, Note_on_c, 1, 55, 0
4, 21696, Note_on_c, 1, 60, 0
4, 21696, Note_on_c, 1, 64, 0
4, 21696, Note_on_c, 1, 67, 0
4, 21696, Note_on_c, 1, 48, 92
4, 21696, Note_on_c, 1, 55, 92
4, 21696, Note_on_c, 1, 60, 92
4, 21696, Note_on_c, 1, 64, 92
4, 21696, Note_on_c, 1, 67, 92
4, 21792, Note_on_c, 1, 55, 0
4, 21792, Note_on_c, 1, 60, 0
4, 21792, Note_on_c, 1, 64, 0
4, 21792, Note_on_c, 1, 67, 0
4, 21792, Note_on_c, 1, 64, 92
4, 21792, Note_on_c, 1, 67, 92
4, 21840, Note_on_c, 1, 64, 0
4, 21840, Note_on_c, 1, 67, 0
4, 21840, Note_on_c, 1, 60, 92
4, 21840, Note_on_c, 1, 64, 92
4, 21840, Note_on_c, 1, 67, 92
4, 21888, Note_on_c, 1, 48, 0
4, 21888, Note_on_c, 1, 60, 0
4, 21888, Note_on_c, 1, 64, 0
4, 21888, Note_on_c, 1, 67, 0
4, 21888, Note_on_c, 1, 43, 92
4, 21888, Note_on_c, 1, 55, 92
4, 21888, Note_on_c, 1, 59, 92
4, 21888, Note_on_c, 1, 62, 92
4, 21888, Note_on_c, 1, 67, 92
4, 22080, Note_on_c, 1, 43, 0
4, 22080, Note_on_c, 1, 55, 0
4, 22080, Note_on_c, 1, 59, 0
4, 22080, Note_on_c, 1, 62, 0
4, 22080, Note_on_c, 1, 67, 0
4, 22080, Note_on_c, 1, 43, 92
4, 22080, Note_on_c, 1, 55, 92
4, 22080, Note_on_c, 1, 59, 92
4, 22080, Note_on_c, 1, 62, 92
4, 22080, Note_on_c, 1, 67, 92
4, 22272, Note_on_c, 1, 43, 0
4, 22272, Note_on_c, 1, 55, 0
4, 22272, Note_on_c, 1, 59, 0
4, 22272, Note_on_c, 1, 62, 0
4, 22272, Note_on_c, 1, 67, 0
4, 22272, Note_on_c, 1, 51, 92
4, 22272, Note_on_c, 1, 58, 92
4, 22272, Note_on_c, 1, 63, 92
4, 22272, Note_on_c, 1, 67, 92
4, 22464, Note_on_c, 1, 51, 0
4, 22464, Note_on_c, 1, 58, 0
4, 22464, Note_on_c, 1, 63, 0
4, 22464, Note_on_c, 1, 67, 0
4, 22464, Note_on_c, 1, 51, 92
4, 22464, Note_on_c, 1, 58, 92
4, 22464, Note_on_c, 1, 63, 92
4, 22464, Note_on_c, 1, 67, 92
4, 22656, Note_on_c, 1, 51, 0
4, 22656, Note_on_c, 1, 58, 0
4, 22656, Note_on_c, 1, 63, 0
4, 22656, Note_on_c, 1, 67, 0
4, 22656, Note_on_c, 1, 48, 92
4, 22656, Note_on_c, 1, 55, 92
4, 22656, Note_on_c, 1, 60, 92
4, 22656, Note_on_c, 1, 63, 92
4, 22656, Note_on_c, 1, 67, 92
4, 22656, Note_on_c, 1, 72, 92
4, 23424, Note_on_c, 1, 48, 0
4, 23424, Note_on_c, 1, 55, 0
4, 23424, Note_on_c, 1, 60, 0
4, 23424, Note_on_c, 1, 63, 0
4, 23424, Note_on_c, 1, 67, 0
4, 23424, Note_on_c, 1, 72, 0
4, 23424, End_track
5, 0, Start_track
5, 0, MIDI_port, 0
5, 0, Title_t, "Only Solitaire"
5, 0, Program_c, 1, 25
5, 0, Control_c, 1, 7, 127
5, 0, Control_c, 1, 10, 64
5, 1968, Note_on_c, 1, 53, 92
5, 2014, Note_on_c, 1, 53, 0
5, 2016, Note_on_c, 1, 55, 92
5, 2062, Note_on_c, 1, 55, 0
5, 2064, Note_on_c, 1, 57, 92
5, 2110, Note_on_c, 1, 57, 0
5, 2112, Note_on_c, 1, 58, 92
5, 2158, Note_on_c, 1, 58, 0
5, 2160, Note_on_c, 1, 60, 92
5, 2206, Note_on_c, 1, 60, 0
5, 2208, Note_on_c, 1, 62, 92
5, 2254, Note_on_c, 1, 62, 0
5, 2256, Note_on_c, 1, 64, 92
5, 2302, Note_on_c, 1, 64, 0
5, 2304, Note_on_c, 1, 53, 92
5, 2398, Note_on_c, 1, 53, 0
5, 2400, Note_on_c, 1, 53, 92
5, 2400, Note_on_c, 1, 60, 92
5, 2400, Note_on_c, 1, 65, 92
5, 3024, Note_on_c, 1, 53, 0
5, 3024, Note_on_c, 1, 60, 0
5, 3024, Note_on_c, 1, 65, 0
5, 4128, Note_on_c, 1, 57, 92
5, 4152, Note_on_c, 1, 57, 0
5, 4152, Note_on_c, 1, 58, 92
5, 4176, Note_on_c, 1, 58, 0
5, 4176, Note_on_c, 1, 57, 92
5, 4200, Note_on_c, 1, 57, 0
5, 4200, Note_on_c, 1, 55, 92
5, 4224, Note_on_c, 1, 55, 0
5, 4224, Note_on_c, 1, 53, 92
5, 4270, Note_on_c, 1, 53, 0
5, 4272, Note_on_c, 1, 55, 92
5, 4318, Note_on_c, 1, 55, 0
5, 4320, Note_on_c, 1, 53, 92
5, 4366, Note_on_c, 1, 53, 0
5, 4368, Note_on_c, 1, 55, 92
5, 4414, Note_on_c, 1, 55, 0
5, 4416, Note_on_c, 1, 53, 92
5, 4462, Note_on_c, 1, 53, 0
5, 4464, Note_on_c, 1, 50, 92
5, 4510, Note_on_c, 1, 50, 0
5, 4512, Note_on_c, 1, 46, 92
5, 4558, Note_on_c, 1, 46, 0
5, 4560, Note_on_c, 1, 45, 92
5, 4606, Note_on_c, 1, 45, 0
5, 4608, Note_on_c, 1, 46, 92
5, 5136, Note_on_c, 1, 46, 0
5, 5232, Note_on_c, 1, 53, 92
5, 5278, Note_on_c, 1, 53, 0
5, 5280, Note_on_c, 1, 55, 92
5, 5326, Note_on_c, 1, 55, 0
5, 5328, Note_on_c, 1, 53, 92
5, 5374, Note_on_c, 1, 53, 0
5, 5376, Note_on_c, 1, 53, 92
5, 5422, Note_on_c, 1, 53, 0
5, 5424, Note_on_c, 1, 55, 92
5, 5470, Note_on_c, 1, 55, 0
5, 5472, Note_on_c, 1, 57, 92
5, 5518, Note_on_c, 1, 57, 0
5, 5520, Note_on_c, 1, 58, 92
5, 5566, Note_on_c, 1, 58, 0
5, 5568, Note_on_c, 1, 53, 92
5, 5568, Note_on_c, 1, 60, 92
5, 5662, Note_on_c, 1, 53, 0
5, 5662, Note_on_c, 1, 60, 0
5, 5664, Note_on_c, 1, 53, 92
5, 5664, Note_on_c, 1, 60, 92
5, 6016, Note_on_c, 1, 53, 0
5, 6016, Note_on_c, 1, 60, 0
5, 6048, Note_on_c, 1, 53, 92
5, 6094, Note_on_c, 1, 53, 0
5, 6096, Note_on_c, 1, 55, 92
5, 6142, Note_on_c, 1, 55, 0
5, 6144, Note_on_c, 1, 53, 92
5, 6238, Note_on_c, 1, 53, 0
5, 6240, Note_on_c, 1, 53, 92
5, 6240, Note_on_c, 1, 60, 92
5, 6496, Note_on_c, 1, 53, 0
5, 6496, Note_on_c, 1, 60, 0
5, 8688, Note_on_c, 1, 53, 92
5, 8734, Note_on_c, 1, 53, 0
5, 8736, Note_on_c, 1, 55, 92
5, 8782, Note_on_c, 1, 55, 0
5, 8784, Note_on_c, 1, 53, 92
5, 8830, Note_on_c, 1, 53, 0
5, 8832, Note_on_c, 1, 53, 92
5, 8878, Note_on_c, 1, 53, 0
5, 8880, Note_on_c, 1, 55, 92
5, 8926, Note_on_c, 1, 55, 0
5, 8928, Note_on_c, 1, 57, 92
5, 8974, Note_on_c, 1, 57, 0
5, 8976, Note_on_c, 1, 58, 92
5, 9022, Note_on_c, 1, 58, 0
5, 9024, Note_on_c, 1, 53, 92
5, 9024, Note_on_c, 1, 60, 92
5, 9118, Note_on_c, 1, 53, 0
5, 9118, Note_on_c, 1, 60, 0
5, 9120, Note_on_c, 1, 53, 92
5, 9120, Note_on_c, 1, 60, 92
5, 9120, Note_on_c, 1, 65, 92
5, 9552, Note_on_c, 1, 53, 0
5, 9552, Note_on_c, 1, 60, 0
5, 9552, Note_on_c, 1, 65, 0
5, 10464, Note_on_c, 1, 69, 92
5, 10488, Note_on_c, 1, 69, 0
5, 10488, Note_on_c, 1, 70, 92
5, 10512, Note_on_c, 1, 70, 0
5, 10512, Note_on_c, 1, 69, 92
5, 10536, Note_on_c, 1, 69, 0
5, 10536, Note_on_c, 1, 67, 92
5, 10560, Note_on_c, 1, 67, 0
5, 10560, Note_on_c, 1, 65, 92
5, 10584, Note_on_c, 1, 65, 0
5, 10584, Note_on_c, 1, 67, 92
5, 10608, Note_on_c, 1, 67, 0
5, 10608, Note_on_c, 1, 65, 92
5, 10632, Note_on_c, 1, 65, 0
5, 10632, Note_on_c, 1, 64, 92
5, 10656, Note_on_c, 1, 64, 0
5, 10656, Note_on_c, 1, 62, 92
5, 10680, Note_on_c, 1, 62, 0
5, 10680, Note_on_c, 1, 64, 92
5, 10704, Note_on_c, 1, 64, 0
5, 10704, Note_on_c, 1, 62, 92
5, 10728, Note_on_c, 1, 62, 0
5, 10728, Note_on_c, 1, 60, 92
5, 10750, Note_on_c, 1, 60, 0
5, 10752, Note_on_c, 1, 53, 92
5, 10846, Note_on_c, 1, 53, 0
5, 10848, Note_on_c, 1, 53, 92
5, 10848, Note_on_c, 1, 65, 92
5, 11136, Note_on_c, 1, 58, 92
5, 11136, Note_on_c, 1, 70, 92
5, 11664, Note_on_c, 1, 53, 0
5, 11664, Note_on_c, 1, 58, 0
5, 11664, Note_on_c, 1, 65, 0
5, 11664, Note_on_c, 1, 70, 0
5, 11760, Note_on_c, 1, 53, 92
5, 11806, Note_on_c, 1, 53, 0
5, 11808, Note_on_c, 1, 55, 92
5, 11854, Note_on_c, 1, 55, 0
5, 11856, Note_on_c, 1, 53, 92
5, 11902, Note_on_c, 1, 53, 0
5, 11904, Note_on_c, 1, 53, 92
5, 11950, Note_on_c, 1, 53, 0
5, 11952, Note_on_c, 1, 55, 92
5, 11998, Note_on_c, 1, 55, 0
5, 12000, Note_on_c, 1, 57, 92
5, 12046, Note_on_c, 1, 57, 0
5, 12048, Note_on_c, 1, 58, 92
5, 12094, Note_on_c, 1, 58, 0
5, 12096, Note_on_c, 1, 53, 92
5, 12096, Note_on_c, 1, 60, 92
5, 12190, Note_on_c, 1, 53, 0
5, 12190, Note_on_c, 1, 60, 0
5, 12192, Note_on_c, 1, 53, 92
5, 12192, Note_on_c, 1, 60, 92
5, 12624, Note_on_c, 1, 53, 0
5, 12624, Note_on_c, 1, 60, 0
5, 12672, Note_on_c, 1, 53, 92
5, 12718, Note_on_c, 1, 53, 0
5, 12720, Note_on_c, 1, 55, 92
5, 12862, Note_on_c, 1, 55, 0
5, 12864, Note_on_c, 1, 51, 92
5, 13024, Note_on_c, 1, 51, 0
5, 13056, Note_on_c, 1, 55, 92
5, 13102, Note_on_c, 1, 55, 0
5, 13104, Note_on_c, 1, 56, 92
5, 13246, Note_on_c, 1, 56, 0
5, 13248, Note_on_c, 1, 55, 92
5, 13278, Note_on_c, 1, 55, 0
5, 13280, Note_on_c, 1, 56, 92
5, 13310, Note_on_c, 1, 56, 0
5, 13312, Note_on_c, 1, 55, 92
5, 13342, Note_on_c, 1, 55, 0
5, 13344, Note_on_c, 1, 51, 92
5, 13438, Note_on_c, 1, 51, 0
5, 13440, Note_on_c, 1, 53, 92
5, 13600, Note_on_c, 1, 53, 0
5, 13632, Note_on_c, 1, 55, 92
5, 13792, Note_on_c, 1, 55, 0
5, 13824, Note_on_c, 1, 57, 92
5, 13984, Note_on_c, 1, 57, 0
5, 14016, Note_on_c, 1, 57, 92
5, 14176, Note_on_c, 1, 57, 0
5, 14208, Note_on_c, 1, 65, 92
5, 14368, Note_on_c, 1, 65, 0
5, 14400, Note_on_c, 1, 65, 92
5, 14560, Note_on_c, 1, 65, 0
5, 14592, Note_on_c, 1, 65, 92
5, 14752, Note_on_c, 1, 65, 0
5, 14784, Note_on_c, 1, 65, 92
5, 14944, Note_on_c, 1, 65, 0
5, 14976, Note_on_c, 1, 65, 92
5, 15024, Note_on_c, 1, 65, 0
5, 15024, Note_on_c, 1, 67, 92
5, 15166, Note_on_c, 1, 67, 0
5, 15168, Note_on_c, 1, 67, 92
5, 15262, Note_on_c, 1, 67, 0
5, 15264, Note_on_c, 1, 67, 92
5, 15310, Note_on_c, 1, 67, 0
5, 15312, Note_on_c, 1, 69, 92
5, 15358, Note_on_c, 1, 69, 0
5, 15360, Note_on_c, 1, 67, 92
5, 15520, Note_on_c, 1, 67, 0
5, 15552, Note_on_c, 1, 67, 92
5, 15646, Note_on_c, 1, 67, 0
5, 15648, Note_on_c, 1, 65, 92
5, 15742, Note_on_c, 1, 65, 0
5, 15744, Note_on_c, 1, 67, 92
5, 15904, Note_on_c, 1, 67, 0
5, 15936, Note_on_c, 1, 67, 92
5, 15984, Note_on_c, 1, 67, 0
5, 15984, Note_on_c, 1, 69, 92
5, 16126, Note_on_c, 1, 69, 0
5, 16128, Note_on_c, 1, 70, 92
5, 16288, Note_on_c, 1, 70, 0
5, 16320, Note_on_c, 1, 67, 92
5, 16480, Note_on_c, 1, 67, 0
5, 16512, Note_on_c, 1, 67, 92
5, 16560, Note_on_c, 1, 67, 0
5, 16560, Note_on_c, 1, 69, 92
5, 16702, Note_on_c, 1, 69, 0
5, 16704, Note_on_c, 1, 70, 92
5, 16864, Note_on_c, 1, 70, 0
5, 16896, Note_on_c, 1, 72, 92
5, 17232, Note_on_c, 1, 72, 0
5, 18480, Note_on_c, 1, 71, 92
5, 18526, Note_on_c, 1, 71, 0
5, 18528, Note_on_c, 1, 71, 92
5, 18574, Note_on_c, 1, 71, 0
5, 18576, Note_on_c, 1, 71, 92
5, 18622, Note_on_c, 1, 71, 0
5, 18624, Note_on_c, 1, 71, 92
5, 18670, Note_on_c, 1, 71, 0
5, 18672, Note_on_c, 1, 69, 92
5, 18766, Note_on_c, 1, 69, 0
5, 18768, Note_on_c, 1, 67, 92
5, 18814, Note_on_c, 1, 67, 0
5, 18816, Note_on_c, 1, 67, 92
5, 19152, Note_on_c, 1, 67, 0
5, 19248, Note_on_c, 1, 69, 92
5, 19294, Note_on_c, 1, 69, 0
5, 19296, Note_on_c, 1, 69, 92
5, 19342, Note_on_c, 1, 69, 0
5, 19344, Note_on_c, 1, 69, 92
5, 19390, Note_on_c, 1, 69, 0
5, 19392, Note_on_c, 1, 69, 92
5, 19438, Note_on_c, 1, 69, 0
5, 19440, Note_on_c, 1, 67, 92
5, 19534, Note_on_c, 1, 67, 0
5, 19536, Note_on_c, 1, 66, 92
5, 19582, Note_on_c, 1, 66, 0
5, 19584, Note_on_c, 1, 67, 92
5, 19920, Note_on_c, 1, 67, 0
5, 20016, Note_on_c, 1, 72, 92
5, 20062, Note_on_c, 1, 72, 0
5, 20064, Note_on_c, 1, 72, 92
5, 20110, Note_on_c, 1, 72, 0
5, 20112, Note_on_c, 1, 72, 92
5, 20158, Note_on_c, 1, 72, 0
5, 20160, Note_on_c, 1, 72, 92
5, 20206, Note_on_c, 1, 72, 0
5, 20208, Note_on_c, 1, 71, 92
5, 20302, Note_on_c, 1, 71, 0
5, 20304, Note_on_c, 1, 69, 92
5, 20350, Note_on_c, 1, 69, 0
5, 20352, Note_on_c, 1, 67, 92
5, 20688, Note_on_c, 1, 67, 0
5, 20784, Note_on_c, 1, 69, 92
5, 20830, Note_on_c, 1, 69, 0
5, 20832, Note_on_c, 1, 69, 92
5, 20878, Note_on_c, 1, 69, 0
5, 20880, Note_on_c, 1, 69, 92
5, 20926, Note_on_c, 1, 69, 0
5, 20928, Note_on_c, 1, 69, 92
5, 20974, Note_on_c, 1, 69, 0
5, 20976, Note_on_c, 1, 67, 92
5, 21070, Note_on_c, 1, 67, 0
5, 21072, Note_on_c, 1, 66, 92
5, 21118, Note_on_c, 1, 66, 0
5, 21120, Note_on_c, 1, 67, 92
5, 21456, Note_on_c, 1, 67, 0
5, 21552, Note_on_c, 1, 72, 92
5, 21598, Note_on_c, 1, 72, 0
5, 21600, Note_on_c, 1, 72, 92
5, 21646, Note_on_c, 1, 72, 0
5, 21648, Note_on_c, 1, 72, 92
5, 21694, Note_on_c, 1, 72, 0
5, 21696, Note_on_c, 1, 72, 92
5, 21742, Note_on_c, 1, 72, 0
5, 21744, Note_on_c, 1, 71, 92
5, 21838, Note_on_c, 1, 71, 0
5, 21840, Note_on_c, 1, 69, 92
5, 21886, Note_on_c, 1, 69, 0
5, 21888, Note_on_c, 1, 67, 92
5, 22224, Note_on_c, 1, 67, 0
5, 22320, Note_on_c, 1, 70, 92
5, 22366, Note_on_c, 1, 70, 0
5, 22368, Note_on_c, 1, 70, 92
5, 22414, Note_on_c, 1, 70, 0
5, 22416, Note_on_c, 1, 70, 92
5, 22462, Note_on_c, 1, 70, 0
5, 22464, Note_on_c, 1, 70, 92
5, 22510, Note_on_c, 1, 70, 0
5, 22512, Note_on_c, 1, 69, 92
5, 22606, Note_on_c, 1, 69, 0
5, 22608, Note_on_c, 1, 67, 92
5, 22654, Note_on_c, 1, 67, 0
5, 22848, Note_on_c, 1, 63, 92
5, 22848, Note_on_c, 1, 69, 92
5, 22870, Note_on_c, 1, 63, 0
5, 22870, Note_on_c, 1, 69, 0
5, 22872, Note_on_c, 1, 66, 92
5, 22872, Note_on_c, 1, 70, 92
5, 22894, Note_on_c, 1, 66, 0
5, 22894, Note_on_c, 1, 70, 0
5, 22896, Note_on_c, 1, 63, 92
5, 22896, Note_on_c, 1, 69, 92
5, 23038, Note_on_c, 1, 63, 0
5, 23038, Note_on_c, 1, 68, 0
5, 23038, End_track
0, 0, End_of_file
