0, 0, Header, 1, 7, 96
1, 0, Start_track
1, 0, Time_signature, 3, 2, 24, 8
1, 0, Key_signature, 2, "major"
1, 0, Tempo, 600000
1, 0, End_track
2, 0, Start_track
2, 0, MIDI_port, 0
2, 0, Title_t, "Soft Karaoke"
2, 0, Text_t, "@KMIDI KARAOKE FILE"
2, 0, Text_t, "@V0100"
2, 0, Text_t, "@I 05-25-94, 09:54, R.L."
2, 0, End_track
3, 0, Start_track
3, 0, MIDI_port, 0
3, 0, Title_t, "Words"
3, 0, Text_t, "@LENGL"
3, 0, Text_t, "@TOPEN ARMS"
3, 0, Text_t, "@TJourney"
3, 2304, Text_t, "\\Ly"
3, 2400, Text_t, "ing"
3, 2544, Text_t, " be"
3, 2592, Text_t, "side"
3, 2688, Text_t, " you,"
3, 2880, Text_t, " here"
3, 2976, Text_t, " in"
3, 3120, Text_t, " the"
3, 3168, Text_t, " dark"
3, 3456, Text_t, "/Fee"
3, 3552, Text_t, "ling"
3, 3648, Text_t, " your"
3, 3744, Text_t, " heart"
3, 3840, Text_t, "beat"
3, 3936, Text_t, " with"
3, 4032, Text_t, " mine"
3, 4608, Text_t, "\\Soft"
3, 4704, Text_t, "ly"
3, 4848, Text_t, " you"
3, 4896, Text_t, " whis"
3, 4992, Text_t, "per,"
3, 5184, Text_t, " you're"
3, 5280, Text_t, " so"
3, 5424, Text_t, " sin"
3, 5472, Text_t, "cere"
3, 5760, Text_t, "/How"
3, 5856, Text_t, " could"
3, 5952, Text_t, " our"
3, 6048, Text_t, " love"
3, 6144, Text_t, " be"
3, 6240, Text_t, " so"
3, 6336, Text_t, " blind"
3, 6864, Text_t, "\\We"
3, 6912, Text_t, " sailed"
3, 7008, Text_t, " on"
3, 7152, Text_t, " to"
3, 7200, Text_t, "ge"
3, 7248, Text_t, "ther"
3, 7440, Text_t, "/We"
3, 7488, Text_t, " drif"
3, 7584, Text_t, "ted"
3, 7680, Text_t, " a"
3, 7776, Text_t, "part"
3, 7968, Text_t, "/And"
3, 8064, Text_t, " here"
3, 8256, Text_t, " you"
3, 8352, Text_t, " are"
3, 8448, Text_t, " by"
3, 8544, Text_t, " my"
3, 8640, Text_t, " side"
3, 9504, Text_t, "\\So"
3, 9600, Text_t, " now"
3, 9696, Text_t, " I"
3, 9792, Text_t, " come"
3, 10032, Text_t, " to"
3, 10080, Text_t, " you,"
3, 10320, Text_t, " with"
3, 10368, Text_t, " o"
3, 10560, Text_t, "pen"
3, 10656, Text_t, " arms"
3, 10944, Text_t, "/No"
3, 11040, Text_t, "thing"
3, 11184, Text_t, " to"
3, 11232, Text_t, " hide,"
3, 11472, Text_t, " be"
3, 11520, Text_t, "lieve"
3, 11616, Text_t, " what"
3, 11760, Text_t, " I"
3, 11808, Text_t, " say"
3, 12048, Text_t, "\\So"
3, 12096, Text_t, " here"
3, 12336, Text_t, " I"
3, 12384, Text_t, " am"
3, 12624, Text_t, " with"
3, 12672, Text_t, " o"
3, 12864, Text_t, "pen"
3, 12960, Text_t, " arms"
3, 13248, Text_t, "/Ho"
3, 13344, Text_t, "ping"
3, 13488, Text_t, " you'll"
3, 13536, Text_t, " see"
3, 13728, Text_t, " what"
3, 13776, Text_t, " your"
3, 13824, Text_t, " love"
3, 13920, Text_t, " means"
3, 14064, Text_t, " to"
3, 14112, Text_t, " me"
3, 14304, Text_t, "/O"
3, 14352, Text_t, "pen"
3, 14400, Text_t, " arms"
3, 16704, Text_t, "\\Li"
3, 16800, Text_t, "ving"
3, 16944, Text_t, " with"
3, 16992, Text_t, "out"
3, 17088, Text_t, " you,"
3, 17280, Text_t, " li"
3, 17376, Text_t, "ving"
3, 17520, Text_t, " a"
3, 17568, Text_t, "lone"
3, 17856, Text_t, "/This"
3, 17952, Text_t, " em"
3, 18048, Text_t, "pty"
3, 18144, Text_t, " house"
3, 18240, Text_t, " seems"
3, 18336, Text_t, " so"
3, 18432, Text_t, " cold"
3, 19008, Text_t, "\\Wan"
3, 19104, Text_t, "ting"
3, 19248, Text_t, " to"
3, 19296, Text_t, " hold"
3, 19392, Text_t, " you,"
3, 19584, Text_t, " wan"
3, 19680, Text_t, "ting"
3, 19824, Text_t, " you"
3, 19872, Text_t, " near"
3, 20160, Text_t, "/How"
3, 20256, Text_t, " much"
3, 20352, Text_t, " I"
3, 20448, Text_t, " want"
3, 20640, Text_t, " you"
3, 20736, Text_t, " home"
3, 21264, Text_t, "\\But"
3, 21312, Text_t, " now"
3, 21408, Text_t, " that"
3, 21552, Text_t, " you've"
3, 21600, Text_t, " come"
3, 21696, Text_t, " back"
3, 21840, Text_t, "/Turned"
3, 21888, Text_t, " night"
3, 21984, Text_t, " in"
3, 22080, Text_t, "to"
3, 22176, Text_t, " day"
3, 22464, Text_t, "/I"
3, 22752, Text_t, " need"
3, 22848, Text_t, " you"
3, 22944, Text_t, " to"
3, 23040, Text_t, " stay"
3, 23904, Text_t, "\\So"
3, 24000, Text_t, " now"
3, 24096, Text_t, " I"
3, 24192, Text_t, " come"
3, 24432, Text_t, " to"
3, 24480, Text_t, " you,"
3, 24720, Text_t, " with"
3, 24768, Text_t, " o"
3, 24960, Text_t, "pen"
3, 25056, Text_t, " arms"
3, 25344, Text_t, "/No"
3, 25440, Text_t, "thing"
3, 25584, Text_t, " to"
3, 25632, Text_t, " hide,"
3, 25872, Text_t, " be"
3, 25920, Text_t, "lieve"
3, 26016, Text_t, " what"
3, 26160, Text_t, " I"
3, 26208, Text_t, " say"
3, 26448, Text_t, "\\So"
3, 26496, Text_t, " here"
3, 26736, Text_t, " I"
3, 26784, Text_t, " am"
3, 27024, Text_t, " with"
3, 27072, Text_t, " o"
3, 27264, Text_t, "pen"
3, 27360, Text_t, " arms"
3, 27648, Text_t, "/Ho"
3, 27744, Text_t, "ping"
3, 27888, Text_t, " you'll"
3, 27936, Text_t, " see"
3, 28128, Text_t, " what"
3, 28176, Text_t, " your"
3, 28224, Text_t, " love"
3, 28320, Text_t, " means"
3, 28464, Text_t, " to"
3, 28512, Text_t, " me"
3, 28704, Text_t, "/O"
3, 28752, Text_t, "pen"
3, 28800, Text_t, " arms"
3, 28800, End_track
4, 0, Start_track
4, 0, MIDI_port, 0
4, 0, Title_t, "Melody"
4, 0, Program_c, 1, 91
4, 0, Control_c, 1, 7, 100
4, 0, Control_c, 1, 10, 64
4, 2304, Note_on_c, 1, 69, 64
4, 2400, Note_on_c, 1, 69, 0
4, 2400, Note_on_c, 1, 76, 64
4, 2544, Note_on_c, 1, 76, 0
4, 2544, Note_on_c, 1, 78, 64
4, 2592, Note_on_c, 1, 78, 0
4, 2592, Note_on_c, 1, 74, 64
4, 2640, Note_on_c, 1, 74, 0
4, 2640, Note_on_c, 1, 69, 64
4, 2688, Note_on_c, 1, 69, 0
4, 2688, Note_on_c, 1, 69, 64
4, 2880, Note_on_c, 1, 69, 0
4, 2880, Note_on_c, 1, 69, 64
4, 2976, Note_on_c, 1, 69, 0
4, 2976, Note_on_c, 1, 76, 64
4, 3120, Note_on_c, 1, 76, 0
4, 3120, Note_on_c, 1, 73, 64
4, 3168, Note_on_c, 1, 73, 0
4, 3168, Note_on_c, 1, 74, 64
4, 3456, Note_on_c, 1, 74, 0
4, 3456, Note_on_c, 1, 74, 64
4, 3552, Note_on_c, 1, 74, 0
4, 3552, Note_on_c, 1, 73, 64
4, 3648, Note_on_c, 1, 73, 0
4, 3648, Note_on_c, 1, 74, 64
4, 3744, Note_on_c, 1, 74, 0
4, 3744, Note_on_c, 1, 73, 64
4, 3840, Note_on_c, 1, 73, 0
4, 3840, Note_on_c, 1, 69, 64
4, 3936, Note_on_c, 1, 69, 0
4, 3936, Note_on_c, 1, 73, 64
4, 3984, Note_on_c, 1, 66, 64
4, 4032, Note_on_c, 1, 66, 0
4, 4032, Note_on_c, 1, 73, 0
4, 4032, Note_on_c, 1, 71, 64
4, 4032, Note_on_c, 1, 73, 64
4, 4080, Note_on_c, 1, 73, 0
4, 4080, Note_on_c, 1, 71, 64
4, 4320, Note_on_c, 1, 71, 0
4, 4320, Note_on_c, 1, 71, 0
4, 4608, Note_on_c, 1, 69, 64
4, 4704, Note_on_c, 1, 69, 0
4, 4704, Note_on_c, 1, 76, 64
4, 4848, Note_on_c, 1, 76, 0
4, 4848, Note_on_c, 1, 78, 64
4, 4896, Note_on_c, 1, 78, 0
4, 4896, Note_on_c, 1, 74, 64
4, 4944, Note_on_c, 1, 74, 0
4, 4944, Note_on_c, 1, 69, 64
4, 4992, Note_on_c, 1, 69, 0
4, 4992, Note_on_c, 1, 69, 64
4, 5184, Note_on_c, 1, 69, 0
4, 5184, Note_on_c, 1, 69, 64
4, 5280, Note_on_c, 1, 69, 0
4, 5280, Note_on_c, 1, 76, 64
4, 5424, Note_on_c, 1, 76, 0
4, 5424, Note_on_c, 1, 73, 64
4, 5472, Note_on_c, 1, 73, 0
4, 5472, Note_on_c, 1, 74, 64
4, 5760, Note_on_c, 1, 74, 0
4, 5760, Note_on_c, 1, 74, 64
4, 5856, Note_on_c, 1, 74, 0
4, 5856, Note_on_c, 1, 73, 64
4, 5952, Note_on_c, 1, 73, 0
4, 5952, Note_on_c, 1, 74, 64
4, 6048, Note_on_c, 1, 74, 0
4, 6048, Note_on_c, 1, 73, 64
4, 6144, Note_on_c, 1, 73, 0
4, 6144, Note_on_c, 1, 69, 64
4, 6240, Note_on_c, 1, 69, 0
4, 6240, Note_on_c, 1, 73, 64
4, 6288, Note_on_c, 1, 66, 64
4, 6336, Note_on_c, 1, 66, 0
4, 6336, Note_on_c, 1, 73, 0
4, 6336, Note_on_c, 1, 71, 64
4, 6336, Note_on_c, 1, 73, 64
4, 6384, Note_on_c, 1, 73, 0
4, 6384, Note_on_c, 1, 71, 64
4, 6624, Note_on_c, 1, 71, 0
4, 6624, Note_on_c, 1, 71, 0
4, 6864, Note_on_c, 1, 76, 64
4, 6912, Note_on_c, 1, 76, 0
4, 6912, Note_on_c, 1, 76, 64
4, 7008, Note_on_c, 1, 76, 0
4, 7008, Note_on_c, 1, 76, 64
4, 7152, Note_on_c, 1, 76, 0
4, 7152, Note_on_c, 1, 74, 64
4, 7200, Note_on_c, 1, 74, 0
4, 7200, Note_on_c, 1, 74, 64
4, 7224, Note_on_c, 1, 74, 0
4, 7224, Note_on_c, 1, 71, 64
4, 7296, Note_on_c, 1, 71, 0
4, 7440, Note_on_c, 1, 76, 64
4, 7488, Note_on_c, 1, 76, 0
4, 7488, Note_on_c, 1, 78, 64
4, 7584, Note_on_c, 1, 78, 0
4, 7584, Note_on_c, 1, 76, 64
4, 7632, Note_on_c, 1, 76, 0
4, 7632, Note_on_c, 1, 74, 64
4, 7680, Note_on_c, 1, 74, 0
4, 7680, Note_on_c, 1, 74, 64
4, 7776, Note_on_c, 1, 74, 0
4, 7776, Note_on_c, 1, 71, 64
4, 7872, Note_on_c, 1, 71, 0
4, 7968, Note_on_c, 1, 73, 64
4, 8064, Note_on_c, 1, 73, 0
4, 8064, Note_on_c, 1, 74, 64
4, 8256, Note_on_c, 1, 74, 0
4, 8256, Note_on_c, 1, 74, 64
4, 8352, Note_on_c, 1, 74, 0
4, 8352, Note_on_c, 1, 73, 64
4, 8448, Note_on_c, 1, 73, 0
4, 8448, Note_on_c, 1, 74, 64
4, 8544, Note_on_c, 1, 74, 0
4, 8544, Note_on_c, 1, 73, 64
4, 8592, Note_on_c, 1, 73, 0
4, 8592, Note_on_c, 1, 71, 64
4, 8640, Note_on_c, 1, 71, 0
4, 8640, Note_on_c, 1, 73, 64
4, 8688, Note_on_c, 1, 73, 0
4, 8688, Note_on_c, 1, 71, 64
4, 8928, Note_on_c, 1, 71, 0
4, 9504, Note_on_c, 1, 74, 64
4, 9600, Note_on_c, 1, 74, 0
4, 9600, Note_on_c, 1, 78, 64
4, 9696, Note_on_c, 1, 78, 0
4, 9696, Note_on_c, 1, 79, 64
4, 9792, Note_on_c, 1, 79, 0
4, 9792, Note_on_c, 1, 81, 64
4, 10032, Note_on_c, 1, 81, 0
4, 10032, Note_on_c, 1, 78, 64
4, 10080, Note_on_c, 1, 78, 0
4, 10080, Note_on_c, 1, 81, 64
4, 10320, Note_on_c, 1, 81, 0
4, 10320, Note_on_c, 1, 74, 64
4, 10368, Note_on_c, 1, 74, 0
4, 10368, Note_on_c, 1, 81, 64
4, 10560, Note_on_c, 1, 81, 0
4, 10560, Note_on_c, 1, 83, 64
4, 10656, Note_on_c, 1, 83, 0
4, 10656, Note_on_c, 1, 83, 64
4, 10704, Note_on_c, 1, 83, 0
4, 10704, Note_on_c, 1, 81, 64
4, 10944, Note_on_c, 1, 81, 0
4, 10944, Note_on_c, 1, 81, 64
4, 11040, Note_on_c, 1, 81, 0
4, 11040, Note_on_c, 1, 79, 64
4, 11184, Note_on_c, 1, 79, 0
4, 11184, Note_on_c, 1, 78, 64
4, 11232, Note_on_c, 1, 78, 0
4, 11232, Note_on_c, 1, 76, 64
4, 11424, Note_on_c, 1, 76, 0
4, 11424, Note_on_c, 1, 78, 64
4, 11472, Note_on_c, 1, 78, 0
4, 11472, Note_on_c, 1, 74, 64
4, 11472, Note_on_c, 1, 79, 64
4, 11520, Note_on_c, 1, 79, 0
4, 11520, Note_on_c, 1, 74, 0
4, 11520, Note_on_c, 1, 81, 64
4, 11616, Note_on_c, 1, 81, 0
4, 11616, Note_on_c, 1, 79, 64
4, 11712, Note_on_c, 1, 79, 0
4, 11712, Note_on_c, 1, 78, 64
4, 11808, Note_on_c, 1, 78, 0
4, 11808, Note_on_c, 1, 78, 64
4, 11809, Note_on_c, 1, 78, 0
4, 11832, Note_on_c, 1, 76, 64
4, 11856, Note_on_c, 1, 76, 0
4, 11856, Note_on_c, 1, 74, 64
4, 12000, Note_on_c, 1, 74, 0
4, 12048, Note_on_c, 1, 74, 64
4, 12096, Note_on_c, 1, 74, 0
4, 12096, Note_on_c, 1, 81, 64
4, 12336, Note_on_c, 1, 81, 0
4, 12336, Note_on_c, 1, 78, 64
4, 12384, Note_on_c, 1, 78, 0
4, 12384, Note_on_c, 1, 81, 64
4, 12624, Note_on_c, 1, 81, 0
4, 12624, Note_on_c, 1, 74, 64
4, 12672, Note_on_c, 1, 74, 0
4, 12672, Note_on_c, 1, 81, 64
4, 12864, Note_on_c, 1, 81, 0
4, 12864, Note_on_c, 1, 83, 64
4, 12960, Note_on_c, 1, 83, 0
4, 12960, Note_on_c, 1, 83, 64
4, 13008, Note_on_c, 1, 83, 0
4, 13008, Note_on_c, 1, 81, 64
4, 13248, Note_on_c, 1, 81, 0
4, 13248, Note_on_c, 1, 81, 64
4, 13344, Note_on_c, 1, 81, 0
4, 13344, Note_on_c, 1, 79, 64
4, 13488, Note_on_c, 1, 79, 0
4, 13488, Note_on_c, 1, 78, 64
4, 13536, Note_on_c, 1, 78, 0
4, 13536, Note_on_c, 1, 76, 64
4, 13728, Note_on_c, 1, 76, 0
4, 13728, Note_on_c, 1, 78, 64
4, 13776, Note_on_c, 1, 78, 0
4, 13776, Note_on_c, 1, 74, 64
4, 13776, Note_on_c, 1, 79, 64
4, 13824, Note_on_c, 1, 79, 0
4, 13824, Note_on_c, 1, 74, 0
4, 13824, Note_on_c, 1, 81, 64
4, 13920, Note_on_c, 1, 81, 0
4, 13920, Note_on_c, 1, 79, 64
4, 14064, Note_on_c, 1, 79, 0
4, 14064, Note_on_c, 1, 78, 64
4, 14112, Note_on_c, 1, 78, 0
4, 14112, Note_on_c, 1, 76, 64
4, 14160, Note_on_c, 1, 76, 0
4, 14160, Note_on_c, 1, 74, 64
4, 14304, Note_on_c, 1, 74, 0
4, 14304, Note_on_c, 1, 74, 64
4, 14352, Note_on_c, 1, 74, 0
4, 14352, Note_on_c, 1, 73, 64
4, 14400, Note_on_c, 1, 73, 0
4, 14400, Note_on_c, 1, 74, 64
4, 14592, Note_on_c, 1, 74, 0
4, 16704, Note_on_c, 1, 69, 64
4, 16800, Note_on_c, 1, 69, 0
4, 16800, Note_on_c, 1, 76, 64
4, 16944, Note_on_c, 1, 76, 0
4, 16944, Note_on_c, 1, 78, 64
4, 16992, Note_on_c, 1, 78, 0
4, 16992, Note_on_c, 1, 74, 64
4, 17040, Note_on_c, 1, 74, 0
4, 17040, Note_on_c, 1, 69, 64
4, 17088, Note_on_c, 1, 69, 0
4, 17088, Note_on_c, 1, 69, 64
4, 17280, Note_on_c, 1, 69, 0
4, 17280, Note_on_c, 1, 69, 64
4, 17376, Note_on_c, 1, 69, 0
4, 17376, Note_on_c, 1, 76, 64
4, 17520, Note_on_c, 1, 76, 0
4, 17520, Note_on_c, 1, 73, 64
4, 17568, Note_on_c, 1, 73, 0
4, 17568, Note_on_c, 1, 74, 64
4, 17856, Note_on_c, 1, 74, 0
4, 17856, Note_on_c, 1, 74, 64
4, 17952, Note_on_c, 1, 74, 0
4, 17952, Note_on_c, 1, 73, 64
4, 18048, Note_on_c, 1, 73, 0
4, 18048, Note_on_c, 1, 74, 64
4, 18144, Note_on_c, 1, 74, 0
4, 18144, Note_on_c, 1, 73, 64
4, 18240, Note_on_c, 1, 73, 0
4, 18240, Note_on_c, 1, 69, 64
4, 18336, Note_on_c, 1, 69, 0
4, 18336, Note_on_c, 1, 73, 64
4, 18384, Note_on_c, 1, 66, 64
4, 18432, Note_on_c, 1, 66, 0
4, 18432, Note_on_c, 1, 73, 0
4, 18432, Note_on_c, 1, 71, 64
4, 18432, Note_on_c, 1, 73, 64
4, 18480, Note_on_c, 1, 73, 0
4, 18480, Note_on_c, 1, 71, 64
4, 18720, Note_on_c, 1, 71, 0
4, 18720, Note_on_c, 1, 71, 0
4, 19008, Note_on_c, 1, 69, 64
4, 19104, Note_on_c, 1, 69, 0
4, 19104, Note_on_c, 1, 76, 64
4, 19248, Note_on_c, 1, 76, 0
4, 19248, Note_on_c, 1, 78, 64
4, 19296, Note_on_c, 1, 78, 0
4, 19296, Note_on_c, 1, 74, 64
4, 19344, Note_on_c, 1, 74, 0
4, 19344, Note_on_c, 1, 69, 64
4, 19392, Note_on_c, 1, 69, 0
4, 19392, Note_on_c, 1, 69, 64
4, 19584, Note_on_c, 1, 69, 0
4, 19584, Note_on_c, 1, 69, 64
4, 19680, Note_on_c, 1, 69, 0
4, 19680, Note_on_c, 1, 76, 64
4, 19824, Note_on_c, 1, 76, 0
4, 19824, Note_on_c, 1, 73, 64
4, 19872, Note_on_c, 1, 73, 0
4, 19872, Note_on_c, 1, 74, 64
4, 20160, Note_on_c, 1, 74, 0
4, 20160, Note_on_c, 1, 74, 64
4, 20256, Note_on_c, 1, 74, 0
4, 20256, Note_on_c, 1, 73, 64
4, 20352, Note_on_c, 1, 73, 0
4, 20352, Note_on_c, 1, 74, 64
4, 20448, Note_on_c, 1, 74, 0
4, 20448, Note_on_c, 1, 73, 64
4, 20544, Note_on_c, 1, 73, 0
4, 20544, Note_on_c, 1, 69, 64
4, 20640, Note_on_c, 1, 69, 0
4, 20640, Note_on_c, 1, 73, 64
4, 20688, Note_on_c, 1, 66, 64
4, 20736, Note_on_c, 1, 66, 0
4, 20736, Note_on_c, 1, 73, 0
4, 20736, Note_on_c, 1, 71, 64
4, 20736, Note_on_c, 1, 73, 64
4, 20784, Note_on_c, 1, 73, 0
4, 20784, Note_on_c, 1, 71, 64
4, 21024, Note_on_c, 1, 71, 0
4, 21024, Note_on_c, 1, 71, 0
4, 21264, Note_on_c, 1, 76, 64
4, 21312, Note_on_c, 1, 76, 0
4, 21312, Note_on_c, 1, 76, 64
4, 21408, Note_on_c, 1, 76, 0
4, 21408, Note_on_c, 1, 76, 64
4, 21552, Note_on_c, 1, 76, 0
4, 21552, Note_on_c, 1, 74, 64
4, 21600, Note_on_c, 1, 74, 0
4, 21600, Note_on_c, 1, 74, 64
4, 21624, Note_on_c, 1, 74, 0
4, 21624, Note_on_c, 1, 71, 64
4, 21696, Note_on_c, 1, 71, 0
4, 21840, Note_on_c, 1, 76, 64
4, 21888, Note_on_c, 1, 76, 0
4, 21888, Note_on_c, 1, 78, 64
4, 21984, Note_on_c, 1, 78, 0
4, 21984, Note_on_c, 1, 76, 64
4, 22032, Note_on_c, 1, 76, 0
4, 22032, Note_on_c, 1, 74, 64
4, 22080, Note_on_c, 1, 74, 0
4, 22080, Note_on_c, 1, 74, 64
4, 22176, Note_on_c, 1, 74, 0
4, 22176, Note_on_c, 1, 71, 64
4, 22272, Note_on_c, 1, 71, 0
4, 22368, Note_on_c, 1, 73, 64
4, 22464, Note_on_c, 1, 73, 0
4, 22464, Note_on_c, 1, 74, 64
4, 22656, Note_on_c, 1, 74, 0
4, 22656, Note_on_c, 1, 74, 64
4, 22752, Note_on_c, 1, 74, 0
4, 22752, Note_on_c, 1, 73, 64
4, 22848, Note_on_c, 1, 73, 0
4, 22848, Note_on_c, 1, 74, 64
4, 22944, Note_on_c, 1, 74, 0
4, 22944, Note_on_c, 1, 73, 64
4, 22992, Note_on_c, 1, 73, 0
4, 22992, Note_on_c, 1, 71, 64
4, 23040, Note_on_c, 1, 71, 0
4, 23040, Note_on_c, 1, 73, 64
4, 23088, Note_on_c, 1, 73, 0
4, 23088, Note_on_c, 1, 71, 64
4, 23328, Note_on_c, 1, 71, 0
4, 23904, Note_on_c, 1, 74, 64
4, 24000, Note_on_c, 1, 74, 0
4, 24000, Note_on_c, 1, 78, 64
4, 24096, Note_on_c, 1, 78, 0
4, 24096, Note_on_c, 1, 79, 64
4, 24192, Note_on_c, 1, 79, 0
4, 24192, Note_on_c, 1, 81, 64
4, 24432, Note_on_c, 1, 81, 0
4, 24432, Note_on_c, 1, 78, 64
4, 24480, Note_on_c, 1, 78, 0
4, 24480, Note_on_c, 1, 81, 64
4, 24720, Note_on_c, 1, 81, 0
4, 24720, Note_on_c, 1, 74, 64
4, 24768, Note_on_c, 1, 74, 0
4, 24768, Note_on_c, 1, 81, 64
4, 24960, Note_on_c, 1, 81, 0
4, 24960, Note_on_c, 1, 83, 64
4, 25056, Note_on_c, 1, 83, 0
4, 25056, Note_on_c, 1, 83, 64
4, 25104, Note_on_c, 1, 83, 0
4, 25104, Note_on_c, 1, 81, 64
4, 25344, Note_on_c, 1, 81, 0
4, 25344, Note_on_c, 1, 81, 64
4, 25440, Note_on_c, 1, 81, 0
4, 25440, Note_on_c, 1, 79, 64
4, 25584, Note_on_c, 1, 79, 0
4, 25584, Note_on_c, 1, 78, 64
4, 25632, Note_on_c, 1, 78, 0
4, 25632, Note_on_c, 1, 76, 64
4, 25824, Note_on_c, 1, 76, 0
4, 25824, Note_on_c, 1, 78, 64
4, 25872, Note_on_c, 1, 78, 0
4, 25872, Note_on_c, 1, 74, 64
4, 25872, Note_on_c, 1, 79, 64
4, 25920, Note_on_c, 1, 79, 0
4, 25920, Note_on_c, 1, 74, 0
4, 25920, Note_on_c, 1, 81, 64
4, 26016, Note_on_c, 1, 81, 0
4, 26016, Note_on_c, 1, 79, 64
4, 26112, Note_on_c, 1, 79, 0
4, 26112, Note_on_c, 1, 78, 64
4, 26208, Note_on_c, 1, 78, 0
4, 26208, Note_on_c, 1, 78, 64
4, 26209, Note_on_c, 1, 78, 0
4, 26232, Note_on_c, 1, 76, 64
4, 26256, Note_on_c, 1, 76, 0
4, 26256, Note_on_c, 1, 74, 64
4, 26400, Note_on_c, 1, 74, 0
4, 26448, Note_on_c, 1, 74, 64
4, 26496, Note_on_c, 1, 74, 0
4, 26496, Note_on_c, 1, 81, 64
4, 26736, Note_on_c, 1, 81, 0
4, 26736, Note_on_c, 1, 78, 64
4, 26784, Note_on_c, 1, 78, 0
4, 26784, Note_on_c, 1, 81, 64
4, 27024, Note_on_c, 1, 81, 0
4, 27024, Note_on_c, 1, 74, 64
4, 27072, Note_on_c, 1, 74, 0
4, 27072, Note_on_c, 1, 81, 64
4, 27264, Note_on_c, 1, 81, 0
4, 27264, Note_on_c, 1, 83, 64
4, 27360, Note_on_c, 1, 83, 0
4, 27360, Note_on_c, 1, 83, 64
4, 27408, Note_on_c, 1, 83, 0
4, 27408, Note_on_c, 1, 81, 64
4, 27648, Note_on_c, 1, 81, 0
4, 27648, Note_on_c, 1, 81, 64
4, 27744, Note_on_c, 1, 81, 0
4, 27744, Note_on_c, 1, 79, 64
4, 27888, Note_on_c, 1, 79, 0
4, 27888, Note_on_c, 1, 78, 64
4, 27936, Note_on_c, 1, 78, 0
4, 27936, Note_on_c, 1, 76, 64
4, 28128, Note_on_c, 1, 76, 0
4, 28128, Note_on_c, 1, 78, 64
4, 28176, Note_on_c, 1, 78, 0
4, 28176, Note_on_c, 1, 74, 64
4, 28176, Note_on_c, 1, 79, 64
4, 28224, Note_on_c, 1, 79, 0
4, 28224, Note_on_c, 1, 74, 0
4, 28224, Note_on_c, 1, 81, 64
4, 28320, Note_on_c, 1, 81, 0
4, 28320, Note_on_c, 1, 79, 64
4, 28464, Note_on_c, 1, 79, 0
4, 28464, Note_on_c, 1, 78, 64
4, 28512, Note_on_c, 1, 78, 0
4, 28512, Note_on_c, 1, 76, 64
4, 28560, Note_on_c, 1, 76, 0
4, 28560, Note_on_c, 1, 74, 64
4, 28704, Note_on_c, 1, 74, 0
4, 28704, Note_on_c, 1, 74, 64
4, 28752, Note_on_c, 1, 74, 0
4, 28752, Note_on_c, 1, 73, 64
4, 28800, Note_on_c, 1, 73, 0
4, 28800, Note_on_c, 1, 74, 64
4, 28992, Note_on_c, 1, 74, 0
4, 28992, End_track
5, 0, Start_track
5, 0, MIDI_port, 0
5, 0, Title_t, "Piano"
5, 0, Program_c, 0, 0
5, 0, Control_c, 0, 7, 127
5, 0, Control_c, 0, 10, 64
5, 0, Control_c, 0, 64, 127
5, 0, Note_on_c, 0, 50, 64
5, 0, Note_on_c, 0, 69, 64
5, 48, Note_on_c, 0, 50, 0
5, 48, Note_on_c, 0, 54, 64
5, 96, Note_on_c, 0, 54, 0
5, 96, Note_on_c, 0, 69, 0
5, 96, Note_on_c, 0, 57, 64
5, 96, Note_on_c, 0, 76, 64
5, 144, Note_on_c, 0, 57, 0
5, 144, Note_on_c, 0, 62, 64
5, 192, Note_on_c, 0, 62, 0
5, 192, Note_on_c, 0, 57, 64
5, 240, Note_on_c, 0, 76, 0
5, 240, Note_on_c, 0, 78, 64
5, 288, Note_on_c, 0, 78, 0
5, 288, Note_on_c, 0, 74, 64
5, 336, Note_on_c, 0, 57, 0
5, 336, Note_on_c, 0, 62, 64
5, 384, Note_on_c, 0, 74, 0
5, 384, Note_on_c, 0, 69, 64
5, 432, Note_on_c, 0, 62, 0
5, 432, Note_on_c, 0, 57, 64
5, 480, Note_on_c, 0, 57, 0
5, 480, Note_on_c, 0, 62, 64
5, 540, Control_c, 0, 64, 0
5, 564, Control_c, 0, 64, 127
5, 576, Note_on_c, 0, 62, 0
5, 576, Note_on_c, 0, 69, 0
5, 576, Note_on_c, 0, 49, 64
5, 576, Note_on_c, 0, 64, 64
5, 576, Note_on_c, 0, 69, 64
5, 624, Note_on_c, 0, 49, 0
5, 624, Note_on_c, 0, 52, 64
5, 672, Note_on_c, 0, 52, 0
5, 672, Note_on_c, 0, 69, 0
5, 672, Note_on_c, 0, 64, 0
5, 672, Note_on_c, 0, 57, 64
5, 672, Note_on_c, 0, 76, 64
5, 720, Note_on_c, 0, 57, 0
5, 720, Note_on_c, 0, 61, 64
5, 768, Note_on_c, 0, 61, 0
5, 768, Note_on_c, 0, 64, 64
5, 816, Note_on_c, 0, 76, 0
5, 816, Note_on_c, 0, 73, 64
5, 864, Note_on_c, 0, 73, 0
5, 864, Note_on_c, 0, 64, 0
5, 864, Note_on_c, 0, 47, 64
5, 864, Note_on_c, 0, 67, 64
5, 864, Note_on_c, 0, 71, 64
5, 912, Note_on_c, 0, 47, 0
5, 912, Note_on_c, 0, 50, 64
5, 960, Note_on_c, 0, 50, 0
5, 960, Note_on_c, 0, 71, 0
5, 960, Note_on_c, 0, 67, 0
5, 960, Note_on_c, 0, 55, 64
5, 960, Note_on_c, 0, 67, 64
5, 1056, Note_on_c, 0, 55, 0
5, 1056, Note_on_c, 0, 59, 64
5, 1116, Control_c, 0, 64, 0
5, 1140, Control_c, 0, 64, 127
5, 1152, Note_on_c, 0, 59, 0
5, 1152, Note_on_c, 0, 67, 0
5, 1152, Note_on_c, 0, 47, 64
5, 1152, Note_on_c, 0, 74, 64
5, 1152, Note_on_c, 0, 66, 64
5, 1200, Note_on_c, 0, 47, 0
5, 1200, Note_on_c, 0, 50, 64
5, 1248, Note_on_c, 0, 50, 0
5, 1248, Note_on_c, 0, 66, 0
5, 1248, Note_on_c, 0, 74, 0
5, 1248, Note_on_c, 0, 54, 64
5, 1248, Note_on_c, 0, 64, 64
5, 1248, Note_on_c, 0, 73, 64
5, 1296, Note_on_c, 0, 54, 0
5, 1296, Note_on_c, 0, 59, 64
5, 1344, Note_on_c, 0, 59, 0
5, 1344, Note_on_c, 0, 54, 64
5, 1392, Note_on_c, 0, 73, 0
5, 1392, Note_on_c, 0, 64, 0
5, 1392, Note_on_c, 0, 66, 64
5, 1392, Note_on_c, 0, 74, 64
5, 1440, Note_on_c, 0, 74, 0
5, 1440, Note_on_c, 0, 66, 0
5, 1440, Note_on_c, 0, 54, 0
5, 1440, Note_on_c, 0, 45, 64
5, 1440, Note_on_c, 0, 73, 64
5, 1440, Note_on_c, 0, 64, 64
5, 1488, Note_on_c, 0, 45, 0
5, 1488, Note_on_c, 0, 49, 64
5, 1536, Note_on_c, 0, 49, 0
5, 1536, Note_on_c, 0, 64, 0
5, 1536, Note_on_c, 0, 73, 0
5, 1536, Note_on_c, 0, 52, 64
5, 1536, Note_on_c, 0, 61, 64
5, 1536, Note_on_c, 0, 69, 64
5, 1584, Note_on_c, 0, 52, 0
5, 1584, Note_on_c, 0, 57, 64
5, 1632, Note_on_c, 0, 69, 0
5, 1632, Note_on_c, 0, 61, 0
5, 1632, Note_on_c, 0, 66, 64
5, 1704, Control_c, 0, 64, 0
5, 1728, Note_on_c, 0, 66, 0
5, 1728, Note_on_c, 0, 57, 0
5, 1728, Control_c, 0, 64, 127
5, 1728, Note_on_c, 0, 43, 64
5, 1728, Note_on_c, 0, 62, 64
5, 1728, Note_on_c, 0, 71, 64
5, 1776, Note_on_c, 0, 43, 0
5, 1776, Note_on_c, 0, 50, 64
5, 1824, Note_on_c, 0, 50, 0
5, 1824, Note_on_c, 0, 55, 64
5, 1872, Note_on_c, 0, 55, 0
5, 1872, Note_on_c, 0, 59, 64
5, 1920, Note_on_c, 0, 59, 0
5, 1920, Note_on_c, 0, 62, 64
5, 1968, Note_on_c, 0, 62, 0
5, 1968, Note_on_c, 0, 62, 0
5, 1968, Note_on_c, 0, 67, 64
5, 2016, Note_on_c, 0, 67, 0
5, 2016, Note_on_c, 0, 71, 0
5, 2016, Note_on_c, 0, 69, 64
5, 2064, Note_on_c, 0, 67, 64
5, 2112, Note_on_c, 0, 67, 0
5, 2112, Note_on_c, 0, 62, 64
5, 2208, Note_on_c, 0, 62, 0
5, 2208, Note_on_c, 0, 59, 64
5, 2292, Control_c, 0, 64, 0
5, 2304, Note_on_c, 0, 59, 0
5, 2304, Note_on_c, 0, 69, 0
5, 2304, Note_on_c, 0, 54, 64
5, 2304, Note_on_c, 0, 50, 64
5, 2304, Note_on_c, 0, 57, 64
5, 2310, Control_c, 0, 64, 127
5, 2400, Note_on_c, 0, 57, 0
5, 2400, Note_on_c, 0, 64, 64
5, 2448, Note_on_c, 0, 50, 0
5, 2448, Note_on_c, 0, 54, 0
5, 2448, Note_on_c, 0, 62, 64
5, 2496, Note_on_c, 0, 62, 0
5, 2496, Note_on_c, 0, 57, 64
5, 2544, Note_on_c, 0, 64, 0
5, 2544, Note_on_c, 0, 66, 64
5, 2592, Note_on_c, 0, 66, 0
5, 2592, Note_on_c, 0, 62, 64
5, 2688, Note_on_c, 0, 62, 0
5, 2688, Note_on_c, 0, 57, 0
5, 2688, Note_on_c, 0, 57, 64
5, 2880, Note_on_c, 0, 57, 0
5, 2880, Control_c, 0, 64, 0
5, 2880, Note_on_c, 0, 49, 64
5, 2880, Note_on_c, 0, 57, 64
5, 2898, Control_c, 0, 64, 127
5, 2928, Note_on_c, 0, 49, 0
5, 2928, Note_on_c, 0, 52, 64
5, 2976, Note_on_c, 0, 52, 0
5, 2976, Note_on_c, 0, 57, 0
5, 2976, Note_on_c, 0, 57, 64
5, 2976, Note_on_c, 0, 64, 64
5, 2977, Note_on_c, 0, 57, 0
5, 3120, Note_on_c, 0, 64, 0
5, 3120, Note_on_c, 0, 61, 64
5, 3168, Note_on_c, 0, 61, 0
5, 3168, Note_on_c, 0, 55, 64
5, 3168, Note_on_c, 0, 47, 64
5, 3168, Note_on_c, 0, 62, 64
5, 3414, Control_c, 0, 64, 0
5, 3444, Control_c, 0, 64, 127
5, 3456, Note_on_c, 0, 62, 0
5, 3456, Note_on_c, 0, 47, 0
5, 3456, Note_on_c, 0, 55, 0
5, 3456, Note_on_c, 0, 47, 64
5, 3456, Note_on_c, 0, 66, 64
5, 3456, Note_on_c, 0, 62, 64
5, 3504, Note_on_c, 0, 47, 0
5, 3504, Note_on_c, 0, 54, 64
5, 3552, Note_on_c, 0, 62, 0
5, 3552, Note_on_c, 0, 66, 0
5, 3552, Note_on_c, 0, 61, 64
5, 3600, Note_on_c, 0, 54, 0
5, 3600, Note_on_c, 0, 59, 64
5, 3648, Note_on_c, 0, 59, 0
5, 3648, Note_on_c, 0, 54, 64
5, 3696, Note_on_c, 0, 61, 0
5, 3696, Note_on_c, 0, 62, 64
5, 3744, Note_on_c, 0, 62, 0
5, 3744, Note_on_c, 0, 54, 0
5, 3744, Note_on_c, 0, 45, 64
5, 3744, Note_on_c, 0, 61, 64
5, 3792, Note_on_c, 0, 45, 0
5, 3792, Note_on_c, 0, 52, 64
5, 3840, Note_on_c, 0, 52, 0
5, 3840, Note_on_c, 0, 61, 0
5, 3840, Note_on_c, 0, 57, 64
5, 3936, Note_on_c, 0, 57, 0
5, 3936, Note_on_c, 0, 54, 64
5, 4020, Control_c, 0, 64, 0
5, 4032, Note_on_c, 0, 54, 0
5, 4032, Note_on_c, 0, 43, 64
5, 4032, Note_on_c, 0, 59, 64
5, 4038, Control_c, 0, 64, 127
5, 4080, Note_on_c, 0, 43, 0
5, 4080, Note_on_c, 0, 50, 64
5, 4128, Note_on_c, 0, 50, 0
5, 4128, Note_on_c, 0, 55, 64
5, 4176, Note_on_c, 0, 55, 0
5, 4176, Note_on_c, 0, 59, 0
5, 4176, Note_on_c, 0, 59, 64
5, 4177, Note_on_c, 0, 59, 0
5, 4224, Note_on_c, 0, 62, 64
5, 4272, Note_on_c, 0, 62, 0
5, 4272, Note_on_c, 0, 67, 64
5, 4320, Note_on_c, 0, 67, 0
5, 4320, Note_on_c, 0, 69, 64
5, 4368, Note_on_c, 0, 69, 0
5, 4368, Note_on_c, 0, 67, 64
5, 4416, Note_on_c, 0, 67, 0
5, 4416, Note_on_c, 0, 62, 64
5, 4464, Note_on_c, 0, 62, 0
5, 4464, Note_on_c, 0, 55, 64
5, 4512, Note_on_c, 0, 55, 0
5, 4512, Note_on_c, 0, 59, 64
5, 4596, Control_c, 0, 64, 0
5, 4608, Note_on_c, 0, 59, 0
5, 4608, Note_on_c, 0, 54, 64
5, 4608, Note_on_c, 0, 50, 64
5, 4608, Note_on_c, 0, 57, 64
5, 4620, Control_c, 0, 64, 127
5, 4704, Note_on_c, 0, 57, 0
5, 4704, Note_on_c, 0, 64, 64
5, 4752, Note_on_c, 0, 50, 0
5, 4752, Note_on_c, 0, 54, 0
5, 4752, Note_on_c, 0, 62, 64
5, 4800, Note_on_c, 0, 62, 0
5, 4800, Note_on_c, 0, 57, 64
5, 4848, Note_on_c, 0, 64, 0
5, 4848, Note_on_c, 0, 66, 64
5, 4896, Note_on_c, 0, 66, 0
5, 4896, Note_on_c, 0, 62, 64
5, 4992, Note_on_c, 0, 62, 0
5, 4992, Note_on_c, 0, 57, 0
5, 4992, Note_on_c, 0, 57, 64
5, 5178, Control_c, 0, 64, 0
5, 5184, Note_on_c, 0, 57, 0
5, 5184, Note_on_c, 0, 49, 64
5, 5184, Note_on_c, 0, 57, 64
5, 5196, Control_c, 0, 64, 127
5, 5232, Note_on_c, 0, 49, 0
5, 5232, Note_on_c, 0, 52, 64
5, 5280, Note_on_c, 0, 52, 0
5, 5280, Note_on_c, 0, 57, 0
5, 5280, Note_on_c, 0, 57, 64
5, 5280, Note_on_c, 0, 64, 64
5, 5281, Note_on_c, 0, 57, 0
5, 5424, Note_on_c, 0, 64, 0
5, 5424, Note_on_c, 0, 61, 64
5, 5472, Note_on_c, 0, 61, 0
5, 5472, Note_on_c, 0, 55, 64
5, 5472, Note_on_c, 0, 47, 64
5, 5472, Note_on_c, 0, 62, 64
5, 5736, Control_c, 0, 64, 0
5, 5754, Control_c, 0, 64, 127
5, 5760, Note_on_c, 0, 62, 0
5, 5760, Note_on_c, 0, 47, 0
5, 5760, Note_on_c, 0, 55, 0
5, 5760, Note_on_c, 0, 47, 64
5, 5760, Note_on_c, 0, 66, 64
5, 5760, Note_on_c, 0, 62, 64
5, 5808, Note_on_c, 0, 47, 0
5, 5808, Note_on_c, 0, 54, 64
5, 5856, Note_on_c, 0, 62, 0
5, 5856, Note_on_c, 0, 66, 0
5, 5856, Note_on_c, 0, 61, 64
5, 5904, Note_on_c, 0, 54, 0
5, 5904, Note_on_c, 0, 59, 64
5, 5952, Note_on_c, 0, 59, 0
5, 5952, Note_on_c, 0, 54, 64
5, 6000, Note_on_c, 0, 61, 0
5, 6000, Note_on_c, 0, 62, 64
5, 6048, Note_on_c, 0, 62, 0
5, 6048, Note_on_c, 0, 54, 0
5, 6048, Note_on_c, 0, 45, 64
5, 6048, Note_on_c, 0, 61, 64
5, 6096, Note_on_c, 0, 45, 0
5, 6096, Note_on_c, 0, 52, 64
5, 6144, Note_on_c, 0, 52, 0
5, 6144, Note_on_c, 0, 61, 0
5, 6144, Note_on_c, 0, 57, 64
5, 6240, Note_on_c, 0, 57, 0
5, 6240, Note_on_c, 0, 54, 64
5, 6312, Control_c, 0, 64, 0
5, 6330, Control_c, 0, 64, 127
5, 6336, Note_on_c, 0, 54, 0
5, 6336, Note_on_c, 0, 43, 64
5, 6336, Note_on_c, 0, 59, 64
5, 6384, Note_on_c, 0, 43, 0
5, 6384, Note_on_c, 0, 50, 64
5, 6432, Note_on_c, 0, 50, 0
5, 6432, Note_on_c, 0, 55, 64
5, 6480, Note_on_c, 0, 55, 0
5, 6480, Note_on_c, 0, 59, 0
5, 6480, Note_on_c, 0, 59, 64
5, 6481, Note_on_c, 0, 59, 0
5, 6528, Note_on_c, 0, 62, 64
5, 6576, Note_on_c, 0, 62, 0
5, 6576, Note_on_c, 0, 67, 64
5, 6624, Note_on_c, 0, 67, 0
5, 6624, Note_on_c, 0, 69, 64
5, 6672, Note_on_c, 0, 69, 0
5, 6672, Note_on_c, 0, 67, 64
5, 6720, Note_on_c, 0, 67, 0
5, 6720, Note_on_c, 0, 62, 64
5, 6816, Note_on_c, 0, 59, 64
5, 6864, Note_on_c, 0, 62, 0
5, 6864, Note_on_c, 0, 64, 64
5, 6888, Control_c, 0, 64, 0
5, 6906, Control_c, 0, 64, 127
5, 6912, Note_on_c, 0, 64, 0
5, 6912, Note_on_c, 0, 59, 0
5, 6912, Note_on_c, 0, 55, 64
5, 6912, Note_on_c, 0, 52, 64
5, 6912, Note_on_c, 0, 59, 64
5, 6912, Note_on_c, 0, 64, 64
5, 7008, Note_on_c, 0, 64, 0
5, 7008, Note_on_c, 0, 55, 0
5, 7008, Note_on_c, 0, 52, 0
5, 7008, Note_on_c, 0, 59, 0
5, 7008, Note_on_c, 0, 55, 64
5, 7008, Note_on_c, 0, 59, 64
5, 7008, Note_on_c, 0, 52, 64
5, 7008, Note_on_c, 0, 64, 64
5, 7104, Note_on_c, 0, 52, 0
5, 7104, Note_on_c, 0, 55, 0
5, 7104, Note_on_c, 0, 59, 0
5, 7104, Note_on_c, 0, 55, 64
5, 7104, Note_on_c, 0, 59, 64
5, 7104, Note_on_c, 0, 52, 64
5, 7152, Note_on_c, 0, 64, 0
5, 7152, Note_on_c, 0, 62, 64
5, 7200, Note_on_c, 0, 62, 0
5, 7200, Note_on_c, 0, 52, 0
5, 7200, Note_on_c, 0, 59, 0
5, 7200, Note_on_c, 0, 55, 0
5, 7200, Note_on_c, 0, 55, 64
5, 7200, Note_on_c, 0, 52, 64
5, 7200, Note_on_c, 0, 64, 64
5, 7224, Note_on_c, 0, 64, 0
5, 7224, Note_on_c, 0, 59, 64
5, 7296, Note_on_c, 0, 52, 0
5, 7296, Note_on_c, 0, 55, 0
5, 7296, Note_on_c, 0, 52, 64
5, 7296, Note_on_c, 0, 55, 64
5, 7392, Note_on_c, 0, 55, 0
5, 7392, Note_on_c, 0, 52, 0
5, 7392, Note_on_c, 0, 59, 0
5, 7392, Note_on_c, 0, 52, 64
5, 7392, Note_on_c, 0, 55, 64
5, 7440, Note_on_c, 0, 64, 64
5, 7464, Control_c, 0, 64, 0
5, 7482, Control_c, 0, 64, 127
5, 7488, Note_on_c, 0, 64, 0
5, 7488, Note_on_c, 0, 55, 0
5, 7488, Note_on_c, 0, 52, 0
5, 7488, Note_on_c, 0, 54, 64
5, 7488, Note_on_c, 0, 47, 64
5, 7488, Note_on_c, 0, 66, 64
5, 7488, Note_on_c, 0, 62, 64
5, 7584, Note_on_c, 0, 62, 0
5, 7584, Note_on_c, 0, 54, 0
5, 7584, Note_on_c, 0, 47, 0
5, 7584, Note_on_c, 0, 66, 0
5, 7584, Note_on_c, 0, 54, 64
5, 7584, Note_on_c, 0, 47, 64
5, 7584, Note_on_c, 0, 64, 64
5, 7680, Note_on_c, 0, 64, 0
5, 7680, Note_on_c, 0, 47, 0
5, 7680, Note_on_c, 0, 54, 0
5, 7680, Note_on_c, 0, 54, 64
5, 7680, Note_on_c, 0, 47, 64
5, 7680, Note_on_c, 0, 62, 64
5, 7776, Note_on_c, 0, 62, 0
5, 7776, Note_on_c, 0, 47, 0
5, 7776, Note_on_c, 0, 54, 0
5, 7776, Note_on_c, 0, 47, 64
5, 7776, Note_on_c, 0, 54, 64
5, 7776, Note_on_c, 0, 59, 64
5, 7872, Note_on_c, 0, 54, 0
5, 7872, Note_on_c, 0, 47, 0
5, 7872, Note_on_c, 0, 47, 64
5, 7872, Note_on_c, 0, 54, 64
5, 7950, Control_c, 0, 64, 0
5, 7968, Note_on_c, 0, 54, 0
5, 7968, Note_on_c, 0, 47, 0
5, 7968, Note_on_c, 0, 59, 0
5, 7968, Note_on_c, 0, 57, 64
5, 7968, Note_on_c, 0, 49, 64
5, 7968, Note_on_c, 0, 61, 64
5, 7974, Control_c, 0, 64, 127
5, 8064, Note_on_c, 0, 61, 0
5, 8064, Note_on_c, 0, 49, 0
5, 8064, Note_on_c, 0, 57, 0
5, 8064, Note_on_c, 0, 57, 64
5, 8064, Note_on_c, 0, 54, 64
5, 8064, Note_on_c, 0, 50, 64
5, 8064, Note_on_c, 0, 62, 64
5, 8160, Note_on_c, 0, 50, 0
5, 8160, Note_on_c, 0, 57, 0
5, 8160, Note_on_c, 0, 54, 0
5, 8160, Note_on_c, 0, 57, 64
5, 8160, Note_on_c, 0, 54, 64
5, 8160, Note_on_c, 0, 50, 64
5, 8256, Note_on_c, 0, 50, 0
5, 8256, Note_on_c, 0, 62, 0
5, 8256, Note_on_c, 0, 57, 0
5, 8256, Note_on_c, 0, 54, 0
5, 8256, Note_on_c, 0, 54, 64
5, 8256, Note_on_c, 0, 57, 64
5, 8256, Note_on_c, 0, 50, 64
5, 8256, Note_on_c, 0, 62, 64
5, 8340, Control_c, 0, 64, 0
5, 8352, Note_on_c, 0, 62, 0
5, 8352, Note_on_c, 0, 54, 0
5, 8352, Note_on_c, 0, 57, 0
5, 8352, Note_on_c, 0, 50, 0
5, 8352, Note_on_c, 0, 52, 64
5, 8352, Note_on_c, 0, 45, 64
5, 8352, Note_on_c, 0, 61, 64
5, 8358, Control_c, 0, 64, 127
5, 8448, Note_on_c, 0, 61, 0
5, 8448, Note_on_c, 0, 45, 0
5, 8448, Note_on_c, 0, 52, 0
5, 8448, Note_on_c, 0, 52, 64
5, 8448, Note_on_c, 0, 45, 64
5, 8448, Note_on_c, 0, 62, 64
5, 8544, Note_on_c, 0, 62, 0
5, 8544, Note_on_c, 0, 45, 0
5, 8544, Note_on_c, 0, 52, 0
5, 8544, Note_on_c, 0, 52, 64
5, 8544, Note_on_c, 0, 45, 64
5, 8544, Note_on_c, 0, 61, 64
5, 8640, Note_on_c, 0, 61, 0
5, 8640, Note_on_c, 0, 45, 0
5, 8640, Note_on_c, 0, 52, 0
5, 8640, Note_on_c, 0, 43, 64
5, 8640, Note_on_c, 0, 59, 64
5, 8640, Note_on_c, 0, 61, 64
5, 8688, Note_on_c, 0, 61, 0
5, 8688, Note_on_c, 0, 59, 64
5, 8736, Note_on_c, 0, 43, 0
5, 8736, Note_on_c, 0, 43, 64
5, 8832, Note_on_c, 0, 43, 0
5, 8832, Note_on_c, 0, 43, 64
5, 8910, Control_c, 0, 64, 0
5, 8928, Note_on_c, 0, 43, 0
5, 8928, Note_on_c, 0, 59, 0
5, 8928, Note_on_c, 0, 59, 0
5, 8928, Control_c, 0, 64, 127
5, 8928, Note_on_c, 0, 43, 64
5, 8928, Note_on_c, 0, 61, 64
5, 8928, Note_on_c, 0, 57, 64
5, 8928, Note_on_c, 0, 64, 64
5, 9024, Note_on_c, 0, 43, 0
5, 9024, Note_on_c, 0, 43, 64
5, 9120, Note_on_c, 0, 43, 0
5, 9120, Note_on_c, 0, 43, 64
5, 9216, Note_on_c, 0, 43, 0
5, 9216, Note_on_c, 0, 61, 0
5, 9216, Note_on_c, 0, 57, 0
5, 9216, Note_on_c, 0, 64, 0
5, 9216, Note_on_c, 0, 43, 64
5, 9216, Note_on_c, 0, 59, 64
5, 9216, Note_on_c, 0, 62, 64
5, 9216, Note_on_c, 0, 67, 64
5, 9312, Note_on_c, 0, 43, 0
5, 9312, Note_on_c, 0, 43, 64
5, 9408, Note_on_c, 0, 43, 0
5, 9408, Note_on_c, 0, 43, 64
5, 9480, Control_c, 0, 64, 0
5, 9498, Control_c, 0, 64, 127
5, 9504, Note_on_c, 0, 43, 0
5, 9504, Note_on_c, 0, 59, 0
5, 9504, Note_on_c, 0, 62, 0
5, 9504, Note_on_c, 0, 67, 0
5, 9504, Note_on_c, 0, 43, 64
5, 9504, Note_on_c, 0, 62, 64
5, 9504, Note_on_c, 0, 59, 64
5, 9600, Note_on_c, 0, 59, 0
5, 9600, Note_on_c, 0, 62, 0
5, 9600, Note_on_c, 0, 43, 0
5, 9600, Note_on_c, 0, 43, 64
5, 9600, Note_on_c, 0, 66, 64
5, 9600, Note_on_c, 0, 62, 64
5, 9600, Note_on_c, 0, 59, 64
5, 9696, Note_on_c, 0, 59, 0
5, 9696, Note_on_c, 0, 43, 0
5, 9696, Note_on_c, 0, 66, 0
5, 9696, Note_on_c, 0, 62, 0
5, 9696, Note_on_c, 0, 43, 64
5, 9696, Note_on_c, 0, 67, 64
5, 9696, Note_on_c, 0, 62, 64
5, 9696, Note_on_c, 0, 59, 64
5, 9792, Note_on_c, 0, 59, 0
5, 9792, Note_on_c, 0, 43, 0
5, 9792, Note_on_c, 0, 67, 0
5, 9792, Note_on_c, 0, 62, 0
5, 9792, Note_on_c, 0, 38, 64
5, 9792, Note_on_c, 0, 69, 64
5, 9888, Note_on_c, 0, 45, 64
5, 9888, Note_on_c, 0, 50, 64
5, 9888, Note_on_c, 0, 66, 64
5, 9888, Note_on_c, 0, 62, 64
5, 9984, Note_on_c, 0, 62, 0
5, 9984, Note_on_c, 0, 50, 0
5, 9984, Note_on_c, 0, 45, 0
5, 9984, Note_on_c, 0, 66, 0
5, 9984, Note_on_c, 0, 50, 64
5, 9984, Note_on_c, 0, 45, 64
5, 9984, Note_on_c, 0, 62, 64
5, 9984, Note_on_c, 0, 66, 64
5, 10032, Note_on_c, 0, 66, 0
5, 10032, Note_on_c, 0, 69, 0
5, 10032, Note_on_c, 0, 62, 0
5, 10032, Note_on_c, 0, 66, 64
5, 10033, Note_on_c, 0, 66, 0
5, 10080, Note_on_c, 0, 50, 0
5, 10080, Note_on_c, 0, 45, 0
5, 10080, Note_on_c, 0, 38, 0
5, 10080, Note_on_c, 0, 38, 64
5, 10080, Note_on_c, 0, 69, 64
5, 10176, Note_on_c, 0, 45, 64
5, 10176, Note_on_c, 0, 50, 64
5, 10176, Note_on_c, 0, 62, 64
5, 10176, Note_on_c, 0, 66, 64
5, 10272, Note_on_c, 0, 66, 0
5, 10272, Note_on_c, 0, 50, 0
5, 10272, Note_on_c, 0, 45, 0
5, 10272, Note_on_c, 0, 62, 0
5, 10272, Note_on_c, 0, 45, 64
5, 10272, Note_on_c, 0, 50, 64
5, 10272, Note_on_c, 0, 62, 64
5, 10272, Note_on_c, 0, 66, 64
5, 10320, Note_on_c, 0, 66, 0
5, 10320, Note_on_c, 0, 69, 0
5, 10320, Note_on_c, 0, 62, 0
5, 10320, Note_on_c, 0, 62, 64
5, 10321, Note_on_c, 0, 62, 0
5, 10338, Control_c, 0, 64, 0
5, 10356, Control_c, 0, 64, 127
5, 10368, Note_on_c, 0, 45, 0
5, 10368, Note_on_c, 0, 50, 0
5, 10368, Note_on_c, 0, 38, 0
5, 10368, Note_on_c, 0, 42, 64
5, 10368, Note_on_c, 0, 69, 64
5, 10464, Note_on_c, 0, 54, 64
5, 10464, Note_on_c, 0, 49, 64
5, 10464, Note_on_c, 0, 61, 64
5, 10464, Note_on_c, 0, 66, 64
5, 10560, Note_on_c, 0, 66, 0
5, 10560, Note_on_c, 0, 69, 0
5, 10560, Note_on_c, 0, 54, 0
5, 10560, Note_on_c, 0, 49, 0
5, 10560, Note_on_c, 0, 61, 0
5, 10560, Note_on_c, 0, 54, 64
5, 10560, Note_on_c, 0, 49, 64
5, 10560, Note_on_c, 0, 71, 64
5, 10560, Note_on_c, 0, 66, 64
5, 10560, Note_on_c, 0, 61, 64
5, 10656, Note_on_c, 0, 61, 0
5, 10656, Note_on_c, 0, 54, 0
5, 10656, Note_on_c, 0, 49, 0
5, 10656, Note_on_c, 0, 42, 0
5, 10656, Note_on_c, 0, 66, 0
5, 10656, Note_on_c, 0, 71, 0
5, 10656, Note_on_c, 0, 42, 64
5, 10656, Note_on_c, 0, 71, 64
5, 10704, Note_on_c, 0, 71, 0
5, 10704, Note_on_c, 0, 69, 64
5, 10752, Note_on_c, 0, 49, 64
5, 10752, Note_on_c, 0, 54, 64
5, 10752, Note_on_c, 0, 61, 64
5, 10752, Note_on_c, 0, 66, 64
5, 10848, Note_on_c, 0, 66, 0
5, 10848, Note_on_c, 0, 54, 0
5, 10848, Note_on_c, 0, 49, 0
5, 10848, Note_on_c, 0, 61, 0
5, 10848, Note_on_c, 0, 54, 64
5, 10848, Note_on_c, 0, 49, 64
5, 10848, Note_on_c, 0, 61, 64
5, 10848, Note_on_c, 0, 66, 64
5, 10908, Control_c, 0, 64, 0
5, 10938, Control_c, 0, 64, 127
5, 10944, Note_on_c, 0, 66, 0
5, 10944, Note_on_c, 0, 42, 0
5, 10944, Note_on_c, 0, 54, 0
5, 10944, Note_on_c, 0, 69, 0
5, 10944, Note_on_c, 0, 61, 0
5, 10944, Note_on_c, 0, 49, 0
5, 10944, Note_on_c, 0, 43, 64
5, 10944, Note_on_c, 0, 69, 64
5, 11040, Note_on_c, 0, 69, 0
5, 11040, Note_on_c, 0, 55, 64
5, 11040, Note_on_c, 0, 50, 64
5, 11040, Note_on_c, 0, 67, 64
5, 11040, Note_on_c, 0, 62, 64
5, 11040, Note_on_c, 0, 59, 64
5, 11136, Note_on_c, 0, 59, 0
5, 11136, Note_on_c, 0, 55, 0
5, 11136, Note_on_c, 0, 50, 0
5, 11136, Note_on_c, 0, 67, 0
5, 11136, Note_on_c, 0, 62, 0
5, 11136, Note_on_c, 0, 55, 64
5, 11136, Note_on_c, 0, 50, 64
5, 11136, Note_on_c, 0, 59, 64
5, 11136, Note_on_c, 0, 62, 64
5, 11136, Note_on_c, 0, 66, 64
5, 11232, Note_on_c, 0, 66, 0
5, 11232, Note_on_c, 0, 55, 0
5, 11232, Note_on_c, 0, 50, 0
5, 11232, Note_on_c, 0, 43, 0
5, 11232, Note_on_c, 0, 62, 0
5, 11232, Note_on_c, 0, 59, 0
5, 11232, Note_on_c, 0, 43, 64
5, 11232, Note_on_c, 0, 64, 64
5, 11328, Note_on_c, 0, 55, 64
5, 11328, Note_on_c, 0, 50, 64
5, 11328, Note_on_c, 0, 59, 64
5, 11328, Note_on_c, 0, 62, 64
5, 11424, Note_on_c, 0, 62, 0
5, 11424, Note_on_c, 0, 64, 0
5, 11424, Note_on_c, 0, 55, 0
5, 11424, Note_on_c, 0, 50, 0
5, 11424, Note_on_c, 0, 59, 0
5, 11424, Note_on_c, 0, 55, 64
5, 11424, Note_on_c, 0, 50, 64
5, 11424, Note_on_c, 0, 66, 64
5, 11424, Note_on_c, 0, 59, 64
5, 11472, Note_on_c, 0, 66, 0
5, 11472, Note_on_c, 0, 67, 64
5, 11508, Control_c, 0, 64, 0
5, 11520, Note_on_c, 0, 67, 0
5, 11520, Note_on_c, 0, 59, 0
5, 11520, Note_on_c, 0, 43, 0
5, 11520, Note_on_c, 0, 55, 0
5, 11520, Note_on_c, 0, 50, 0
5, 11520, Note_on_c, 0, 48, 64
5, 11520, Note_on_c, 0, 69, 64
5, 11526, Control_c, 0, 64, 127
5, 11616, Note_on_c, 0, 69, 0
5, 11616, Note_on_c, 0, 55, 64
5, 11616, Note_on_c, 0, 52, 64
5, 11616, Note_on_c, 0, 60, 64
5, 11616, Note_on_c, 0, 64, 64
5, 11616, Note_on_c, 0, 67, 64
5, 11712, Note_on_c, 0, 67, 0
5, 11712, Note_on_c, 0, 55, 0
5, 11712, Note_on_c, 0, 52, 0
5, 11712, Note_on_c, 0, 60, 0
5, 11712, Note_on_c, 0, 64, 0
5, 11712, Note_on_c, 0, 55, 64
5, 11712, Note_on_c, 0, 52, 64
5, 11712, Note_on_c, 0, 60, 64
5, 11712, Note_on_c, 0, 66, 64
5, 11808, Note_on_c, 0, 66, 0
5, 11808, Note_on_c, 0, 52, 0
5, 11808, Note_on_c, 0, 48, 0
5, 11808, Note_on_c, 0, 55, 0
5, 11808, Note_on_c, 0, 60, 0
5, 11808, Note_on_c, 0, 48, 64
5, 11808, Note_on_c, 0, 66, 64
5, 11832, Note_on_c, 0, 66, 0
5, 11832, Note_on_c, 0, 64, 64
5, 11856, Note_on_c, 0, 64, 0
5, 11856, Note_on_c, 0, 62, 64
5, 11904, Note_on_c, 0, 55, 64
5, 11904, Note_on_c, 0, 52, 64
5, 12000, Note_on_c, 0, 52, 0
5, 12000, Note_on_c, 0, 55, 0
5, 12000, Note_on_c, 0, 55, 64
5, 12000, Note_on_c, 0, 52, 64
5, 12048, Note_on_c, 0, 62, 0
5, 12048, Note_on_c, 0, 62, 64
5, 12084, Control_c, 0, 64, 0
5, 12096, Note_on_c, 0, 62, 0
5, 12096, Note_on_c, 0, 52, 0
5, 12096, Note_on_c, 0, 55, 0
5, 12096, Note_on_c, 0, 48, 0
5, 12096, Note_on_c, 0, 38, 64
5, 12096, Note_on_c, 0, 69, 64
5, 12102, Control_c, 0, 64, 127
5, 12192, Note_on_c, 0, 45, 64
5, 12192, Note_on_c, 0, 50, 64
5, 12192, Note_on_c, 0, 66, 64
5, 12192, Note_on_c, 0, 62, 64
5, 12288, Note_on_c, 0, 62, 0
5, 12288, Note_on_c, 0, 50, 0
5, 12288, Note_on_c, 0, 45, 0
5, 12288, Note_on_c, 0, 66, 0
5, 12288, Note_on_c, 0, 50, 64
5, 12288, Note_on_c, 0, 45, 64
5, 12288, Note_on_c, 0, 62, 64
5, 12288, Note_on_c, 0, 66, 64
5, 12336, Note_on_c, 0, 66, 0
5, 12336, Note_on_c, 0, 69, 0
5, 12336, Note_on_c, 0, 62, 0
5, 12336, Note_on_c, 0, 66, 64
5, 12337, Note_on_c, 0, 66, 0
5, 12384, Note_on_c, 0, 50, 0
5, 12384, Note_on_c, 0, 45, 0
5, 12384, Note_on_c, 0, 38, 0
5, 12384, Note_on_c, 0, 38, 64
5, 12384, Note_on_c, 0, 69, 64
5, 12480, Note_on_c, 0, 45, 64
5, 12480, Note_on_c, 0, 50, 64
5, 12480, Note_on_c, 0, 62, 64
5, 12480, Note_on_c, 0, 66, 64
5, 12576, Note_on_c, 0, 66, 0
5, 12576, Note_on_c, 0, 50, 0
5, 12576, Note_on_c, 0, 45, 0
5, 12576, Note_on_c, 0, 62, 0
5, 12576, Note_on_c, 0, 45, 64
5, 12576, Note_on_c, 0, 50, 64
5, 12576, Note_on_c, 0, 62, 64
5, 12576, Note_on_c, 0, 66, 64
5, 12624, Note_on_c, 0, 66, 0
5, 12624, Note_on_c, 0, 69, 0
5, 12624, Note_on_c, 0, 62, 0
5, 12624, Note_on_c, 0, 62, 64
5, 12625, Note_on_c, 0, 62, 0
5, 12636, Control_c, 0, 64, 0
5, 12672, Note_on_c, 0, 45, 0
5, 12672, Note_on_c, 0, 50, 0
5, 12672, Note_on_c, 0, 38, 0
5, 12672, Control_c, 0, 64, 127
5, 12672, Note_on_c, 0, 42, 64
5, 12672, Note_on_c, 0, 69, 64
5, 12768, Note_on_c, 0, 54, 64
5, 12768, Note_on_c, 0, 49, 64
5, 12768, Note_on_c, 0, 61, 64
5, 12768, Note_on_c, 0, 66, 64
5, 12864, Note_on_c, 0, 66, 0
5, 12864, Note_on_c, 0, 69, 0
5, 12864, Note_on_c, 0, 54, 0
5, 12864, Note_on_c, 0, 49, 0
5, 12864, Note_on_c, 0, 61, 0
5, 12864, Note_on_c, 0, 54, 64
5, 12864, Note_on_c, 0, 49, 64
5, 12864, Note_on_c, 0, 71, 64
5, 12864, Note_on_c, 0, 66, 64
5, 12864, Note_on_c, 0, 61, 64
5, 12960, Note_on_c, 0, 61, 0
5, 12960, Note_on_c, 0, 54, 0
5, 12960, Note_on_c, 0, 49, 0
5, 12960, Note_on_c, 0, 42, 0
5, 12960, Note_on_c, 0, 66, 0
5, 12960, Note_on_c, 0, 71, 0
5, 12960, Note_on_c, 0, 42, 64
5, 12960, Note_on_c, 0, 71, 64
5, 13008, Note_on_c, 0, 71, 0
5, 13008, Note_on_c, 0, 69, 64
5, 13056, Note_on_c, 0, 49, 64
5, 13056, Note_on_c, 0, 54, 64
5, 13056, Note_on_c, 0, 61, 64
5, 13056, Note_on_c, 0, 66, 64
5, 13152, Note_on_c, 0, 66, 0
5, 13152, Note_on_c, 0, 54, 0
5, 13152, Note_on_c, 0, 49, 0
5, 13152, Note_on_c, 0, 61, 0
5, 13152, Note_on_c, 0, 54, 64
5, 13152, Note_on_c, 0, 49, 64
5, 13152, Note_on_c, 0, 61, 64
5, 13152, Note_on_c, 0, 66, 64
5, 13224, Control_c, 0, 64, 0
5, 13248, Note_on_c, 0, 66, 0
5, 13248, Note_on_c, 0, 42, 0
5, 13248, Note_on_c, 0, 54, 0
5, 13248, Note_on_c, 0, 69, 0
5, 13248, Note_on_c, 0, 61, 0
5, 13248, Note_on_c, 0, 49, 0
5, 13248, Note_on_c, 0, 43, 64
5, 13248, Note_on_c, 0, 69, 64
5, 13254, Control_c, 0, 64, 127
5, 13344, Note_on_c, 0, 69, 0
5, 13344, Note_on_c, 0, 55, 64
5, 13344, Note_on_c, 0, 50, 64
5, 13344, Note_on_c, 0, 67, 64
5, 13344, Note_on_c, 0, 62, 64
5, 13344, Note_on_c, 0, 59, 64
5, 13440, Note_on_c, 0, 59, 0
5, 13440, Note_on_c, 0, 55, 0
5, 13440, Note_on_c, 0, 50, 0
5, 13440, Note_on_c, 0, 67, 0
5, 13440, Note_on_c, 0, 62, 0
5, 13440, Note_on_c, 0, 55, 64
5, 13440, Note_on_c, 0, 50, 64
5, 13440, Note_on_c, 0, 59, 64
5, 13440, Note_on_c, 0, 62, 64
5, 13440, Note_on_c, 0, 66, 64
5, 13536, Note_on_c, 0, 66, 0
5, 13536, Note_on_c, 0, 55, 0
5, 13536, Note_on_c, 0, 50, 0
5, 13536, Note_on_c, 0, 43, 0
5, 13536, Note_on_c, 0, 62, 0
5, 13536, Note_on_c, 0, 59, 0
5, 13536, Note_on_c, 0, 43, 64
5, 13536, Note_on_c, 0, 64, 64
5, 13632, Note_on_c, 0, 55, 64
5, 13632, Note_on_c, 0, 50, 64
5, 13632, Note_on_c, 0, 59, 64
5, 13632, Note_on_c, 0, 62, 64
5, 13728, Note_on_c, 0, 62, 0
5, 13728, Note_on_c, 0, 64, 0
5, 13728, Note_on_c, 0, 55, 0
5, 13728, Note_on_c, 0, 50, 0
5, 13728, Note_on_c, 0, 59, 0
5, 13728, Note_on_c, 0, 55, 64
5, 13728, Note_on_c, 0, 50, 64
5, 13728, Note_on_c, 0, 66, 64
5, 13728, Note_on_c, 0, 59, 64
5, 13776, Note_on_c, 0, 66, 0
5, 13776, Note_on_c, 0, 67, 64
5, 13794, Control_c, 0, 64, 0
5, 13818, Control_c, 0, 64, 127
5, 13824, Note_on_c, 0, 67, 0
5, 13824, Note_on_c, 0, 59, 0
5, 13824, Note_on_c, 0, 43, 0
5, 13824, Note_on_c, 0, 55, 0
5, 13824, Note_on_c, 0, 50, 0
5, 13824, Note_on_c, 0, 48, 64
5, 13824, Note_on_c, 0, 55, 64
5, 13824, Note_on_c, 0, 52, 64
5, 13824, Note_on_c, 0, 69, 64
5, 13825, Note_on_c, 0, 55, 0
5, 13920, Note_on_c, 0, 69, 0
5, 13920, Note_on_c, 0, 69, 64
5, 14064, Note_on_c, 0, 69, 0
5, 14064, Note_on_c, 0, 66, 64
5, 14112, Note_on_c, 0, 66, 0
5, 14112, Note_on_c, 0, 64, 64
5, 14160, Note_on_c, 0, 64, 0
5, 14160, Note_on_c, 0, 62, 64
5, 14376, Control_c, 0, 64, 0
5, 14394, Control_c, 0, 64, 127
5, 14400, Note_on_c, 0, 62, 0
5, 14400, Note_on_c, 0, 52, 0
5, 14400, Note_on_c, 0, 48, 0
5, 14400, Note_on_c, 0, 50, 64
5, 14400, Note_on_c, 0, 69, 64
5, 14448, Note_on_c, 0, 50, 0
5, 14448, Note_on_c, 0, 54, 64
5, 14496, Note_on_c, 0, 54, 0
5, 14496, Note_on_c, 0, 69, 0
5, 14496, Note_on_c, 0, 57, 64
5, 14496, Note_on_c, 0, 76, 64
5, 14544, Note_on_c, 0, 57, 0
5, 14544, Note_on_c, 0, 62, 64
5, 14592, Note_on_c, 0, 62, 0
5, 14592, Note_on_c, 0, 57, 64
5, 14640, Note_on_c, 0, 76, 0
5, 14640, Note_on_c, 0, 78, 64
5, 14688, Note_on_c, 0, 78, 0
5, 14688, Note_on_c, 0, 74, 64
5, 14736, Note_on_c, 0, 57, 0
5, 14736, Note_on_c, 0, 62, 64
5, 14784, Note_on_c, 0, 74, 0
5, 14784, Note_on_c, 0, 69, 64
5, 14832, Note_on_c, 0, 62, 0
5, 14832, Note_on_c, 0, 57, 64
5, 14880, Note_on_c, 0, 57, 0
5, 14880, Note_on_c, 0, 62, 64
5, 14940, Control_c, 0, 64, 0
5, 14964, Control_c, 0, 64, 127
5, 14976, Note_on_c, 0, 62, 0
5, 14976, Note_on_c, 0, 69, 0
5, 14976, Note_on_c, 0, 49, 64
5, 14976, Note_on_c, 0, 64, 64
5, 14976, Note_on_c, 0, 69, 64
5, 15024, Note_on_c, 0, 49, 0
5, 15024, Note_on_c, 0, 52, 64
5, 15072, Note_on_c, 0, 52, 0
5, 15072, Note_on_c, 0, 69, 0
5, 15072, Note_on_c, 0, 64, 0
5, 15072, Note_on_c, 0, 57, 64
5, 15072, Note_on_c, 0, 76, 64
5, 15120, Note_on_c, 0, 57, 0
5, 15120, Note_on_c, 0, 61, 64
5, 15168, Note_on_c, 0, 61, 0
5, 15168, Note_on_c, 0, 64, 64
5, 15216, Note_on_c, 0, 76, 0
5, 15216, Note_on_c, 0, 73, 64
5, 15264, Note_on_c, 0, 73, 0
5, 15264, Note_on_c, 0, 64, 0
5, 15264, Note_on_c, 0, 47, 64
5, 15264, Note_on_c, 0, 67, 64
5, 15264, Note_on_c, 0, 71, 64
5, 15312, Note_on_c, 0, 47, 0
5, 15312, Note_on_c, 0, 50, 64
5, 15360, Note_on_c, 0, 50, 0
5, 15360, Note_on_c, 0, 71, 0
5, 15360, Note_on_c, 0, 67, 0
5, 15360, Note_on_c, 0, 55, 64
5, 15360, Note_on_c, 0, 67, 64
5, 15456, Note_on_c, 0, 55, 0
5, 15456, Note_on_c, 0, 59, 64
5, 15528, Control_c, 0, 64, 0
5, 15552, Note_on_c, 0, 59, 0
5, 15552, Note_on_c, 0, 67, 0
5, 15552, Note_on_c, 0, 47, 64
5, 15552, Note_on_c, 0, 74, 64
5, 15552, Note_on_c, 0, 66, 64
5, 15558, Control_c, 0, 64, 127
5, 15600, Note_on_c, 0, 47, 0
5, 15600, Note_on_c, 0, 50, 64
5, 15648, Note_on_c, 0, 50, 0
5, 15648, Note_on_c, 0, 66, 0
5, 15648, Note_on_c, 0, 74, 0
5, 15648, Note_on_c, 0, 54, 64
5, 15648, Note_on_c, 0, 64, 64
5, 15648, Note_on_c, 0, 73, 64
5, 15696, Note_on_c, 0, 54, 0
5, 15696, Note_on_c, 0, 59, 64
5, 15744, Note_on_c, 0, 59, 0
5, 15744, Note_on_c, 0, 54, 64
5, 15792, Note_on_c, 0, 73, 0
5, 15792, Note_on_c, 0, 64, 0
5, 15792, Note_on_c, 0, 66, 64
5, 15792, Note_on_c, 0, 74, 64
5, 15840, Note_on_c, 0, 74, 0
5, 15840, Note_on_c, 0, 66, 0
5, 15840, Note_on_c, 0, 54, 0
5, 15840, Note_on_c, 0, 45, 64
5, 15840, Note_on_c, 0, 73, 64
5, 15840, Note_on_c, 0, 64, 64
5, 15888, Note_on_c, 0, 45, 0
5, 15888, Note_on_c, 0, 49, 64
5, 15936, Note_on_c, 0, 49, 0
5, 15936, Note_on_c, 0, 64, 0
5, 15936, Note_on_c, 0, 73, 0
5, 15936, Note_on_c, 0, 52, 64
5, 15936, Note_on_c, 0, 61, 64
5, 15936, Note_on_c, 0, 69, 64
5, 15984, Note_on_c, 0, 52, 0
5, 15984, Note_on_c, 0, 57, 64
5, 16032, Note_on_c, 0, 69, 0
5, 16032, Note_on_c, 0, 61, 0
5, 16032, Note_on_c, 0, 66, 64
5, 16098, Control_c, 0, 64, 0
5, 16122, Control_c, 0, 64, 127
5, 16128, Note_on_c, 0, 66, 0
5, 16128, Note_on_c, 0, 57, 0
5, 16128, Note_on_c, 0, 43, 64
5, 16128, Note_on_c, 0, 62, 64
5, 16128, Note_on_c, 0, 71, 64
5, 16176, Note_on_c, 0, 43, 0
5, 16176, Note_on_c, 0, 50, 64
5, 16224, Note_on_c, 0, 50, 0
5, 16224, Note_on_c, 0, 55, 64
5, 16272, Note_on_c, 0, 55, 0
5, 16272, Note_on_c, 0, 59, 64
5, 16320, Note_on_c, 0, 59, 0
5, 16320, Note_on_c, 0, 62, 64
5, 16368, Note_on_c, 0, 62, 0
5, 16368, Note_on_c, 0, 62, 0
5, 16368, Note_on_c, 0, 67, 64
5, 16416, Note_on_c, 0, 67, 0
5, 16416, Note_on_c, 0, 71, 0
5, 16416, Note_on_c, 0, 69, 64
5, 16464, Note_on_c, 0, 67, 64
5, 16512, Note_on_c, 0, 67, 0
5, 16512, Note_on_c, 0, 62, 64
5, 16608, Note_on_c, 0, 62, 0
5, 16608, Note_on_c, 0, 59, 64
5, 16686, Control_c, 0, 64, 0
5, 16704, Note_on_c, 0, 59, 0
5, 16704, Note_on_c, 0, 69, 0
5, 16704, Note_on_c, 0, 54, 64
5, 16704, Note_on_c, 0, 50, 64
5, 16704, Note_on_c, 0, 57, 64
5, 16710, Control_c, 0, 64, 127
5, 16800, Note_on_c, 0, 57, 0
5, 16800, Note_on_c, 0, 64, 64
5, 16848, Note_on_c, 0, 50, 0
5, 16848, Note_on_c, 0, 54, 0
5, 16848, Note_on_c, 0, 62, 64
5, 16896, Note_on_c, 0, 62, 0
5, 16896, Note_on_c, 0, 57, 64
5, 16944, Note_on_c, 0, 64, 0
5, 16944, Note_on_c, 0, 66, 64
5, 16992, Note_on_c, 0, 66, 0
5, 16992, Note_on_c, 0, 62, 64
5, 17088, Note_on_c, 0, 62, 0
5, 17088, Note_on_c, 0, 57, 0
5, 17088, Note_on_c, 0, 57, 64
5, 17268, Control_c, 0, 64, 0
5, 17280, Note_on_c, 0, 57, 0
5, 17280, Note_on_c, 0, 49, 64
5, 17280, Note_on_c, 0, 57, 64
5, 17292, Control_c, 0, 64, 127
5, 17328, Note_on_c, 0, 49, 0
5, 17328, Note_on_c, 0, 52, 64
5, 17376, Note_on_c, 0, 52, 0
5, 17376, Note_on_c, 0, 57, 0
5, 17376, Note_on_c, 0, 57, 64
5, 17376, Note_on_c, 0, 64, 64
5, 17377, Note_on_c, 0, 57, 0
5, 17520, Note_on_c, 0, 64, 0
5, 17520, Note_on_c, 0, 61, 64
5, 17568, Note_on_c, 0, 61, 0
5, 17568, Note_on_c, 0, 55, 64
5, 17568, Note_on_c, 0, 47, 64
5, 17568, Note_on_c, 0, 62, 64
5, 17832, Control_c, 0, 64, 0
5, 17856, Note_on_c, 0, 62, 0
5, 17856, Note_on_c, 0, 47, 0
5, 17856, Note_on_c, 0, 55, 0
5, 17856, Note_on_c, 0, 47, 64
5, 17856, Note_on_c, 0, 66, 64
5, 17856, Note_on_c, 0, 62, 64
5, 17862, Control_c, 0, 64, 127
5, 17904, Note_on_c, 0, 47, 0
5, 17904, Note_on_c, 0, 54, 64
5, 17952, Note_on_c, 0, 62, 0
5, 17952, Note_on_c, 0, 66, 0
5, 17952, Note_on_c, 0, 61, 64
5, 18000, Note_on_c, 0, 54, 0
5, 18000, Note_on_c, 0, 59, 64
5, 18048, Note_on_c, 0, 59, 0
5, 18048, Note_on_c, 0, 54, 64
5, 18096, Note_on_c, 0, 61, 0
5, 18096, Note_on_c, 0, 62, 64
5, 18144, Note_on_c, 0, 62, 0
5, 18144, Note_on_c, 0, 54, 0
5, 18144, Note_on_c, 0, 45, 64
5, 18144, Note_on_c, 0, 61, 64
5, 18192, Note_on_c, 0, 45, 0
5, 18192, Note_on_c, 0, 52, 64
5, 18240, Note_on_c, 0, 52, 0
5, 18240, Note_on_c, 0, 61, 0
5, 18240, Note_on_c, 0, 57, 64
5, 18336, Note_on_c, 0, 57, 0
5, 18336, Note_on_c, 0, 54, 64
5, 18420, Control_c, 0, 64, 0
5, 18432, Note_on_c, 0, 54, 0
5, 18432, Note_on_c, 0, 43, 64
5, 18432, Note_on_c, 0, 59, 64
5, 18438, Control_c, 0, 64, 127
5, 18480, Note_on_c, 0, 43, 0
5, 18480, Note_on_c, 0, 50, 64
5, 18528, Note_on_c, 0, 50, 0
5, 18528, Note_on_c, 0, 55, 64
5, 18576, Note_on_c, 0, 55, 0
5, 18576, Note_on_c, 0, 59, 0
5, 18576, Note_on_c, 0, 59, 64
5, 18577, Note_on_c, 0, 59, 0
5, 18624, Note_on_c, 0, 62, 64
5, 18672, Note_on_c, 0, 62, 0
5, 18672, Note_on_c, 0, 67, 64
5, 18720, Note_on_c, 0, 67, 0
5, 18720, Note_on_c, 0, 69, 64
5, 18768, Note_on_c, 0, 69, 0
5, 18768, Note_on_c, 0, 67, 64
5, 18816, Note_on_c, 0, 67, 0
5, 18816, Note_on_c, 0, 62, 64
5, 18864, Note_on_c, 0, 62, 0
5, 18864, Note_on_c, 0, 55, 64
5, 18912, Note_on_c, 0, 55, 0
5, 18912, Note_on_c, 0, 59, 64
5, 18978, Control_c, 0, 64, 0
5, 19008, Note_on_c, 0, 59, 0
5, 19008, Control_c, 0, 64, 127
5, 19008, Note_on_c, 0, 54, 64
5, 19008, Note_on_c, 0, 50, 64
5, 19008, Note_on_c, 0, 57, 64
5, 19104, Note_on_c, 0, 57, 0
5, 19104, Note_on_c, 0, 64, 64
5, 19152, Note_on_c, 0, 50, 0
5, 19152, Note_on_c, 0, 54, 0
5, 19152, Note_on_c, 0, 62, 64
5, 19200, Note_on_c, 0, 62, 0
5, 19200, Note_on_c, 0, 57, 64
5, 19248, Note_on_c, 0, 64, 0
5, 19248, Note_on_c, 0, 66, 64
5, 19296, Note_on_c, 0, 66, 0
5, 19296, Note_on_c, 0, 62, 64
5, 19392, Note_on_c, 0, 62, 0
5, 19392, Note_on_c, 0, 57, 0
5, 19392, Note_on_c, 0, 57, 64
5, 19584, Note_on_c, 0, 57, 0
5, 19584, Note_on_c, 0, 49, 64
5, 19584, Note_on_c, 0, 57, 64
5, 19590, Control_c, 0, 64, 0
5, 19602, Control_c, 0, 64, 127
5, 19632, Note_on_c, 0, 49, 0
5, 19632, Note_on_c, 0, 52, 64
5, 19680, Note_on_c, 0, 52, 0
5, 19680, Note_on_c, 0, 57, 0
5, 19680, Note_on_c, 0, 57, 64
5, 19680, Note_on_c, 0, 64, 64
5, 19681, Note_on_c, 0, 57, 0
5, 19824, Note_on_c, 0, 64, 0
5, 19824, Note_on_c, 0, 61, 64
5, 19872, Note_on_c, 0, 61, 0
5, 19872, Note_on_c, 0, 55, 64
5, 19872, Note_on_c, 0, 47, 64
5, 19872, Note_on_c, 0, 62, 64
5, 20160, Note_on_c, 0, 62, 0
5, 20160, Note_on_c, 0, 47, 0
5, 20160, Note_on_c, 0, 55, 0
5, 20160, Note_on_c, 0, 47, 64
5, 20160, Note_on_c, 0, 66, 64
5, 20160, Note_on_c, 0, 62, 64
5, 20166, Control_c, 0, 64, 0
5, 20184, Control_c, 0, 64, 127
5, 20208, Note_on_c, 0, 47, 0
5, 20208, Note_on_c, 0, 54, 64
5, 20256, Note_on_c, 0, 62, 0
5, 20256, Note_on_c, 0, 66, 0
5, 20256, Note_on_c, 0, 61, 64
5, 20304, Note_on_c, 0, 54, 0
5, 20304, Note_on_c, 0, 59, 64
5, 20352, Note_on_c, 0, 59, 0
5, 20352, Note_on_c, 0, 54, 64
5, 20400, Note_on_c, 0, 61, 0
5, 20400, Note_on_c, 0, 62, 64
5, 20448, Note_on_c, 0, 62, 0
5, 20448, Note_on_c, 0, 54, 0
5, 20448, Note_on_c, 0, 45, 64
5, 20448, Note_on_c, 0, 61, 64
5, 20496, Note_on_c, 0, 45, 0
5, 20496, Note_on_c, 0, 52, 64
5, 20544, Note_on_c, 0, 52, 0
5, 20544, Note_on_c, 0, 61, 0
5, 20544, Note_on_c, 0, 57, 64
5, 20640, Note_on_c, 0, 57, 0
5, 20640, Note_on_c, 0, 54, 64
5, 20736, Note_on_c, 0, 54, 0
5, 20736, Note_on_c, 0, 43, 64
5, 20736, Note_on_c, 0, 59, 64
5, 20784, Note_on_c, 0, 43, 0
5, 20784, Note_on_c, 0, 50, 64
5, 20832, Note_on_c, 0, 50, 0
5, 20832, Note_on_c, 0, 55, 64
5, 20880, Note_on_c, 0, 55, 0
5, 20880, Note_on_c, 0, 59, 0
5, 20880, Note_on_c, 0, 59, 64
5, 20881, Note_on_c, 0, 59, 0
5, 20928, Note_on_c, 0, 62, 64
5, 20976, Note_on_c, 0, 62, 0
5, 20976, Note_on_c, 0, 67, 64
5, 21024, Note_on_c, 0, 67, 0
5, 21024, Note_on_c, 0, 69, 64
5, 21072, Note_on_c, 0, 69, 0
5, 21072, Note_on_c, 0, 67, 64
5, 21120, Note_on_c, 0, 67, 0
5, 21120, Note_on_c, 0, 62, 64
5, 21216, Note_on_c, 0, 59, 64
5, 21264, Note_on_c, 0, 62, 0
5, 21264, Note_on_c, 0, 64, 64
5, 21282, Control_c, 0, 64, 0
5, 21306, Control_c, 0, 64, 127
5, 21312, Note_on_c, 0, 64, 0
5, 21312, Note_on_c, 0, 59, 0
5, 21312, Note_on_c, 0, 55, 64
5, 21312, Note_on_c, 0, 52, 64
5, 21312, Note_on_c, 0, 59, 64
5, 21312, Note_on_c, 0, 64, 64
5, 21408, Note_on_c, 0, 64, 0
5, 21408, Note_on_c, 0, 55, 0
5, 21408, Note_on_c, 0, 52, 0
5, 21408, Note_on_c, 0, 59, 0
5, 21408, Note_on_c, 0, 55, 64
5, 21408, Note_on_c, 0, 59, 64
5, 21408, Note_on_c, 0, 52, 64
5, 21408, Note_on_c, 0, 64, 64
5, 21504, Note_on_c, 0, 52, 0
5, 21504, Note_on_c, 0, 55, 0
5, 21504, Note_on_c, 0, 59, 0
5, 21504, Note_on_c, 0, 55, 64
5, 21504, Note_on_c, 0, 59, 64
5, 21504, Note_on_c, 0, 52, 64
5, 21552, Note_on_c, 0, 64, 0
5, 21552, Note_on_c, 0, 62, 64
5, 21600, Note_on_c, 0, 62, 0
5, 21600, Note_on_c, 0, 52, 0
5, 21600, Note_on_c, 0, 59, 0
5, 21600, Note_on_c, 0, 55, 0
5, 21600, Note_on_c, 0, 55, 64
5, 21600, Note_on_c, 0, 52, 64
5, 21600, Note_on_c, 0, 64, 64
5, 21624, Note_on_c, 0, 64, 0
5, 21624, Note_on_c, 0, 59, 64
5, 21696, Note_on_c, 0, 52, 0
5, 21696, Note_on_c, 0, 55, 0
5, 21696, Note_on_c, 0, 52, 64
5, 21696, Note_on_c, 0, 55, 64
5, 21792, Note_on_c, 0, 55, 0
5, 21792, Note_on_c, 0, 52, 0
5, 21792, Note_on_c, 0, 59, 0
5, 21792, Note_on_c, 0, 52, 64
5, 21792, Note_on_c, 0, 55, 64
5, 21840, Note_on_c, 0, 64, 64
5, 21858, Control_c, 0, 64, 0
5, 21882, Control_c, 0, 64, 127
5, 21888, Note_on_c, 0, 64, 0
5, 21888, Note_on_c, 0, 55, 0
5, 21888, Note_on_c, 0, 52, 0
5, 21888, Note_on_c, 0, 54, 64
5, 21888, Note_on_c, 0, 47, 64
5, 21888, Note_on_c, 0, 66, 64
5, 21888, Note_on_c, 0, 62, 64
5, 21984, Note_on_c, 0, 62, 0
5, 21984, Note_on_c, 0, 54, 0
5, 21984, Note_on_c, 0, 47, 0
5, 21984, Note_on_c, 0, 66, 0
5, 21984, Note_on_c, 0, 54, 64
5, 21984, Note_on_c, 0, 47, 64
5, 21984, Note_on_c, 0, 64, 64
5, 22080, Note_on_c, 0, 64, 0
5, 22080, Note_on_c, 0, 47, 0
5, 22080, Note_on_c, 0, 54, 0
5, 22080, Note_on_c, 0, 54, 64
5, 22080, Note_on_c, 0, 47, 64
5, 22080, Note_on_c, 0, 62, 64
5, 22176, Note_on_c, 0, 62, 0
5, 22176, Note_on_c, 0, 47, 0
5, 22176, Note_on_c, 0, 54, 0
5, 22176, Note_on_c, 0, 47, 64
5, 22176, Note_on_c, 0, 54, 64
5, 22176, Note_on_c, 0, 59, 64
5, 22272, Note_on_c, 0, 54, 0
5, 22272, Note_on_c, 0, 47, 0
5, 22272, Note_on_c, 0, 47, 64
5, 22272, Note_on_c, 0, 54, 64
5, 22344, Control_c, 0, 64, 0
5, 22368, Note_on_c, 0, 54, 0
5, 22368, Note_on_c, 0, 47, 0
5, 22368, Note_on_c, 0, 59, 0
5, 22368, Note_on_c, 0, 57, 64
5, 22368, Note_on_c, 0, 49, 64
5, 22368, Note_on_c, 0, 61, 64
5, 22446, Control_c, 0, 64, 127
5, 22464, Note_on_c, 0, 61, 0
5, 22464, Note_on_c, 0, 49, 0
5, 22464, Note_on_c, 0, 57, 0
5, 22464, Note_on_c, 0, 57, 64
5, 22464, Note_on_c, 0, 54, 64
5, 22464, Note_on_c, 0, 50, 64
5, 22464, Note_on_c, 0, 62, 64
5, 22560, Note_on_c, 0, 50, 0
5, 22560, Note_on_c, 0, 57, 0
5, 22560, Note_on_c, 0, 54, 0
5, 22560, Note_on_c, 0, 57, 64
5, 22560, Note_on_c, 0, 54, 64
5, 22560, Note_on_c, 0, 50, 64
5, 22656, Note_on_c, 0, 50, 0
5, 22656, Note_on_c, 0, 62, 0
5, 22656, Note_on_c, 0, 57, 0
5, 22656, Note_on_c, 0, 54, 0
5, 22656, Note_on_c, 0, 54, 64
5, 22656, Note_on_c, 0, 57, 64
5, 22656, Note_on_c, 0, 50, 64
5, 22656, Note_on_c, 0, 62, 64
5, 22752, Note_on_c, 0, 62, 0
5, 22752, Note_on_c, 0, 54, 0
5, 22752, Note_on_c, 0, 57, 0
5, 22752, Note_on_c, 0, 50, 0
5, 22752, Note_on_c, 0, 52, 64
5, 22752, Note_on_c, 0, 45, 64
5, 22752, Note_on_c, 0, 61, 64
5, 22848, Note_on_c, 0, 61, 0
5, 22848, Note_on_c, 0, 45, 0
5, 22848, Note_on_c, 0, 52, 0
5, 22848, Note_on_c, 0, 52, 64
5, 22848, Note_on_c, 0, 45, 64
5, 22848, Note_on_c, 0, 62, 64
5, 22944, Note_on_c, 0, 62, 0
5, 22944, Note_on_c, 0, 45, 0
5, 22944, Note_on_c, 0, 52, 0
5, 22944, Note_on_c, 0, 52, 64
5, 22944, Note_on_c, 0, 45, 64
5, 22944, Note_on_c, 0, 61, 64
5, 23010, Control_c, 0, 64, 0
5, 23040, Note_on_c, 0, 61, 0
5, 23040, Note_on_c, 0, 45, 0
5, 23040, Note_on_c, 0, 52, 0
5, 23040, Control_c, 0, 64, 127
5, 23040, Note_on_c, 0, 43, 64
5, 23040, Note_on_c, 0, 59, 64
5, 23040, Note_on_c, 0, 61, 64
5, 23088, Note_on_c, 0, 61, 0
5, 23088, Note_on_c, 0, 59, 64
5, 23136, Note_on_c, 0, 43, 0
5, 23136, Note_on_c, 0, 43, 64
5, 23232, Note_on_c, 0, 43, 0
5, 23232, Note_on_c, 0, 43, 64
5, 23328, Note_on_c, 0, 43, 0
5, 23328, Note_on_c, 0, 59, 0
5, 23328, Note_on_c, 0, 59, 0
5, 23328, Note_on_c, 0, 43, 64
5, 23328, Note_on_c, 0, 61, 64
5, 23328, Note_on_c, 0, 57, 64
5, 23328, Note_on_c, 0, 64, 64
5, 23424, Note_on_c, 0, 43, 0
5, 23424, Note_on_c, 0, 43, 64
5, 23520, Note_on_c, 0, 43, 0
5, 23520, Note_on_c, 0, 43, 64
5, 23586, Control_c, 0, 64, 0
5, 23610, Control_c, 0, 64, 127
5, 23616, Note_on_c, 0, 43, 0
5, 23616, Note_on_c, 0, 61, 0
5, 23616, Note_on_c, 0, 57, 0
5, 23616, Note_on_c, 0, 64, 0
5, 23616, Note_on_c, 0, 43, 64
5, 23616, Note_on_c, 0, 59, 64
5, 23616, Note_on_c, 0, 62, 64
5, 23616, Note_on_c, 0, 67, 64
5, 23712, Note_on_c, 0, 43, 0
5, 23712, Note_on_c, 0, 43, 64
5, 23808, Note_on_c, 0, 43, 0
5, 23808, Note_on_c, 0, 43, 64
5, 23904, Note_on_c, 0, 43, 0
5, 23904, Note_on_c, 0, 59, 0
5, 23904, Note_on_c, 0, 62, 0
5, 23904, Note_on_c, 0, 67, 0
5, 23904, Note_on_c, 0, 43, 64
5, 23904, Note_on_c, 0, 62, 64
5, 23904, Note_on_c, 0, 59, 64
5, 24000, Note_on_c, 0, 59, 0
5, 24000, Note_on_c, 0, 62, 0
5, 24000, Note_on_c, 0, 43, 0
5, 24000, Note_on_c, 0, 43, 64
5, 24000, Note_on_c, 0, 66, 64
5, 24000, Note_on_c, 0, 62, 64
5, 24000, Note_on_c, 0, 59, 64
5, 24096, Note_on_c, 0, 59, 0
5, 24096, Note_on_c, 0, 43, 0
5, 24096, Note_on_c, 0, 66, 0
5, 24096, Note_on_c, 0, 62, 0
5, 24096, Note_on_c, 0, 43, 64
5, 24096, Note_on_c, 0, 67, 64
5, 24096, Note_on_c, 0, 62, 64
5, 24096, Note_on_c, 0, 59, 64
5, 24168, Control_c, 0, 64, 0
5, 24192, Note_on_c, 0, 59, 0
5, 24192, Note_on_c, 0, 43, 0
5, 24192, Note_on_c, 0, 67, 0
5, 24192, Note_on_c, 0, 62, 0
5, 24192, Control_c, 0, 64, 127
5, 24192, Note_on_c, 0, 38, 64
5, 24192, Note_on_c, 0, 69, 64
5, 24288, Note_on_c, 0, 45, 64
5, 24288, Note_on_c, 0, 50, 64
5, 24288, Note_on_c, 0, 66, 64
5, 24288, Note_on_c, 0, 62, 64
5, 24384, Note_on_c, 0, 62, 0
5, 24384, Note_on_c, 0, 50, 0
5, 24384, Note_on_c, 0, 45, 0
5, 24384, Note_on_c, 0, 66, 0
5, 24384, Note_on_c, 0, 50, 64
5, 24384, Note_on_c, 0, 45, 64
5, 24384, Note_on_c, 0, 62, 64
5, 24384, Note_on_c, 0, 66, 64
5, 24432, Note_on_c, 0, 66, 0
5, 24432, Note_on_c, 0, 69, 0
5, 24432, Note_on_c, 0, 62, 0
5, 24432, Note_on_c, 0, 66, 64
5, 24433, Note_on_c, 0, 66, 0
5, 24480, Note_on_c, 0, 50, 0
5, 24480, Note_on_c, 0, 45, 0
5, 24480, Note_on_c, 0, 38, 0
5, 24480, Note_on_c, 0, 38, 64
5, 24480, Note_on_c, 0, 69, 64
5, 24576, Note_on_c, 0, 45, 64
5, 24576, Note_on_c, 0, 50, 64
5, 24576, Note_on_c, 0, 62, 64
5, 24576, Note_on_c, 0, 66, 64
5, 24672, Note_on_c, 0, 66, 0
5, 24672, Note_on_c, 0, 50, 0
5, 24672, Note_on_c, 0, 45, 0
5, 24672, Note_on_c, 0, 62, 0
5, 24672, Note_on_c, 0, 45, 64
5, 24672, Note_on_c, 0, 50, 64
5, 24672, Note_on_c, 0, 62, 64
5, 24672, Note_on_c, 0, 66, 64
5, 24720, Note_on_c, 0, 66, 0
5, 24720, Note_on_c, 0, 69, 0
5, 24720, Note_on_c, 0, 62, 0
5, 24720, Note_on_c, 0, 62, 64
5, 24721, Note_on_c, 0, 62, 0
5, 24744, Control_c, 0, 64, 0
5, 24768, Note_on_c, 0, 45, 0
5, 24768, Note_on_c, 0, 50, 0
5, 24768, Note_on_c, 0, 38, 0
5, 24768, Control_c, 0, 64, 127
5, 24768, Note_on_c, 0, 42, 64
5, 24768, Note_on_c, 0, 69, 64
5, 24864, Note_on_c, 0, 54, 64
5, 24864, Note_on_c, 0, 49, 64
5, 24864, Note_on_c, 0, 61, 64
5, 24864, Note_on_c, 0, 66, 64
5, 24960, Note_on_c, 0, 66, 0
5, 24960, Note_on_c, 0, 69, 0
5, 24960, Note_on_c, 0, 54, 0
5, 24960, Note_on_c, 0, 49, 0
5, 24960, Note_on_c, 0, 61, 0
5, 24960, Note_on_c, 0, 54, 64
5, 24960, Note_on_c, 0, 49, 64
5, 24960, Note_on_c, 0, 71, 64
5, 24960, Note_on_c, 0, 66, 64
5, 24960, Note_on_c, 0, 61, 64
5, 25056, Note_on_c, 0, 61, 0
5, 25056, Note_on_c, 0, 54, 0
5, 25056, Note_on_c, 0, 49, 0
5, 25056, Note_on_c, 0, 42, 0
5, 25056, Note_on_c, 0, 66, 0
5, 25056, Note_on_c, 0, 71, 0
5, 25056, Note_on_c, 0, 42, 64
5, 25056, Note_on_c, 0, 71, 64
5, 25104, Note_on_c, 0, 71, 0
5, 25104, Note_on_c, 0, 69, 64
5, 25152, Note_on_c, 0, 49, 64
5, 25152, Note_on_c, 0, 54, 64
5, 25152, Note_on_c, 0, 61, 64
5, 25152, Note_on_c, 0, 66, 64
5, 25248, Note_on_c, 0, 66, 0
5, 25248, Note_on_c, 0, 54, 0
5, 25248, Note_on_c, 0, 49, 0
5, 25248, Note_on_c, 0, 61, 0
5, 25248, Note_on_c, 0, 54, 64
5, 25248, Note_on_c, 0, 49, 64
5, 25248, Note_on_c, 0, 61, 64
5, 25248, Note_on_c, 0, 66, 64
5, 25320, Control_c, 0, 64, 0
5, 25344, Note_on_c, 0, 66, 0
5, 25344, Note_on_c, 0, 42, 0
5, 25344, Note_on_c, 0, 54, 0
5, 25344, Note_on_c, 0, 69, 0
5, 25344, Note_on_c, 0, 61, 0
5, 25344, Note_on_c, 0, 49, 0
5, 25344, Control_c, 0, 64, 127
5, 25344, Note_on_c, 0, 43, 64
5, 25344, Note_on_c, 0, 69, 64
5, 25440, Note_on_c, 0, 69, 0
5, 25440, Note_on_c, 0, 55, 64
5, 25440, Note_on_c, 0, 50, 64
5, 25440, Note_on_c, 0, 67, 64
5, 25440, Note_on_c, 0, 62, 64
5, 25440, Note_on_c, 0, 59, 64
5, 25536, Note_on_c, 0, 59, 0
5, 25536, Note_on_c, 0, 55, 0
5, 25536, Note_on_c, 0, 50, 0
5, 25536, Note_on_c, 0, 67, 0
5, 25536, Note_on_c, 0, 62, 0
5, 25536, Note_on_c, 0, 55, 64
5, 25536, Note_on_c, 0, 50, 64
5, 25536, Note_on_c, 0, 59, 64
5, 25536, Note_on_c, 0, 62, 64
5, 25536, Note_on_c, 0, 66, 64
5, 25632, Note_on_c, 0, 66, 0
5, 25632, Note_on_c, 0, 55, 0
5, 25632, Note_on_c, 0, 50, 0
5, 25632, Note_on_c, 0, 43, 0
5, 25632, Note_on_c, 0, 62, 0
5, 25632, Note_on_c, 0, 59, 0
5, 25632, Note_on_c, 0, 43, 64
5, 25632, Note_on_c, 0, 64, 64
5, 25728, Note_on_c, 0, 55, 64
5, 25728, Note_on_c, 0, 50, 64
5, 25728, Note_on_c, 0, 59, 64
5, 25728, Note_on_c, 0, 62, 64
5, 25824, Note_on_c, 0, 62, 0
5, 25824, Note_on_c, 0, 64, 0
5, 25824, Note_on_c, 0, 55, 0
5, 25824, Note_on_c, 0, 50, 0
5, 25824, Note_on_c, 0, 59, 0
5, 25824, Note_on_c, 0, 55, 64
5, 25824, Note_on_c, 0, 50, 64
5, 25824, Note_on_c, 0, 66, 64
5, 25824, Note_on_c, 0, 59, 64
5, 25872, Note_on_c, 0, 66, 0
5, 25872, Note_on_c, 0, 67, 64
5, 25896, Control_c, 0, 64, 0
5, 25920, Note_on_c, 0, 67, 0
5, 25920, Note_on_c, 0, 59, 0
5, 25920, Note_on_c, 0, 43, 0
5, 25920, Note_on_c, 0, 55, 0
5, 25920, Note_on_c, 0, 50, 0
5, 25920, Control_c, 0, 64, 127
5, 25920, Note_on_c, 0, 48, 64
5, 25920, Note_on_c, 0, 69, 64
5, 26016, Note_on_c, 0, 69, 0
5, 26016, Note_on_c, 0, 55, 64
5, 26016, Note_on_c, 0, 52, 64
5, 26016, Note_on_c, 0, 60, 64
5, 26016, Note_on_c, 0, 64, 64
5, 26016, Note_on_c, 0, 67, 64
5, 26112, Note_on_c, 0, 67, 0
5, 26112, Note_on_c, 0, 55, 0
5, 26112, Note_on_c, 0, 52, 0
5, 26112, Note_on_c, 0, 60, 0
5, 26112, Note_on_c, 0, 64, 0
5, 26112, Note_on_c, 0, 55, 64
5, 26112, Note_on_c, 0, 52, 64
5, 26112, Note_on_c, 0, 60, 64
5, 26112, Note_on_c, 0, 66, 64
5, 26208, Note_on_c, 0, 66, 0
5, 26208, Note_on_c, 0, 52, 0
5, 26208, Note_on_c, 0, 48, 0
5, 26208, Note_on_c, 0, 55, 0
5, 26208, Note_on_c, 0, 60, 0
5, 26208, Note_on_c, 0, 48, 64
5, 26208, Note_on_c, 0, 66, 64
5, 26232, Note_on_c, 0, 66, 0
5, 26232, Note_on_c, 0, 64, 64
5, 26256, Note_on_c, 0, 64, 0
5, 26256, Note_on_c, 0, 62, 64
5, 26304, Note_on_c, 0, 55, 64
5, 26304, Note_on_c, 0, 52, 64
5, 26400, Note_on_c, 0, 52, 0
5, 26400, Note_on_c, 0, 55, 0
5, 26400, Note_on_c, 0, 55, 64
5, 26400, Note_on_c, 0, 52, 64
5, 26448, Note_on_c, 0, 62, 0
5, 26448, Note_on_c, 0, 62, 64
5, 26484, Control_c, 0, 64, 0
5, 26496, Note_on_c, 0, 62, 0
5, 26496, Note_on_c, 0, 52, 0
5, 26496, Note_on_c, 0, 55, 0
5, 26496, Note_on_c, 0, 48, 0
5, 26496, Note_on_c, 0, 38, 64
5, 26496, Note_on_c, 0, 69, 64
5, 26502, Control_c, 0, 64, 127
5, 26592, Note_on_c, 0, 45, 64
5, 26592, Note_on_c, 0, 50, 64
5, 26592, Note_on_c, 0, 66, 64
5, 26592, Note_on_c, 0, 62, 64
5, 26688, Note_on_c, 0, 62, 0
5, 26688, Note_on_c, 0, 50, 0
5, 26688, Note_on_c, 0, 45, 0
5, 26688, Note_on_c, 0, 66, 0
5, 26688, Note_on_c, 0, 50, 64
5, 26688, Note_on_c, 0, 45, 64
5, 26688, Note_on_c, 0, 62, 64
5, 26688, Note_on_c, 0, 66, 64
5, 26736, Note_on_c, 0, 66, 0
5, 26736, Note_on_c, 0, 69, 0
5, 26736, Note_on_c, 0, 62, 0
5, 26736, Note_on_c, 0, 66, 64
5, 26737, Note_on_c, 0, 66, 0
5, 26784, Note_on_c, 0, 50, 0
5, 26784, Note_on_c, 0, 45, 0
5, 26784, Note_on_c, 0, 38, 0
5, 26784, Note_on_c, 0, 38, 64
5, 26784, Note_on_c, 0, 69, 64
5, 26880, Note_on_c, 0, 45, 64
5, 26880, Note_on_c, 0, 50, 64
5, 26880, Note_on_c, 0, 62, 64
5, 26880, Note_on_c, 0, 66, 64
5, 26976, Note_on_c, 0, 66, 0
5, 26976, Note_on_c, 0, 50, 0
5, 26976, Note_on_c, 0, 45, 0
5, 26976, Note_on_c, 0, 62, 0
5, 26976, Note_on_c, 0, 45, 64
5, 26976, Note_on_c, 0, 50, 64
5, 26976, Note_on_c, 0, 62, 64
5, 26976, Note_on_c, 0, 66, 64
5, 27024, Note_on_c, 0, 66, 0
5, 27024, Note_on_c, 0, 69, 0
5, 27024, Note_on_c, 0, 62, 0
5, 27024, Note_on_c, 0, 62, 64
5, 27025, Note_on_c, 0, 62, 0
5, 27060, Control_c, 0, 64, 0
5, 27072, Note_on_c, 0, 45, 0
5, 27072, Note_on_c, 0, 50, 0
5, 27072, Note_on_c, 0, 38, 0
5, 27072, Note_on_c, 0, 42, 64
5, 27072, Note_on_c, 0, 69, 64
5, 27078, Control_c, 0, 64, 127
5, 27168, Note_on_c, 0, 54, 64
5, 27168, Note_on_c, 0, 49, 64
5, 27168, Note_on_c, 0, 61, 64
5, 27168, Note_on_c, 0, 66, 64
5, 27264, Note_on_c, 0, 66, 0
5, 27264, Note_on_c, 0, 69, 0
5, 27264, Note_on_c, 0, 54, 0
5, 27264, Note_on_c, 0, 49, 0
5, 27264, Note_on_c, 0, 61, 0
5, 27264, Note_on_c, 0, 54, 64
5, 27264, Note_on_c, 0, 49, 64
5, 27264, Note_on_c, 0, 71, 64
5, 27264, Note_on_c, 0, 66, 64
5, 27264, Note_on_c, 0, 61, 64
5, 27360, Note_on_c, 0, 61, 0
5, 27360, Note_on_c, 0, 54, 0
5, 27360, Note_on_c, 0, 49, 0
5, 27360, Note_on_c, 0, 42, 0
5, 27360, Note_on_c, 0, 66, 0
5, 27360, Note_on_c, 0, 71, 0
5, 27360, Note_on_c, 0, 42, 64
5, 27360, Note_on_c, 0, 71, 64
5, 27408, Note_on_c, 0, 71, 0
5, 27408, Note_on_c, 0, 69, 64
5, 27456, Note_on_c, 0, 49, 64
5, 27456, Note_on_c, 0, 54, 64
5, 27456, Note_on_c, 0, 61, 64
5, 27456, Note_on_c, 0, 66, 64
5, 27552, Note_on_c, 0, 66, 0
5, 27552, Note_on_c, 0, 54, 0
5, 27552, Note_on_c, 0, 49, 0
5, 27552, Note_on_c, 0, 61, 0
5, 27552, Note_on_c, 0, 54, 64
5, 27552, Note_on_c, 0, 49, 64
5, 27552, Note_on_c, 0, 61, 64
5, 27552, Note_on_c, 0, 66, 64
5, 27612, Control_c, 0, 64, 0
5, 27636, Control_c, 0, 64, 127
5, 27648, Note_on_c, 0, 66, 0
5, 27648, Note_on_c, 0, 42, 0
5, 27648, Note_on_c, 0, 54, 0
5, 27648, Note_on_c, 0, 69, 0
5, 27648, Note_on_c, 0, 61, 0
5, 27648, Note_on_c, 0, 49, 0
5, 27648, Note_on_c, 0, 43, 64
5, 27648, Note_on_c, 0, 69, 64
5, 27744, Note_on_c, 0, 69, 0
5, 27744, Note_on_c, 0, 55, 64
5, 27744, Note_on_c, 0, 50, 64
5, 27744, Note_on_c, 0, 67, 64
5, 27744, Note_on_c, 0, 62, 64
5, 27744, Note_on_c, 0, 59, 64
5, 27840, Note_on_c, 0, 59, 0
5, 27840, Note_on_c, 0, 55, 0
5, 27840, Note_on_c, 0, 50, 0
5, 27840, Note_on_c, 0, 67, 0
5, 27840, Note_on_c, 0, 62, 0
5, 27840, Note_on_c, 0, 55, 64
5, 27840, Note_on_c, 0, 50, 64
5, 27840, Note_on_c, 0, 59, 64
5, 27840, Note_on_c, 0, 62, 64
5, 27840, Note_on_c, 0, 66, 64
5, 27936, Note_on_c, 0, 66, 0
5, 27936, Note_on_c, 0, 55, 0
5, 27936, Note_on_c, 0, 50, 0
5, 27936, Note_on_c, 0, 43, 0
5, 27936, Note_on_c, 0, 62, 0
5, 27936, Note_on_c, 0, 59, 0
5, 27936, Note_on_c, 0, 43, 64
5, 27936, Note_on_c, 0, 64, 64
5, 28032, Note_on_c, 0, 55, 64
5, 28032, Note_on_c, 0, 50, 64
5, 28032, Note_on_c, 0, 59, 64
5, 28032, Note_on_c, 0, 62, 64
5, 28128, Note_on_c, 0, 62, 0
5, 28128, Note_on_c, 0, 64, 0
5, 28128, Note_on_c, 0, 55, 0
5, 28128, Note_on_c, 0, 50, 0
5, 28128, Note_on_c, 0, 59, 0
5, 28128, Note_on_c, 0, 55, 64
5, 28128, Note_on_c, 0, 50, 64
5, 28128, Note_on_c, 0, 66, 64
5, 28128, Note_on_c, 0, 59, 64
5, 28176, Note_on_c, 0, 66, 0
5, 28176, Note_on_c, 0, 67, 64
5, 28188, Control_c, 0, 64, 0
5, 28218, Control_c, 0, 64, 127
5, 28224, Note_on_c, 0, 67, 0
5, 28224, Note_on_c, 0, 59, 0
5, 28224, Note_on_c, 0, 43, 0
5, 28224, Note_on_c, 0, 55, 0
5, 28224, Note_on_c, 0, 50, 0
5, 28224, Note_on_c, 0, 55, 64
5, 28224, Note_on_c, 0, 52, 64
5, 28224, Note_on_c, 0, 48, 64
5, 28224, Note_on_c, 0, 69, 64
5, 28225, Note_on_c, 0, 55, 0
5, 28320, Note_on_c, 0, 69, 0
5, 28320, Note_on_c, 0, 69, 64
5, 28464, Note_on_c, 0, 69, 0
5, 28464, Note_on_c, 0, 66, 64
5, 28512, Note_on_c, 0, 66, 0
5, 28512, Note_on_c, 0, 64, 64
5, 28560, Note_on_c, 0, 64, 0
5, 28560, Note_on_c, 0, 62, 64
5, 28776, Control_c, 0, 64, 0
5, 28800, Note_on_c, 0, 62, 0
5, 28800, Note_on_c, 0, 48, 0
5, 28800, Note_on_c, 0, 52, 0
5, 28800, Control_c, 0, 64, 127
5, 28800, Note_on_c, 0, 50, 64
5, 28800, Note_on_c, 0, 69, 64
5, 28848, Note_on_c, 0, 50, 0
5, 28848, Note_on_c, 0, 54, 64
5, 28896, Note_on_c, 0, 54, 0
5, 28896, Note_on_c, 0, 69, 0
5, 28896, Note_on_c, 0, 57, 64
5, 28896, Note_on_c, 0, 76, 64
5, 28944, Note_on_c, 0, 57, 0
5, 28944, Note_on_c, 0, 62, 64
5, 28992, Note_on_c, 0, 62, 0
5, 28992, Note_on_c, 0, 57, 64
5, 29040, Note_on_c, 0, 76, 0
5, 29040, Note_on_c, 0, 78, 64
5, 29088, Note_on_c, 0, 78, 0
5, 29088, Note_on_c, 0, 57, 0
5, 29088, Note_on_c, 0, 62, 64
5, 29088, Note_on_c, 0, 74, 64
5, 29136, Note_on_c, 0, 62, 0
5, 29136, Note_on_c, 0, 57, 64
5, 29184, Note_on_c, 0, 57, 0
5, 29184, Note_on_c, 0, 74, 0
5, 29184, Note_on_c, 0, 50, 64
5, 29184, Note_on_c, 0, 69, 64
5, 29280, Note_on_c, 0, 50, 0
5, 29280, Note_on_c, 0, 62, 64
5, 29340, Control_c, 0, 64, 0
5, 29358, Control_c, 0, 64, 127
5, 29376, Note_on_c, 0, 62, 0
5, 29376, Note_on_c, 0, 69, 0
5, 29376, Note_on_c, 0, 48, 64
5, 29376, Note_on_c, 0, 69, 64
5, 29424, Note_on_c, 0, 48, 0
5, 29424, Note_on_c, 0, 54, 64
5, 29472, Note_on_c, 0, 54, 0
5, 29472, Note_on_c, 0, 69, 0
5, 29472, Note_on_c, 0, 60, 64
5, 29472, Note_on_c, 0, 76, 64
5, 29520, Note_on_c, 0, 60, 0
5, 29520, Note_on_c, 0, 54, 64
5, 29568, Note_on_c, 0, 54, 0
5, 29568, Note_on_c, 0, 57, 64
5, 29616, Note_on_c, 0, 57, 0
5, 29616, Note_on_c, 0, 76, 0
5, 29616, Note_on_c, 0, 60, 64
5, 29616, Note_on_c, 0, 78, 64
5, 29664, Note_on_c, 0, 78, 0
5, 29664, Note_on_c, 0, 74, 64
5, 29712, Note_on_c, 0, 60, 0
5, 29712, Note_on_c, 0, 57, 64
5, 29760, Note_on_c, 0, 74, 0
5, 29760, Note_on_c, 0, 69, 64
5, 29856, Note_on_c, 0, 57, 0
5, 29856, Note_on_c, 0, 60, 64
5, 29928, Control_c, 0, 64, 0
5, 29952, Note_on_c, 0, 60, 0
5, 29952, Note_on_c, 0, 69, 0
5, 29952, Control_c, 0, 64, 127
5, 29952, Note_on_c, 0, 47, 64
5, 29952, Note_on_c, 0, 69, 64
5, 30000, Note_on_c, 0, 47, 0
5, 30000, Note_on_c, 0, 55, 64
5, 30048, Note_on_c, 0, 55, 0
5, 30048, Note_on_c, 0, 69, 0
5, 30048, Note_on_c, 0, 57, 64
5, 30048, Note_on_c, 0, 76, 64
5, 30096, Note_on_c, 0, 57, 0
5, 30096, Note_on_c, 0, 59, 64
5, 30144, Note_on_c, 0, 59, 0
5, 30144, Note_on_c, 0, 50, 64
5, 30192, Note_on_c, 0, 76, 0
5, 30192, Note_on_c, 0, 78, 64
5, 30240, Note_on_c, 0, 78, 0
5, 30240, Note_on_c, 0, 50, 0
5, 30240, Note_on_c, 0, 48, 64
5, 30240, Note_on_c, 0, 74, 64
5, 30288, Note_on_c, 0, 48, 0
5, 30288, Note_on_c, 0, 54, 64
5, 30336, Note_on_c, 0, 54, 0
5, 30336, Note_on_c, 0, 74, 0
5, 30336, Note_on_c, 0, 57, 64
5, 30336, Note_on_c, 0, 72, 64
5, 30384, Note_on_c, 0, 57, 0
5, 30384, Note_on_c, 0, 62, 64
5, 30432, Note_on_c, 0, 62, 0
5, 30432, Note_on_c, 0, 72, 0
5, 30432, Note_on_c, 0, 64, 64
5, 30432, Note_on_c, 0, 70, 64
5, 30498, Control_c, 0, 64, 0
5, 30528, Note_on_c, 0, 70, 0
5, 30528, Note_on_c, 0, 64, 0
5, 30528, Control_c, 0, 64, 127
5, 30528, Note_on_c, 0, 50, 64
5, 30528, Note_on_c, 0, 66, 64
5, 30528, Note_on_c, 0, 69, 64
5, 30576, Note_on_c, 0, 50, 0
5, 30576, Note_on_c, 0, 57, 64
5, 30624, Note_on_c, 0, 57, 0
5, 30624, Note_on_c, 0, 62, 64
5, 30672, Note_on_c, 0, 62, 0
5, 30672, Note_on_c, 0, 69, 0
5, 30672, Note_on_c, 0, 66, 0
5, 30672, Note_on_c, 0, 66, 64
5, 30672, Note_on_c, 0, 69, 64
5, 30673, Note_on_c, 0, 66, 0
5, 30720, Note_on_c, 0, 74, 64
5, 30768, Note_on_c, 0, 76, 64
5, 30792, Control_c, 0, 64, 0
5, 30810, Control_c, 0, 64, 127
5, 30816, Note_on_c, 0, 76, 0
5, 30816, Note_on_c, 0, 66, 64
5, 30816, Note_on_c, 0, 78, 64
5, 30912, Note_on_c, 0, 38, 64
5, 31104, Note_on_c, 0, 38, 0
5, 31104, Note_on_c, 0, 66, 0
5, 31104, Note_on_c, 0, 69, 0
5, 31104, Note_on_c, 0, 74, 0
5, 31104, Note_on_c, 0, 78, 0
5, 31176, Control_c, 0, 64, 0
5, 31176, End_track
6, 0, Start_track
6, 0, MIDI_port, 0
6, 0, Title_t, "Bass"
6, 0, Program_c, 2, 35
6, 0, Control_c, 2, 7, 95
6, 9796, Note_on_c, 2, 38, 122
6, 10043, Note_on_c, 2, 33, 80
6, 10051, Note_on_c, 2, 38, 0
6, 10080, Note_on_c, 2, 38, 113
6, 10084, Note_on_c, 2, 33, 0
6, 10312, Note_on_c, 2, 33, 65
6, 10323, Note_on_c, 2, 38, 0
6, 10332, Note_on_c, 2, 31, 122
6, 10339, Note_on_c, 2, 33, 0
6, 10361, Note_on_c, 2, 30, 127
6, 10369, Note_on_c, 2, 31, 0
6, 10635, Note_on_c, 2, 30, 0
6, 10662, Note_on_c, 2, 30, 127
6, 10921, Note_on_c, 2, 30, 0
6, 10950, Note_on_c, 2, 31, 106
6, 11156, Note_on_c, 2, 31, 0
6, 11184, Note_on_c, 2, 31, 87
6, 11204, Note_on_c, 2, 31, 0
6, 11230, Note_on_c, 2, 31, 97
6, 11424, Note_on_c, 2, 33, 94
6, 11428, Note_on_c, 2, 31, 0
6, 11465, Note_on_c, 2, 35, 94
6, 11470, Note_on_c, 2, 33, 0
6, 11523, Note_on_c, 2, 36, 113
6, 11528, Note_on_c, 2, 35, 0
6, 11790, Note_on_c, 2, 36, 0
6, 11812, Note_on_c, 2, 36, 103
6, 12004, Note_on_c, 2, 33, 85
6, 12025, Note_on_c, 2, 36, 0
6, 12048, Note_on_c, 2, 31, 85
6, 12052, Note_on_c, 2, 33, 0
6, 12102, Note_on_c, 2, 31, 0
6, 12104, Note_on_c, 2, 38, 97
6, 12339, Note_on_c, 2, 38, 0
6, 12356, Note_on_c, 2, 38, 80
6, 12371, Note_on_c, 2, 38, 0
6, 12385, Note_on_c, 2, 38, 97
6, 12625, Note_on_c, 2, 38, 0
6, 12628, Note_on_c, 2, 32, 127
6, 12648, Note_on_c, 2, 31, 65
6, 12651, Note_on_c, 2, 32, 0
6, 12670, Note_on_c, 2, 30, 127
6, 12678, Note_on_c, 2, 31, 0
6, 12907, Note_on_c, 2, 30, 0
6, 12934, Note_on_c, 2, 30, 122
6, 12947, Note_on_c, 2, 30, 0
6, 12963, Note_on_c, 2, 30, 122
6, 13132, Note_on_c, 2, 30, 0
6, 13155, Note_on_c, 2, 30, 110
6, 13251, Note_on_c, 2, 31, 122
6, 13254, Note_on_c, 2, 30, 0
6, 13502, Note_on_c, 2, 31, 0
6, 13542, Note_on_c, 2, 31, 97
6, 13731, Note_on_c, 2, 33, 113
6, 13734, Note_on_c, 2, 31, 0
6, 13772, Note_on_c, 2, 35, 103
6, 13774, Note_on_c, 2, 33, 0
6, 13824, Note_on_c, 2, 36, 127
6, 13833, Note_on_c, 2, 35, 0
6, 14289, Note_on_c, 2, 36, 0
6, 24198, Note_on_c, 2, 38, 97
6, 24444, Note_on_c, 2, 33, 90
6, 24451, Note_on_c, 2, 38, 0
6, 24480, Note_on_c, 2, 38, 118
6, 24483, Note_on_c, 2, 33, 0
6, 24768, Note_on_c, 2, 30, 127
6, 24774, Note_on_c, 2, 38, 0
6, 25016, Note_on_c, 2, 38, 85
6, 25020, Note_on_c, 2, 30, 0
6, 25051, Note_on_c, 2, 38, 0
6, 25056, Note_on_c, 2, 30, 127
6, 25225, Note_on_c, 2, 30, 0
6, 25252, Note_on_c, 2, 30, 127
6, 25344, Note_on_c, 2, 31, 106
6, 25345, Note_on_c, 2, 30, 0
6, 25616, Note_on_c, 2, 31, 0
6, 25638, Note_on_c, 2, 31, 110
6, 25824, Note_on_c, 2, 33, 122
6, 25828, Note_on_c, 2, 31, 0
6, 25872, Note_on_c, 2, 33, 0
6, 25872, Note_on_c, 2, 35, 106
6, 25926, Note_on_c, 2, 36, 127
6, 25928, Note_on_c, 2, 35, 0
6, 26206, Note_on_c, 2, 24, 127
6, 26209, Note_on_c, 2, 36, 0
6, 26492, Note_on_c, 2, 38, 100
6, 26496, Note_on_c, 2, 24, 0
6, 26777, Note_on_c, 2, 38, 0
6, 26792, Note_on_c, 2, 38, 106
6, 27019, Note_on_c, 2, 40, 94
6, 27028, Note_on_c, 2, 38, 0
6, 27065, Note_on_c, 2, 42, 110
6, 27072, Note_on_c, 2, 40, 0
6, 27268, Note_on_c, 2, 37, 90
6, 27272, Note_on_c, 2, 42, 0
6, 27360, Note_on_c, 2, 30, 127
6, 27364, Note_on_c, 2, 37, 0
6, 27648, Note_on_c, 2, 31, 103
6, 27649, Note_on_c, 2, 30, 0
6, 27942, Note_on_c, 2, 31, 0
6, 27942, Note_on_c, 2, 38, 100
6, 28134, Note_on_c, 2, 38, 0
6, 28134, Note_on_c, 2, 31, 110
6, 28224, Note_on_c, 2, 31, 0
6, 28227, Note_on_c, 2, 36, 118
6, 28808, Note_on_c, 2, 38, 103
6, 28811, Note_on_c, 2, 36, 0
6, 29376, Note_on_c, 2, 36, 103
6, 29384, Note_on_c, 2, 38, 0
6, 29952, Note_on_c, 2, 36, 0
6, 29952, Note_on_c, 2, 35, 103
6, 30240, Note_on_c, 2, 35, 0
6, 30240, Note_on_c, 2, 31, 103
6, 30528, Note_on_c, 2, 31, 0
6, 30528, Note_on_c, 2, 38, 103
6, 31008, Note_on_c, 2, 38, 0
6, 31008, End_track
7, 0, Start_track
7, 0, MIDI_port, 0
7, 0, Title_t, "Drums"
7, 0, Program_c, 9, 0
7, 0, Control_c, 9, 7, 100
7, 0, Control_c, 9, 10, 64
7, 9504, Note_on_c, 9, 50, 117
7, 9527, Note_on_c, 9, 50, 0
7, 9552, Note_on_c, 9, 47, 117
7, 9576, Note_on_c, 9, 47, 0
7, 9600, Note_on_c, 9, 45, 117
7, 9623, Note_on_c, 9, 45, 0
7, 9696, Note_on_c, 9, 43, 117
7, 9720, Note_on_c, 9, 43, 0
7, 9744, Note_on_c, 9, 43, 108
7, 9792, Note_on_c, 9, 43, 0
7, 9792, Note_on_c, 9, 49, 108
7, 9792, Note_on_c, 9, 36, 102
7, 9792, Note_on_c, 9, 51, 100
7, 9863, Note_on_c, 9, 49, 0
7, 9887, Note_on_c, 9, 51, 0
7, 9888, Note_on_c, 9, 51, 89
7, 9959, Note_on_c, 9, 51, 0
7, 9984, Note_on_c, 9, 51, 95
7, 10055, Note_on_c, 9, 51, 0
7, 10079, Note_on_c, 9, 36, 0
7, 10080, Note_on_c, 9, 38, 118
7, 10080, Note_on_c, 9, 51, 110
7, 10151, Note_on_c, 9, 51, 0
7, 10176, Note_on_c, 9, 51, 97
7, 10247, Note_on_c, 9, 51, 0
7, 10272, Note_on_c, 9, 51, 101
7, 10343, Note_on_c, 9, 51, 0
7, 10368, Note_on_c, 9, 38, 0
7, 10368, Note_on_c, 9, 51, 106
7, 10368, Note_on_c, 9, 36, 120
7, 10439, Note_on_c, 9, 51, 0
7, 10464, Note_on_c, 9, 51, 101
7, 10535, Note_on_c, 9, 51, 0
7, 10560, Note_on_c, 9, 51, 100
7, 10631, Note_on_c, 9, 51, 0
7, 10655, Note_on_c, 9, 36, 0
7, 10656, Note_on_c, 9, 38, 110
7, 10656, Note_on_c, 9, 51, 110
7, 10727, Note_on_c, 9, 51, 0
7, 10752, Note_on_c, 9, 51, 100
7, 10823, Note_on_c, 9, 51, 0
7, 10848, Note_on_c, 9, 51, 101
7, 10919, Note_on_c, 9, 51, 0
7, 10943, Note_on_c, 9, 38, 0
7, 10944, Note_on_c, 9, 51, 106
7, 10944, Note_on_c, 9, 36, 110
7, 11015, Note_on_c, 9, 51, 0
7, 11040, Note_on_c, 9, 51, 100
7, 11087, Note_on_c, 9, 51, 0
7, 11136, Note_on_c, 9, 51, 98
7, 11207, Note_on_c, 9, 51, 0
7, 11231, Note_on_c, 9, 36, 0
7, 11232, Note_on_c, 9, 38, 113
7, 11232, Note_on_c, 9, 51, 106
7, 11279, Note_on_c, 9, 51, 0
7, 11328, Note_on_c, 9, 51, 100
7, 11375, Note_on_c, 9, 51, 0
7, 11424, Note_on_c, 9, 51, 103
7, 11472, Note_on_c, 9, 36, 98
7, 11495, Note_on_c, 9, 36, 0
7, 11495, Note_on_c, 9, 51, 0
7, 11520, Note_on_c, 9, 51, 102
7, 11520, Note_on_c, 9, 36, 120
7, 11543, Note_on_c, 9, 38, 0
7, 11567, Note_on_c, 9, 51, 0
7, 11616, Note_on_c, 9, 51, 101
7, 11663, Note_on_c, 9, 51, 0
7, 11712, Note_on_c, 9, 51, 102
7, 11783, Note_on_c, 9, 51, 0
7, 11807, Note_on_c, 9, 36, 0
7, 11808, Note_on_c, 9, 51, 102
7, 11808, Note_on_c, 9, 38, 118
7, 11855, Note_on_c, 9, 51, 0
7, 11904, Note_on_c, 9, 51, 101
7, 11951, Note_on_c, 9, 51, 0
7, 12000, Note_on_c, 9, 50, 115
7, 12047, Note_on_c, 9, 50, 0
7, 12048, Note_on_c, 9, 48, 115
7, 12095, Note_on_c, 9, 48, 0
7, 12095, Note_on_c, 9, 38, 0
7, 12096, Note_on_c, 9, 49, 115
7, 12096, Note_on_c, 9, 36, 113
7, 12096, Note_on_c, 9, 51, 113
7, 12143, Note_on_c, 9, 49, 0
7, 12167, Note_on_c, 9, 51, 0
7, 12192, Note_on_c, 9, 51, 98
7, 12263, Note_on_c, 9, 51, 0
7, 12288, Note_on_c, 9, 51, 101
7, 12359, Note_on_c, 9, 51, 0
7, 12383, Note_on_c, 9, 36, 0
7, 12384, Note_on_c, 9, 38, 110
7, 12384, Note_on_c, 9, 51, 110
7, 12431, Note_on_c, 9, 51, 0
7, 12480, Note_on_c, 9, 51, 98
7, 12527, Note_on_c, 9, 51, 0
7, 12576, Note_on_c, 9, 51, 101
7, 12623, Note_on_c, 9, 51, 0
7, 12671, Note_on_c, 9, 38, 0
7, 12672, Note_on_c, 9, 51, 110
7, 12672, Note_on_c, 9, 36, 115
7, 12719, Note_on_c, 9, 51, 0
7, 12768, Note_on_c, 9, 51, 102
7, 12815, Note_on_c, 9, 51, 0
7, 12864, Note_on_c, 9, 51, 101
7, 12911, Note_on_c, 9, 51, 0
7, 12959, Note_on_c, 9, 36, 0
7, 12960, Note_on_c, 9, 51, 110
7, 12960, Note_on_c, 9, 38, 108
7, 13007, Note_on_c, 9, 51, 0
7, 13056, Note_on_c, 9, 51, 101
7, 13103, Note_on_c, 9, 51, 0
7, 13152, Note_on_c, 9, 51, 101
7, 13199, Note_on_c, 9, 51, 0
7, 13247, Note_on_c, 9, 38, 0
7, 13248, Note_on_c, 9, 36, 117
7, 13248, Note_on_c, 9, 51, 108
7, 13295, Note_on_c, 9, 51, 0
7, 13344, Note_on_c, 9, 51, 100
7, 13391, Note_on_c, 9, 51, 0
7, 13440, Note_on_c, 9, 51, 101
7, 13487, Note_on_c, 9, 51, 0
7, 13535, Note_on_c, 9, 36, 0
7, 13536, Note_on_c, 9, 38, 113
7, 13536, Note_on_c, 9, 51, 105
7, 13583, Note_on_c, 9, 51, 0
7, 13632, Note_on_c, 9, 51, 100
7, 13679, Note_on_c, 9, 51, 0
7, 13728, Note_on_c, 9, 51, 106
7, 13775, Note_on_c, 9, 51, 0
7, 13823, Note_on_c, 9, 38, 0
7, 13824, Note_on_c, 9, 57, 115
7, 13824, Note_on_c, 9, 36, 115
7, 13824, Note_on_c, 9, 51, 113
7, 14303, Note_on_c, 9, 57, 0
7, 14351, Note_on_c, 9, 51, 0
7, 14399, Note_on_c, 9, 36, 0
7, 23907, Note_on_c, 9, 50, 117
7, 23930, Note_on_c, 9, 50, 0
7, 23955, Note_on_c, 9, 47, 117
7, 23978, Note_on_c, 9, 47, 0
7, 24003, Note_on_c, 9, 43, 117
7, 24026, Note_on_c, 9, 43, 0
7, 24099, Note_on_c, 9, 41, 117
7, 24122, Note_on_c, 9, 41, 0
7, 24144, Note_on_c, 9, 41, 100
7, 24168, Note_on_c, 9, 41, 0
7, 24195, Note_on_c, 9, 49, 100
7, 24195, Note_on_c, 9, 51, 108
7, 24195, Note_on_c, 9, 36, 102
7, 24266, Note_on_c, 9, 51, 0
7, 24290, Note_on_c, 9, 49, 0
7, 24291, Note_on_c, 9, 51, 89
7, 24362, Note_on_c, 9, 51, 0
7, 24387, Note_on_c, 9, 51, 95
7, 24458, Note_on_c, 9, 51, 0
7, 24482, Note_on_c, 9, 36, 0
7, 24483, Note_on_c, 9, 38, 118
7, 24483, Note_on_c, 9, 51, 110
7, 24554, Note_on_c, 9, 51, 0
7, 24579, Note_on_c, 9, 51, 97
7, 24650, Note_on_c, 9, 51, 0
7, 24675, Note_on_c, 9, 51, 101
7, 24746, Note_on_c, 9, 51, 0
7, 24771, Note_on_c, 9, 51, 106
7, 24771, Note_on_c, 9, 36, 120
7, 24794, Note_on_c, 9, 38, 0
7, 24842, Note_on_c, 9, 51, 0
7, 24867, Note_on_c, 9, 51, 101
7, 24938, Note_on_c, 9, 51, 0
7, 24963, Note_on_c, 9, 51, 100
7, 25034, Note_on_c, 9, 51, 0
7, 25058, Note_on_c, 9, 36, 0
7, 25059, Note_on_c, 9, 38, 110
7, 25059, Note_on_c, 9, 51, 110
7, 25130, Note_on_c, 9, 51, 0
7, 25155, Note_on_c, 9, 51, 100
7, 25226, Note_on_c, 9, 51, 0
7, 25251, Note_on_c, 9, 51, 101
7, 25322, Note_on_c, 9, 51, 0
7, 25346, Note_on_c, 9, 38, 0
7, 25347, Note_on_c, 9, 51, 106
7, 25347, Note_on_c, 9, 36, 110
7, 25418, Note_on_c, 9, 51, 0
7, 25443, Note_on_c, 9, 51, 100
7, 25490, Note_on_c, 9, 51, 0
7, 25539, Note_on_c, 9, 51, 98
7, 25610, Note_on_c, 9, 51, 0
7, 25634, Note_on_c, 9, 36, 0
7, 25635, Note_on_c, 9, 38, 113
7, 25635, Note_on_c, 9, 51, 106
7, 25682, Note_on_c, 9, 51, 0
7, 25731, Note_on_c, 9, 51, 100
7, 25778, Note_on_c, 9, 51, 0
7, 25827, Note_on_c, 9, 51, 103
7, 25875, Note_on_c, 9, 36, 98
7, 25898, Note_on_c, 9, 36, 0
7, 25898, Note_on_c, 9, 51, 0
7, 25923, Note_on_c, 9, 51, 102
7, 25923, Note_on_c, 9, 36, 120
7, 25946, Note_on_c, 9, 38, 0
7, 25970, Note_on_c, 9, 51, 0
7, 26019, Note_on_c, 9, 51, 101
7, 26066, Note_on_c, 9, 51, 0
7, 26115, Note_on_c, 9, 51, 102
7, 26186, Note_on_c, 9, 51, 0
7, 26210, Note_on_c, 9, 36, 0
7, 26211, Note_on_c, 9, 51, 102
7, 26211, Note_on_c, 9, 38, 118
7, 26258, Note_on_c, 9, 51, 0
7, 26307, Note_on_c, 9, 51, 101
7, 26354, Note_on_c, 9, 51, 0
7, 26400, Note_on_c, 9, 47, 115
7, 26448, Note_on_c, 9, 47, 0
7, 26448, Note_on_c, 9, 45, 115
7, 26496, Note_on_c, 9, 45, 0
7, 26498, Note_on_c, 9, 38, 0
7, 26499, Note_on_c, 9, 49, 115
7, 26499, Note_on_c, 9, 36, 113
7, 26499, Note_on_c, 9, 51, 113
7, 26570, Note_on_c, 9, 51, 0
7, 26595, Note_on_c, 9, 49, 0
7, 26595, Note_on_c, 9, 51, 98
7, 26666, Note_on_c, 9, 51, 0
7, 26691, Note_on_c, 9, 51, 101
7, 26762, Note_on_c, 9, 51, 0
7, 26786, Note_on_c, 9, 36, 0
7, 26787, Note_on_c, 9, 38, 110
7, 26787, Note_on_c, 9, 51, 110
7, 26834, Note_on_c, 9, 51, 0
7, 26883, Note_on_c, 9, 51, 98
7, 26930, Note_on_c, 9, 51, 0
7, 26979, Note_on_c, 9, 51, 101
7, 27026, Note_on_c, 9, 51, 0
7, 27074, Note_on_c, 9, 38, 0
7, 27075, Note_on_c, 9, 51, 110
7, 27075, Note_on_c, 9, 36, 115
7, 27122, Note_on_c, 9, 51, 0
7, 27171, Note_on_c, 9, 51, 102
7, 27218, Note_on_c, 9, 51, 0
7, 27267, Note_on_c, 9, 51, 101
7, 27314, Note_on_c, 9, 51, 0
7, 27362, Note_on_c, 9, 36, 0
7, 27363, Note_on_c, 9, 51, 110
7, 27363, Note_on_c, 9, 38, 108
7, 27410, Note_on_c, 9, 51, 0
7, 27459, Note_on_c, 9, 51, 101
7, 27506, Note_on_c, 9, 51, 0
7, 27555, Note_on_c, 9, 51, 101
7, 27602, Note_on_c, 9, 51, 0
7, 27650, Note_on_c, 9, 38, 0
7, 27651, Note_on_c, 9, 36, 117
7, 27651, Note_on_c, 9, 51, 108
7, 27698, Note_on_c, 9, 51, 0
7, 27747, Note_on_c, 9, 51, 100
7, 27794, Note_on_c, 9, 51, 0
7, 27843, Note_on_c, 9, 51, 101
7, 27890, Note_on_c, 9, 51, 0
7, 27938, Note_on_c, 9, 36, 0
7, 27939, Note_on_c, 9, 38, 113
7, 27939, Note_on_c, 9, 51, 105
7, 27986, Note_on_c, 9, 51, 0
7, 28035, Note_on_c, 9, 51, 100
7, 28082, Note_on_c, 9, 51, 0
7, 28131, Note_on_c, 9, 51, 106
7, 28178, Note_on_c, 9, 51, 0
7, 28224, Note_on_c, 9, 57, 115
7, 28226, Note_on_c, 9, 38, 0
7, 28227, Note_on_c, 9, 36, 115
7, 28227, Note_on_c, 9, 51, 113
7, 28703, Note_on_c, 9, 57, 0
7, 28754, Note_on_c, 9, 51, 0
7, 28802, Note_on_c, 9, 36, 0
7, 28802, End_track
0, 0, End_of_file
