0, 0, Header, 0, 1, 120
1, 0, Start_track
1, 0, Title_t, "untitled"
1, 0, Copyright_t, "Copyright © 1999 by Federico Pelle"
1, 0, Text_t, "Federico Pelle\012"
1, 0, Time_signature, 4, 2, 24, 8
1, 0, Key_signature, 0, "major"
1, 0, Tempo, 705882
1, 0, Control_c, 1, 32, 0
1, 0, Program_c, 1, 0
1, 0, Program_c, 2, 51
1, 0, Control_c, 2, 7, 115
1, 0, Control_c, 2, 10, 126
1, 0, Program_c, 3, 50
1, 0, Control_c, 3, 7, 120
1, 0, Control_c, 3, 10, 64
1, 0, Program_c, 4, 51
1, 0, Control_c, 4, 7, 115
1, 0, Control_c, 4, 10, 1
1, 0, Program_c, 5, 10
1, 0, Control_c, 5, 7, 90
1, 0, Control_c, 5, 10, 64
1, 0, Program_c, 6, 52
1, 0, Program_c, 7, 53
1, 0, Program_c, 8, 73
1, 12, Note_on_c, 1, 66, 89
1, 12, Note_on_c, 1, 61, 83
1, 12, Note_on_c, 1, 38, 85
1, 13, Note_on_c, 1, 57, 89
1, 129, Control_c, 1, 64, 127
1, 193, Note_on_c, 1, 45, 66
1, 329, Note_on_c, 1, 38, 0
1, 330, Note_on_c, 1, 45, 0
1, 360, Note_on_c, 1, 50, 83
1, 378, Note_on_c, 1, 50, 0
1, 393, Note_on_c, 1, 45, 77
1, 406, Note_on_c, 1, 57, 0
1, 408, Note_on_c, 1, 61, 0
1, 409, Note_on_c, 1, 45, 0
1, 412, Note_on_c, 1, 66, 0
1, 424, Note_on_c, 1, 38, 80
1, 451, Note_on_c, 1, 38, 0
1, 484, Note_on_c, 1, 62, 78
1, 485, Control_c, 1, 64, 0
1, 486, Note_on_c, 1, 66, 89
1, 486, Note_on_c, 1, 43, 78
1, 486, Note_on_c, 1, 59, 78
1, 527, Control_c, 1, 64, 127
1, 589, Note_on_c, 1, 59, 0
1, 591, Note_on_c, 1, 62, 0
1, 599, Note_on_c, 1, 66, 0
1, 672, Note_on_c, 1, 55, 72
1, 727, Note_on_c, 1, 76, 120
1, 729, Note_on_c, 1, 81, 94
1, 741, Note_on_c, 1, 76, 0
1, 755, Note_on_c, 1, 81, 0
1, 765, Note_on_c, 1, 78, 83
1, 787, Note_on_c, 1, 78, 0
1, 787, Note_on_c, 1, 55, 0
1, 796, Note_on_c, 1, 76, 83
1, 812, Note_on_c, 1, 43, 0
1, 889, Note_on_c, 1, 76, 0
1, 895, Note_on_c, 1, 74, 83
1, 903, Note_on_c, 1, 74, 0
1, 959, Note_on_c, 1, 73, 85
1, 961, Note_on_c, 1, 38, 82
1, 961, Control_c, 1, 64, 0
1, 966, Note_on_c, 1, 69, 68
1, 970, Note_on_c, 1, 64, 76
1, 1008, Control_c, 1, 64, 127
1, 1049, Note_on_c, 1, 69, 0
1, 1083, Note_on_c, 1, 69, 77
1, 1138, Note_on_c, 1, 38, 0
1, 1145, Note_on_c, 1, 45, 69
1, 1180, Note_on_c, 1, 45, 0
1, 1193, Note_on_c, 1, 64, 0
1, 1209, Note_on_c, 1, 50, 65
1, 1236, Note_on_c, 1, 69, 0
1, 1239, Note_on_c, 1, 73, 0
1, 1251, Note_on_c, 1, 50, 0
1, 1265, Note_on_c, 1, 54, 78
1, 1327, Note_on_c, 1, 54, 0
1, 1332, Note_on_c, 1, 57, 83
1, 1342, Note_on_c, 1, 57, 0
1, 1440, Note_on_c, 1, 66, 82
1, 1441, Note_on_c, 1, 43, 82
1, 1442, Note_on_c, 1, 62, 78
1, 1442, Note_on_c, 1, 59, 75
1, 1442, Control_c, 1, 64, 0
1, 1501, Control_c, 1, 64, 127
1, 1651, Note_on_c, 1, 50, 13
1, 1794, Note_on_c, 1, 50, 0
1, 1796, Note_on_c, 2, 66, 90
1, 1796, Note_on_c, 3, 66, 90
1, 1800, Note_on_c, 5, 66, 90
1, 1806, Note_on_c, 1, 66, 0
1, 1807, Note_on_c, 4, 66, 90
1, 1808, Note_on_c, 1, 59, 0
1, 1809, Note_on_c, 1, 43, 0
1, 1809, Note_on_c, 1, 62, 0
1, 1811, Note_on_c, 2, 66, 0
1, 1811, Note_on_c, 3, 66, 0
1, 1815, Note_on_c, 5, 66, 0
1, 1822, Note_on_c, 4, 66, 0
1, 1829, Note_on_c, 2, 67, 58
1, 1829, Note_on_c, 3, 67, 58
1, 1833, Note_on_c, 5, 67, 58
1, 1840, Note_on_c, 4, 67, 58
1, 1850, Note_on_c, 3, 67, 0
1, 1850, Note_on_c, 2, 67, 0
1, 1854, Note_on_c, 5, 67, 0
1, 1857, Note_on_c, 2, 66, 78
1, 1857, Note_on_c, 3, 66, 78
1, 1861, Note_on_c, 4, 67, 0
1, 1861, Note_on_c, 5, 66, 78
1, 1868, Note_on_c, 3, 66, 0
1, 1868, Note_on_c, 2, 66, 0
1, 1868, Note_on_c, 4, 66, 78
1, 1872, Note_on_c, 5, 66, 0
1, 1879, Note_on_c, 4, 66, 0
1, 1891, Note_on_c, 2, 69, 57
1, 1891, Note_on_c, 3, 69, 57
1, 1895, Note_on_c, 5, 69, 57
1, 1902, Note_on_c, 4, 69, 57
1, 1919, Note_on_c, 1, 61, 76
1, 1921, Note_on_c, 1, 66, 80
1, 1922, Note_on_c, 1, 38, 76
1, 1924, Control_c, 1, 64, 0
1, 1924, Note_on_c, 1, 57, 68
1, 2034, Control_c, 1, 64, 127
1, 2103, Note_on_c, 1, 45, 73
1, 2271, Note_on_c, 1, 45, 0
1, 2274, Note_on_c, 1, 38, 0
1, 2283, Note_on_c, 1, 50, 80
1, 2303, Note_on_c, 1, 50, 0
1, 2314, Note_on_c, 1, 57, 0
1, 2314, Note_on_c, 1, 45, 80
1, 2321, Note_on_c, 1, 61, 0
1, 2323, Note_on_c, 1, 66, 0
1, 2329, Note_on_c, 1, 45, 0
1, 2342, Note_on_c, 1, 38, 87
1, 2360, Note_on_c, 1, 38, 0
1, 2405, Note_on_c, 1, 66, 89
1, 2405, Control_c, 1, 64, 0
1, 2405, Note_on_c, 1, 43, 82
1, 2405, Note_on_c, 1, 59, 87
1, 2405, Note_on_c, 1, 62, 83
1, 2451, Control_c, 1, 64, 127
1, 2588, Note_on_c, 1, 50, 71
1, 2687, Note_on_c, 3, 69, 0
1, 2687, Note_on_c, 2, 69, 0
1, 2691, Note_on_c, 5, 69, 0
1, 2696, Note_on_c, 2, 67, 61
1, 2696, Note_on_c, 3, 67, 61
1, 2698, Note_on_c, 4, 69, 0
1, 2700, Note_on_c, 5, 67, 61
1, 2707, Note_on_c, 4, 67, 61
1, 2776, Note_on_c, 3, 67, 0
1, 2776, Note_on_c, 2, 67, 0
1, 2780, Note_on_c, 5, 67, 0
1, 2787, Note_on_c, 4, 67, 0
1, 2792, Note_on_c, 2, 66, 53
1, 2792, Note_on_c, 3, 66, 53
1, 2796, Note_on_c, 5, 66, 53
1, 2798, Note_on_c, 1, 66, 0
1, 2799, Note_on_c, 1, 62, 0
1, 2799, Note_on_c, 1, 50, 0
1, 2803, Note_on_c, 1, 59, 0
1, 2803, Note_on_c, 4, 66, 53
1, 2806, Note_on_c, 1, 43, 0
1, 2817, Note_on_c, 2, 66, 0
1, 2817, Note_on_c, 3, 66, 0
1, 2821, Note_on_c, 5, 66, 0
1, 2828, Note_on_c, 4, 66, 0
1, 2830, Note_on_c, 2, 67, 45
1, 2830, Note_on_c, 3, 67, 45
1, 2834, Note_on_c, 5, 67, 45
1, 2841, Note_on_c, 4, 67, 45
1, 2861, Note_on_c, 3, 67, 0
1, 2861, Note_on_c, 2, 67, 0
1, 2865, Note_on_c, 5, 67, 0
1, 2866, Note_on_c, 2, 66, 46
1, 2866, Note_on_c, 3, 66, 46
1, 2870, Note_on_c, 5, 66, 46
1, 2872, Note_on_c, 4, 67, 0
1, 2877, Note_on_c, 4, 66, 46
1, 2878, Note_on_c, 1, 66, 83
1, 2879, Note_on_c, 1, 61, 69
1, 2879, Control_c, 1, 64, 0
1, 2880, Note_on_c, 1, 38, 77
1, 2882, Note_on_c, 1, 57, 73
1, 2932, Control_c, 1, 64, 127
1, 2994, Note_on_c, 1, 66, 0
1, 3007, Note_on_c, 1, 61, 0
1, 3010, Note_on_c, 1, 57, 0
1, 3056, Note_on_c, 1, 50, 71
1, 3185, Note_on_c, 1, 57, 73
1, 3200, Note_on_c, 1, 61, 77
1, 3206, Note_on_c, 1, 50, 0
1, 3215, Note_on_c, 1, 57, 0
1, 3220, Note_on_c, 1, 66, 78
1, 3235, Note_on_c, 1, 69, 94
1, 3241, Note_on_c, 1, 38, 0
1, 3242, Note_on_c, 1, 66, 0
1, 3247, Note_on_c, 1, 61, 0
1, 3270, Note_on_c, 1, 69, 0
1, 3300, Note_on_c, 1, 38, 75
1, 3303, Note_on_c, 1, 66, 82
1, 3312, Note_on_c, 1, 66, 0
1, 3315, Note_on_c, 1, 38, 0
1, 3356, Control_c, 1, 64, 0
1, 3358, Note_on_c, 1, 66, 82
1, 3360, Note_on_c, 1, 59, 78
1, 3361, Note_on_c, 1, 43, 75
1, 3363, Note_on_c, 1, 62, 75
1, 3412, Control_c, 1, 64, 127
1, 3557, Note_on_c, 1, 50, 47
1, 3654, Note_on_c, 1, 59, 0
1, 3661, Note_on_c, 1, 62, 0
1, 3664, Note_on_c, 1, 66, 0
1, 3719, Note_on_c, 1, 50, 0
1, 3724, Note_on_c, 1, 43, 0
1, 3753, Note_on_c, 3, 66, 0
1, 3753, Note_on_c, 2, 66, 0
1, 3757, Note_on_c, 5, 66, 0
1, 3764, Note_on_c, 4, 66, 0
1, 3776, Note_on_c, 2, 66, 53
1, 3776, Note_on_c, 3, 66, 53
1, 3780, Note_on_c, 5, 66, 53
1, 3787, Note_on_c, 4, 66, 53
1, 3797, Note_on_c, 3, 66, 0
1, 3797, Note_on_c, 2, 66, 0
1, 3801, Note_on_c, 5, 66, 0
1, 3808, Note_on_c, 4, 66, 0
1, 3809, Note_on_c, 2, 67, 46
1, 3809, Note_on_c, 3, 67, 46
1, 3813, Note_on_c, 5, 67, 46
1, 3820, Note_on_c, 4, 67, 46
1, 3829, Note_on_c, 3, 67, 0
1, 3829, Note_on_c, 2, 67, 0
1, 3833, Note_on_c, 5, 67, 0
1, 3834, Note_on_c, 2, 69, 49
1, 3834, Note_on_c, 3, 69, 49
1, 3838, Note_on_c, 5, 69, 49
1, 3840, Note_on_c, 4, 67, 0
1, 3841, Control_c, 1, 64, 0
1, 3845, Note_on_c, 1, 42, 72
1, 3845, Note_on_c, 4, 69, 49
1, 3846, Note_on_c, 1, 69, 87
1, 3880, Control_c, 1, 64, 127
1, 3902, Note_on_c, 1, 61, 71
1, 3914, Note_on_c, 1, 69, 0
1, 3949, Note_on_c, 1, 61, 0
1, 3961, Note_on_c, 1, 64, 83
1, 4015, Note_on_c, 1, 64, 0
1, 4018, Note_on_c, 1, 66, 82
1, 4051, Note_on_c, 1, 66, 0
1, 4079, Note_on_c, 1, 69, 87
1, 4100, Note_on_c, 1, 69, 0
1, 4146, Note_on_c, 1, 73, 87
1, 4156, Note_on_c, 1, 73, 0
1, 4268, Note_on_c, 1, 42, 0
1, 4268, Note_on_c, 1, 74, 83
1, 4323, Control_c, 1, 64, 0
1, 4324, Note_on_c, 1, 40, 77
1, 4365, Control_c, 1, 64, 127
1, 4386, Note_on_c, 1, 64, 68
1, 4451, Note_on_c, 1, 67, 78
1, 4614, Note_on_c, 2, 69, 0
1, 4614, Note_on_c, 3, 69, 0
1, 4618, Note_on_c, 5, 69, 0
1, 4620, Note_on_c, 2, 67, 58
1, 4620, Note_on_c, 3, 67, 58
1, 4624, Note_on_c, 5, 67, 58
1, 4625, Note_on_c, 4, 69, 0
1, 4631, Note_on_c, 4, 67, 58
1, 4666, Note_on_c, 1, 74, 0
1, 4677, Note_on_c, 1, 67, 0
1, 4679, Note_on_c, 1, 64, 0
1, 4685, Note_on_c, 3, 67, 0
1, 4685, Note_on_c, 2, 67, 0
1, 4688, Note_on_c, 1, 40, 0
1, 4689, Note_on_c, 5, 67, 0
1, 4696, Note_on_c, 4, 67, 0
1, 4713, Note_on_c, 2, 66, 46
1, 4713, Note_on_c, 3, 66, 46
1, 4717, Note_on_c, 5, 66, 46
1, 4724, Note_on_c, 4, 66, 46
1, 4739, Note_on_c, 3, 66, 0
1, 4739, Note_on_c, 2, 66, 0
1, 4743, Note_on_c, 5, 66, 0
1, 4750, Note_on_c, 4, 66, 0
1, 4751, Note_on_c, 2, 67, 39
1, 4751, Note_on_c, 3, 67, 39
1, 4755, Note_on_c, 5, 67, 39
1, 4762, Note_on_c, 4, 67, 39
1, 4778, Note_on_c, 3, 67, 0
1, 4778, Note_on_c, 2, 67, 0
1, 4782, Note_on_c, 5, 67, 0
1, 4785, Note_on_c, 2, 66, 48
1, 4785, Note_on_c, 3, 66, 48
1, 4789, Note_on_c, 4, 67, 0
1, 4789, Note_on_c, 5, 66, 48
1, 4795, Control_c, 1, 64, 0
1, 4796, Note_on_c, 1, 42, 68
1, 4796, Note_on_c, 4, 66, 48
1, 4800, Note_on_c, 1, 69, 82
1, 4837, Control_c, 1, 64, 127
1, 4861, Note_on_c, 1, 61, 72
1, 4874, Note_on_c, 1, 69, 0
1, 4904, Note_on_c, 1, 61, 0
1, 4916, Note_on_c, 1, 64, 85
1, 4971, Note_on_c, 1, 64, 0
1, 4973, Note_on_c, 1, 66, 85
1, 5016, Note_on_c, 1, 66, 0
1, 5031, Note_on_c, 1, 69, 83
1, 5051, Note_on_c, 1, 69, 0
1, 5098, Note_on_c, 1, 73, 83
1, 5114, Note_on_c, 1, 73, 0
1, 5221, Note_on_c, 1, 42, 0
1, 5225, Note_on_c, 1, 74, 82
1, 5282, Control_c, 1, 64, 0
1, 5283, Note_on_c, 1, 40, 76
1, 5321, Control_c, 1, 64, 127
1, 5347, Note_on_c, 1, 64, 69
1, 5412, Note_on_c, 1, 67, 76
1, 5514, Note_on_c, 3, 66, 0
1, 5514, Note_on_c, 2, 66, 0
1, 5518, Note_on_c, 5, 66, 0
1, 5525, Note_on_c, 4, 66, 0
1, 5525, Note_on_c, 2, 62, 58
1, 5525, Note_on_c, 3, 62, 58
1, 5529, Note_on_c, 5, 62, 58
1, 5536, Note_on_c, 4, 62, 58
1, 5572, Note_on_c, 1, 74, 0
1, 5577, Note_on_c, 1, 67, 0
1, 5581, Note_on_c, 1, 64, 0
1, 5582, Note_on_c, 2, 62, 0
1, 5582, Note_on_c, 3, 62, 0
1, 5586, Note_on_c, 5, 62, 0
1, 5593, Note_on_c, 4, 62, 0
1, 5597, Note_on_c, 2, 64, 42
1, 5597, Note_on_c, 3, 64, 42
1, 5601, Note_on_c, 5, 64, 42
1, 5608, Note_on_c, 4, 64, 42
1, 5643, Note_on_c, 1, 40, 0
1, 5662, Note_on_c, 2, 64, 0
1, 5662, Note_on_c, 3, 64, 0
1, 5666, Note_on_c, 5, 64, 0
1, 5673, Note_on_c, 4, 64, 0
1, 5677, Note_on_c, 2, 62, 50
1, 5677, Note_on_c, 3, 62, 50
1, 5681, Note_on_c, 5, 62, 50
1, 5688, Note_on_c, 4, 62, 50
1, 5697, Note_on_c, 3, 62, 0
1, 5697, Note_on_c, 2, 62, 0
1, 5701, Note_on_c, 5, 62, 0
1, 5708, Note_on_c, 4, 62, 0
1, 5711, Note_on_c, 2, 64, 53
1, 5711, Note_on_c, 3, 64, 53
1, 5715, Note_on_c, 5, 64, 53
1, 5722, Note_on_c, 4, 64, 53
1, 5736, Note_on_c, 3, 64, 0
1, 5736, Note_on_c, 2, 64, 0
1, 5738, Note_on_c, 1, 55, 82
1, 5740, Note_on_c, 5, 64, 0
1, 5746, Note_on_c, 1, 59, 87
1, 5746, Note_on_c, 2, 66, 48
1, 5746, Note_on_c, 3, 66, 48
1, 5747, Note_on_c, 4, 64, 0
1, 5748, Control_c, 1, 64, 0
1, 5750, Note_on_c, 5, 66, 48
1, 5753, Note_on_c, 1, 45, 75
1, 5754, Note_on_c, 1, 62, 82
1, 5757, Note_on_c, 4, 66, 48
1, 5759, Note_on_c, 1, 66, 91
1, 5797, Control_c, 1, 64, 127
1, 5852, Note_on_c, 1, 55, 0
1, 5855, Note_on_c, 1, 62, 0
1, 5855, Note_on_c, 1, 59, 0
1, 5864, Note_on_c, 1, 66, 0
1, 5958, Note_on_c, 1, 67, 69
1, 5974, Note_on_c, 1, 71, 89
1, 5986, Note_on_c, 1, 74, 89
1, 5989, Note_on_c, 1, 67, 0
1, 5994, Note_on_c, 1, 78, 91
1, 6006, Note_on_c, 1, 74, 0
1, 6034, Note_on_c, 1, 71, 0
1, 6046, Note_on_c, 1, 78, 0
1, 6063, Note_on_c, 1, 74, 77
1, 6113, Note_on_c, 1, 74, 0
1, 6176, Note_on_c, 1, 71, 46
1, 6206, Note_on_c, 1, 71, 0
1, 6244, Note_on_c, 1, 74, 73
1, 6245, Note_on_c, 1, 67, 51
1, 6248, Note_on_c, 1, 71, 50
1, 6329, Note_on_c, 1, 74, 0
1, 6330, Note_on_c, 1, 71, 0
1, 6339, Note_on_c, 1, 67, 0
1, 6483, Note_on_c, 2, 78, 72
1, 6483, Note_on_c, 3, 78, 72
1, 6487, Note_on_c, 5, 78, 72
1, 6494, Note_on_c, 4, 78, 72
1, 6517, Note_on_c, 3, 78, 0
1, 6517, Note_on_c, 2, 78, 0
1, 6521, Note_on_c, 5, 78, 0
1, 6528, Note_on_c, 4, 78, 0
1, 6554, Note_on_c, 2, 79, 50
1, 6554, Note_on_c, 3, 79, 50
1, 6558, Note_on_c, 5, 79, 50
1, 6565, Note_on_c, 4, 79, 50
1, 6592, Note_on_c, 3, 79, 0
1, 6592, Note_on_c, 2, 79, 0
1, 6596, Note_on_c, 5, 79, 0
1, 6598, Note_on_c, 1, 45, 0
1, 6603, Note_on_c, 4, 79, 0
1, 6631, Note_on_c, 2, 78, 61
1, 6631, Note_on_c, 3, 78, 61
1, 6635, Note_on_c, 5, 78, 61
1, 6642, Note_on_c, 4, 78, 61
1, 6652, Note_on_c, 3, 78, 0
1, 6652, Note_on_c, 2, 78, 0
1, 6656, Note_on_c, 5, 78, 0
1, 6663, Note_on_c, 4, 78, 0
1, 6665, Note_on_c, 2, 79, 45
1, 6665, Note_on_c, 3, 79, 45
1, 6669, Note_on_c, 5, 79, 45
1, 6676, Note_on_c, 4, 79, 45
1, 6679, Note_on_c, 2, 66, 0
1, 6679, Note_on_c, 3, 66, 0
1, 6683, Note_on_c, 5, 66, 0
1, 6690, Note_on_c, 4, 66, 0
1, 6691, Note_on_c, 2, 79, 0
1, 6691, Note_on_c, 3, 79, 0
1, 6695, Note_on_c, 5, 79, 0
1, 6702, Note_on_c, 4, 79, 0
1, 6704, Note_on_c, 2, 78, 52
1, 6704, Note_on_c, 3, 78, 52
1, 6708, Note_on_c, 5, 78, 52
1, 6715, Control_c, 1, 64, 0
1, 6715, Note_on_c, 4, 78, 52
1, 6716, Note_on_c, 1, 61, 72
1, 6718, Note_on_c, 1, 38, 77
1, 6719, Note_on_c, 1, 66, 82
1, 6723, Note_on_c, 1, 57, 72
1, 6764, Control_c, 1, 64, 127
1, 6867, Note_on_c, 1, 66, 0
1, 6907, Note_on_c, 1, 57, 0
1, 6914, Note_on_c, 1, 61, 0
1, 6955, Note_on_c, 1, 50, 39
1, 7020, Note_on_c, 1, 57, 73
1, 7033, Note_on_c, 1, 61, 83
1, 7044, Note_on_c, 1, 50, 0
1, 7052, Note_on_c, 1, 66, 78
1, 7068, Note_on_c, 1, 69, 98
1, 7069, Note_on_c, 1, 66, 0
1, 7082, Note_on_c, 1, 57, 0
1, 7101, Note_on_c, 1, 69, 0
1, 7103, Note_on_c, 1, 38, 0
1, 7105, Note_on_c, 1, 61, 0
1, 7132, Note_on_c, 1, 38, 69
1, 7133, Note_on_c, 1, 66, 78
1, 7146, Note_on_c, 1, 66, 0
1, 7155, Note_on_c, 1, 38, 0
1, 7195, Control_c, 1, 64, 0
1, 7196, Note_on_c, 1, 66, 85
1, 7196, Note_on_c, 1, 43, 73
1, 7196, Note_on_c, 1, 62, 71
1, 7198, Note_on_c, 1, 59, 76
1, 7241, Control_c, 1, 64, 127
1, 7391, Note_on_c, 1, 50, 55
1, 7418, Note_on_c, 3, 78, 0
1, 7418, Note_on_c, 2, 78, 0
1, 7422, Note_on_c, 5, 78, 0
1, 7429, Note_on_c, 4, 78, 0
1, 7439, Note_on_c, 2, 78, 54
1, 7439, Note_on_c, 3, 78, 54
1, 7443, Note_on_c, 5, 78, 54
1, 7450, Note_on_c, 4, 78, 54
1, 7481, Note_on_c, 3, 78, 0
1, 7481, Note_on_c, 2, 78, 0
1, 7485, Note_on_c, 5, 78, 0
1, 7492, Note_on_c, 4, 78, 0
1, 7507, Note_on_c, 2, 79, 58
1, 7507, Note_on_c, 3, 79, 58
1, 7511, Note_on_c, 5, 79, 58
1, 7518, Note_on_c, 4, 79, 58
1, 7549, Note_on_c, 3, 79, 0
1, 7549, Note_on_c, 2, 79, 0
1, 7553, Note_on_c, 5, 79, 0
1, 7560, Note_on_c, 4, 79, 0
1, 7589, Note_on_c, 1, 50, 0
1, 7593, Note_on_c, 2, 78, 63
1, 7593, Note_on_c, 3, 78, 63
1, 7597, Note_on_c, 1, 62, 0
1, 7597, Note_on_c, 5, 78, 63
1, 7601, Note_on_c, 1, 43, 0
1, 7601, Note_on_c, 1, 59, 0
1, 7602, Note_on_c, 1, 66, 0
1, 7604, Note_on_c, 4, 78, 63
1, 7621, Note_on_c, 3, 78, 0
1, 7621, Note_on_c, 2, 78, 0
1, 7625, Note_on_c, 5, 78, 0
1, 7632, Note_on_c, 4, 78, 0
1, 7640, Note_on_c, 2, 79, 36
1, 7640, Note_on_c, 3, 79, 36
1, 7644, Note_on_c, 5, 79, 36
1, 7651, Note_on_c, 4, 79, 36
1, 7661, Note_on_c, 3, 79, 0
1, 7661, Note_on_c, 2, 79, 0
1, 7665, Note_on_c, 5, 79, 0
1, 7671, Note_on_c, 2, 78, 51
1, 7671, Note_on_c, 3, 78, 51
1, 7672, Note_on_c, 4, 79, 0
1, 7672, Note_on_c, 1, 61, 71
1, 7672, Control_c, 1, 64, 0
1, 7674, Note_on_c, 1, 66, 80
1, 7674, Note_on_c, 1, 38, 75
1, 7675, Note_on_c, 5, 78, 51
1, 7679, Note_on_c, 1, 57, 62
1, 7682, Note_on_c, 4, 78, 51
1, 7704, Note_on_c, 3, 78, 0
1, 7704, Note_on_c, 2, 78, 0
1, 7708, Note_on_c, 5, 78, 0
1, 7712, Note_on_c, 2, 79, 36
1, 7712, Note_on_c, 3, 79, 36
1, 7715, Note_on_c, 4, 78, 0
1, 7716, Note_on_c, 5, 79, 36
1, 7723, Note_on_c, 4, 79, 36
1, 7730, Note_on_c, 2, 79, 0
1, 7730, Note_on_c, 3, 79, 0
1, 7732, Control_c, 1, 64, 127
1, 7734, Note_on_c, 5, 79, 0
1, 7736, Note_on_c, 2, 78, 45
1, 7736, Note_on_c, 3, 78, 45
1, 7740, Note_on_c, 5, 78, 45
1, 7741, Note_on_c, 4, 79, 0
1, 7747, Note_on_c, 4, 78, 45
1, 7920, Note_on_c, 1, 66, 0
1, 7931, Note_on_c, 1, 61, 0
1, 7934, Note_on_c, 1, 57, 0
1, 7994, Note_on_c, 1, 57, 69
1, 8007, Note_on_c, 1, 61, 78
1, 8023, Note_on_c, 1, 57, 0
1, 8032, Note_on_c, 1, 66, 98
1, 8039, Note_on_c, 1, 61, 0
1, 8049, Note_on_c, 1, 38, 0
1, 8063, Note_on_c, 1, 66, 0
1, 8093, Note_on_c, 1, 38, 64
1, 8096, Note_on_c, 1, 64, 85
1, 8116, Note_on_c, 1, 64, 0
1, 8118, Note_on_c, 1, 38, 0
1, 8152, Note_on_c, 1, 62, 72
1, 8154, Control_c, 1, 64, 0
1, 8155, Note_on_c, 1, 59, 77
1, 8157, Note_on_c, 1, 43, 73
1, 8157, Note_on_c, 1, 66, 85
1, 8201, Control_c, 1, 64, 127
1, 8393, Note_on_c, 3, 78, 0
1, 8393, Note_on_c, 2, 78, 0
1, 8397, Note_on_c, 5, 78, 0
1, 8399, Note_on_c, 2, 74, 50
1, 8399, Note_on_c, 3, 74, 50
1, 8403, Note_on_c, 5, 74, 50
1, 8404, Note_on_c, 4, 78, 0
1, 8410, Note_on_c, 4, 74, 50
1, 8435, Note_on_c, 1, 62, 0
1, 8436, Note_on_c, 1, 59, 0
1, 8436, Note_on_c, 1, 66, 0
1, 8439, Note_on_c, 2, 74, 0
1, 8439, Note_on_c, 3, 74, 0
1, 8443, Note_on_c, 5, 74, 0
1, 8450, Note_on_c, 4, 74, 0
1, 8463, Note_on_c, 2, 76, 43
1, 8463, Note_on_c, 3, 76, 43
1, 8467, Note_on_c, 5, 76, 43
1, 8474, Note_on_c, 4, 76, 43
1, 8518, Note_on_c, 3, 76, 0
1, 8518, Note_on_c, 2, 76, 0
1, 8522, Note_on_c, 5, 76, 0
1, 8529, Note_on_c, 4, 76, 0
1, 8534, Note_on_c, 1, 43, 0
1, 8542, Note_on_c, 2, 74, 55
1, 8542, Note_on_c, 3, 74, 55
1, 8546, Note_on_c, 5, 74, 55
1, 8553, Note_on_c, 4, 74, 55
1, 8559, Note_on_c, 3, 74, 0
1, 8559, Note_on_c, 2, 74, 0
1, 8563, Note_on_c, 5, 74, 0
1, 8570, Note_on_c, 4, 74, 0
1, 8575, Note_on_c, 2, 71, 53
1, 8575, Note_on_c, 3, 71, 53
1, 8579, Note_on_c, 5, 71, 53
1, 8586, Note_on_c, 4, 71, 53
1, 8603, Note_on_c, 3, 71, 0
1, 8603, Note_on_c, 2, 71, 0
1, 8607, Note_on_c, 5, 71, 0
1, 8614, Note_on_c, 4, 71, 0
1, 8618, Note_on_c, 2, 73, 41
1, 8618, Note_on_c, 3, 73, 41
1, 8622, Note_on_c, 5, 73, 41
1, 8627, Control_c, 1, 64, 0
1, 8628, Note_on_c, 1, 73, 76
1, 8629, Note_on_c, 4, 73, 41
1, 8630, Note_on_c, 1, 42, 60
1, 8668, Control_c, 1, 64, 127
1, 8693, Note_on_c, 1, 64, 66
1, 8702, Note_on_c, 1, 73, 0
1, 8759, Note_on_c, 1, 64, 0
1, 8759, Note_on_c, 1, 69, 78
1, 8820, Note_on_c, 1, 71, 87
1, 8879, Note_on_c, 1, 71, 0
1, 8885, Note_on_c, 1, 69, 0
1, 8889, Note_on_c, 1, 73, 69
1, 8936, Note_on_c, 1, 73, 0
1, 9009, Note_on_c, 1, 69, 71
1, 9021, Note_on_c, 1, 42, 0
1, 9055, Note_on_c, 1, 69, 0
1, 9063, Note_on_c, 1, 73, 80
1, 9064, Note_on_c, 1, 42, 53
1, 9071, Note_on_c, 1, 73, 0
1, 9075, Note_on_c, 1, 42, 0
1, 9118, Note_on_c, 2, 73, 0
1, 9118, Note_on_c, 3, 73, 0
1, 9122, Note_on_c, 5, 73, 0
1, 9124, Note_on_c, 1, 40, 78
1, 9128, Note_on_c, 1, 74, 80
1, 9128, Control_c, 1, 64, 0
1, 9129, Note_on_c, 4, 73, 0
1, 9129, Note_on_c, 1, 64, 66
1, 9131, Note_on_c, 1, 71, 75
1, 9133, Note_on_c, 1, 67, 77
1, 9173, Control_c, 1, 64, 127
1, 9218, Note_on_c, 1, 67, 0
1, 9228, Note_on_c, 1, 71, 0
1, 9250, Note_on_c, 1, 67, 77
1, 9312, Note_on_c, 1, 47, 63
1, 9365, Note_on_c, 2, 74, 62
1, 9365, Note_on_c, 3, 74, 62
1, 9369, Note_on_c, 5, 74, 62
1, 9376, Note_on_c, 4, 74, 62
1, 9401, Note_on_c, 3, 74, 0
1, 9401, Note_on_c, 2, 74, 0
1, 9405, Note_on_c, 5, 74, 0
1, 9412, Note_on_c, 4, 74, 0
1, 9434, Note_on_c, 2, 76, 56
1, 9434, Note_on_c, 3, 76, 56
1, 9438, Note_on_c, 5, 76, 56
1, 9445, Note_on_c, 4, 76, 56
1, 9474, Note_on_c, 3, 76, 0
1, 9474, Note_on_c, 2, 76, 0
1, 9478, Note_on_c, 5, 76, 0
1, 9485, Note_on_c, 4, 76, 0
1, 9493, Note_on_c, 1, 74, 0
1, 9499, Note_on_c, 1, 67, 0
1, 9505, Note_on_c, 1, 64, 0
1, 9519, Note_on_c, 2, 74, 59
1, 9519, Note_on_c, 3, 74, 59
1, 9523, Note_on_c, 5, 74, 59
1, 9525, Note_on_c, 1, 40, 0
1, 9530, Note_on_c, 4, 74, 59
1, 9534, Note_on_c, 3, 74, 0
1, 9534, Note_on_c, 1, 47, 0
1, 9534, Note_on_c, 2, 74, 0
1, 9538, Note_on_c, 5, 74, 0
1, 9545, Note_on_c, 4, 74, 0
1, 9553, Note_on_c, 2, 71, 50
1, 9553, Note_on_c, 3, 71, 50
1, 9557, Note_on_c, 5, 71, 50
1, 9564, Note_on_c, 4, 71, 50
1, 9578, Note_on_c, 3, 71, 0
1, 9578, Note_on_c, 2, 71, 0
1, 9582, Note_on_c, 5, 71, 0
1, 9589, Note_on_c, 4, 71, 0
1, 9592, Note_on_c, 2, 73, 55
1, 9592, Note_on_c, 3, 73, 55
1, 9596, Note_on_c, 5, 73, 55
1, 9603, Note_on_c, 4, 73, 55
1, 9609, Control_c, 1, 64, 0
1, 9610, Note_on_c, 1, 73, 80
1, 9611, Note_on_c, 1, 42, 65
1, 9649, Control_c, 1, 64, 127
1, 9664, Note_on_c, 1, 64, 82
1, 9680, Note_on_c, 1, 73, 0
1, 9717, Note_on_c, 1, 69, 91
1, 9752, Note_on_c, 1, 64, 0
1, 9773, Note_on_c, 1, 71, 94
1, 9834, Note_on_c, 1, 73, 91
1, 9844, Note_on_c, 1, 71, 0
1, 9854, Note_on_c, 1, 69, 0
1, 9875, Note_on_c, 1, 73, 0
1, 9892, Note_on_c, 1, 64, 80
1, 9930, Note_on_c, 1, 64, 0
1, 9961, Note_on_c, 1, 69, 82
1, 9978, Note_on_c, 1, 42, 0
1, 10010, Note_on_c, 1, 69, 0
1, 10020, Note_on_c, 1, 73, 87
1, 10040, Note_on_c, 1, 73, 0
1, 10059, Note_on_c, 3, 73, 0
1, 10059, Note_on_c, 2, 73, 0
1, 10063, Note_on_c, 5, 73, 0
1, 10070, Note_on_c, 4, 73, 0
1, 10080, Control_c, 1, 64, 0
1, 10081, Note_on_c, 1, 40, 87
1, 10087, Note_on_c, 1, 74, 83
1, 10123, Control_c, 1, 64, 127
1, 10144, Note_on_c, 1, 64, 77
1, 10211, Note_on_c, 1, 67, 73
1, 10280, Note_on_c, 1, 47, 44
1, 10327, Note_on_c, 2, 74, 62
1, 10327, Note_on_c, 3, 74, 62
1, 10331, Note_on_c, 5, 74, 62
1, 10338, Note_on_c, 4, 74, 62
1, 10366, Note_on_c, 3, 74, 0
1, 10366, Note_on_c, 2, 74, 0
1, 10370, Note_on_c, 5, 74, 0
1, 10377, Note_on_c, 4, 74, 0
1, 10401, Note_on_c, 2, 74, 56
1, 10401, Note_on_c, 3, 74, 56
1, 10405, Note_on_c, 5, 74, 56
1, 10412, Note_on_c, 4, 74, 56
1, 10440, Note_on_c, 3, 74, 0
1, 10440, Note_on_c, 2, 74, 0
1, 10444, Note_on_c, 5, 74, 0
1, 10451, Note_on_c, 4, 74, 0
1, 10473, Note_on_c, 2, 74, 54
1, 10473, Note_on_c, 3, 74, 54
1, 10477, Note_on_c, 5, 74, 54
1, 10483, Note_on_c, 1, 40, 0
1, 10484, Note_on_c, 4, 74, 54
1, 10485, Note_on_c, 1, 47, 0
1, 10498, Note_on_c, 1, 64, 0
1, 10499, Note_on_c, 3, 74, 0
1, 10499, Note_on_c, 2, 74, 0
1, 10503, Note_on_c, 5, 74, 0
1, 10504, Note_on_c, 1, 67, 0
1, 10505, Note_on_c, 1, 74, 0
1, 10510, Note_on_c, 4, 74, 0
1, 10511, Note_on_c, 2, 71, 47
1, 10511, Note_on_c, 3, 71, 47
1, 10515, Note_on_c, 5, 71, 47
1, 10522, Note_on_c, 4, 71, 47
1, 10530, Note_on_c, 1, 40, 87
1, 10537, Note_on_c, 3, 71, 0
1, 10537, Note_on_c, 2, 71, 0
1, 10540, Note_on_c, 1, 40, 0
1, 10541, Note_on_c, 5, 71, 0
1, 10548, Note_on_c, 4, 71, 0
1, 10551, Note_on_c, 2, 74, 44
1, 10551, Note_on_c, 3, 74, 44
1, 10555, Note_on_c, 5, 74, 44
1, 10562, Note_on_c, 4, 74, 44
1, 10569, Control_c, 1, 64, 0
1, 10575, Note_on_c, 1, 64, 91
1, 10576, Note_on_c, 1, 45, 85
1, 10577, Note_on_c, 1, 71, 83
1, 10577, Note_on_c, 1, 74, 98
1, 10577, Note_on_c, 1, 67, 87
1, 10621, Control_c, 1, 64, 127
1, 10670, Note_on_c, 1, 64, 0
1, 10688, Note_on_c, 1, 71, 0
1, 10689, Note_on_c, 1, 67, 0
1, 10692, Note_on_c, 1, 64, 87
1, 10695, Note_on_c, 1, 74, 0
1, 10736, Note_on_c, 1, 64, 0
1, 10743, Note_on_c, 1, 67, 72
1, 10803, Note_on_c, 1, 71, 76
1, 10806, Note_on_c, 1, 67, 0
1, 10839, Note_on_c, 1, 71, 0
1, 10867, Note_on_c, 1, 74, 71
1, 10904, Note_on_c, 1, 74, 0
1, 10925, Note_on_c, 1, 76, 80
1, 10966, Note_on_c, 1, 76, 0
1, 10989, Note_on_c, 1, 79, 72
1, 11005, Note_on_c, 1, 79, 0
1, 11055, Note_on_c, 1, 83, 64
1, 11063, Note_on_c, 1, 83, 0
1, 11289, Note_on_c, 2, 66, 74
1, 11289, Note_on_c, 3, 66, 74
1, 11293, Note_on_c, 5, 66, 74
1, 11300, Note_on_c, 4, 66, 74
1, 11308, Note_on_c, 1, 45, 0
1, 11311, Note_on_c, 3, 66, 0
1, 11311, Note_on_c, 2, 66, 0
1, 11315, Note_on_c, 5, 66, 0
1, 11322, Note_on_c, 4, 66, 0
1, 11352, Note_on_c, 2, 67, 52
1, 11352, Note_on_c, 3, 67, 52
1, 11356, Note_on_c, 5, 67, 52
1, 11363, Note_on_c, 4, 67, 52
1, 11379, Note_on_c, 3, 67, 0
1, 11379, Note_on_c, 2, 67, 0
1, 11383, Note_on_c, 5, 67, 0
1, 11390, Note_on_c, 4, 67, 0
1, 11431, Note_on_c, 2, 66, 41
1, 11431, Note_on_c, 3, 66, 41
1, 11435, Note_on_c, 5, 66, 41
1, 11442, Note_on_c, 4, 66, 41
1, 11455, Note_on_c, 3, 66, 0
1, 11455, Note_on_c, 2, 66, 0
1, 11459, Note_on_c, 5, 66, 0
1, 11465, Note_on_c, 2, 67, 48
1, 11465, Note_on_c, 3, 67, 48
1, 11466, Note_on_c, 4, 66, 0
1, 11467, Note_on_c, 2, 74, 0
1, 11467, Note_on_c, 3, 74, 0
1, 11469, Note_on_c, 5, 67, 48
1, 11471, Note_on_c, 5, 74, 0
1, 11476, Note_on_c, 4, 67, 48
1, 11478, Note_on_c, 4, 74, 0
1, 11488, Note_on_c, 3, 67, 0
1, 11488, Note_on_c, 2, 67, 0
1, 11492, Note_on_c, 5, 67, 0
1, 11496, Control_c, 1, 64, 0
1, 11498, Note_on_c, 1, 61, 63
1, 11499, Note_on_c, 4, 67, 0
1, 11500, Note_on_c, 1, 66, 76
1, 11502, Note_on_c, 1, 38, 80
1, 11503, Note_on_c, 2, 66, 57
1, 11503, Note_on_c, 3, 66, 57
1, 11504, Note_on_c, 1, 57, 71
1, 11507, Note_on_c, 5, 66, 57
1, 11514, Note_on_c, 4, 66, 57
1, 11714, Note_on_c, 1, 45, 69
1, 11748, Control_c, 1, 64, 127
1, 11876, Note_on_c, 1, 45, 0
1, 11888, Note_on_c, 1, 50, 76
1, 11902, Note_on_c, 1, 38, 0
1, 11908, Note_on_c, 1, 50, 0
1, 11918, Note_on_c, 1, 45, 75
1, 11928, Note_on_c, 1, 57, 0
1, 11933, Note_on_c, 1, 45, 0
1, 11934, Note_on_c, 1, 61, 0
1, 11936, Note_on_c, 1, 66, 0
1, 11945, Note_on_c, 1, 38, 80
1, 11978, Note_on_c, 1, 38, 0
1, 12009, Note_on_c, 1, 66, 91
1, 12010, Control_c, 1, 64, 0
1, 12010, Note_on_c, 1, 43, 77
1, 12010, Note_on_c, 1, 59, 85
1, 12010, Note_on_c, 1, 62, 82
1, 12084, Control_c, 1, 64, 127
1, 12199, Note_on_c, 1, 50, 52
1, 12224, Note_on_c, 2, 66, 0
1, 12224, Note_on_c, 3, 66, 0
1, 12228, Note_on_c, 5, 66, 0
1, 12235, Note_on_c, 4, 66, 0
1, 12249, Note_on_c, 2, 66, 70
1, 12249, Note_on_c, 3, 66, 70
1, 12253, Note_on_c, 5, 66, 70
1, 12260, Note_on_c, 4, 66, 70
1, 12286, Note_on_c, 3, 66, 0
1, 12286, Note_on_c, 2, 66, 0
1, 12290, Note_on_c, 5, 66, 0
1, 12297, Note_on_c, 4, 66, 0
1, 12313, Note_on_c, 2, 67, 53
1, 12313, Note_on_c, 3, 67, 53
1, 12317, Note_on_c, 5, 67, 53
1, 12324, Note_on_c, 4, 67, 53
1, 12354, Note_on_c, 3, 67, 0
1, 12354, Note_on_c, 2, 67, 0
1, 12358, Note_on_c, 5, 67, 0
1, 12365, Note_on_c, 4, 67, 0
1, 12388, Note_on_c, 1, 50, 0
1, 12391, Note_on_c, 2, 66, 44
1, 12391, Note_on_c, 3, 66, 44
1, 12394, Note_on_c, 1, 62, 0
1, 12395, Note_on_c, 5, 66, 44
1, 12399, Note_on_c, 1, 43, 0
1, 12400, Note_on_c, 1, 59, 0
1, 12401, Note_on_c, 1, 66, 0
1, 12402, Note_on_c, 4, 66, 44
1, 12417, Note_on_c, 3, 66, 0
1, 12417, Note_on_c, 2, 66, 0
1, 12421, Note_on_c, 5, 66, 0
1, 12428, Note_on_c, 4, 66, 0
1, 12430, Note_on_c, 2, 67, 44
1, 12430, Note_on_c, 3, 67, 44
1, 12434, Note_on_c, 5, 67, 44
1, 12441, Note_on_c, 4, 67, 44
1, 12459, Note_on_c, 3, 67, 0
1, 12459, Note_on_c, 2, 67, 0
1, 12463, Note_on_c, 5, 67, 0
1, 12470, Note_on_c, 4, 67, 0
1, 12475, Note_on_c, 2, 66, 41
1, 12475, Note_on_c, 3, 66, 41
1, 12477, Note_on_c, 1, 61, 76
1, 12477, Control_c, 1, 64, 0
1, 12478, Note_on_c, 1, 66, 80
1, 12479, Note_on_c, 5, 66, 41
1, 12480, Note_on_c, 1, 38, 71
1, 12481, Note_on_c, 1, 57, 68
1, 12486, Note_on_c, 4, 66, 41
1, 12499, Note_on_c, 3, 66, 0
1, 12499, Note_on_c, 2, 66, 0
1, 12503, Note_on_c, 5, 66, 0
1, 12507, Note_on_c, 2, 67, 34
1, 12507, Note_on_c, 3, 67, 34
1, 12510, Note_on_c, 4, 66, 0
1, 12511, Note_on_c, 5, 67, 34
1, 12518, Note_on_c, 4, 67, 34
1, 12534, Note_on_c, 2, 67, 0
1, 12534, Note_on_c, 3, 67, 0
1, 12538, Note_on_c, 5, 67, 0
1, 12542, Note_on_c, 2, 66, 45
1, 12542, Note_on_c, 3, 66, 45
1, 12545, Note_on_c, 4, 67, 0
1, 12546, Note_on_c, 5, 66, 45
1, 12553, Note_on_c, 4, 66, 45
1, 12609, Control_c, 1, 64, 127
1, 12671, Note_on_c, 1, 45, 69
1, 12824, Note_on_c, 1, 45, 0
1, 12829, Note_on_c, 1, 38, 0
1, 12836, Note_on_c, 1, 50, 87
1, 12855, Note_on_c, 1, 50, 0
1, 12866, Note_on_c, 1, 45, 78
1, 12870, Note_on_c, 1, 57, 0
1, 12873, Note_on_c, 1, 45, 0
1, 12878, Note_on_c, 1, 61, 0
1, 12886, Note_on_c, 1, 66, 0
1, 12895, Note_on_c, 1, 38, 83
1, 12926, Note_on_c, 1, 38, 0
1, 12963, Note_on_c, 1, 66, 91
1, 12963, Note_on_c, 1, 62, 82
1, 12964, Note_on_c, 1, 43, 78
1, 12965, Note_on_c, 1, 59, 83
1, 12965, Control_c, 1, 64, 0
1, 13023, Control_c, 1, 64, 127
1, 13146, Note_on_c, 1, 50, 45
1, 13184, Note_on_c, 2, 66, 0
1, 13184, Note_on_c, 3, 66, 0
1, 13188, Note_on_c, 5, 66, 0
1, 13195, Note_on_c, 4, 66, 0
1, 13203, Note_on_c, 2, 66, 66
1, 13203, Note_on_c, 3, 66, 66
1, 13207, Note_on_c, 5, 66, 66
1, 13214, Note_on_c, 4, 66, 66
1, 13239, Note_on_c, 3, 66, 0
1, 13239, Note_on_c, 2, 66, 0
1, 13243, Note_on_c, 5, 66, 0
1, 13250, Note_on_c, 4, 66, 0
1, 13263, Note_on_c, 2, 67, 59
1, 13263, Note_on_c, 3, 67, 59
1, 13267, Note_on_c, 5, 67, 59
1, 13274, Note_on_c, 4, 67, 59
1, 13291, Note_on_c, 1, 59, 0
1, 13298, Note_on_c, 1, 62, 0
1, 13301, Note_on_c, 1, 66, 0
1, 13318, Note_on_c, 3, 67, 0
1, 13318, Note_on_c, 2, 67, 0
1, 13322, Note_on_c, 5, 67, 0
1, 13329, Note_on_c, 4, 67, 0
1, 13345, Note_on_c, 1, 50, 0
1, 13347, Note_on_c, 2, 66, 68
1, 13347, Note_on_c, 3, 66, 68
1, 13351, Note_on_c, 1, 43, 0
1, 13351, Note_on_c, 5, 66, 68
1, 13358, Note_on_c, 4, 66, 68
1, 13365, Note_on_c, 3, 66, 0
1, 13365, Note_on_c, 2, 66, 0
1, 13369, Note_on_c, 5, 66, 0
1, 13376, Note_on_c, 4, 66, 0
1, 13386, Note_on_c, 2, 67, 50
1, 13386, Note_on_c, 3, 67, 50
1, 13390, Note_on_c, 5, 67, 50
1, 13397, Note_on_c, 4, 67, 50
1, 13406, Note_on_c, 3, 67, 0
1, 13406, Note_on_c, 2, 67, 0
1, 13410, Note_on_c, 5, 67, 0
1, 13417, Note_on_c, 4, 67, 0
1, 13428, Note_on_c, 2, 69, 41
1, 13428, Note_on_c, 3, 69, 41
1, 13432, Note_on_c, 5, 69, 41
1, 13439, Note_on_c, 4, 69, 41
1, 13446, Control_c, 1, 64, 0
1, 13447, Note_on_c, 1, 42, 75
1, 13452, Note_on_c, 1, 69, 85
1, 13493, Control_c, 1, 64, 127
1, 13508, Note_on_c, 1, 61, 75
1, 13525, Note_on_c, 1, 69, 0
1, 13561, Note_on_c, 1, 61, 0
1, 13569, Note_on_c, 1, 64, 82
1, 13628, Note_on_c, 1, 66, 66
1, 13629, Note_on_c, 1, 64, 0
1, 13670, Note_on_c, 1, 66, 0
1, 13694, Note_on_c, 1, 69, 66
1, 13719, Note_on_c, 1, 69, 0
1, 13760, Note_on_c, 1, 73, 50
1, 13792, Note_on_c, 1, 73, 0
1, 13874, Note_on_c, 1, 42, 0
1, 13874, Note_on_c, 1, 74, 83
1, 13926, Note_on_c, 1, 40, 83
1, 13926, Control_c, 1, 64, 0
1, 13973, Control_c, 1, 64, 127
1, 13983, Note_on_c, 1, 64, 73
1, 14051, Note_on_c, 1, 67, 75
1, 14106, Note_on_c, 1, 47, 65
1, 14149, Note_on_c, 2, 69, 0
1, 14149, Note_on_c, 3, 69, 0
1, 14153, Note_on_c, 5, 69, 0
1, 14160, Note_on_c, 4, 69, 0
1, 14164, Note_on_c, 2, 66, 65
1, 14164, Note_on_c, 3, 66, 65
1, 14168, Note_on_c, 5, 66, 65
1, 14175, Note_on_c, 4, 66, 65
1, 14204, Note_on_c, 3, 66, 0
1, 14204, Note_on_c, 2, 66, 0
1, 14208, Note_on_c, 5, 66, 0
1, 14215, Note_on_c, 4, 66, 0
1, 14228, Note_on_c, 2, 67, 50
1, 14228, Note_on_c, 3, 67, 50
1, 14232, Note_on_c, 5, 67, 50
1, 14239, Note_on_c, 4, 67, 50
1, 14268, Note_on_c, 1, 74, 0
1, 14281, Note_on_c, 1, 67, 0
1, 14283, Note_on_c, 1, 64, 0
1, 14285, Note_on_c, 3, 67, 0
1, 14285, Note_on_c, 2, 67, 0
1, 14289, Note_on_c, 5, 67, 0
1, 14296, Note_on_c, 4, 67, 0
1, 14310, Note_on_c, 2, 66, 55
1, 14310, Note_on_c, 3, 66, 55
1, 14314, Note_on_c, 5, 66, 55
1, 14315, Note_on_c, 1, 40, 0
1, 14321, Note_on_c, 1, 47, 0
1, 14321, Note_on_c, 4, 66, 55
1, 14340, Note_on_c, 3, 66, 0
1, 14340, Note_on_c, 2, 66, 0
1, 14344, Note_on_c, 5, 66, 0
1, 14349, Note_on_c, 2, 67, 44
1, 14349, Note_on_c, 3, 67, 44
1, 14351, Note_on_c, 4, 66, 0
1, 14353, Note_on_c, 5, 67, 44
1, 14360, Note_on_c, 4, 67, 44
1, 14379, Note_on_c, 3, 67, 0
1, 14379, Note_on_c, 2, 67, 0
1, 14383, Note_on_c, 5, 67, 0
1, 14390, Note_on_c, 4, 67, 0
1, 14390, Note_on_c, 2, 66, 49
1, 14390, Note_on_c, 3, 66, 49
1, 14394, Note_on_c, 5, 66, 49
1, 14401, Control_c, 1, 64, 0
1, 14401, Note_on_c, 4, 66, 49
1, 14405, Note_on_c, 1, 42, 66
1, 14409, Note_on_c, 1, 69, 78
1, 14454, Control_c, 1, 64, 127
1, 14464, Note_on_c, 1, 61, 72
1, 14503, Note_on_c, 1, 69, 0
1, 14521, Note_on_c, 1, 64, 94
1, 14523, Note_on_c, 1, 61, 0
1, 14577, Note_on_c, 1, 66, 91
1, 14581, Note_on_c, 1, 64, 0
1, 14631, Note_on_c, 1, 54, 76
1, 14635, Note_on_c, 1, 69, 98
1, 14641, Note_on_c, 1, 66, 0
1, 14662, Note_on_c, 1, 69, 0
1, 14702, Note_on_c, 1, 73, 108
1, 14721, Note_on_c, 1, 73, 0
1, 14744, Note_on_c, 1, 42, 0
1, 14747, Note_on_c, 1, 54, 0
1, 14814, Note_on_c, 1, 42, 52
1, 14821, Note_on_c, 1, 74, 87
1, 14833, Note_on_c, 1, 42, 0
1, 14879, Control_c, 1, 64, 0
1, 14883, Note_on_c, 1, 40, 85
1, 14932, Control_c, 1, 64, 127
1, 14942, Note_on_c, 1, 64, 72
1, 15010, Note_on_c, 1, 67, 71
1, 15080, Note_on_c, 1, 47, 57
1, 15121, Note_on_c, 2, 66, 0
1, 15121, Note_on_c, 3, 66, 0
1, 15125, Note_on_c, 5, 66, 0
1, 15129, Note_on_c, 2, 62, 62
1, 15129, Note_on_c, 3, 62, 62
1, 15132, Note_on_c, 4, 66, 0
1, 15133, Note_on_c, 5, 62, 62
1, 15140, Note_on_c, 4, 62, 62
1, 15172, Note_on_c, 3, 62, 0
1, 15172, Note_on_c, 2, 62, 0
1, 15176, Note_on_c, 5, 62, 0
1, 15183, Note_on_c, 4, 62, 0
1, 15198, Note_on_c, 1, 74, 0
1, 15199, Note_on_c, 2, 64, 50
1, 15199, Note_on_c, 3, 64, 50
1, 15203, Note_on_c, 5, 64, 50
1, 15206, Note_on_c, 1, 67, 0
1, 15210, Note_on_c, 4, 64, 50
1, 15211, Note_on_c, 1, 64, 0
1, 15247, Note_on_c, 2, 64, 0
1, 15247, Note_on_c, 3, 64, 0
1, 15251, Note_on_c, 5, 64, 0
1, 15251, Note_on_c, 1, 47, 0
1, 15254, Note_on_c, 1, 40, 0
1, 15258, Note_on_c, 4, 64, 0
1, 15279, Note_on_c, 2, 62, 54
1, 15279, Note_on_c, 3, 62, 54
1, 15283, Note_on_c, 5, 62, 54
1, 15290, Note_on_c, 4, 62, 54
1, 15304, Note_on_c, 3, 62, 0
1, 15304, Note_on_c, 2, 62, 0
1, 15308, Note_on_c, 5, 62, 0
1, 15315, Note_on_c, 4, 62, 0
1, 15316, Note_on_c, 2, 64, 49
1, 15316, Note_on_c, 3, 64, 49
1, 15320, Note_on_c, 5, 64, 49
1, 15327, Note_on_c, 4, 64, 49
1, 15332, Note_on_c, 1, 55, 76
1, 15343, Note_on_c, 1, 59, 85
1, 15344, Control_c, 1, 64, 0
1, 15346, Note_on_c, 3, 64, 0
1, 15346, Note_on_c, 2, 64, 0
1, 15350, Note_on_c, 5, 64, 0
1, 15356, Note_on_c, 1, 66, 83
1, 15357, Note_on_c, 4, 64, 0
1, 15357, Note_on_c, 1, 62, 75
1, 15358, Note_on_c, 1, 45, 65
1, 15359, Note_on_c, 2, 66, 49
1, 15359, Note_on_c, 3, 66, 49
1, 15363, Note_on_c, 5, 66, 49
1, 15370, Note_on_c, 4, 66, 49
1, 15384, Control_c, 1, 64, 127
1, 15434, Note_on_c, 1, 55, 0
1, 15442, Note_on_c, 1, 62, 0
1, 15445, Note_on_c, 1, 59, 0
1, 15456, Note_on_c, 1, 66, 0
1, 15562, Note_on_c, 1, 67, 75
1, 15584, Note_on_c, 1, 71, 82
1, 15597, Note_on_c, 1, 74, 87
1, 15600, Note_on_c, 1, 67, 0
1, 15617, Note_on_c, 1, 78, 85
1, 15630, Note_on_c, 1, 74, 0
1, 15638, Note_on_c, 1, 71, 0
1, 15671, Note_on_c, 1, 78, 0
1, 15695, Note_on_c, 1, 74, 75
1, 15756, Note_on_c, 1, 74, 0
1, 15785, Note_on_c, 1, 71, 69
1, 15818, Note_on_c, 1, 71, 0
1, 15853, Note_on_c, 1, 74, 73
1, 15854, Note_on_c, 1, 57, 52
1, 15945, Note_on_c, 1, 74, 0
1, 16008, Note_on_c, 1, 57, 0
1, 16059, Note_on_c, 3, 66, 0
1, 16059, Note_on_c, 2, 66, 0
1, 16063, Note_on_c, 5, 66, 0
1, 16070, Note_on_c, 4, 66, 0
1, 16081, Note_on_c, 2, 66, 49
1, 16081, Note_on_c, 3, 66, 49
1, 16085, Note_on_c, 5, 66, 49
1, 16092, Note_on_c, 4, 66, 49
1, 16123, Note_on_c, 3, 66, 0
1, 16123, Note_on_c, 2, 66, 0
1, 16127, Note_on_c, 5, 66, 0
1, 16134, Note_on_c, 4, 66, 0
1, 16148, Note_on_c, 2, 67, 53
1, 16148, Note_on_c, 3, 67, 53
1, 16152, Note_on_c, 5, 67, 53
1, 16159, Note_on_c, 4, 67, 53
1, 16190, Note_on_c, 3, 67, 0
1, 16190, Note_on_c, 2, 67, 0
1, 16193, Note_on_c, 1, 45, 0
1, 16194, Note_on_c, 5, 67, 0
1, 16201, Note_on_c, 4, 67, 0
1, 16219, Note_on_c, 2, 66, 56
1, 16219, Note_on_c, 3, 66, 56
1, 16223, Note_on_c, 5, 66, 56
1, 16230, Note_on_c, 4, 66, 56
1, 16250, Note_on_c, 3, 66, 0
1, 16250, Note_on_c, 2, 66, 0
1, 16254, Note_on_c, 5, 66, 0
1, 16260, Note_on_c, 2, 67, 38
1, 16260, Note_on_c, 3, 67, 38
1, 16261, Note_on_c, 4, 66, 0
1, 16264, Note_on_c, 5, 67, 38
1, 16271, Note_on_c, 4, 67, 38
1, 16289, Note_on_c, 3, 67, 0
1, 16289, Note_on_c, 2, 67, 0
1, 16293, Note_on_c, 5, 67, 0
1, 16298, Note_on_c, 2, 66, 51
1, 16298, Note_on_c, 3, 66, 51
1, 16300, Note_on_c, 4, 67, 0
1, 16302, Note_on_c, 5, 66, 51
1, 16309, Note_on_c, 4, 66, 51
1, 16317, Control_c, 1, 64, 0
1, 16318, Note_on_c, 1, 61, 77
1, 16320, Note_on_c, 1, 66, 80
1, 16321, Note_on_c, 1, 38, 69
1, 16322, Note_on_c, 1, 57, 76
1, 16434, Control_c, 1, 64, 127
1, 16512, Note_on_c, 1, 45, 66
1, 16567, Note_on_c, 6, 69, 59
1, 16567, Note_on_c, 7, 69, 59
1, 16664, Note_on_c, 1, 45, 0
1, 16699, Note_on_c, 1, 50, 48
1, 16711, Note_on_c, 1, 38, 0
1, 16722, Note_on_c, 1, 50, 0
1, 16751, Note_on_c, 1, 57, 0
1, 16760, Note_on_c, 1, 61, 0
1, 16765, Note_on_c, 1, 66, 0
1, 16820, Note_on_c, 6, 66, 50
1, 16820, Note_on_c, 7, 66, 50
1, 16828, Note_on_c, 1, 66, 78
1, 16830, Note_on_c, 1, 62, 73
1, 16830, Note_on_c, 1, 59, 69
1, 16830, Note_on_c, 1, 43, 65
1, 16831, Note_on_c, 6, 69, 0
1, 16831, Note_on_c, 7, 69, 0
1, 16833, Control_c, 1, 64, 0
1, 16932, Control_c, 1, 64, 127
1, 17029, Note_on_c, 2, 66, 0
1, 17029, Note_on_c, 3, 66, 0
1, 17033, Note_on_c, 5, 66, 0
1, 17040, Note_on_c, 4, 66, 0
1, 17055, Note_on_c, 2, 66, 55
1, 17055, Note_on_c, 3, 66, 55
1, 17059, Note_on_c, 5, 66, 55
1, 17066, Note_on_c, 4, 66, 55
1, 17096, Note_on_c, 3, 66, 0
1, 17096, Note_on_c, 2, 66, 0
1, 17100, Note_on_c, 5, 66, 0
1, 17107, Note_on_c, 4, 66, 0
1, 17119, Note_on_c, 2, 67, 53
1, 17119, Note_on_c, 3, 67, 53
1, 17123, Note_on_c, 5, 67, 53
1, 17130, Note_on_c, 4, 67, 53
1, 17165, Note_on_c, 3, 67, 0
1, 17165, Note_on_c, 2, 67, 0
1, 17169, Note_on_c, 5, 67, 0
1, 17176, Note_on_c, 4, 67, 0
1, 17181, Note_on_c, 1, 43, 0
1, 17185, Note_on_c, 1, 66, 0
1, 17186, Note_on_c, 1, 59, 0
1, 17187, Note_on_c, 1, 62, 0
1, 17193, Note_on_c, 2, 66, 49
1, 17193, Note_on_c, 3, 66, 49
1, 17197, Note_on_c, 5, 66, 49
1, 17204, Note_on_c, 4, 66, 49
1, 17216, Note_on_c, 3, 66, 0
1, 17216, Note_on_c, 2, 66, 0
1, 17220, Note_on_c, 5, 66, 0
1, 17227, Note_on_c, 4, 66, 0
1, 17229, Note_on_c, 2, 67, 37
1, 17229, Note_on_c, 3, 67, 37
1, 17233, Note_on_c, 5, 67, 37
1, 17240, Note_on_c, 4, 67, 37
1, 17256, Note_on_c, 3, 67, 0
1, 17256, Note_on_c, 2, 67, 0
1, 17260, Note_on_c, 5, 67, 0
1, 17266, Note_on_c, 2, 66, 48
1, 17266, Note_on_c, 3, 66, 48
1, 17267, Note_on_c, 4, 67, 0
1, 17270, Note_on_c, 5, 66, 48
1, 17277, Note_on_c, 4, 66, 48
1, 17280, Note_on_c, 1, 61, 73
1, 17281, Note_on_c, 1, 66, 80
1, 17281, Control_c, 1, 64, 0
1, 17284, Note_on_c, 1, 38, 65
1, 17285, Note_on_c, 1, 57, 66
1, 17316, Note_on_c, 6, 66, 0
1, 17316, Note_on_c, 7, 66, 0
1, 17380, Control_c, 1, 64, 127
1, 17403, Note_on_c, 1, 66, 0
1, 17409, Note_on_c, 1, 57, 0
1, 17414, Note_on_c, 1, 61, 0
1, 17477, Note_on_c, 1, 57, 80
1, 17489, Note_on_c, 1, 61, 83
1, 17510, Note_on_c, 1, 57, 0
1, 17512, Note_on_c, 6, 73, 51
1, 17512, Note_on_c, 7, 73, 51
1, 17513, Note_on_c, 1, 69, 94
1, 17514, Note_on_c, 6, 69, 42
1, 17514, Note_on_c, 7, 69, 42
1, 17558, Note_on_c, 1, 69, 0
1, 17558, Note_on_c, 1, 61, 0
1, 17595, Note_on_c, 1, 66, 76
1, 17611, Note_on_c, 1, 66, 0
1, 17633, Control_c, 6, 64, 127
1, 17633, Control_c, 7, 64, 127
1, 17646, Note_on_c, 1, 38, 0
1, 17654, Note_on_c, 7, 73, 0
1, 17654, Note_on_c, 6, 73, 0
1, 17658, Note_on_c, 6, 69, 0
1, 17658, Note_on_c, 7, 69, 0
1, 17680, Note_on_c, 1, 64, 82
1, 17687, Note_on_c, 1, 64, 0
1, 17745, Control_c, 6, 64, 0
1, 17745, Control_c, 7, 64, 0
1, 17746, Control_c, 1, 64, 0
1, 17748, Note_on_c, 1, 62, 71
1, 17748, Note_on_c, 1, 66, 82
1, 17750, Note_on_c, 1, 59, 76
1, 17750, Note_on_c, 1, 43, 73
1, 17750, Note_on_c, 6, 71, 53
1, 17750, Note_on_c, 6, 66, 46
1, 17750, Note_on_c, 7, 66, 46
1, 17750, Note_on_c, 7, 71, 53
1, 17873, Control_c, 1, 64, 127
1, 17970, Note_on_c, 2, 66, 0
1, 17970, Note_on_c, 3, 66, 0
1, 17974, Note_on_c, 5, 66, 0
1, 17981, Note_on_c, 4, 66, 0
1, 17995, Note_on_c, 2, 66, 54
1, 17995, Note_on_c, 3, 66, 54
1, 17999, Note_on_c, 5, 66, 54
1, 18006, Note_on_c, 4, 66, 54
1, 18036, Note_on_c, 3, 66, 0
1, 18036, Note_on_c, 2, 66, 0
1, 18040, Note_on_c, 5, 66, 0
1, 18047, Note_on_c, 4, 66, 0
1, 18063, Note_on_c, 2, 67, 56
1, 18063, Note_on_c, 3, 67, 56
1, 18067, Note_on_c, 5, 67, 56
1, 18074, Note_on_c, 4, 67, 56
1, 18106, Note_on_c, 3, 67, 0
1, 18106, Note_on_c, 2, 67, 0
1, 18110, Note_on_c, 5, 67, 0
1, 18111, Note_on_c, 1, 59, 0
1, 18116, Note_on_c, 1, 62, 0
1, 18117, Note_on_c, 4, 67, 0
1, 18124, Note_on_c, 1, 66, 0
1, 18145, Note_on_c, 2, 66, 60
1, 18145, Note_on_c, 3, 66, 60
1, 18149, Note_on_c, 5, 66, 60
1, 18153, Note_on_c, 1, 43, 0
1, 18156, Note_on_c, 4, 66, 60
1, 18166, Note_on_c, 3, 66, 0
1, 18166, Note_on_c, 2, 66, 0
1, 18170, Note_on_c, 5, 66, 0
1, 18177, Note_on_c, 4, 66, 0
1, 18181, Note_on_c, 2, 67, 48
1, 18181, Note_on_c, 3, 67, 48
1, 18185, Note_on_c, 5, 67, 48
1, 18192, Note_on_c, 4, 67, 48
1, 18204, Note_on_c, 3, 67, 0
1, 18204, Note_on_c, 2, 67, 0
1, 18208, Note_on_c, 5, 67, 0
1, 18215, Note_on_c, 4, 67, 0
1, 18220, Note_on_c, 2, 69, 56
1, 18220, Note_on_c, 3, 69, 56
1, 18222, Control_c, 1, 64, 0
1, 18224, Note_on_c, 5, 69, 56
1, 18227, Note_on_c, 1, 42, 57
1, 18228, Note_on_c, 6, 66, 0
1, 18228, Note_on_c, 7, 66, 0
1, 18231, Note_on_c, 7, 71, 0
1, 18231, Note_on_c, 6, 71, 0
1, 18231, Note_on_c, 4, 69, 56
1, 18233, Note_on_c, 1, 69, 87
1, 18270, Control_c, 1, 64, 127
1, 18283, Note_on_c, 1, 61, 77
1, 18303, Note_on_c, 1, 69, 0
1, 18335, Note_on_c, 1, 64, 89
1, 18337, Note_on_c, 1, 61, 0
1, 18392, Note_on_c, 1, 66, 87
1, 18407, Note_on_c, 1, 64, 0
1, 18442, Note_on_c, 1, 66, 0
1, 18453, Note_on_c, 8, 69, 82
1, 18462, Note_on_c, 1, 69, 82
1, 18496, Note_on_c, 8, 69, 0
1, 18505, Note_on_c, 1, 69, 0
1, 18582, Note_on_c, 8, 73, 86
1, 18588, Note_on_c, 1, 73, 63
1, 18593, Note_on_c, 1, 42, 0
1, 18605, Note_on_c, 1, 73, 0
1, 18618, Note_on_c, 8, 73, 0
1, 18650, Note_on_c, 1, 42, 57
1, 18653, Note_on_c, 8, 74, 78
1, 18664, Note_on_c, 1, 42, 0
1, 18703, Note_on_c, 1, 64, 72
1, 18708, Note_on_c, 1, 67, 73
1, 18711, Note_on_c, 1, 40, 82
1, 18713, Control_c, 1, 64, 0
1, 18717, Note_on_c, 1, 74, 82
1, 18766, Control_c, 1, 64, 127
1, 18788, Note_on_c, 1, 67, 0
1, 18840, Note_on_c, 1, 67, 77
1, 18921, Note_on_c, 1, 47, 58
1, 18955, Note_on_c, 8, 74, 0
1, 18964, Note_on_c, 8, 67, 68
1, 19021, Note_on_c, 3, 69, 0
1, 19021, Note_on_c, 2, 69, 0
1, 19022, Note_on_c, 2, 67, 53
1, 19022, Note_on_c, 3, 67, 53
1, 19025, Note_on_c, 5, 69, 0
1, 19026, Note_on_c, 5, 67, 53
1, 19032, Note_on_c, 4, 69, 0
1, 19033, Note_on_c, 4, 67, 53
1, 19082, Note_on_c, 1, 74, 0
1, 19089, Note_on_c, 2, 67, 0
1, 19089, Note_on_c, 3, 67, 0
1, 19093, Note_on_c, 1, 67, 0
1, 19093, Note_on_c, 5, 67, 0
1, 19095, Note_on_c, 1, 64, 0
1, 19100, Note_on_c, 4, 67, 0
1, 19105, Note_on_c, 2, 66, 52
1, 19105, Note_on_c, 3, 66, 52
1, 19108, Note_on_c, 1, 47, 0
1, 19109, Note_on_c, 5, 66, 52
1, 19116, Note_on_c, 4, 66, 52
1, 19138, Note_on_c, 2, 66, 0
1, 19138, Note_on_c, 3, 66, 0
1, 19142, Note_on_c, 5, 66, 0
1, 19146, Note_on_c, 2, 67, 37
1, 19146, Note_on_c, 3, 67, 37
1, 19149, Note_on_c, 4, 66, 0
1, 19150, Note_on_c, 5, 67, 37
1, 19157, Note_on_c, 4, 67, 37
1, 19159, Note_on_c, 1, 40, 0
1, 19179, Note_on_c, 3, 67, 0
1, 19179, Note_on_c, 2, 67, 0
1, 19183, Note_on_c, 5, 67, 0
1, 19188, Note_on_c, 2, 66, 42
1, 19188, Note_on_c, 3, 66, 42
1, 19190, Note_on_c, 4, 67, 0
1, 19192, Note_on_c, 5, 66, 42
1, 19199, Note_on_c, 4, 66, 42
1, 19203, Control_c, 1, 64, 0
1, 19204, Note_on_c, 1, 42, 71
1, 19205, Note_on_c, 8, 67, 0
1, 19208, Note_on_c, 1, 69, 76
1, 19219, Note_on_c, 8, 66, 78
1, 19256, Control_c, 1, 64, 127
1, 19262, Note_on_c, 1, 61, 68
1, 19302, Note_on_c, 1, 69, 0
1, 19316, Note_on_c, 1, 61, 0
1, 19317, Note_on_c, 1, 64, 94
1, 19370, Note_on_c, 1, 66, 87
1, 19381, Note_on_c, 1, 64, 0
1, 19420, Note_on_c, 1, 66, 0
1, 19440, Note_on_c, 1, 69, 85
1, 19466, Note_on_c, 1, 69, 0
1, 19555, Note_on_c, 1, 73, 78
1, 19572, Note_on_c, 1, 73, 0
1, 19572, Note_on_c, 1, 42, 0
1, 19621, Note_on_c, 1, 42, 57
1, 19636, Note_on_c, 1, 42, 0
1, 19670, Note_on_c, 1, 64, 52
1, 19672, Note_on_c, 1, 67, 73
1, 19676, Note_on_c, 1, 40, 75
1, 19677, Control_c, 1, 64, 0
1, 19679, Note_on_c, 1, 74, 82
1, 19741, Control_c, 1, 64, 127
1, 19761, Note_on_c, 1, 67, 0
1, 19806, Note_on_c, 1, 67, 76
1, 19872, Note_on_c, 1, 47, 60
1, 19894, Note_on_c, 2, 66, 0
1, 19894, Note_on_c, 3, 66, 0
1, 19898, Note_on_c, 5, 66, 0
1, 19905, Note_on_c, 4, 66, 0
1, 19906, Note_on_c, 8, 66, 0
1, 19912, Note_on_c, 2, 62, 59
1, 19912, Note_on_c, 3, 62, 59
1, 19916, Note_on_c, 5, 62, 59
1, 19923, Note_on_c, 4, 62, 59
1, 19928, Note_on_c, 8, 62, 74
1, 19962, Note_on_c, 8, 62, 0
1, 19969, Note_on_c, 3, 62, 0
1, 19969, Note_on_c, 2, 62, 0
1, 19973, Note_on_c, 5, 62, 0
1, 19980, Note_on_c, 4, 62, 0
1, 19984, Note_on_c, 2, 64, 50
1, 19984, Note_on_c, 3, 64, 50
1, 19988, Note_on_c, 5, 64, 50
1, 19993, Note_on_c, 8, 62, 68
1, 19995, Note_on_c, 4, 64, 50
1, 20027, Note_on_c, 8, 62, 0
1, 20051, Note_on_c, 3, 64, 0
1, 20051, Note_on_c, 2, 64, 0
1, 20055, Note_on_c, 5, 64, 0
1, 20059, Note_on_c, 2, 62, 50
1, 20059, Note_on_c, 3, 62, 50
1, 20062, Note_on_c, 4, 64, 0
1, 20063, Note_on_c, 5, 62, 50
1, 20068, Note_on_c, 8, 62, 74
1, 20070, Note_on_c, 4, 62, 50
1, 20072, Note_on_c, 1, 40, 0
1, 20072, Note_on_c, 1, 74, 0
1, 20077, Note_on_c, 1, 67, 0
1, 20077, Note_on_c, 1, 47, 0
1, 20079, Note_on_c, 1, 64, 0
1, 20087, Note_on_c, 3, 62, 0
1, 20087, Note_on_c, 2, 62, 0
1, 20091, Note_on_c, 5, 62, 0
1, 20091, Note_on_c, 8, 62, 0
1, 20095, Note_on_c, 2, 64, 46
1, 20095, Note_on_c, 3, 64, 46
1, 20098, Note_on_c, 4, 62, 0
1, 20099, Note_on_c, 5, 64, 46
1, 20106, Note_on_c, 4, 64, 46
1, 20107, Note_on_c, 8, 59, 65
1, 20111, Note_on_c, 1, 40, 80
1, 20121, Note_on_c, 3, 64, 0
1, 20121, Note_on_c, 2, 64, 0
1, 20125, Note_on_c, 5, 64, 0
1, 20128, Note_on_c, 8, 59, 0
1, 20129, Note_on_c, 1, 40, 0
1, 20132, Note_on_c, 4, 64, 0
1, 20136, Note_on_c, 2, 66, 51
1, 20136, Note_on_c, 3, 66, 51
1, 20140, Note_on_c, 5, 66, 51
1, 20147, Note_on_c, 4, 66, 51
1, 20148, Note_on_c, 8, 62, 58
1, 20161, Control_c, 1, 64, 0
1, 20169, Note_on_c, 1, 59, 83
1, 20169, Note_on_c, 1, 66, 83
1, 20170, Note_on_c, 1, 62, 80
1, 20171, Note_on_c, 1, 45, 75
1, 20172, Note_on_c, 1, 55, 66
1, 20213, Control_c, 1, 64, 127
1, 20246, Note_on_c, 1, 55, 0
1, 20252, Note_on_c, 1, 59, 0
1, 20253, Note_on_c, 1, 62, 0
1, 20260, Note_on_c, 1, 66, 0
1, 20372, Note_on_c, 1, 67, 76
1, 20389, Note_on_c, 1, 71, 85
1, 20407, Note_on_c, 1, 74, 80
1, 20411, Note_on_c, 1, 78, 89
1, 20422, Note_on_c, 1, 57, 1
1, 20425, Note_on_c, 1, 74, 0
1, 20459, Note_on_c, 1, 67, 0
1, 20464, Note_on_c, 1, 57, 0
1, 20465, Note_on_c, 1, 71, 0
1, 20470, Note_on_c, 1, 78, 0
1, 20496, Note_on_c, 1, 74, 78
1, 20497, Note_on_c, 1, 67, 64
1, 20518, Note_on_c, 1, 67, 0
1, 20530, Note_on_c, 1, 74, 0
1, 20577, Note_on_c, 1, 71, 69
1, 20603, Note_on_c, 1, 71, 0
1, 20653, Note_on_c, 1, 74, 71
1, 20655, Note_on_c, 1, 57, 52
1, 20655, Note_on_c, 1, 67, 42
1, 20769, Note_on_c, 1, 74, 0
1, 20787, Note_on_c, 1, 67, 0
1, 20834, Note_on_c, 8, 62, 0
1, 20871, Note_on_c, 2, 66, 0
1, 20871, Note_on_c, 3, 66, 0
1, 20875, Note_on_c, 5, 66, 0
1, 20882, Note_on_c, 4, 66, 0
1, 20895, Note_on_c, 2, 78, 65
1, 20895, Note_on_c, 3, 78, 65
1, 20899, Note_on_c, 5, 78, 65
1, 20906, Note_on_c, 4, 78, 65
1, 20913, Note_on_c, 1, 57, 0
1, 20935, Note_on_c, 3, 78, 0
1, 20935, Note_on_c, 2, 78, 0
1, 20939, Note_on_c, 5, 78, 0
1, 20946, Note_on_c, 4, 78, 0
1, 20964, Note_on_c, 2, 79, 55
1, 20964, Note_on_c, 3, 79, 55
1, 20968, Note_on_c, 5, 79, 55
1, 20975, Note_on_c, 4, 79, 55
1, 21004, Note_on_c, 3, 79, 0
1, 21004, Note_on_c, 2, 79, 0
1, 21008, Note_on_c, 5, 79, 0
1, 21010, Note_on_c, 1, 45, 0
1, 21015, Note_on_c, 4, 79, 0
1, 21033, Note_on_c, 2, 78, 40
1, 21033, Note_on_c, 3, 78, 40
1, 21037, Note_on_c, 5, 78, 40
1, 21044, Note_on_c, 4, 78, 40
1, 21056, Note_on_c, 3, 78, 0
1, 21056, Note_on_c, 2, 78, 0
1, 21060, Note_on_c, 5, 78, 0
1, 21067, Note_on_c, 4, 78, 0
1, 21067, Note_on_c, 2, 79, 45
1, 21067, Note_on_c, 3, 79, 45
1, 21071, Note_on_c, 5, 79, 45
1, 21078, Note_on_c, 4, 79, 45
1, 21095, Note_on_c, 3, 79, 0
1, 21095, Note_on_c, 2, 79, 0
1, 21099, Note_on_c, 5, 79, 0
1, 21105, Note_on_c, 2, 78, 54
1, 21105, Note_on_c, 3, 78, 54
1, 21106, Note_on_c, 4, 79, 0
1, 21109, Note_on_c, 5, 78, 54
1, 21116, Note_on_c, 4, 78, 54
1, 21123, Control_c, 1, 64, 0
1, 21130, Note_on_c, 1, 38, 76
1, 21133, Note_on_c, 1, 61, 77
1, 21135, Note_on_c, 1, 57, 78
1, 21135, Note_on_c, 1, 66, 83
1, 21251, Control_c, 1, 64, 127
1, 21311, Note_on_c, 1, 45, 71
1, 21370, Note_on_c, 1, 66, 0
1, 21382, Note_on_c, 1, 57, 0
1, 21383, Note_on_c, 6, 69, 59
1, 21383, Note_on_c, 7, 69, 59
1, 21386, Note_on_c, 1, 61, 0
1, 21440, Note_on_c, 1, 57, 61
1, 21458, Note_on_c, 1, 57, 0
1, 21461, Note_on_c, 1, 61, 78
1, 21490, Note_on_c, 1, 66, 115
1, 21494, Note_on_c, 1, 61, 0
1, 21499, Note_on_c, 1, 45, 0
1, 21515, Note_on_c, 1, 38, 0
1, 21520, Note_on_c, 1, 66, 0
1, 21545, Note_on_c, 1, 38, 83
1, 21549, Note_on_c, 1, 64, 91
1, 21560, Note_on_c, 1, 38, 0
1, 21567, Note_on_c, 1, 64, 0
1, 21604, Control_c, 1, 64, 0
1, 21608, Note_on_c, 1, 43, 76
1, 21609, Note_on_c, 1, 66, 94
1, 21610, Note_on_c, 1, 59, 83
1, 21610, Note_on_c, 1, 62, 75
1, 21612, Note_on_c, 6, 66, 50
1, 21612, Note_on_c, 7, 66, 50
1, 21647, Note_on_c, 6, 69, 0
1, 21647, Note_on_c, 7, 69, 0
1, 21653, Control_c, 1, 64, 127
1, 21687, Note_on_c, 1, 62, 0
1, 21728, Note_on_c, 1, 62, 72
1, 21820, Note_on_c, 3, 78, 0
1, 21820, Note_on_c, 2, 78, 0
1, 21824, Note_on_c, 5, 78, 0
1, 21831, Note_on_c, 4, 78, 0
1, 21843, Note_on_c, 2, 78, 60
1, 21843, Note_on_c, 3, 78, 60
1, 21847, Note_on_c, 5, 78, 60
1, 21854, Note_on_c, 4, 78, 60
1, 21860, Note_on_c, 1, 50, 25
1, 21884, Note_on_c, 3, 78, 0
1, 21884, Note_on_c, 2, 78, 0
1, 21888, Note_on_c, 5, 78, 0
1, 21895, Note_on_c, 4, 78, 0
1, 21909, Note_on_c, 2, 79, 53
1, 21909, Note_on_c, 3, 79, 53
1, 21913, Note_on_c, 5, 79, 53
1, 21920, Note_on_c, 4, 79, 53
1, 21949, Note_on_c, 3, 79, 0
1, 21949, Note_on_c, 2, 79, 0
1, 21953, Note_on_c, 5, 79, 0
1, 21960, Note_on_c, 4, 79, 0
1, 21979, Note_on_c, 2, 78, 41
1, 21979, Note_on_c, 3, 78, 41
1, 21983, Note_on_c, 5, 78, 41
1, 21990, Note_on_c, 4, 78, 41
1, 21993, Note_on_c, 1, 50, 0
1, 22003, Note_on_c, 1, 62, 0
1, 22006, Note_on_c, 3, 78, 0
1, 22006, Note_on_c, 2, 78, 0
1, 22007, Note_on_c, 1, 59, 0
1, 22009, Note_on_c, 1, 66, 0
1, 22010, Note_on_c, 5, 78, 0
1, 22015, Note_on_c, 1, 43, 0
1, 22016, Note_on_c, 2, 79, 40
1, 22016, Note_on_c, 3, 79, 40
1, 22017, Note_on_c, 4, 78, 0
1, 22020, Note_on_c, 5, 79, 40
1, 22027, Note_on_c, 4, 79, 40
1, 22043, Note_on_c, 2, 79, 0
1, 22043, Note_on_c, 3, 79, 0
1, 22047, Note_on_c, 5, 79, 0
1, 22054, Note_on_c, 4, 79, 0
1, 22057, Note_on_c, 2, 78, 48
1, 22057, Note_on_c, 3, 78, 48
1, 22061, Note_on_c, 5, 78, 48
1, 22068, Note_on_c, 4, 78, 48
1, 22083, Note_on_c, 1, 61, 75
1, 22086, Note_on_c, 1, 66, 82
1, 22087, Note_on_c, 1, 38, 75
1, 22087, Note_on_c, 1, 57, 76
1, 22088, Control_c, 1, 64, 0
1, 22108, Note_on_c, 7, 66, 0
1, 22108, Note_on_c, 6, 66, 0
1, 22215, Control_c, 1, 64, 127
1, 22278, Note_on_c, 1, 45, 63
1, 22332, Note_on_c, 6, 73, 51
1, 22332, Note_on_c, 6, 69, 42
1, 22332, Note_on_c, 7, 69, 42
1, 22332, Note_on_c, 7, 73, 51
1, 22361, Note_on_c, 1, 57, 0
1, 22365, Note_on_c, 1, 66, 0
1, 22375, Note_on_c, 1, 61, 0
1, 22407, Note_on_c, 1, 57, 68
1, 22421, Note_on_c, 1, 61, 85
1, 22429, Note_on_c, 1, 57, 0
1, 22445, Note_on_c, 1, 66, 115
1, 22449, Control_c, 6, 64, 127
1, 22449, Control_c, 7, 64, 127
1, 22458, Note_on_c, 1, 45, 0
1, 22458, Note_on_c, 1, 61, 0
1, 22462, Note_on_c, 1, 38, 0
1, 22474, Note_on_c, 6, 73, 0
1, 22474, Note_on_c, 7, 73, 0
1, 22476, Note_on_c, 6, 69, 0
1, 22476, Note_on_c, 7, 69, 0
1, 22476, Note_on_c, 1, 66, 0
1, 22505, Note_on_c, 1, 38, 76
1, 22508, Note_on_c, 1, 64, 83
1, 22521, Note_on_c, 1, 38, 0
1, 22526, Note_on_c, 1, 64, 0
1, 22561, Control_c, 6, 64, 0
1, 22561, Control_c, 7, 64, 0
1, 22569, Control_c, 1, 64, 0
1, 22569, Note_on_c, 1, 59, 78
1, 22569, Note_on_c, 1, 66, 85
1, 22570, Note_on_c, 1, 62, 65
1, 22572, Note_on_c, 1, 43, 72
1, 22572, Note_on_c, 6, 66, 46
1, 22572, Note_on_c, 6, 71, 53
1, 22572, Note_on_c, 7, 66, 46
1, 22572, Note_on_c, 7, 71, 53
1, 22623, Control_c, 1, 64, 127
1, 22640, Note_on_c, 1, 62, 0
1, 22685, Note_on_c, 1, 62, 71
1, 22756, Note_on_c, 1, 50, 58
1, 22798, Note_on_c, 2, 78, 0
1, 22798, Note_on_c, 3, 78, 0
1, 22802, Note_on_c, 5, 78, 0
1, 22803, Note_on_c, 2, 74, 60
1, 22803, Note_on_c, 3, 74, 60
1, 22807, Note_on_c, 5, 74, 60
1, 22809, Note_on_c, 4, 78, 0
1, 22814, Note_on_c, 4, 74, 60
1, 22850, Note_on_c, 2, 74, 0
1, 22850, Note_on_c, 3, 74, 0
1, 22854, Note_on_c, 5, 74, 0
1, 22861, Note_on_c, 4, 74, 0
1, 22869, Note_on_c, 2, 76, 49
1, 22869, Note_on_c, 3, 76, 49
1, 22871, Note_on_c, 1, 59, 0
1, 22873, Note_on_c, 1, 62, 0
1, 22873, Note_on_c, 5, 76, 49
1, 22879, Note_on_c, 1, 66, 0
1, 22880, Note_on_c, 4, 76, 49
1, 22933, Note_on_c, 2, 76, 0
1, 22933, Note_on_c, 3, 76, 0
1, 22937, Note_on_c, 5, 76, 0
1, 22944, Note_on_c, 4, 76, 0
1, 22949, Note_on_c, 1, 43, 0
1, 22949, Note_on_c, 1, 50, 0
1, 22951, Note_on_c, 2, 74, 51
1, 22951, Note_on_c, 3, 74, 51
1, 22955, Note_on_c, 5, 74, 51
1, 22962, Note_on_c, 4, 74, 51
1, 22972, Note_on_c, 3, 74, 0
1, 22972, Note_on_c, 2, 74, 0
1, 22976, Note_on_c, 5, 74, 0
1, 22983, Note_on_c, 4, 74, 0
1, 22986, Note_on_c, 2, 71, 55
1, 22986, Note_on_c, 3, 71, 55
1, 22990, Note_on_c, 5, 71, 55
1, 22997, Note_on_c, 4, 71, 55
1, 23014, Note_on_c, 3, 71, 0
1, 23014, Note_on_c, 2, 71, 0
1, 23018, Note_on_c, 5, 71, 0
1, 23023, Note_on_c, 2, 73, 54
1, 23023, Note_on_c, 3, 73, 54
1, 23025, Note_on_c, 4, 71, 0
1, 23027, Note_on_c, 5, 73, 54
1, 23034, Note_on_c, 4, 73, 54
1, 23041, Note_on_c, 1, 73, 83
1, 23042, Note_on_c, 1, 42, 63
1, 23042, Control_c, 1, 64, 0
1, 23050, Note_on_c, 6, 66, 0
1, 23050, Note_on_c, 7, 66, 0
1, 23053, Note_on_c, 7, 71, 0
1, 23053, Note_on_c, 6, 71, 0
1, 23086, Control_c, 1, 64, 127
1, 23100, Note_on_c, 1, 64, 78
1, 23104, Note_on_c, 1, 73, 0
1, 23149, Note_on_c, 1, 69, 94
1, 23212, Note_on_c, 1, 71, 91
1, 23268, Note_on_c, 1, 64, 0
1, 23275, Note_on_c, 1, 71, 0
1, 23279, Note_on_c, 1, 73, 80
1, 23286, Note_on_c, 1, 69, 0
1, 23332, Note_on_c, 1, 73, 0
1, 23340, Note_on_c, 1, 64, 48
1, 23386, Note_on_c, 1, 64, 0
1, 23399, Note_on_c, 1, 69, 82
1, 23408, Note_on_c, 1, 42, 0
1, 23452, Note_on_c, 1, 69, 0
1, 23459, Note_on_c, 1, 73, 73
1, 23477, Note_on_c, 1, 73, 0
1, 23509, Note_on_c, 1, 64, 58
1, 23514, Note_on_c, 1, 67, 82
1, 23515, Note_on_c, 3, 73, 0
1, 23515, Note_on_c, 2, 73, 0
1, 23517, Control_c, 1, 64, 0
1, 23519, Note_on_c, 5, 73, 0
1, 23520, Note_on_c, 1, 40, 76
1, 23523, Note_on_c, 1, 74, 82
1, 23526, Note_on_c, 4, 73, 0
1, 23562, Control_c, 1, 64, 127
1, 23588, Note_on_c, 1, 67, 0
1, 23645, Note_on_c, 1, 67, 76
1, 23721, Note_on_c, 1, 47, 59
1, 23759, Note_on_c, 2, 74, 53
1, 23759, Note_on_c, 3, 74, 53
1, 23763, Note_on_c, 5, 74, 53
1, 23770, Note_on_c, 4, 74, 53
1, 23808, Note_on_c, 3, 74, 0
1, 23808, Note_on_c, 2, 74, 0
1, 23812, Note_on_c, 5, 74, 0
1, 23819, Note_on_c, 4, 74, 0
1, 23834, Note_on_c, 2, 76, 57
1, 23834, Note_on_c, 3, 76, 57
1, 23838, Note_on_c, 5, 76, 57
1, 23845, Note_on_c, 4, 76, 57
1, 23878, Note_on_c, 3, 76, 0
1, 23878, Note_on_c, 2, 76, 0
1, 23882, Note_on_c, 5, 76, 0
1, 23889, Note_on_c, 4, 76, 0
1, 23896, Note_on_c, 1, 74, 0
1, 23900, Note_on_c, 1, 67, 0
1, 23904, Note_on_c, 1, 64, 0
1, 23914, Note_on_c, 2, 74, 41
1, 23914, Note_on_c, 3, 74, 41
1, 23918, Note_on_c, 5, 74, 41
1, 23925, Note_on_c, 4, 74, 41
1, 23935, Note_on_c, 3, 74, 0
1, 23935, Note_on_c, 2, 74, 0
1, 23939, Note_on_c, 5, 74, 0
1, 23942, Note_on_c, 1, 47, 0
1, 23946, Note_on_c, 4, 74, 0
1, 23950, Note_on_c, 2, 71, 50
1, 23950, Note_on_c, 3, 71, 50
1, 23954, Note_on_c, 5, 71, 50
1, 23961, Note_on_c, 4, 71, 50
1, 23965, Note_on_c, 1, 40, 0
1, 23984, Note_on_c, 2, 71, 0
1, 23984, Note_on_c, 3, 71, 0
1, 23988, Note_on_c, 5, 71, 0
1, 23992, Note_on_c, 2, 73, 48
1, 23992, Note_on_c, 3, 73, 48
1, 23995, Note_on_c, 4, 71, 0
1, 23996, Note_on_c, 5, 73, 48
1, 24003, Note_on_c, 4, 73, 48
1, 24010, Control_c, 1, 64, 0
1, 24011, Note_on_c, 1, 42, 56
1, 24014, Note_on_c, 1, 73, 64
1, 24055, Control_c, 1, 64, 127
1, 24068, Note_on_c, 1, 64, 80
1, 24096, Note_on_c, 1, 73, 0
1, 24125, Note_on_c, 1, 69, 94
1, 24180, Note_on_c, 1, 71, 91
1, 24204, Note_on_c, 1, 64, 0
1, 24220, Note_on_c, 1, 71, 0
1, 24235, Note_on_c, 1, 54, 80
1, 24238, Note_on_c, 1, 73, 89
1, 24249, Note_on_c, 1, 69, 0
1, 24258, Note_on_c, 1, 54, 0
1, 24285, Note_on_c, 1, 73, 0
1, 24292, Note_on_c, 1, 64, 80
1, 24305, Note_on_c, 1, 54, 12
1, 24346, Note_on_c, 1, 64, 0
1, 24354, Note_on_c, 1, 69, 87
1, 24357, Note_on_c, 1, 54, 0
1, 24405, Note_on_c, 1, 69, 0
1, 24409, Note_on_c, 1, 54, 83
1, 24410, Note_on_c, 1, 73, 82
1, 24420, Note_on_c, 1, 54, 0
1, 24425, Note_on_c, 1, 42, 0
1, 24426, Note_on_c, 1, 73, 0
1, 24470, Note_on_c, 1, 52, 83
1, 24471, Control_c, 1, 64, 0
1, 24472, Note_on_c, 1, 74, 87
1, 24472, Note_on_c, 1, 64, 73
1, 24473, Note_on_c, 1, 67, 82
1, 24474, Note_on_c, 1, 71, 78
1, 24484, Note_on_c, 2, 73, 0
1, 24484, Note_on_c, 3, 73, 0
1, 24488, Note_on_c, 5, 73, 0
1, 24495, Note_on_c, 4, 73, 0
1, 24509, Control_c, 1, 64, 127
1, 24567, Note_on_c, 1, 67, 0
1, 24600, Note_on_c, 1, 67, 80
1, 24718, Note_on_c, 2, 74, 50
1, 24718, Note_on_c, 3, 74, 50
1, 24719, Note_on_c, 1, 40, 63
1, 24722, Note_on_c, 5, 74, 50
1, 24729, Note_on_c, 4, 74, 50
1, 24763, Note_on_c, 3, 74, 0
1, 24763, Note_on_c, 2, 74, 0
1, 24767, Note_on_c, 5, 74, 0
1, 24774, Note_on_c, 4, 74, 0
1, 24791, Note_on_c, 2, 74, 58
1, 24791, Note_on_c, 3, 74, 58
1, 24795, Note_on_c, 5, 74, 58
1, 24802, Note_on_c, 4, 74, 58
1, 24828, Note_on_c, 3, 74, 0
1, 24828, Note_on_c, 2, 74, 0
1, 24832, Note_on_c, 5, 74, 0
1, 24839, Note_on_c, 4, 74, 0
1, 24858, Note_on_c, 2, 74, 51
1, 24858, Note_on_c, 3, 74, 51
1, 24862, Note_on_c, 5, 74, 51
1, 24867, Note_on_c, 1, 52, 0
1, 24869, Note_on_c, 4, 74, 51
1, 24870, Note_on_c, 1, 40, 0
1, 24883, Note_on_c, 3, 74, 0
1, 24883, Note_on_c, 2, 74, 0
1, 24887, Note_on_c, 5, 74, 0
1, 24887, Note_on_c, 1, 74, 0
1, 24892, Note_on_c, 2, 71, 35
1, 24892, Note_on_c, 3, 71, 35
1, 24894, Note_on_c, 4, 74, 0
1, 24896, Note_on_c, 5, 71, 35
1, 24897, Note_on_c, 1, 71, 0
1, 24903, Note_on_c, 4, 71, 35
1, 24907, Note_on_c, 1, 64, 0
1, 24911, Note_on_c, 1, 67, 0
1, 24919, Note_on_c, 1, 40, 72
1, 24929, Note_on_c, 2, 71, 0
1, 24929, Note_on_c, 3, 71, 0
1, 24933, Note_on_c, 5, 71, 0
1, 24938, Note_on_c, 1, 40, 0
1, 24940, Note_on_c, 4, 71, 0
1, 24942, Note_on_c, 2, 74, 52
1, 24942, Note_on_c, 3, 74, 52
1, 24946, Note_on_c, 5, 74, 52
1, 24952, Note_on_c, 1, 64, 85
1, 24953, Note_on_c, 4, 74, 52
1, 24963, Note_on_c, 1, 67, 91
1, 24964, Control_c, 1, 64, 0
1, 24968, Note_on_c, 1, 45, 82
1, 24972, Note_on_c, 1, 71, 83
1, 24977, Note_on_c, 1, 74, 98
1, 24999, Control_c, 1, 64, 127
1, 25058, Note_on_c, 1, 64, 0
1, 25084, Note_on_c, 1, 64, 65
1, 25095, Note_on_c, 1, 64, 0
1, 25136, Note_on_c, 1, 57, 78
1, 25137, Note_on_c, 1, 71, 0
1, 25139, Note_on_c, 1, 67, 0
1, 25151, Note_on_c, 1, 74, 0
1, 25197, Note_on_c, 1, 64, 115
1, 25249, Note_on_c, 1, 64, 0
1, 25255, Note_on_c, 1, 67, 89
1, 25308, Note_on_c, 1, 67, 0
1, 25311, Note_on_c, 1, 71, 80
1, 25344, Note_on_c, 1, 71, 0
1, 25377, Note_on_c, 1, 74, 54
1, 25400, Note_on_c, 1, 74, 0
1, 25435, Note_on_c, 1, 76, 85
1, 25455, Note_on_c, 1, 76, 0
1, 25545, Note_on_c, 1, 78, 64
1, 25579, Note_on_c, 1, 78, 0
1, 25681, Note_on_c, 1, 79, 69
1, 25708, Note_on_c, 1, 79, 0
1, 25720, Note_on_c, 1, 57, 0
1, 25828, Note_on_c, 8, 69, 63
1, 25841, Note_on_c, 1, 45, 0
1, 25845, Note_on_c, 8, 69, 0
1, 25859, Note_on_c, 8, 74, 64
1, 25878, Note_on_c, 8, 74, 0
1, 25885, Note_on_c, 2, 74, 0
1, 25885, Note_on_c, 3, 74, 0
1, 25889, Note_on_c, 5, 74, 0
1, 25890, Note_on_c, 8, 73, 64
1, 25896, Note_on_c, 4, 74, 0
1, 25908, Note_on_c, 8, 73, 0
1, 25918, Control_c, 1, 64, 0
1, 25920, Note_on_c, 1, 64, 98
1, 25920, Note_on_c, 1, 73, 94
1, 25921, Note_on_c, 8, 69, 56
1, 25922, Note_on_c, 1, 38, 87
1, 25954, Control_c, 1, 64, 127
1, 25964, Note_on_c, 1, 73, 0
1, 25965, Note_on_c, 1, 64, 0
1, 25984, Note_on_c, 1, 71, 60
1, 26014, Note_on_c, 1, 71, 0
1, 26103, Note_on_c, 1, 64, 77
1, 26103, Note_on_c, 1, 69, 83
1, 26189, Note_on_c, 1, 64, 0
1, 26203, Note_on_c, 1, 69, 0
1, 26230, Note_on_c, 1, 64, 75
1, 26249, Note_on_c, 1, 64, 0
1, 26308, Note_on_c, 1, 38, 0
1, 26352, Note_on_c, 1, 66, 77
1, 26356, Note_on_c, 1, 62, 71
1, 26357, Note_on_c, 1, 57, 63
1, 26397, Control_c, 1, 64, 0
1, 26401, Note_on_c, 8, 69, 0
1, 26405, Note_on_c, 8, 66, 53
1, 26409, Note_on_c, 1, 43, 68
1, 26444, Control_c, 1, 64, 127
1, 26451, Note_on_c, 1, 57, 0
1, 26485, Note_on_c, 1, 57, 50
1, 26490, Note_on_c, 1, 62, 0
1, 26505, Note_on_c, 1, 57, 0
1, 26511, Note_on_c, 1, 66, 0
1, 26597, Note_on_c, 1, 62, 64
1, 26686, Note_on_c, 1, 62, 0
1, 26722, Note_on_c, 1, 64, 77
1, 26734, Note_on_c, 1, 64, 0
1, 26785, Note_on_c, 1, 43, 0
1, 26829, Note_on_c, 1, 43, 73
1, 26834, Note_on_c, 1, 43, 0
1, 26855, Note_on_c, 1, 64, 77
1, 26856, Note_on_c, 8, 66, 0
1, 26873, Note_on_c, 1, 69, 91
1, 26879, Control_c, 1, 64, 0
1, 26883, Note_on_c, 1, 38, 89
1, 26885, Note_on_c, 1, 76, 115
1, 26923, Control_c, 1, 64, 127
1, 26926, Note_on_c, 1, 64, 0
1, 26928, Note_on_c, 1, 69, 0
1, 26944, Note_on_c, 1, 76, 0
1, 26944, Note_on_c, 1, 73, 65
1, 26973, Note_on_c, 1, 73, 0
1, 27061, Note_on_c, 1, 73, 80
1, 27062, Note_on_c, 1, 50, 62
1, 27066, Note_on_c, 1, 64, 66
1, 27068, Note_on_c, 1, 69, 59
1, 27111, Note_on_c, 1, 69, 0
1, 27123, Note_on_c, 8, 74, 82
1, 27125, Note_on_c, 1, 64, 0
1, 27133, Note_on_c, 1, 73, 0
1, 27138, Note_on_c, 8, 74, 0
1, 27150, Note_on_c, 8, 76, 44
1, 27166, Note_on_c, 8, 76, 0
1, 27175, Note_on_c, 8, 78, 60
1, 27181, Note_on_c, 1, 50, 0
1, 27183, Note_on_c, 1, 64, 52
1, 27183, Note_on_c, 1, 69, 80
1, 27187, Note_on_c, 8, 78, 0
1, 27199, Note_on_c, 8, 79, 38
1, 27215, Note_on_c, 1, 69, 0
1, 27219, Note_on_c, 8, 79, 0
1, 27224, Note_on_c, 1, 64, 0
1, 27227, Note_on_c, 8, 81, 34
1, 27243, Note_on_c, 8, 81, 0
1, 27253, Note_on_c, 1, 38, 0
1, 27253, Note_on_c, 8, 83, 53
1, 27263, Note_on_c, 8, 83, 0
1, 27285, Note_on_c, 8, 85, 66
1, 27295, Note_on_c, 8, 85, 0
1, 27302, Note_on_c, 1, 62, 77
1, 27304, Note_on_c, 1, 66, 80
1, 27305, Note_on_c, 1, 57, 71
1, 27307, Note_on_c, 8, 86, 60
1, 27324, Note_on_c, 8, 86, 0
1, 27346, Note_on_c, 8, 88, 60
1, 27349, Control_c, 1, 64, 0
1, 27362, Note_on_c, 1, 43, 68
1, 27391, Control_c, 1, 64, 127
1, 27395, Note_on_c, 1, 57, 0
1, 27431, Note_on_c, 1, 57, 65
1, 27444, Note_on_c, 1, 57, 0
1, 27458, Note_on_c, 1, 62, 0
1, 27464, Note_on_c, 1, 66, 0
1, 27494, Note_on_c, 1, 59, 65
1, 27530, Note_on_c, 1, 59, 0
1, 27562, Note_on_c, 1, 62, 62
1, 27604, Note_on_c, 1, 62, 0
1, 27684, Note_on_c, 1, 64, 63
1, 27714, Note_on_c, 1, 64, 0
1, 27717, Note_on_c, 1, 43, 0
1, 27783, Note_on_c, 8, 86, 55
1, 27785, Note_on_c, 8, 88, 0
1, 27790, Note_on_c, 1, 66, 64
1, 27801, Note_on_c, 8, 86, 0
1, 27817, Note_on_c, 8, 85, 52
1, 27829, Control_c, 1, 64, 0
1, 27833, Note_on_c, 8, 85, 0
1, 27835, Note_on_c, 1, 50, 65
1, 27843, Note_on_c, 8, 86, 45
1, 27862, Note_on_c, 8, 86, 0
1, 27867, Control_c, 1, 64, 127
1, 27869, Note_on_c, 8, 85, 40
1, 27886, Note_on_c, 1, 66, 0
1, 27889, Note_on_c, 1, 57, 64
1, 27927, Note_on_c, 1, 61, 73
1, 27954, Note_on_c, 1, 57, 0
1, 27970, Note_on_c, 1, 66, 78
1, 27973, Note_on_c, 1, 61, 0
1, 27990, Note_on_c, 1, 66, 0
1, 28329, Note_on_c, 1, 50, 0
1, 28527, Note_on_c, 8, 85, 0
1, 28577, Control_c, 1, 64, 0
1, 28577, End_track
0, 0, End_of_file
