0, 0, Header, 0, 1, 192
1, 0, Start_track
1, 0, Tempo, 624934
1, 0, Time_signature, 4, 2, 24, 8
1, 0, Title_t, "ROCK WIT U"
1, 0, System_exclusive, 5, 126, 127, 9, 1, 247
1, 0, System_exclusive, 10, 65, 16, 66, 18, 64, 0, 127, 0, 65, 247
1, 0, Text_t, "(c)2003 TRAN TRACKS INC."
1, 0, Note_on_c, 9, 70, 71
1, 1, Note_off_c, 9, 70, 64
1, 22, Control_c, 4, 0, 0
1, 22, Control_c, 11, 0, 0
1, 22, Control_c, 13, 0, 0
1, 22, Control_c, 15, 0, 0
1, 23, Control_c, 4, 32, 0
1, 23, Control_c, 11, 32, 0
1, 23, Control_c, 13, 32, 0
1, 23, Control_c, 15, 32, 0
1, 24, Control_c, 9, 0, 0
1, 24, Control_c, 9, 32, 0
1, 24, Program_c, 9, 0
1, 24, Control_c, 12, 0, 0
1, 24, Control_c, 12, 32, 0
1, 24, Program_c, 12, 0
1, 24, Control_c, 14, 0, 0
1, 24, Control_c, 14, 32, 0
1, 24, Program_c, 14, 0
1, 24, Program_c, 4, 0
1, 24, Program_c, 11, 0
1, 24, Program_c, 13, 0
1, 24, Program_c, 15, 0
1, 34, Control_c, 0, 0, 0
1, 34, Control_c, 3, 0, 0
1, 34, Control_c, 6, 0, 0
1, 34, Control_c, 10, 0, 1
1, 35, Control_c, 0, 32, 0
1, 35, Control_c, 3, 32, 0
1, 35, Control_c, 6, 32, 0
1, 35, Control_c, 10, 32, 0
1, 36, Control_c, 2, 0, 0
1, 36, Control_c, 2, 32, 0
1, 36, Program_c, 2, 26
1, 36, Pitch_bend_c, 4, 8192
1, 36, Control_c, 7, 0, 0
1, 36, Control_c, 7, 32, 0
1, 36, Program_c, 7, 119
1, 36, Pitch_bend_c, 9, 1192
1, 36, Pitch_bend_c, 11, 8192
1, 36, Pitch_bend_c, 12, 8192
1, 36, Pitch_bend_c, 13, 8192
1, 36, Pitch_bend_c, 14, 8192
1, 36, Pitch_bend_c, 15, 8192
1, 36, Program_c, 0, 33
1, 36, Program_c, 3, 35
1, 36, Program_c, 6, 80
1, 36, Program_c, 10, 79
1, 46, Control_c, 1, 0, 0
1, 46, Control_c, 5, 0, 0
1, 46, Control_c, 8, 0, 0
1, 47, Control_c, 1, 32, 0
1, 47, Control_c, 5, 32, 0
1, 47, Control_c, 8, 32, 0
1, 48, Pitch_bend_c, 0, 8192
1, 48, Pitch_bend_c, 1, 8192
1, 48, Control_c, 1, 7, 100
1, 48, Pitch_bend_c, 2, 8192
1, 48, Pitch_bend_c, 3, 8192
1, 48, Control_c, 4, 7, 80
1, 48, Pitch_bend_c, 5, 8192
1, 48, Control_c, 5, 7, 90
1, 48, Pitch_bend_c, 6, 8192
1, 48, Pitch_bend_c, 7, 8192
1, 48, Pitch_bend_c, 8, 8192
1, 48, Control_c, 8, 7, 100
1, 48, Control_c, 9, 7, 110
1, 48, Pitch_bend_c, 10, 8192
1, 48, Control_c, 11, 7, 80
1, 48, Control_c, 12, 7, 80
1, 48, Control_c, 13, 7, 80
1, 48, Control_c, 14, 7, 80
1, 48, Control_c, 15, 7, 80
1, 48, Program_c, 1, 0
1, 48, Program_c, 5, 28
1, 48, Program_c, 8, 28
1, 60, Control_c, 0, 7, 100
1, 60, Control_c, 2, 7, 80
1, 60, Control_c, 3, 7, 80
1, 60, Control_c, 4, 10, 64
1, 60, Control_c, 6, 7, 80
1, 60, Control_c, 9, 10, 64
1, 60, Control_c, 10, 7, 75
1, 60, Control_c, 11, 10, 64
1, 60, Control_c, 12, 10, 64
1, 60, Control_c, 13, 10, 64
1, 60, Control_c, 14, 10, 64
1, 60, Control_c, 15, 10, 64
1, 72, Control_c, 0, 10, 59
1, 72, Control_c, 2, 10, 44
1, 72, Control_c, 3, 10, 69
1, 72, Control_c, 4, 91, 40
1, 72, Control_c, 6, 10, 84
1, 72, Control_c, 7, 7, 75
1, 72, Control_c, 9, 91, 50
1, 72, Control_c, 10, 10, 94
1, 72, Control_c, 11, 91, 40
1, 72, Control_c, 12, 91, 40
1, 72, Control_c, 13, 91, 40
1, 72, Control_c, 14, 91, 40
1, 72, Control_c, 15, 91, 40
1, 84, Control_c, 0, 91, 10
1, 84, Control_c, 2, 91, 50
1, 84, Control_c, 3, 91, 70
1, 84, Control_c, 4, 93, 0
1, 84, Control_c, 6, 91, 40
1, 84, Control_c, 7, 10, 39
1, 84, Control_c, 9, 93, 10
1, 84, Control_c, 10, 91, 80
1, 84, Control_c, 11, 93, 0
1, 84, Control_c, 12, 93, 0
1, 84, Control_c, 13, 93, 0
1, 84, Control_c, 14, 93, 0
1, 84, Control_c, 15, 93, 0
1, 96, Control_c, 0, 93, 10
1, 96, Control_c, 1, 10, 74
1, 96, Control_c, 1, 91, 40
1, 96, Control_c, 1, 93, 20
1, 96, Control_c, 1, 11, 127
1, 96, Control_c, 2, 93, 60
1, 96, Control_c, 3, 93, 40
1, 96, Control_c, 4, 11, 127
1, 96, Control_c, 5, 10, 84
1, 96, Control_c, 5, 91, 50
1, 96, Control_c, 5, 93, 60
1, 96, Control_c, 5, 11, 127
1, 96, Control_c, 6, 93, 50
1, 96, Control_c, 7, 91, 100
1, 96, Control_c, 8, 10, 84
1, 96, Control_c, 8, 91, 60
1, 96, Control_c, 8, 93, 20
1, 96, Control_c, 8, 11, 127
1, 96, Control_c, 9, 11, 127
1, 96, Control_c, 10, 93, 40
1, 96, Control_c, 11, 11, 127
1, 96, Control_c, 12, 11, 127
1, 96, Control_c, 13, 11, 127
1, 96, Control_c, 14, 11, 127
1, 96, Control_c, 15, 11, 127
1, 108, Control_c, 0, 11, 127
1, 108, Control_c, 2, 11, 127
1, 108, Control_c, 3, 11, 127
1, 108, Control_c, 6, 11, 127
1, 108, Control_c, 7, 93, 40
1, 108, Control_c, 10, 11, 127
1, 120, Control_c, 7, 11, 127
1, 384, Note_on_c, 9, 70, 71
1, 385, Note_off_c, 9, 70, 64
1, 768, Note_on_c, 9, 42, 49
1, 769, Note_off_c, 9, 42, 64
1, 960, Note_on_c, 9, 42, 49
1, 961, Note_off_c, 9, 42, 64
1, 1152, Note_on_c, 9, 42, 49
1, 1153, Note_off_c, 9, 42, 64
1, 1344, Note_on_c, 9, 42, 49
1, 1345, Note_off_c, 9, 42, 64
1, 1536, Note_on_c, 0, 31, 115
1, 1536, Note_on_c, 1, 57, 72
1, 1536, Note_on_c, 1, 53, 76
1, 1536, Note_on_c, 1, 64, 70
1, 1536, Note_on_c, 1, 60, 72
1, 1537, Note_on_c, 9, 36, 101
1, 1537, Note_on_c, 9, 70, 61
1, 1538, Note_off_c, 9, 36, 64
1, 1538, Note_off_c, 9, 70, 64
1, 1539, Note_on_c, 9, 42, 69
1, 1540, Note_off_c, 9, 42, 64
1, 1585, Note_on_c, 9, 36, 101
1, 1585, Note_on_c, 9, 70, 61
1, 1586, Note_off_c, 9, 36, 64
1, 1586, Note_off_c, 9, 70, 64
1, 1626, Note_off_c, 0, 31, 64
1, 1633, Note_on_c, 9, 36, 101
1, 1633, Note_on_c, 9, 70, 61
1, 1634, Note_off_c, 9, 36, 64
1, 1634, Note_off_c, 9, 70, 64
1, 1634, Note_on_c, 9, 42, 45
1, 1635, Note_off_c, 9, 42, 64
1, 1637, Note_on_c, 0, 31, 106
1, 1680, Note_on_c, 9, 70, 61
1, 1681, Note_off_c, 9, 70, 64
1, 1729, Note_on_c, 9, 42, 69
1, 1729, Note_on_c, 9, 70, 61
1, 1730, Note_off_c, 9, 42, 64
1, 1730, Note_off_c, 9, 70, 64
1, 1730, Note_on_c, 9, 39, 85
1, 1731, Note_off_c, 9, 39, 64
1, 1777, Note_on_c, 9, 70, 61
1, 1778, Note_off_c, 9, 70, 64
1, 1781, Note_off_c, 0, 31, 64
1, 1825, Note_on_c, 9, 70, 61
1, 1825, Note_on_c, 9, 48, 77
1, 1826, Note_off_c, 9, 70, 64
1, 1826, Note_off_c, 9, 48, 64
1, 1826, Note_on_c, 9, 42, 45
1, 1827, Note_off_c, 9, 42, 64
1, 1872, Note_on_c, 9, 70, 61
1, 1873, Note_off_c, 9, 70, 64
1, 1921, Note_on_c, 9, 42, 69
1, 1921, Note_on_c, 9, 70, 61
1, 1922, Note_off_c, 9, 42, 64
1, 1922, Note_off_c, 9, 70, 64
1, 1969, Note_on_c, 9, 70, 61
1, 1970, Note_off_c, 9, 70, 64
1, 2017, Note_on_c, 9, 42, 45
1, 2017, Note_on_c, 9, 70, 61
1, 2018, Note_off_c, 9, 42, 64
1, 2018, Note_off_c, 9, 70, 64
1, 2065, Note_on_c, 9, 70, 61
1, 2066, Note_off_c, 9, 70, 64
1, 2113, Note_on_c, 9, 42, 69
1, 2113, Note_on_c, 9, 70, 61
1, 2114, Note_off_c, 9, 42, 64
1, 2114, Note_off_c, 9, 70, 64
1, 2114, Note_on_c, 9, 39, 85
1, 2115, Note_off_c, 9, 39, 64
1, 2161, Note_on_c, 9, 70, 61
1, 2162, Note_off_c, 9, 70, 64
1, 2209, Note_on_c, 9, 42, 45
1, 2209, Note_on_c, 9, 70, 61
1, 2210, Note_off_c, 9, 42, 64
1, 2210, Note_off_c, 9, 70, 64
1, 2257, Note_on_c, 9, 70, 61
1, 2258, Note_off_c, 9, 70, 64
1, 2305, Note_on_c, 9, 42, 69
1, 2305, Note_on_c, 9, 70, 61
1, 2306, Note_off_c, 9, 42, 64
1, 2306, Note_off_c, 9, 70, 64
1, 2353, Note_on_c, 9, 70, 61
1, 2354, Note_off_c, 9, 70, 64
1, 2401, Note_on_c, 9, 70, 61
1, 2402, Note_off_c, 9, 70, 64
1, 2402, Note_on_c, 9, 42, 45
1, 2403, Note_off_c, 9, 42, 64
1, 2449, Note_on_c, 9, 70, 61
1, 2450, Note_off_c, 9, 70, 64
1, 2466, Pitch_bend_c, 2, 7296
1, 2470, Pitch_bend_c, 2, 6144
1, 2475, Pitch_bend_c, 2, 4864
1, 2480, Pitch_bend_c, 2, 3456
1, 2482, Note_on_c, 2, 64, 70
1, 2486, Pitch_bend_c, 2, 2304
1, 2490, Pitch_bend_c, 2, 1152
1, 2495, Pitch_bend_c, 2, 512
1, 2497, Note_on_c, 9, 70, 61
1, 2498, Note_off_c, 9, 70, 64
1, 2498, Note_on_c, 9, 42, 69
1, 2498, Note_on_c, 9, 39, 85
1, 2499, Note_off_c, 9, 42, 64
1, 2499, Note_off_c, 9, 39, 64
1, 2500, Pitch_bend_c, 2, 256
1, 2510, Pitch_bend_c, 2, 1024
1, 2515, Pitch_bend_c, 2, 2048
1, 2520, Pitch_bend_c, 2, 3200
1, 2525, Pitch_bend_c, 2, 4224
1, 2529, Pitch_bend_c, 2, 5120
1, 2536, Pitch_bend_c, 2, 5888
1, 2541, Pitch_bend_c, 2, 6656
1, 2545, Note_on_c, 9, 70, 61
1, 2546, Note_off_c, 9, 70, 64
1, 2546, Pitch_bend_c, 2, 7168
1, 2551, Pitch_bend_c, 2, 7808
1, 2556, Pitch_bend_c, 2, 8192
1, 2593, Note_on_c, 9, 42, 45
1, 2593, Note_on_c, 9, 70, 61
1, 2594, Note_off_c, 9, 42, 64
1, 2594, Note_off_c, 9, 70, 64
1, 2632, Note_off_c, 1, 53, 64
1, 2632, Note_off_c, 1, 64, 64
1, 2632, Note_off_c, 1, 60, 64
1, 2636, Note_off_c, 1, 57, 64
1, 2640, Note_on_c, 9, 70, 61
1, 2641, Note_off_c, 9, 70, 64
1, 2683, Pitch_bend_c, 2, 6400
1, 2688, Note_on_c, 1, 62, 66
1, 2688, Note_on_c, 1, 59, 78
1, 2688, Note_on_c, 1, 55, 59
1, 2688, Note_on_c, 1, 52, 78
1, 2688, Pitch_bend_c, 2, 4864
1, 2689, Note_on_c, 9, 42, 69
1, 2689, Note_on_c, 9, 70, 61
1, 2690, Note_off_c, 9, 42, 64
1, 2690, Note_off_c, 9, 70, 64
1, 2693, Pitch_bend_c, 2, 2944
1, 2698, Pitch_bend_c, 2, 1024
1, 2703, Pitch_bend_c, 2, 0
1, 2736, Note_on_c, 9, 36, 101
1, 2737, Note_off_c, 9, 36, 64
1, 2737, Note_on_c, 9, 70, 61
1, 2738, Note_off_c, 9, 70, 64
1, 2785, Note_on_c, 9, 36, 101
1, 2786, Note_off_c, 9, 36, 64
1, 2786, Note_on_c, 9, 42, 45
1, 2786, Note_on_c, 9, 70, 61
1, 2787, Note_off_c, 9, 42, 64
1, 2787, Note_off_c, 9, 70, 64
1, 2833, Note_on_c, 9, 70, 61
1, 2834, Note_off_c, 9, 70, 64
1, 2881, Note_on_c, 9, 42, 69
1, 2881, Note_on_c, 9, 70, 61
1, 2882, Note_off_c, 9, 42, 64
1, 2882, Note_off_c, 9, 70, 64
1, 2882, Note_on_c, 9, 39, 85
1, 2883, Note_off_c, 9, 39, 64
1, 2885, Note_off_c, 1, 52, 64
1, 2890, Note_off_c, 1, 55, 64
1, 2891, Note_off_c, 1, 62, 64
1, 2891, Note_off_c, 1, 59, 64
1, 2929, Note_on_c, 9, 70, 61
1, 2930, Note_off_c, 9, 70, 64
1, 2976, Note_on_c, 1, 60, 78
1, 2976, Note_on_c, 1, 64, 70
1, 2976, Note_on_c, 1, 57, 89
1, 2976, Note_on_c, 1, 53, 59
1, 2977, Note_on_c, 9, 42, 45
1, 2977, Note_on_c, 9, 70, 61
1, 2978, Note_off_c, 9, 42, 64
1, 2978, Note_off_c, 9, 70, 64
1, 3025, Note_on_c, 9, 36, 101
1, 3025, Note_on_c, 9, 70, 61
1, 3026, Note_off_c, 9, 36, 64
1, 3026, Note_off_c, 9, 70, 64
1, 3062, Note_off_c, 2, 64, 64
1, 3066, Note_on_c, 0, 31, 115
1, 3073, Note_on_c, 9, 36, 101
1, 3073, Note_on_c, 9, 42, 69
1, 3073, Note_on_c, 9, 70, 61
1, 3074, Note_off_c, 9, 36, 64
1, 3074, Note_off_c, 9, 42, 64
1, 3074, Note_off_c, 9, 70, 64
1, 3077, Pitch_bend_c, 2, 1280
1, 3082, Pitch_bend_c, 2, 5632
1, 3087, Pitch_bend_c, 2, 7424
1, 3092, Pitch_bend_c, 2, 8192
1, 3121, Note_on_c, 9, 36, 101
1, 3121, Note_on_c, 9, 70, 61
1, 3122, Note_off_c, 9, 36, 64
1, 3122, Note_off_c, 9, 70, 64
1, 3162, Note_off_c, 0, 31, 64
1, 3168, Note_on_c, 9, 36, 101
1, 3169, Note_off_c, 9, 36, 64
1, 3169, Note_on_c, 9, 42, 45
1, 3169, Note_on_c, 9, 70, 61
1, 3170, Note_off_c, 9, 42, 64
1, 3170, Note_off_c, 9, 70, 64
1, 3173, Note_on_c, 0, 31, 85
1, 3217, Note_on_c, 9, 70, 61
1, 3218, Note_off_c, 9, 70, 64
1, 3265, Note_on_c, 9, 70, 61
1, 3266, Note_off_c, 9, 70, 64
1, 3266, Note_on_c, 9, 42, 69
1, 3266, Note_on_c, 9, 39, 85
1, 3267, Note_off_c, 9, 42, 64
1, 3267, Note_off_c, 9, 39, 64
1, 3313, Note_on_c, 9, 70, 61
1, 3314, Note_off_c, 9, 70, 64
1, 3317, Note_off_c, 0, 31, 64
1, 3361, Note_on_c, 9, 70, 61
1, 3361, Note_on_c, 9, 48, 77
1, 3362, Note_off_c, 9, 70, 64
1, 3362, Note_off_c, 9, 48, 64
1, 3362, Note_on_c, 9, 42, 45
1, 3363, Note_off_c, 9, 42, 64
1, 3408, Note_on_c, 9, 70, 61
1, 3409, Note_off_c, 9, 70, 64
1, 3457, Note_on_c, 9, 42, 69
1, 3457, Note_on_c, 9, 70, 61
1, 3458, Note_off_c, 9, 42, 64
1, 3458, Note_off_c, 9, 70, 64
1, 3504, Note_on_c, 9, 70, 61
1, 3505, Note_off_c, 9, 70, 64
1, 3553, Note_on_c, 9, 70, 61
1, 3554, Note_off_c, 9, 70, 64
1, 3554, Note_on_c, 9, 42, 45
1, 3555, Note_off_c, 9, 42, 64
1, 3601, Note_on_c, 9, 70, 61
1, 3602, Note_off_c, 9, 70, 64
1, 3640, Note_on_c, 2, 62, 61
1, 3649, Note_on_c, 9, 70, 61
1, 3650, Note_off_c, 9, 70, 64
1, 3650, Note_on_c, 9, 42, 69
1, 3650, Note_on_c, 9, 39, 85
1, 3651, Note_off_c, 9, 42, 64
1, 3651, Note_off_c, 9, 39, 64
1, 3684, Pitch_bend_c, 2, 5632
1, 3689, Pitch_bend_c, 2, 3200
1, 3693, Pitch_bend_c, 2, 768
1, 3697, Note_on_c, 9, 70, 61
1, 3698, Note_off_c, 9, 70, 64
1, 3698, Pitch_bend_c, 2, 0
1, 3729, Pitch_bend_c, 2, 1408
1, 3734, Pitch_bend_c, 2, 3328
1, 3739, Pitch_bend_c, 2, 5120
1, 3744, Pitch_bend_c, 2, 6912
1, 3745, Note_on_c, 9, 42, 45
1, 3745, Note_on_c, 9, 70, 61
1, 3746, Note_off_c, 9, 42, 64
1, 3746, Note_off_c, 9, 70, 64
1, 3749, Pitch_bend_c, 2, 8064
1, 3754, Pitch_bend_c, 2, 8192
1, 3793, Note_on_c, 9, 70, 61
1, 3794, Note_off_c, 9, 70, 64
1, 3832, Pitch_bend_c, 2, 6016
1, 3837, Pitch_bend_c, 2, 3968
1, 3841, Note_on_c, 9, 42, 69
1, 3841, Note_on_c, 9, 70, 61
1, 3842, Note_off_c, 9, 42, 64
1, 3842, Note_off_c, 9, 70, 64
1, 3842, Pitch_bend_c, 2, 2176
1, 3847, Pitch_bend_c, 2, 256
1, 3852, Pitch_bend_c, 2, 0
1, 3889, Note_on_c, 9, 70, 61
1, 3890, Note_off_c, 9, 70, 64
1, 3937, Note_on_c, 9, 42, 45
1, 3937, Note_on_c, 9, 70, 61
1, 3938, Note_off_c, 9, 42, 64
1, 3938, Note_off_c, 9, 70, 64
1, 3985, Note_on_c, 9, 70, 61
1, 3986, Note_off_c, 9, 70, 64
1, 4012, Note_off_c, 2, 62, 64
1, 4029, Note_on_c, 2, 69, 59
1, 4032, Pitch_bend_c, 2, 8192
1, 4033, Note_on_c, 9, 42, 69
1, 4033, Note_on_c, 9, 70, 61
1, 4034, Note_off_c, 9, 42, 64
1, 4034, Note_off_c, 9, 70, 64
1, 4034, Note_on_c, 9, 39, 85
1, 4035, Note_off_c, 9, 39, 64
1, 4040, Pitch_bend_c, 2, 6656
1, 4045, Pitch_bend_c, 2, 5632
1, 4050, Pitch_bend_c, 2, 4480
1, 4055, Pitch_bend_c, 2, 3456
1, 4060, Pitch_bend_c, 2, 2560
1, 4065, Pitch_bend_c, 2, 1920
1, 4070, Pitch_bend_c, 2, 1664
1, 4075, Pitch_bend_c, 2, 1536
1, 4080, Pitch_bend_c, 2, 1664
1, 4081, Note_on_c, 9, 70, 61
1, 4082, Note_off_c, 9, 70, 64
1, 4084, Pitch_bend_c, 2, 2048
1, 4089, Pitch_bend_c, 2, 2560
1, 4094, Pitch_bend_c, 2, 3072
1, 4099, Pitch_bend_c, 2, 3712
1, 4104, Pitch_bend_c, 2, 4224
1, 4109, Pitch_bend_c, 2, 4736
1, 4114, Pitch_bend_c, 2, 5376
1, 4119, Pitch_bend_c, 2, 5888
1, 4124, Pitch_bend_c, 2, 6400
1, 4128, Note_on_c, 9, 70, 61
1, 4129, Note_off_c, 9, 70, 64
1, 4129, Pitch_bend_c, 2, 7040
1, 4129, Note_on_c, 9, 42, 45
1, 4130, Note_off_c, 9, 42, 64
1, 4134, Pitch_bend_c, 2, 7680
1, 4139, Pitch_bend_c, 2, 8192
1, 4177, Note_on_c, 9, 70, 61
1, 4178, Note_off_c, 9, 70, 64
1, 4225, Note_on_c, 9, 70, 61
1, 4226, Note_off_c, 9, 70, 64
1, 4226, Note_on_c, 9, 42, 69
1, 4227, Note_off_c, 9, 42, 64
1, 4232, Note_on_c, 2, 67, 74
1, 4246, Note_off_c, 2, 69, 64
1, 4273, Note_on_c, 9, 36, 101
1, 4273, Note_on_c, 9, 70, 61
1, 4274, Note_off_c, 9, 36, 64
1, 4274, Note_off_c, 9, 70, 64
1, 4321, Note_on_c, 9, 36, 101
1, 4322, Note_off_c, 9, 36, 64
1, 4322, Note_on_c, 0, 31, 106
1, 4322, Note_on_c, 9, 42, 45
1, 4322, Note_on_c, 9, 70, 61
1, 4323, Note_off_c, 9, 42, 64
1, 4323, Note_off_c, 9, 70, 64
1, 4369, Note_on_c, 9, 70, 61
1, 4370, Note_off_c, 0, 31, 64
1, 4370, Note_off_c, 9, 70, 64
1, 4417, Note_on_c, 9, 70, 61
1, 4417, Note_on_c, 9, 48, 77
1, 4418, Note_off_c, 9, 70, 64
1, 4418, Note_off_c, 9, 48, 64
1, 4418, Note_on_c, 9, 42, 69
1, 4418, Note_on_c, 9, 39, 85
1, 4419, Note_off_c, 9, 42, 64
1, 4419, Note_off_c, 9, 39, 64
1, 4422, Note_on_c, 0, 38, 115
1, 4465, Note_on_c, 9, 36, 101
1, 4465, Note_on_c, 9, 70, 61
1, 4466, Note_off_c, 9, 36, 64
1, 4466, Note_off_c, 9, 70, 64
1, 4512, Note_off_c, 0, 38, 64
1, 4513, Note_on_c, 9, 42, 45
1, 4513, Note_on_c, 9, 70, 61
1, 4514, Note_off_c, 1, 53, 64
1, 4514, Note_off_c, 9, 42, 64
1, 4514, Note_off_c, 9, 70, 64
1, 4516, Note_on_c, 0, 40, 78
1, 4519, Note_off_c, 1, 60, 64
1, 4519, Note_off_c, 1, 64, 64
1, 4519, Note_off_c, 1, 57, 64
1, 4557, Note_off_c, 2, 67, 64
1, 4560, Note_on_c, 9, 70, 61
1, 4561, Note_off_c, 9, 70, 64
1, 4608, Note_off_c, 0, 40, 64
1, 4608, Note_on_c, 0, 31, 115
1, 4608, Note_on_c, 1, 57, 72
1, 4608, Note_on_c, 1, 53, 76
1, 4608, Note_on_c, 1, 64, 70
1, 4608, Note_on_c, 1, 60, 72
1, 4609, Note_on_c, 9, 36, 101
1, 4610, Note_off_c, 9, 36, 64
1, 4610, Note_on_c, 9, 42, 69
1, 4610, Note_on_c, 9, 70, 61
1, 4611, Note_off_c, 9, 42, 64
1, 4611, Note_off_c, 9, 70, 64
1, 4657, Note_on_c, 9, 36, 101
1, 4658, Note_off_c, 9, 36, 64
1, 4658, Note_on_c, 9, 70, 61
1, 4659, Note_off_c, 9, 70, 64
1, 4698, Note_off_c, 0, 31, 64
1, 4705, Note_on_c, 9, 36, 101
1, 4705, Note_on_c, 9, 70, 61
1, 4706, Note_off_c, 9, 36, 64
1, 4706, Note_off_c, 9, 70, 64
1, 4706, Note_on_c, 9, 42, 45
1, 4707, Note_off_c, 9, 42, 64
1, 4709, Note_on_c, 0, 31, 106
1, 4753, Note_on_c, 9, 70, 61
1, 4754, Note_off_c, 9, 70, 64
1, 4801, Note_on_c, 9, 42, 69
1, 4801, Note_on_c, 9, 39, 85
1, 4801, Note_on_c, 9, 70, 61
1, 4802, Note_off_c, 9, 42, 64
1, 4802, Note_off_c, 9, 39, 64
1, 4802, Note_off_c, 9, 70, 64
1, 4802, Note_on_c, 2, 74, 70
1, 4805, Pitch_bend_c, 2, 6528
1, 4809, Pitch_bend_c, 2, 5248
1, 4814, Pitch_bend_c, 2, 4096
1, 4819, Pitch_bend_c, 2, 3200
1, 4824, Pitch_bend_c, 2, 2688
1, 4829, Pitch_bend_c, 2, 2560
1, 4839, Pitch_bend_c, 2, 2816
1, 4844, Pitch_bend_c, 2, 3456
1, 4849, Pitch_bend_c, 2, 4224
1, 4849, Note_on_c, 9, 70, 61
1, 4850, Note_off_c, 9, 70, 64
1, 4853, Note_off_c, 0, 31, 64
1, 4853, Pitch_bend_c, 2, 5120
1, 4858, Pitch_bend_c, 2, 5888
1, 4863, Pitch_bend_c, 2, 6528
1, 4868, Pitch_bend_c, 2, 7040
1, 4873, Pitch_bend_c, 2, 7552
1, 4878, Pitch_bend_c, 2, 8192
1, 4897, Note_on_c, 9, 70, 61
1, 4897, Note_on_c, 9, 48, 77
1, 4898, Note_off_c, 9, 70, 64
1, 4898, Note_off_c, 9, 48, 64
1, 4898, Note_on_c, 9, 42, 45
1, 4899, Note_off_c, 9, 42, 64
1, 4945, Note_on_c, 9, 70, 61
1, 4946, Note_off_c, 9, 70, 64
1, 4993, Note_on_c, 9, 42, 69
1, 4993, Note_on_c, 9, 70, 61
1, 4994, Note_off_c, 9, 42, 64
1, 4994, Note_off_c, 9, 70, 64
1, 5041, Note_on_c, 9, 70, 61
1, 5042, Note_off_c, 9, 70, 64
1, 5089, Note_on_c, 9, 70, 61
1, 5090, Note_off_c, 9, 70, 64
1, 5090, Note_on_c, 9, 42, 45
1, 5091, Note_off_c, 9, 42, 64
1, 5137, Note_on_c, 9, 70, 61
1, 5138, Note_off_c, 9, 70, 64
1, 5185, Note_on_c, 9, 42, 69
1, 5185, Note_on_c, 9, 70, 61
1, 5186, Note_off_c, 9, 42, 64
1, 5186, Note_off_c, 9, 70, 64
1, 5186, Note_on_c, 9, 39, 85
1, 5187, Note_off_c, 9, 39, 64
1, 5233, Note_on_c, 9, 70, 61
1, 5234, Note_off_c, 9, 70, 64
1, 5281, Note_on_c, 9, 70, 61
1, 5282, Note_off_c, 9, 70, 64
1, 5282, Note_on_c, 9, 42, 45
1, 5283, Note_off_c, 9, 42, 64
1, 5329, Note_on_c, 9, 70, 61
1, 5330, Note_off_c, 9, 70, 64
1, 5377, Note_on_c, 9, 42, 69
1, 5377, Note_on_c, 9, 70, 61
1, 5378, Note_off_c, 9, 42, 64
1, 5378, Note_off_c, 9, 70, 64
1, 5425, Note_on_c, 9, 70, 61
1, 5426, Note_off_c, 9, 70, 64
1, 5457, Note_off_c, 2, 74, 64
1, 5473, Note_on_c, 9, 70, 61
1, 5474, Note_off_c, 9, 70, 64
1, 5474, Note_on_c, 9, 42, 45
1, 5475, Note_off_c, 9, 42, 64
1, 5521, Note_on_c, 9, 70, 61
1, 5522, Note_off_c, 9, 70, 64
1, 5554, Pitch_bend_c, 2, 6400
1, 5558, Note_on_c, 2, 69, 61
1, 5559, Pitch_bend_c, 2, 5376
1, 5563, Pitch_bend_c, 2, 4480
1, 5568, Pitch_bend_c, 2, 3840
1, 5569, Note_on_c, 9, 70, 61
1, 5570, Note_off_c, 9, 70, 64
1, 5570, Note_on_c, 9, 42, 69
1, 5570, Note_on_c, 9, 39, 85
1, 5571, Note_off_c, 9, 42, 64
1, 5571, Note_off_c, 9, 39, 64
1, 5573, Pitch_bend_c, 2, 3584
1, 5583, Pitch_bend_c, 2, 4096
1, 5588, Pitch_bend_c, 2, 4992
1, 5593, Pitch_bend_c, 2, 6528
1, 5598, Pitch_bend_c, 2, 7808
1, 5603, Pitch_bend_c, 2, 8192
1, 5617, Note_on_c, 9, 70, 61
1, 5618, Note_off_c, 9, 70, 64
1, 5632, Pitch_bend_c, 2, 8064
1, 5637, Pitch_bend_c, 2, 7168
1, 5642, Pitch_bend_c, 2, 6272
1, 5647, Note_off_c, 2, 69, 64
1, 5647, Pitch_bend_c, 2, 5504
1, 5652, Pitch_bend_c, 2, 4736
1, 5657, Pitch_bend_c, 2, 4352
1, 5663, Note_on_c, 2, 69, 46
1, 5665, Note_on_c, 9, 42, 45
1, 5665, Note_on_c, 9, 70, 61
1, 5666, Note_off_c, 9, 42, 64
1, 5666, Note_off_c, 9, 70, 64
1, 5668, Pitch_bend_c, 2, 4864
1, 5673, Pitch_bend_c, 2, 5632
1, 5678, Pitch_bend_c, 2, 6528
1, 5683, Pitch_bend_c, 2, 7296
1, 5688, Pitch_bend_c, 2, 8192
1, 5704, Note_off_c, 1, 53, 64
1, 5704, Note_off_c, 1, 64, 64
1, 5704, Note_off_c, 1, 60, 64
1, 5708, Note_off_c, 1, 57, 64
1, 5713, Note_on_c, 9, 70, 61
1, 5714, Note_off_c, 9, 70, 64
1, 5756, Note_off_c, 2, 69, 64
1, 5760, Note_on_c, 1, 62, 66
1, 5760, Note_on_c, 1, 59, 78
1, 5760, Note_on_c, 1, 55, 59
1, 5760, Note_on_c, 1, 52, 78
1, 5761, Note_on_c, 9, 42, 69
1, 5761, Note_on_c, 9, 70, 61
1, 5762, Note_off_c, 9, 42, 64
1, 5762, Note_off_c, 9, 70, 64
1, 5809, Note_on_c, 9, 36, 101
1, 5809, Note_on_c, 9, 70, 61
1, 5810, Note_off_c, 9, 36, 64
1, 5810, Note_off_c, 9, 70, 64
1, 5856, Note_on_c, 9, 36, 101
1, 5857, Note_off_c, 9, 36, 64
1, 5857, Note_on_c, 9, 42, 45
1, 5857, Note_on_c, 9, 70, 61
1, 5858, Note_off_c, 9, 42, 64
1, 5858, Note_off_c, 9, 70, 64
1, 5905, Note_on_c, 9, 70, 61
1, 5906, Note_off_c, 9, 70, 64
1, 5953, Note_on_c, 9, 42, 69
1, 5953, Note_on_c, 9, 70, 61
1, 5954, Note_off_c, 9, 42, 64
1, 5954, Note_off_c, 9, 70, 64
1, 5954, Note_on_c, 9, 39, 85
1, 5955, Note_off_c, 9, 39, 64
1, 5957, Note_off_c, 1, 52, 64
1, 5962, Note_off_c, 1, 55, 64
1, 5963, Note_off_c, 1, 62, 64
1, 5963, Note_off_c, 1, 59, 64
1, 6001, Note_on_c, 9, 70, 61
1, 6002, Note_off_c, 9, 70, 64
1, 6048, Note_on_c, 1, 60, 78
1, 6048, Note_on_c, 1, 64, 70
1, 6048, Note_on_c, 1, 57, 89
1, 6048, Note_on_c, 1, 53, 59
1, 6049, Note_on_c, 9, 42, 45
1, 6049, Note_on_c, 9, 70, 61
1, 6050, Note_off_c, 9, 42, 64
1, 6050, Note_off_c, 9, 70, 64
1, 6051, Note_on_c, 2, 84, 87
1, 6053, Pitch_bend_c, 2, 6912
1, 6058, Pitch_bend_c, 2, 5888
1, 6063, Pitch_bend_c, 2, 4864
1, 6067, Pitch_bend_c, 2, 4352
1, 6072, Pitch_bend_c, 2, 4096
1, 6082, Pitch_bend_c, 2, 4480
1, 6087, Pitch_bend_c, 2, 4992
1, 6092, Pitch_bend_c, 2, 5632
1, 6097, Pitch_bend_c, 2, 6400
1, 6097, Note_on_c, 9, 36, 101
1, 6097, Note_on_c, 9, 70, 61
1, 6098, Note_off_c, 9, 36, 64
1, 6098, Note_off_c, 9, 70, 64
1, 6102, Pitch_bend_c, 2, 7040
1, 6107, Pitch_bend_c, 2, 7552
1, 6112, Pitch_bend_c, 2, 8064
1, 6117, Pitch_bend_c, 2, 8192
1, 6138, Note_on_c, 0, 31, 115
1, 6145, Note_on_c, 9, 36, 101
1, 6145, Note_on_c, 9, 70, 61
1, 6146, Note_off_c, 9, 36, 64
1, 6146, Note_off_c, 9, 70, 64
1, 6146, Note_on_c, 9, 42, 69
1, 6147, Note_off_c, 9, 42, 64
1, 6193, Note_on_c, 9, 36, 101
1, 6193, Note_on_c, 9, 70, 61
1, 6194, Note_off_c, 9, 36, 64
1, 6194, Note_off_c, 9, 70, 64
1, 6234, Note_off_c, 0, 31, 64
1, 6241, Note_on_c, 9, 36, 101
1, 6241, Note_on_c, 9, 70, 61
1, 6242, Note_off_c, 9, 36, 64
1, 6242, Note_off_c, 9, 70, 64
1, 6242, Note_on_c, 9, 42, 45
1, 6243, Note_off_c, 9, 42, 64
1, 6245, Note_on_c, 0, 31, 85
1, 6246, Note_off_c, 2, 84, 64
1, 6288, Note_on_c, 9, 70, 61
1, 6289, Note_off_c, 9, 70, 64
1, 6337, Note_on_c, 9, 70, 61
1, 6338, Note_off_c, 9, 70, 64
1, 6338, Note_on_c, 9, 42, 69
1, 6338, Note_on_c, 9, 39, 85
1, 6339, Note_off_c, 9, 42, 64
1, 6339, Note_off_c, 9, 39, 64
1, 6385, Note_on_c, 9, 70, 61
1, 6386, Note_off_c, 9, 70, 64
1, 6389, Note_off_c, 0, 31, 64
1, 6433, Note_on_c, 9, 70, 61
1, 6433, Note_on_c, 9, 48, 77
1, 6434, Note_off_c, 9, 70, 64
1, 6434, Note_off_c, 9, 48, 64
1, 6434, Note_on_c, 9, 42, 45
1, 6435, Note_off_c, 9, 42, 64
1, 6481, Note_on_c, 9, 70, 61
1, 6482, Note_off_c, 9, 70, 64
1, 6529, Note_on_c, 9, 42, 69
1, 6529, Note_on_c, 9, 70, 61
1, 6530, Note_off_c, 9, 42, 64
1, 6530, Note_off_c, 9, 70, 64
1, 6577, Note_on_c, 9, 70, 61
1, 6578, Note_off_c, 9, 70, 64
1, 6624, Note_on_c, 9, 70, 61
1, 6625, Note_off_c, 9, 70, 64
1, 6625, Note_on_c, 2, 76, 59
1, 6625, Note_on_c, 9, 42, 45
1, 6626, Note_off_c, 9, 42, 64
1, 6645, Pitch_bend_c, 2, 6912
1, 6650, Pitch_bend_c, 2, 6400
1, 6655, Pitch_bend_c, 2, 5888
1, 6659, Pitch_bend_c, 2, 5504
1, 6669, Pitch_bend_c, 2, 5376
1, 6673, Note_on_c, 9, 70, 61
1, 6674, Note_off_c, 9, 70, 64
1, 6674, Pitch_bend_c, 2, 5504
1, 6679, Pitch_bend_c, 2, 5888
1, 6684, Pitch_bend_c, 2, 6656
1, 6689, Pitch_bend_c, 2, 7424
1, 6694, Pitch_bend_c, 2, 8192
1, 6721, Note_on_c, 9, 42, 69
1, 6721, Note_on_c, 9, 70, 61
1, 6722, Note_off_c, 9, 42, 64
1, 6722, Note_off_c, 9, 70, 64
1, 6722, Note_on_c, 9, 39, 85
1, 6723, Note_off_c, 9, 39, 64
1, 6748, Pitch_bend_c, 2, 8064
1, 6753, Pitch_bend_c, 2, 7552
1, 6758, Pitch_bend_c, 2, 6912
1, 6763, Pitch_bend_c, 2, 6400
1, 6768, Pitch_bend_c, 2, 6016
1, 6769, Note_on_c, 9, 70, 61
1, 6770, Note_off_c, 9, 70, 64
1, 6773, Pitch_bend_c, 2, 5760
1, 6778, Pitch_bend_c, 2, 5632
1, 6783, Pitch_bend_c, 2, 5504
1, 6788, Pitch_bend_c, 2, 5760
1, 6793, Pitch_bend_c, 2, 6400
1, 6797, Pitch_bend_c, 2, 6912
1, 6802, Pitch_bend_c, 2, 7552
1, 6807, Pitch_bend_c, 2, 8192
1, 6817, Note_on_c, 9, 42, 45
1, 6817, Note_on_c, 9, 70, 61
1, 6818, Note_off_c, 9, 42, 64
1, 6818, Note_off_c, 9, 70, 64
1, 6858, Pitch_bend_c, 2, 8064
1, 6863, Pitch_bend_c, 2, 7424
1, 6865, Note_on_c, 9, 70, 61
1, 6866, Note_off_c, 9, 70, 64
1, 6867, Pitch_bend_c, 2, 6912
1, 6872, Pitch_bend_c, 2, 6400
1, 6877, Pitch_bend_c, 2, 6144
1, 6882, Pitch_bend_c, 2, 5760
1, 6887, Pitch_bend_c, 2, 5632
1, 6892, Pitch_bend_c, 2, 5504
1, 6902, Pitch_bend_c, 2, 5760
1, 6907, Pitch_bend_c, 2, 6400
1, 6912, Pitch_bend_c, 2, 7040
1, 6913, Note_on_c, 9, 42, 69
1, 6913, Note_on_c, 9, 70, 61
1, 6914, Note_off_c, 9, 42, 64
1, 6914, Note_off_c, 9, 70, 64
1, 6917, Pitch_bend_c, 2, 7552
1, 6922, Pitch_bend_c, 2, 8064
1, 6926, Pitch_bend_c, 2, 8192
1, 6961, Note_on_c, 9, 70, 61
1, 6962, Note_off_c, 9, 70, 64
1, 7000, Pitch_bend_c, 2, 7552
1, 7005, Pitch_bend_c, 2, 7168
1, 7009, Note_on_c, 9, 70, 61
1, 7010, Note_off_c, 9, 70, 64
1, 7010, Pitch_bend_c, 2, 6656
1, 7010, Note_on_c, 9, 42, 45
1, 7011, Note_off_c, 9, 42, 64
1, 7015, Pitch_bend_c, 2, 6400
1, 7020, Pitch_bend_c, 2, 6144
1, 7025, Pitch_bend_c, 2, 6016
1, 7035, Pitch_bend_c, 2, 6144
1, 7040, Pitch_bend_c, 2, 6528
1, 7045, Pitch_bend_c, 2, 6912
1, 7050, Pitch_bend_c, 2, 7424
1, 7055, Pitch_bend_c, 2, 7808
1, 7057, Note_on_c, 9, 70, 61
1, 7058, Note_off_c, 9, 70, 64
1, 7059, Pitch_bend_c, 2, 8192
1, 7105, Note_on_c, 9, 70, 61
1, 7106, Note_off_c, 9, 70, 64
1, 7106, Note_on_c, 9, 42, 69
1, 7106, Note_on_c, 9, 39, 85
1, 7107, Note_off_c, 9, 42, 64
1, 7107, Note_off_c, 9, 39, 64
1, 7153, Note_on_c, 9, 70, 61
1, 7154, Note_off_c, 9, 70, 64
1, 7201, Note_on_c, 9, 42, 45
1, 7201, Note_on_c, 9, 70, 61
1, 7202, Note_off_c, 9, 42, 64
1, 7202, Note_off_c, 9, 70, 64
1, 7248, Note_on_c, 9, 70, 61
1, 7249, Note_off_c, 9, 70, 64
1, 7259, Note_off_c, 2, 76, 64
1, 7297, Note_on_c, 9, 42, 69
1, 7297, Note_on_c, 9, 70, 61
1, 7298, Note_off_c, 9, 42, 64
1, 7298, Note_off_c, 9, 70, 64
1, 7345, Note_on_c, 9, 36, 101
1, 7346, Note_off_c, 9, 36, 64
1, 7346, Note_on_c, 9, 70, 61
1, 7347, Note_off_c, 9, 70, 64
1, 7393, Note_on_c, 9, 36, 101
1, 7393, Note_on_c, 9, 70, 61
1, 7394, Note_off_c, 9, 36, 64
1, 7394, Note_off_c, 9, 70, 64
1, 7394, Note_on_c, 0, 31, 106
1, 7394, Note_on_c, 9, 42, 45
1, 7395, Note_off_c, 9, 42, 64
1, 7441, Note_on_c, 9, 70, 61
1, 7442, Note_off_c, 0, 31, 64
1, 7442, Note_off_c, 9, 70, 64
1, 7489, Note_on_c, 9, 70, 61
1, 7489, Note_on_c, 9, 48, 77
1, 7490, Note_off_c, 9, 70, 64
1, 7490, Note_off_c, 9, 48, 64
1, 7490, Note_on_c, 9, 42, 69
1, 7490, Note_on_c, 9, 39, 85
1, 7491, Note_off_c, 9, 42, 64
1, 7491, Note_off_c, 9, 39, 64
1, 7492, Pitch_bend_c, 2, 7424
1, 7494, Note_on_c, 0, 38, 115
1, 7494, Note_on_c, 2, 79, 99
1, 7497, Pitch_bend_c, 2, 6528
1, 7501, Pitch_bend_c, 2, 5632
1, 7506, Pitch_bend_c, 2, 4736
1, 7511, Pitch_bend_c, 2, 4096
1, 7516, Pitch_bend_c, 2, 3584
1, 7521, Pitch_bend_c, 2, 3328
1, 7526, Pitch_bend_c, 2, 3200
1, 7537, Note_on_c, 9, 36, 101
1, 7538, Note_off_c, 9, 36, 64
1, 7538, Note_on_c, 9, 70, 61
1, 7539, Note_off_c, 9, 70, 64
1, 7546, Pitch_bend_c, 2, 3328
1, 7551, Pitch_bend_c, 2, 3584
1, 7556, Pitch_bend_c, 2, 3712
1, 7565, Pitch_bend_c, 2, 3968
1, 7570, Pitch_bend_c, 2, 4224
1, 7575, Pitch_bend_c, 2, 4352
1, 7580, Pitch_bend_c, 2, 4608
1, 7584, Note_off_c, 0, 38, 64
1, 7585, Pitch_bend_c, 2, 4992
1, 7585, Note_on_c, 9, 42, 45
1, 7585, Note_on_c, 9, 70, 61
1, 7586, Note_off_c, 1, 53, 64
1, 7586, Note_off_c, 9, 42, 64
1, 7586, Note_off_c, 9, 70, 64
1, 7588, Note_on_c, 0, 40, 78
1, 7590, Pitch_bend_c, 2, 5248
1, 7591, Note_off_c, 1, 60, 64
1, 7591, Note_off_c, 1, 64, 64
1, 7591, Note_off_c, 1, 57, 64
1, 7595, Pitch_bend_c, 2, 5632
1, 7600, Pitch_bend_c, 2, 6016
1, 7605, Pitch_bend_c, 2, 6400
1, 7610, Pitch_bend_c, 2, 6912
1, 7615, Pitch_bend_c, 2, 7424
1, 7620, Pitch_bend_c, 2, 7936
1, 7625, Pitch_bend_c, 2, 8192
1, 7633, Note_on_c, 9, 70, 61
1, 7634, Note_off_c, 9, 70, 64
1, 7665, Note_off_c, 2, 79, 64
1, 7670, Note_on_c, 2, 84, 112
1, 7680, Note_off_c, 0, 40, 64
1, 7680, Text_t, "Programmed by Tran WHitley"
1, 7680, Note_on_c, 0, 31, 115
1, 7680, Note_on_c, 1, 57, 72
1, 7680, Note_on_c, 1, 53, 76
1, 7680, Note_on_c, 1, 64, 70
1, 7680, Note_on_c, 1, 60, 72
1, 7680, Note_on_c, 6, 64, 59
1, 7681, Note_on_c, 9, 36, 101
1, 7681, Note_on_c, 9, 70, 61
1, 7682, Note_off_c, 9, 36, 64
1, 7682, Note_off_c, 9, 70, 64
1, 7683, Note_on_c, 7, 84, 95
1, 7683, Note_on_c, 9, 42, 69
1, 7684, Note_off_c, 9, 42, 64
1, 7728, Pitch_bend_c, 2, 8064
1, 7729, Note_on_c, 9, 36, 101
1, 7729, Note_on_c, 9, 70, 61
1, 7730, Note_off_c, 9, 36, 64
1, 7730, Note_off_c, 9, 70, 64
1, 7733, Pitch_bend_c, 2, 7808
1, 7738, Pitch_bend_c, 2, 7424
1, 7743, Pitch_bend_c, 2, 7168
1, 7748, Pitch_bend_c, 2, 6784
1, 7752, Pitch_bend_c, 2, 6528
1, 7757, Pitch_bend_c, 2, 6144
1, 7762, Pitch_bend_c, 2, 5888
1, 7767, Pitch_bend_c, 2, 5504
1, 7770, Note_off_c, 0, 31, 64
1, 7772, Pitch_bend_c, 2, 5120
1, 7774, Note_on_c, 3, 60, 69
1, 7777, Pitch_bend_c, 2, 4608
1, 7777, Note_on_c, 9, 36, 101
1, 7777, Note_on_c, 9, 70, 61
1, 7778, Note_off_c, 9, 36, 64
1, 7778, Note_off_c, 9, 70, 64
1, 7778, Note_on_c, 9, 42, 45
1, 7779, Note_off_c, 9, 42, 64
1, 7781, Note_on_c, 0, 31, 106
1, 7782, Pitch_bend_c, 2, 4096
1, 7787, Pitch_bend_c, 2, 3456
1, 7792, Pitch_bend_c, 2, 2816
1, 7797, Pitch_bend_c, 2, 2176
1, 7802, Pitch_bend_c, 2, 1536
1, 7805, Note_off_c, 2, 84, 64
1, 7807, Pitch_bend_c, 2, 896
1, 7811, Pitch_bend_c, 2, 128
1, 7816, Pitch_bend_c, 2, 0
1, 7824, Note_on_c, 9, 70, 61
1, 7825, Note_off_c, 9, 70, 64
1, 7842, Note_off_c, 3, 60, 64
1, 7872, Note_on_c, 3, 64, 76
1, 7873, Note_on_c, 9, 42, 69
1, 7873, Note_on_c, 9, 70, 61
1, 7874, Note_off_c, 9, 42, 64
1, 7874, Note_off_c, 9, 70, 64
1, 7874, Note_on_c, 9, 39, 85
1, 7875, Note_off_c, 9, 39, 64
1, 7886, Pitch_bend_c, 2, 256
1, 7889, Note_off_c, 7, 84, 64
1, 7890, Pitch_bend_c, 2, 640
1, 7895, Pitch_bend_c, 2, 1280
1, 7900, Pitch_bend_c, 2, 1920
1, 7906, Pitch_bend_c, 2, 3200
1, 7911, Pitch_bend_c, 2, 4352
1, 7916, Pitch_bend_c, 2, 5376
1, 7921, Pitch_bend_c, 2, 6528
1, 7921, Note_on_c, 9, 70, 61
1, 7922, Note_off_c, 9, 70, 64
1, 7925, Note_off_c, 0, 31, 64
1, 7926, Pitch_bend_c, 2, 7808
1, 7931, Pitch_bend_c, 2, 8192
1, 7962, Note_off_c, 3, 64, 64
1, 7966, Note_on_c, 3, 67, 66
1, 7969, Note_on_c, 9, 70, 61
1, 7969, Note_on_c, 9, 48, 77
1, 7970, Note_off_c, 9, 70, 64
1, 7970, Note_off_c, 9, 48, 64
1, 7970, Note_on_c, 9, 42, 45
1, 7971, Note_off_c, 9, 42, 64
1, 8010, Note_off_c, 3, 67, 64
1, 8016, Note_on_c, 9, 70, 61
1, 8017, Note_off_c, 9, 70, 64
1, 8017, Note_on_c, 3, 67, 72
1, 8065, Note_on_c, 9, 42, 69
1, 8065, Note_on_c, 9, 70, 61
1, 8066, Note_off_c, 9, 42, 64
1, 8066, Note_off_c, 9, 70, 64
1, 8113, Note_on_c, 9, 70, 61
1, 8114, Note_off_c, 9, 70, 64
1, 8145, Pitch_bend_c, 2, 8064
1, 8147, Note_off_c, 3, 67, 64
1, 8148, Note_on_c, 2, 76, 64
1, 8150, Pitch_bend_c, 2, 7424
1, 8155, Pitch_bend_c, 2, 6912
1, 8159, Pitch_bend_c, 2, 6400
1, 8161, Note_on_c, 9, 42, 45
1, 8161, Note_on_c, 9, 70, 61
1, 8162, Note_off_c, 9, 42, 64
1, 8162, Note_off_c, 9, 70, 64
1, 8164, Pitch_bend_c, 2, 5888
1, 8169, Pitch_bend_c, 2, 5376
1, 8174, Pitch_bend_c, 2, 4992
1, 8179, Pitch_bend_c, 2, 4608
1, 8184, Pitch_bend_c, 2, 4224
1, 8189, Pitch_bend_c, 2, 4096
1, 8194, Pitch_bend_c, 2, 3968
1, 8209, Note_on_c, 9, 70, 61
1, 8210, Note_off_c, 9, 70, 64
1, 8223, Pitch_bend_c, 2, 4096
1, 8228, Pitch_bend_c, 2, 4224
1, 8233, Pitch_bend_c, 2, 4480
1, 8238, Pitch_bend_c, 2, 4608
1, 8243, Pitch_bend_c, 2, 4864
1, 8248, Pitch_bend_c, 2, 4992
1, 8253, Pitch_bend_c, 2, 5248
1, 8257, Note_on_c, 9, 42, 69
1, 8257, Note_on_c, 9, 70, 61
1, 8258, Note_off_c, 9, 42, 64
1, 8258, Note_off_c, 9, 70, 64
1, 8258, Pitch_bend_c, 2, 5376
1, 8258, Note_on_c, 9, 39, 85
1, 8259, Note_off_c, 9, 39, 64
1, 8263, Pitch_bend_c, 2, 5632
1, 8268, Pitch_bend_c, 2, 5760
1, 8273, Pitch_bend_c, 2, 5888
1, 8288, Pitch_bend_c, 2, 6016
1, 8297, Pitch_bend_c, 2, 6272
1, 8302, Pitch_bend_c, 2, 6400
1, 8305, Note_on_c, 9, 70, 61
1, 8306, Note_off_c, 9, 70, 64
1, 8312, Pitch_bend_c, 2, 6656
1, 8317, Pitch_bend_c, 2, 6784
1, 8322, Pitch_bend_c, 2, 7040
1, 8327, Pitch_bend_c, 2, 7168
1, 8332, Pitch_bend_c, 2, 7424
1, 8337, Pitch_bend_c, 2, 7552
1, 8342, Pitch_bend_c, 2, 7680
1, 8347, Pitch_bend_c, 2, 7808
1, 8348, Note_on_c, 3, 60, 81
1, 8351, Pitch_bend_c, 2, 8064
1, 8353, Note_on_c, 9, 42, 45
1, 8353, Note_on_c, 9, 70, 61
1, 8354, Note_off_c, 9, 42, 64
1, 8354, Note_off_c, 9, 70, 64
1, 8356, Pitch_bend_c, 2, 8192
1, 8399, Note_off_c, 3, 60, 64
1, 8401, Note_on_c, 9, 70, 61
1, 8402, Note_off_c, 9, 70, 64
1, 8448, Note_on_c, 3, 64, 69
1, 8449, Note_on_c, 9, 42, 69
1, 8449, Note_on_c, 9, 70, 61
1, 8450, Note_off_c, 9, 42, 64
1, 8450, Note_off_c, 9, 70, 64
1, 8497, Note_on_c, 9, 70, 61
1, 8498, Note_off_c, 9, 70, 64
1, 8514, Pitch_bend_c, 2, 8064
1, 8519, Pitch_bend_c, 2, 7808
1, 8524, Pitch_bend_c, 2, 7680
1, 8528, Pitch_bend_c, 2, 7424
1, 8531, Note_on_c, 7, 79, 68
1, 8533, Pitch_bend_c, 2, 7296
1, 8538, Pitch_bend_c, 2, 7168
1, 8542, Note_on_c, 3, 67, 69
1, 8543, Pitch_bend_c, 2, 7040
1, 8545, Note_off_c, 3, 64, 64
1, 8545, Note_on_c, 9, 70, 61
1, 8546, Note_off_c, 9, 70, 64
1, 8546, Note_on_c, 9, 42, 45
1, 8547, Note_off_c, 9, 42, 64
1, 8558, Pitch_bend_c, 2, 7168
1, 8563, Pitch_bend_c, 2, 7296
1, 8568, Pitch_bend_c, 2, 7552
1, 8574, Pitch_bend_c, 2, 7936
1, 8579, Pitch_bend_c, 2, 8192
1, 8582, Note_off_c, 3, 67, 64
1, 8592, Note_on_c, 3, 67, 69
1, 8593, Note_on_c, 9, 70, 61
1, 8594, Note_off_c, 9, 70, 64
1, 8641, Note_on_c, 9, 70, 61
1, 8642, Note_off_c, 9, 70, 64
1, 8642, Note_on_c, 9, 42, 69
1, 8642, Note_on_c, 9, 39, 85
1, 8643, Note_off_c, 9, 42, 64
1, 8643, Note_off_c, 9, 39, 64
1, 8689, Note_on_c, 9, 70, 61
1, 8690, Note_off_c, 9, 70, 64
1, 8706, Note_off_c, 7, 79, 64
1, 8713, Note_off_c, 3, 67, 64
1, 8727, Pitch_bend_c, 2, 8064
1, 8732, Pitch_bend_c, 2, 7936
1, 8736, Note_on_c, 3, 60, 62
1, 8737, Note_on_c, 9, 42, 45
1, 8737, Note_on_c, 9, 70, 61
1, 8738, Note_off_c, 9, 42, 64
1, 8738, Note_off_c, 9, 70, 64
1, 8741, Pitch_bend_c, 2, 8192
1, 8772, Note_off_c, 3, 60, 64
1, 8776, Note_off_c, 1, 53, 64
1, 8776, Note_off_c, 1, 64, 64
1, 8776, Note_off_c, 1, 60, 64
1, 8780, Note_off_c, 1, 57, 64
1, 8784, Note_on_c, 3, 60, 63
1, 8784, Note_on_c, 9, 70, 61
1, 8785, Note_off_c, 9, 70, 64
1, 8817, Note_off_c, 2, 76, 64
1, 8818, Note_on_c, 2, 74, 78
1, 8829, Note_on_c, 6, 62, 61
1, 8831, Note_on_c, 7, 79, 64
1, 8832, Note_on_c, 1, 62, 66
1, 8832, Note_on_c, 1, 59, 78
1, 8832, Note_on_c, 1, 55, 59
1, 8832, Note_on_c, 1, 52, 78
1, 8833, Note_on_c, 3, 62, 74
1, 8833, Note_on_c, 9, 42, 69
1, 8833, Note_on_c, 9, 70, 61
1, 8834, Note_off_c, 9, 42, 64
1, 8834, Note_off_c, 9, 70, 64
1, 8835, Note_off_c, 3, 60, 64
1, 8844, Note_off_c, 6, 64, 64
1, 8871, Note_off_c, 3, 62, 64
1, 8880, Note_on_c, 3, 62, 72
1, 8880, Note_on_c, 9, 36, 101
1, 8881, Note_off_c, 9, 36, 64
1, 8881, Note_on_c, 9, 70, 61
1, 8882, Note_off_c, 9, 70, 64
1, 8889, Pitch_bend_c, 2, 7680
1, 8894, Pitch_bend_c, 2, 7296
1, 8899, Pitch_bend_c, 2, 6912
1, 8904, Pitch_bend_c, 2, 6656
1, 8909, Pitch_bend_c, 2, 6400
1, 8914, Pitch_bend_c, 2, 6272
1, 8919, Note_off_c, 3, 62, 64
1, 8919, Pitch_bend_c, 2, 6144
1, 8927, Note_on_c, 3, 62, 69
1, 8928, Pitch_bend_c, 2, 6400
1, 8929, Note_on_c, 9, 36, 101
1, 8930, Note_off_c, 9, 36, 64
1, 8930, Note_on_c, 9, 42, 45
1, 8930, Note_on_c, 9, 70, 61
1, 8931, Note_off_c, 9, 42, 64
1, 8931, Note_off_c, 9, 70, 64
1, 8933, Pitch_bend_c, 2, 6656
1, 8938, Pitch_bend_c, 2, 7040
1, 8943, Pitch_bend_c, 2, 7424
1, 8948, Pitch_bend_c, 2, 7936
1, 8953, Pitch_bend_c, 2, 8192
1, 8973, Note_off_c, 3, 62, 64
1, 8975, Note_on_c, 3, 60, 72
1, 8977, Note_on_c, 9, 70, 61
1, 8978, Note_off_c, 9, 70, 64
1, 8987, Pitch_bend_c, 2, 8064
1, 8990, Note_off_c, 7, 79, 64
1, 8992, Pitch_bend_c, 2, 7680
1, 8997, Pitch_bend_c, 2, 7296
1, 9002, Pitch_bend_c, 2, 7040
1, 9007, Pitch_bend_c, 2, 6912
1, 9017, Pitch_bend_c, 2, 7040
1, 9018, Note_off_c, 3, 60, 64
1, 9022, Pitch_bend_c, 2, 7168
1, 9023, Note_on_c, 3, 64, 72
1, 9025, Note_on_c, 9, 42, 69
1, 9025, Note_on_c, 9, 70, 61
1, 9026, Note_off_c, 9, 42, 64
1, 9026, Note_off_c, 9, 70, 64
1, 9026, Note_on_c, 9, 39, 85
1, 9027, Note_off_c, 9, 39, 64
1, 9027, Pitch_bend_c, 2, 7552
1, 9029, Note_off_c, 1, 52, 64
1, 9032, Pitch_bend_c, 2, 7936
1, 9034, Note_off_c, 1, 55, 64
1, 9035, Note_off_c, 1, 62, 64
1, 9035, Note_off_c, 1, 59, 64
1, 9037, Pitch_bend_c, 2, 8192
1, 9073, Note_on_c, 9, 70, 61
1, 9074, Note_off_c, 9, 70, 64
1, 9081, Pitch_bend_c, 2, 8064
1, 9086, Pitch_bend_c, 2, 7680
1, 9091, Pitch_bend_c, 2, 7424
1, 9096, Pitch_bend_c, 2, 7168
1, 9110, Pitch_bend_c, 2, 7424
1, 9113, Note_off_c, 3, 64, 64
1, 9116, Pitch_bend_c, 2, 7936
1, 9116, Note_on_c, 3, 67, 57
1, 9120, Note_on_c, 1, 60, 78
1, 9120, Note_on_c, 1, 64, 70
1, 9120, Note_on_c, 1, 57, 89
1, 9120, Note_on_c, 1, 53, 59
1, 9120, Pitch_bend_c, 2, 8192
1, 9121, Note_on_c, 9, 42, 45
1, 9121, Note_on_c, 9, 70, 61
1, 9122, Note_off_c, 9, 42, 64
1, 9122, Note_off_c, 9, 70, 64
1, 9150, Pitch_bend_c, 2, 7936
1, 9155, Note_off_c, 3, 67, 64
1, 9155, Pitch_bend_c, 2, 7808
1, 9160, Pitch_bend_c, 2, 7680
1, 9166, Note_on_c, 3, 67, 73
1, 9169, Note_on_c, 9, 36, 101
1, 9169, Note_on_c, 9, 70, 61
1, 9170, Note_off_c, 9, 36, 64
1, 9170, Note_off_c, 9, 70, 64
1, 9181, Pitch_bend_c, 2, 8064
1, 9186, Pitch_bend_c, 2, 8192
1, 9207, Note_on_c, 6, 64, 55
1, 9210, Note_on_c, 0, 31, 115
1, 9217, Note_on_c, 9, 36, 101
1, 9217, Note_on_c, 9, 42, 69
1, 9217, Note_on_c, 9, 70, 61
1, 9218, Note_off_c, 9, 36, 64
1, 9218, Note_off_c, 9, 42, 64
1, 9218, Note_off_c, 9, 70, 64
1, 9222, Note_off_c, 6, 62, 64
1, 9251, Note_off_c, 3, 67, 64
1, 9261, Note_off_c, 2, 74, 64
1, 9263, Note_on_c, 3, 64, 74
1, 9265, Note_on_c, 9, 36, 101
1, 9265, Note_on_c, 9, 70, 61
1, 9266, Note_off_c, 9, 36, 64
1, 9266, Note_off_c, 9, 70, 64
1, 9306, Note_off_c, 0, 31, 64
1, 9312, Note_on_c, 9, 36, 101
1, 9313, Note_off_c, 9, 36, 64
1, 9313, Note_on_c, 9, 42, 45
1, 9313, Note_on_c, 9, 70, 61
1, 9314, Note_off_c, 9, 42, 64
1, 9314, Note_off_c, 9, 70, 64
1, 9317, Note_on_c, 0, 31, 85
1, 9361, Note_on_c, 9, 70, 61
1, 9362, Note_off_c, 9, 70, 64
1, 9401, Note_off_c, 3, 64, 64
1, 9407, Note_on_c, 3, 62, 69
1, 9409, Note_on_c, 9, 70, 61
1, 9410, Note_off_c, 9, 70, 64
1, 9410, Note_on_c, 9, 42, 69
1, 9410, Note_on_c, 9, 39, 85
1, 9411, Note_off_c, 9, 42, 64
1, 9411, Note_off_c, 9, 39, 64
1, 9457, Note_on_c, 9, 70, 61
1, 9458, Note_off_c, 9, 70, 64
1, 9461, Note_off_c, 0, 31, 64
1, 9493, Note_off_c, 3, 62, 64
1, 9504, Note_on_c, 3, 62, 68
1, 9505, Note_on_c, 9, 70, 61
1, 9505, Note_on_c, 9, 48, 77
1, 9506, Note_off_c, 9, 70, 64
1, 9506, Note_off_c, 9, 48, 64
1, 9506, Note_on_c, 9, 42, 45
1, 9507, Note_off_c, 9, 42, 64
1, 9546, Note_off_c, 3, 62, 64
1, 9552, Note_on_c, 3, 62, 65
1, 9552, Note_on_c, 9, 70, 61
1, 9553, Note_off_c, 9, 70, 64
1, 9600, Note_off_c, 3, 62, 64
1, 9601, Note_on_c, 9, 42, 69
1, 9601, Note_on_c, 9, 70, 61
1, 9602, Note_off_c, 9, 42, 64
1, 9602, Note_off_c, 9, 70, 64
1, 9602, Note_on_c, 3, 64, 66
1, 9648, Note_on_c, 9, 70, 61
1, 9649, Note_off_c, 9, 70, 64
1, 9689, Note_off_c, 3, 64, 64
1, 9695, Note_on_c, 3, 60, 74
1, 9697, Note_on_c, 9, 70, 61
1, 9698, Note_off_c, 9, 70, 64
1, 9698, Note_on_c, 9, 42, 45
1, 9699, Note_off_c, 9, 42, 64
1, 9731, Note_off_c, 3, 60, 64
1, 9745, Note_on_c, 9, 70, 61
1, 9746, Note_off_c, 9, 70, 64
1, 9790, Note_on_c, 3, 60, 62
1, 9793, Note_on_c, 9, 70, 61
1, 9794, Note_off_c, 9, 70, 64
1, 9794, Note_on_c, 9, 42, 69
1, 9794, Note_on_c, 9, 39, 85
1, 9795, Note_off_c, 9, 42, 64
1, 9795, Note_off_c, 9, 39, 64
1, 9841, Note_on_c, 9, 70, 61
1, 9842, Note_off_c, 9, 70, 64
1, 9889, Note_on_c, 9, 42, 45
1, 9889, Note_on_c, 9, 70, 61
1, 9890, Note_off_c, 9, 42, 64
1, 9890, Note_off_c, 9, 70, 64
1, 9922, Note_off_c, 3, 60, 64
1, 9931, Note_on_c, 3, 57, 72
1, 9937, Note_on_c, 9, 70, 61
1, 9938, Note_off_c, 9, 70, 64
1, 9976, Note_off_c, 3, 57, 64
1, 9985, Note_on_c, 9, 42, 69
1, 9985, Note_on_c, 9, 70, 61
1, 9986, Note_off_c, 9, 42, 64
1, 9986, Note_off_c, 9, 70, 64
1, 10030, Note_on_c, 3, 64, 68
1, 10033, Note_on_c, 9, 70, 61
1, 10034, Note_off_c, 9, 70, 64
1, 10081, Note_on_c, 9, 42, 45
1, 10081, Note_on_c, 9, 70, 61
1, 10082, Note_off_c, 9, 42, 64
1, 10082, Note_off_c, 9, 70, 64
1, 10125, Note_off_c, 3, 64, 64
1, 10129, Note_on_c, 3, 62, 74
1, 10129, Note_on_c, 9, 70, 61
1, 10130, Note_off_c, 9, 70, 64
1, 10177, Note_on_c, 9, 42, 69
1, 10177, Note_on_c, 9, 70, 61
1, 10178, Note_off_c, 9, 42, 64
1, 10178, Note_off_c, 9, 70, 64
1, 10178, Note_on_c, 9, 39, 85
1, 10179, Note_off_c, 9, 39, 64
1, 10215, Note_off_c, 3, 62, 64
1, 10225, Note_on_c, 9, 70, 61
1, 10226, Note_off_c, 9, 70, 64
1, 10226, Note_on_c, 3, 62, 62
1, 10250, Note_on_c, 2, 76, 49
1, 10251, Note_off_c, 3, 62, 64
1, 10260, Pitch_bend_c, 2, 7552
1, 10265, Pitch_bend_c, 2, 7168
1, 10269, Pitch_bend_c, 2, 6528
1, 10271, Note_on_c, 3, 62, 63
1, 10272, Note_on_c, 9, 70, 61
1, 10273, Note_off_c, 9, 70, 64
1, 10273, Note_on_c, 9, 42, 45
1, 10274, Note_off_c, 9, 42, 64
1, 10274, Pitch_bend_c, 2, 6016
1, 10279, Pitch_bend_c, 2, 5632
1, 10284, Pitch_bend_c, 2, 5376
1, 10289, Pitch_bend_c, 2, 5120
1, 10294, Pitch_bend_c, 2, 4992
1, 10304, Pitch_bend_c, 2, 5120
1, 10313, Note_off_c, 3, 62, 64
1, 10314, Pitch_bend_c, 2, 5376
1, 10319, Pitch_bend_c, 2, 5504
1, 10321, Note_on_c, 9, 70, 61
1, 10322, Note_off_c, 9, 70, 64
1, 10324, Pitch_bend_c, 2, 6016
1, 10328, Pitch_bend_c, 2, 6400
1, 10333, Pitch_bend_c, 2, 6784
1, 10338, Pitch_bend_c, 2, 7168
1, 10343, Pitch_bend_c, 2, 7424
1, 10349, Pitch_bend_c, 2, 7936
1, 10354, Pitch_bend_c, 2, 8192
1, 10366, Note_on_c, 3, 64, 69
1, 10369, Note_on_c, 9, 70, 61
1, 10370, Note_off_c, 9, 70, 64
1, 10370, Note_on_c, 9, 42, 69
1, 10371, Note_off_c, 9, 42, 64
1, 10408, Pitch_bend_c, 2, 8064
1, 10413, Pitch_bend_c, 2, 7680
1, 10417, Note_on_c, 9, 36, 101
1, 10417, Note_on_c, 9, 70, 61
1, 10418, Note_off_c, 9, 36, 64
1, 10418, Note_off_c, 9, 70, 64
1, 10418, Pitch_bend_c, 2, 7424
1, 10423, Pitch_bend_c, 2, 7168
1, 10428, Pitch_bend_c, 2, 7040
1, 10448, Pitch_bend_c, 2, 7296
1, 10453, Pitch_bend_c, 2, 7552
1, 10457, Pitch_bend_c, 2, 8064
1, 10462, Pitch_bend_c, 2, 8192
1, 10463, Note_off_c, 3, 64, 64
1, 10465, Note_on_c, 3, 60, 65
1, 10465, Note_on_c, 9, 36, 101
1, 10466, Note_off_c, 9, 36, 64
1, 10466, Note_on_c, 0, 31, 106
1, 10466, Note_on_c, 9, 42, 45
1, 10466, Note_on_c, 9, 70, 61
1, 10467, Note_off_c, 9, 42, 64
1, 10467, Note_off_c, 9, 70, 64
1, 10489, Note_off_c, 3, 60, 64
1, 10497, Pitch_bend_c, 2, 7936
1, 10502, Pitch_bend_c, 2, 7552
1, 10507, Pitch_bend_c, 2, 7296
1, 10512, Pitch_bend_c, 2, 7168
1, 10513, Note_on_c, 9, 70, 61
1, 10514, Note_off_c, 0, 31, 64
1, 10514, Note_off_c, 9, 70, 64
1, 10517, Pitch_bend_c, 2, 7040
1, 10532, Pitch_bend_c, 2, 7168
1, 10536, Pitch_bend_c, 2, 7424
1, 10541, Pitch_bend_c, 2, 7552
1, 10546, Pitch_bend_c, 2, 7680
1, 10551, Pitch_bend_c, 2, 7808
1, 10556, Pitch_bend_c, 2, 8064
1, 10559, Note_on_c, 3, 60, 72
1, 10561, Pitch_bend_c, 2, 8192
1, 10561, Note_on_c, 9, 70, 61
1, 10561, Note_on_c, 9, 48, 77
1, 10562, Note_off_c, 9, 70, 64
1, 10562, Note_off_c, 9, 48, 64
1, 10562, Note_on_c, 9, 42, 69
1, 10562, Note_on_c, 9, 39, 85
1, 10563, Note_off_c, 9, 42, 64
1, 10563, Note_off_c, 9, 39, 64
1, 10566, Note_on_c, 0, 38, 115
1, 10609, Note_on_c, 9, 36, 101
1, 10609, Note_on_c, 9, 70, 61
1, 10610, Note_off_c, 9, 36, 64
1, 10610, Note_off_c, 9, 70, 64
1, 10656, Note_off_c, 0, 38, 64
1, 10657, Note_on_c, 9, 42, 45
1, 10657, Note_on_c, 9, 70, 61
1, 10658, Note_off_c, 1, 53, 64
1, 10658, Note_off_c, 9, 42, 64
1, 10658, Note_off_c, 9, 70, 64
1, 10660, Note_on_c, 0, 40, 78
1, 10663, Note_off_c, 1, 60, 64
1, 10663, Note_off_c, 1, 64, 64
1, 10663, Note_off_c, 1, 57, 64
1, 10665, Note_off_c, 2, 76, 64
1, 10704, Note_on_c, 9, 70, 61
1, 10705, Note_off_c, 9, 70, 64
1, 10734, Note_off_c, 6, 64, 64
1, 10741, Note_on_c, 2, 84, 102
1, 10752, Note_off_c, 3, 60, 64
1, 10752, Note_off_c, 0, 40, 64
1, 10752, Note_on_c, 0, 31, 115
1, 10752, Note_on_c, 1, 57, 72
1, 10752, Note_on_c, 1, 53, 76
1, 10752, Note_on_c, 1, 64, 70
1, 10752, Note_on_c, 1, 60, 72
1, 10753, Note_on_c, 9, 36, 101
1, 10754, Note_off_c, 9, 36, 64
1, 10754, Note_on_c, 6, 64, 56
1, 10754, Note_on_c, 9, 42, 69
1, 10754, Note_on_c, 9, 70, 61
1, 10755, Note_off_c, 9, 42, 64
1, 10755, Note_off_c, 9, 70, 64
1, 10755, Note_on_c, 7, 84, 95
1, 10797, Pitch_bend_c, 2, 7808
1, 10801, Note_on_c, 9, 36, 101
1, 10802, Note_off_c, 9, 36, 64
1, 10802, Pitch_bend_c, 2, 7424
1, 10802, Note_on_c, 9, 70, 61
1, 10803, Note_off_c, 9, 70, 64
1, 10807, Pitch_bend_c, 2, 7040
1, 10812, Pitch_bend_c, 2, 6784
1, 10817, Pitch_bend_c, 2, 6400
1, 10822, Pitch_bend_c, 2, 6016
1, 10827, Pitch_bend_c, 2, 5632
1, 10832, Pitch_bend_c, 2, 5248
1, 10837, Pitch_bend_c, 2, 4864
1, 10841, Pitch_bend_c, 2, 4608
1, 10842, Note_off_c, 0, 31, 64
1, 10846, Pitch_bend_c, 2, 4224
1, 10846, Note_on_c, 3, 60, 69
1, 10849, Note_on_c, 9, 36, 101
1, 10849, Note_on_c, 9, 70, 61
1, 10850, Note_off_c, 9, 36, 64
1, 10850, Note_off_c, 9, 70, 64
1, 10850, Note_on_c, 9, 42, 45
1, 10851, Note_off_c, 9, 42, 64
1, 10851, Pitch_bend_c, 2, 3968
1, 10853, Note_on_c, 0, 31, 106
1, 10856, Pitch_bend_c, 2, 3712
1, 10861, Pitch_bend_c, 2, 3456
1, 10866, Pitch_bend_c, 2, 3200
1, 10871, Pitch_bend_c, 2, 2816
1, 10876, Pitch_bend_c, 2, 2560
1, 10881, Note_off_c, 2, 84, 64
1, 10881, Pitch_bend_c, 2, 2304
1, 10886, Pitch_bend_c, 2, 2048
1, 10891, Pitch_bend_c, 2, 1664
1, 10896, Pitch_bend_c, 2, 1536
1, 10897, Note_on_c, 9, 70, 61
1, 10898, Note_off_c, 9, 70, 64
1, 10900, Pitch_bend_c, 2, 1280
1, 10905, Pitch_bend_c, 2, 1152
1, 10914, Note_off_c, 3, 60, 64
1, 10915, Pitch_bend_c, 2, 1024
1, 10930, Pitch_bend_c, 2, 896
1, 10935, Pitch_bend_c, 2, 768
1, 10944, Note_on_c, 3, 64, 76
1, 10945, Note_on_c, 9, 42, 69
1, 10945, Note_on_c, 9, 39, 85
1, 10945, Note_on_c, 9, 70, 61
1, 10946, Note_off_c, 9, 42, 64
1, 10946, Note_off_c, 9, 39, 64
1, 10946, Note_off_c, 9, 70, 64
1, 10946, Pitch_bend_c, 2, 896
1, 10961, Note_off_c, 7, 84, 64
1, 10966, Pitch_bend_c, 2, 1024
1, 10971, Pitch_bend_c, 2, 1152
1, 10975, Pitch_bend_c, 2, 1408
1, 10980, Pitch_bend_c, 2, 1792
1, 10985, Pitch_bend_c, 2, 2048
1, 10990, Pitch_bend_c, 2, 2304
1, 10993, Note_on_c, 9, 70, 61
1, 10994, Note_off_c, 9, 70, 64
1, 10995, Pitch_bend_c, 2, 2816
1, 10997, Note_off_c, 0, 31, 64
1, 11000, Pitch_bend_c, 2, 3200
1, 11005, Pitch_bend_c, 2, 3712
1, 11010, Pitch_bend_c, 2, 4096
1, 11015, Pitch_bend_c, 2, 4480
1, 11020, Pitch_bend_c, 2, 4864
1, 11025, Pitch_bend_c, 2, 5376
1, 11030, Pitch_bend_c, 2, 5632
1, 11034, Note_off_c, 3, 64, 64
1, 11034, Pitch_bend_c, 2, 6016
1, 11038, Note_on_c, 3, 67, 66
1, 11039, Pitch_bend_c, 2, 6400
1, 11041, Note_on_c, 9, 70, 61
1, 11041, Note_on_c, 9, 48, 77
1, 11042, Note_off_c, 9, 70, 64
1, 11042, Note_off_c, 9, 48, 64
1, 11042, Note_on_c, 9, 42, 45
1, 11043, Note_off_c, 9, 42, 64
1, 11044, Pitch_bend_c, 2, 6784
1, 11049, Pitch_bend_c, 2, 7040
1, 11054, Pitch_bend_c, 2, 7424
1, 11059, Pitch_bend_c, 2, 7808
1, 11064, Pitch_bend_c, 2, 8192
1, 11082, Note_off_c, 3, 67, 64
1, 11089, Note_on_c, 3, 67, 72
1, 11089, Note_on_c, 9, 70, 61
1, 11090, Note_off_c, 9, 70, 64
1, 11137, Note_on_c, 9, 42, 69
1, 11137, Note_on_c, 9, 70, 61
1, 11138, Note_off_c, 9, 42, 64
1, 11138, Note_off_c, 9, 70, 64
1, 11185, Note_on_c, 9, 70, 61
1, 11186, Note_off_c, 9, 70, 64
1, 11219, Note_off_c, 3, 67, 64
1, 11233, Note_on_c, 9, 70, 61
1, 11234, Note_off_c, 9, 70, 64
1, 11234, Note_on_c, 9, 42, 45
1, 11235, Note_off_c, 9, 42, 64
1, 11281, Note_on_c, 9, 70, 61
1, 11282, Note_off_c, 9, 70, 64
1, 11329, Note_on_c, 9, 42, 69
1, 11329, Note_on_c, 9, 70, 61
1, 11330, Note_off_c, 9, 42, 64
1, 11330, Note_off_c, 9, 70, 64
1, 11330, Note_on_c, 9, 39, 85
1, 11331, Note_off_c, 9, 39, 64
1, 11377, Note_on_c, 9, 70, 61
1, 11378, Note_off_c, 9, 70, 64
1, 11420, Note_on_c, 3, 60, 81
1, 11425, Note_on_c, 9, 70, 61
1, 11426, Note_off_c, 9, 70, 64
1, 11426, Note_on_c, 9, 42, 45
1, 11427, Note_off_c, 9, 42, 64
1, 11471, Note_off_c, 3, 60, 64
1, 11473, Note_on_c, 9, 70, 61
1, 11474, Note_off_c, 9, 70, 64
1, 11520, Note_on_c, 3, 64, 69
1, 11521, Note_on_c, 9, 42, 69
1, 11521, Note_on_c, 9, 70, 61
1, 11522, Note_off_c, 9, 42, 64
1, 11522, Note_off_c, 9, 70, 64
1, 11569, Note_on_c, 9, 70, 61
1, 11570, Note_off_c, 9, 70, 64
1, 11603, Note_on_c, 7, 79, 68
1, 11609, Note_on_c, 2, 76, 64
1, 11614, Note_on_c, 3, 67, 69
1, 11617, Note_off_c, 3, 64, 64
1, 11617, Note_on_c, 9, 70, 61
1, 11618, Note_off_c, 9, 70, 64
1, 11618, Note_on_c, 9, 42, 45
1, 11619, Note_off_c, 9, 42, 64
1, 11622, Pitch_bend_c, 2, 7552
1, 11626, Pitch_bend_c, 2, 7040
1, 11631, Pitch_bend_c, 2, 6656
1, 11636, Pitch_bend_c, 2, 6272
1, 11641, Pitch_bend_c, 2, 5888
1, 11646, Pitch_bend_c, 2, 5760
1, 11651, Pitch_bend_c, 2, 5632
1, 11654, Note_off_c, 3, 67, 64
1, 11661, Pitch_bend_c, 2, 5504
1, 11664, Note_on_c, 3, 67, 69
1, 11665, Note_on_c, 9, 70, 61
1, 11666, Note_off_c, 9, 70, 64
1, 11666, Pitch_bend_c, 2, 5760
1, 11671, Pitch_bend_c, 2, 6144
1, 11676, Pitch_bend_c, 2, 6656
1, 11681, Pitch_bend_c, 2, 7168
1, 11685, Pitch_bend_c, 2, 7680
1, 11690, Pitch_bend_c, 2, 8192
1, 11713, Note_on_c, 9, 70, 61
1, 11714, Note_off_c, 9, 70, 64
1, 11714, Note_on_c, 9, 42, 69
1, 11714, Note_on_c, 9, 39, 85
1, 11715, Note_off_c, 9, 42, 64
1, 11715, Note_off_c, 9, 39, 64
1, 11744, Pitch_bend_c, 2, 7808
1, 11749, Pitch_bend_c, 2, 7168
1, 11754, Pitch_bend_c, 2, 6656
1, 11759, Pitch_bend_c, 2, 6144
1, 11761, Note_on_c, 9, 70, 61
1, 11762, Note_off_c, 9, 70, 64
1, 11764, Pitch_bend_c, 2, 6016
1, 11769, Pitch_bend_c, 2, 5888
1, 11774, Pitch_bend_c, 2, 5760
1, 11778, Note_off_c, 7, 79, 64
1, 11784, Pitch_bend_c, 2, 6016
1, 11785, Note_off_c, 3, 67, 64
1, 11789, Pitch_bend_c, 2, 6400
1, 11794, Pitch_bend_c, 2, 6912
1, 11798, Pitch_bend_c, 2, 7680
1, 11803, Pitch_bend_c, 2, 8192
1, 11808, Note_on_c, 3, 60, 62
1, 11809, Note_on_c, 9, 42, 45
1, 11809, Note_on_c, 9, 70, 61
1, 11810, Note_off_c, 9, 42, 64
1, 11810, Note_off_c, 9, 70, 64
1, 11844, Note_off_c, 3, 60, 64
1, 11848, Note_off_c, 1, 53, 64
1, 11848, Note_off_c, 1, 64, 64
1, 11848, Note_off_c, 1, 60, 64
1, 11852, Note_off_c, 1, 57, 64
1, 11856, Note_on_c, 3, 60, 63
1, 11857, Pitch_bend_c, 2, 8064
1, 11857, Note_on_c, 9, 70, 61
1, 11858, Note_off_c, 9, 70, 64
1, 11862, Pitch_bend_c, 2, 7680
1, 11867, Pitch_bend_c, 2, 7424
1, 11872, Pitch_bend_c, 2, 7296
1, 11877, Pitch_bend_c, 2, 7168
1, 11887, Pitch_bend_c, 2, 7424
1, 11892, Pitch_bend_c, 2, 7680
1, 11896, Note_on_c, 6, 62, 49
1, 11897, Pitch_bend_c, 2, 8192
1, 11903, Note_on_c, 7, 79, 64
1, 11904, Note_on_c, 1, 62, 66
1, 11904, Note_on_c, 1, 59, 78
1, 11904, Note_on_c, 1, 55, 59
1, 11904, Note_on_c, 1, 52, 78
1, 11905, Note_on_c, 3, 62, 74
1, 11905, Note_on_c, 9, 42, 69
1, 11905, Note_on_c, 9, 70, 61
1, 11906, Note_off_c, 9, 42, 64
1, 11906, Note_off_c, 9, 70, 64
1, 11907, Note_off_c, 3, 60, 64
1, 11912, Note_off_c, 6, 64, 64
1, 11943, Note_off_c, 3, 62, 64
1, 11946, Pitch_bend_c, 2, 7936
1, 11951, Pitch_bend_c, 2, 7680
1, 11952, Note_on_c, 3, 62, 72
1, 11953, Note_on_c, 9, 36, 101
1, 11953, Note_on_c, 9, 70, 61
1, 11954, Note_off_c, 9, 36, 64
1, 11954, Note_off_c, 9, 70, 64
1, 11956, Pitch_bend_c, 2, 7296
1, 11961, Pitch_bend_c, 2, 7168
1, 11966, Pitch_bend_c, 2, 7040
1, 11971, Pitch_bend_c, 2, 6912
1, 11976, Pitch_bend_c, 2, 7040
1, 11981, Pitch_bend_c, 2, 7168
1, 11986, Pitch_bend_c, 2, 7424
1, 11990, Pitch_bend_c, 2, 7936
1, 11991, Note_off_c, 3, 62, 64
1, 11995, Pitch_bend_c, 2, 8192
1, 11999, Note_on_c, 3, 62, 69
1, 12000, Note_on_c, 9, 36, 101
1, 12001, Note_off_c, 9, 36, 64
1, 12001, Note_on_c, 9, 42, 45
1, 12001, Note_on_c, 9, 70, 61
1, 12002, Note_off_c, 9, 42, 64
1, 12002, Note_off_c, 9, 70, 64
1, 12045, Note_off_c, 3, 62, 64
1, 12045, Pitch_bend_c, 2, 7936
1, 12047, Note_on_c, 3, 60, 72
1, 12049, Pitch_bend_c, 2, 7552
1, 12049, Note_on_c, 9, 70, 61
1, 12050, Note_off_c, 9, 70, 64
1, 12054, Pitch_bend_c, 2, 7296
1, 12059, Pitch_bend_c, 2, 7040
1, 12062, Note_off_c, 7, 79, 64
1, 12069, Pitch_bend_c, 2, 6912
1, 12074, Pitch_bend_c, 2, 7168
1, 12079, Pitch_bend_c, 2, 7424
1, 12084, Pitch_bend_c, 2, 7808
1, 12089, Pitch_bend_c, 2, 8192
1, 12090, Note_off_c, 3, 60, 64
1, 12095, Note_on_c, 3, 64, 72
1, 12097, Note_on_c, 9, 42, 69
1, 12097, Note_on_c, 9, 70, 61
1, 12098, Note_off_c, 9, 42, 64
1, 12098, Note_off_c, 9, 70, 64
1, 12098, Note_on_c, 9, 39, 85
1, 12099, Note_off_c, 9, 39, 64
1, 12101, Note_off_c, 1, 52, 64
1, 12106, Note_off_c, 1, 55, 64
1, 12107, Note_off_c, 1, 62, 64
1, 12107, Note_off_c, 1, 59, 64
1, 12139, Pitch_bend_c, 2, 7808
1, 12144, Pitch_bend_c, 2, 7424
1, 12145, Note_on_c, 9, 70, 61
1, 12146, Note_off_c, 9, 70, 64
1, 12149, Pitch_bend_c, 2, 7168
1, 12154, Pitch_bend_c, 2, 7040
1, 12164, Pitch_bend_c, 2, 7168
1, 12169, Pitch_bend_c, 2, 7424
1, 12174, Pitch_bend_c, 2, 7936
1, 12179, Pitch_bend_c, 2, 8192
1, 12185, Note_off_c, 3, 64, 64
1, 12188, Note_on_c, 3, 67, 57
1, 12192, Note_on_c, 1, 60, 78
1, 12192, Note_on_c, 1, 64, 70
1, 12192, Note_on_c, 1, 57, 89
1, 12192, Note_on_c, 1, 53, 59
1, 12193, Note_on_c, 9, 42, 45
1, 12193, Note_on_c, 9, 70, 61
1, 12194, Note_off_c, 9, 42, 64
1, 12194, Note_off_c, 9, 70, 64
1, 12227, Note_off_c, 3, 67, 64
1, 12228, Pitch_bend_c, 2, 7808
1, 12233, Pitch_bend_c, 2, 7424
1, 12238, Pitch_bend_c, 2, 7296
1, 12238, Note_on_c, 3, 67, 73
1, 12241, Note_on_c, 9, 36, 101
1, 12241, Note_on_c, 9, 70, 61
1, 12242, Note_off_c, 9, 36, 64
1, 12242, Note_off_c, 9, 70, 64
1, 12243, Pitch_bend_c, 2, 7168
1, 12253, Pitch_bend_c, 2, 7552
1, 12257, Pitch_bend_c, 2, 8192
1, 12282, Note_on_c, 0, 31, 115
1, 12283, Note_on_c, 6, 64, 57
1, 12289, Note_on_c, 9, 36, 100
1, 12289, Note_on_c, 9, 70, 60
1, 12290, Note_off_c, 9, 36, 64
1, 12290, Note_off_c, 9, 70, 64
1, 12290, Note_on_c, 9, 42, 68
1, 12291, Note_off_c, 9, 42, 64
1, 12296, Note_off_c, 2, 76, 64
1, 12296, Note_off_c, 6, 62, 64
1, 12323, Note_off_c, 3, 67, 64
1, 12335, Note_on_c, 3, 64, 71
1, 12337, Note_on_c, 9, 36, 97
1, 12337, Note_on_c, 9, 70, 59
1, 12338, Note_off_c, 9, 36, 64
1, 12338, Note_off_c, 9, 70, 64
1, 12378, Note_off_c, 0, 31, 64
1, 12385, Note_on_c, 9, 36, 94
1, 12385, Note_on_c, 9, 70, 57
1, 12386, Note_off_c, 9, 36, 64
1, 12386, Note_off_c, 9, 70, 64
1, 12386, Note_on_c, 9, 42, 42
1, 12387, Note_off_c, 9, 42, 64
1, 12389, Note_on_c, 0, 31, 79
1, 12432, Note_on_c, 9, 70, 55
1, 12433, Note_off_c, 9, 70, 64
1, 12473, Note_off_c, 3, 64, 64
1, 12479, Note_on_c, 3, 62, 60
1, 12481, Note_on_c, 9, 70, 53
1, 12482, Note_off_c, 9, 70, 64
1, 12482, Note_on_c, 9, 42, 60
1, 12482, Note_on_c, 9, 39, 74
1, 12483, Note_off_c, 9, 42, 64
1, 12483, Note_off_c, 9, 39, 64
1, 12529, Note_on_c, 9, 70, 51
1, 12530, Note_off_c, 9, 70, 64
1, 12533, Note_off_c, 0, 31, 64
1, 12565, Note_off_c, 3, 62, 64
1, 12576, Note_on_c, 3, 62, 55
1, 12577, Note_on_c, 9, 70, 49
1, 12577, Note_on_c, 9, 48, 62
1, 12578, Note_off_c, 9, 70, 64
1, 12578, Note_off_c, 9, 48, 64
1, 12578, Note_on_c, 9, 42, 36
1, 12579, Note_off_c, 9, 42, 64
1, 12618, Note_off_c, 3, 62, 64
1, 12624, Note_on_c, 3, 62, 50
1, 12625, Note_on_c, 9, 70, 47
1, 12626, Note_off_c, 9, 70, 64
1, 12672, Note_off_c, 3, 62, 64
1, 12673, Note_on_c, 9, 42, 51
1, 12673, Note_on_c, 9, 70, 45
1, 12674, Note_off_c, 9, 42, 64
1, 12674, Note_off_c, 9, 70, 64
1, 12674, Note_on_c, 3, 64, 49
1, 12721, Note_on_c, 9, 70, 43
1, 12722, Note_off_c, 9, 70, 64
1, 12761, Note_off_c, 3, 64, 64
1, 12767, Note_on_c, 3, 60, 50
1, 12768, Note_on_c, 9, 70, 41
1, 12769, Note_off_c, 9, 70, 64
1, 12769, Note_on_c, 9, 42, 30
1, 12770, Note_off_c, 9, 42, 64
1, 12803, Note_off_c, 3, 60, 64
1, 12817, Note_on_c, 9, 70, 39
1, 12818, Note_off_c, 9, 70, 64
1, 12862, Note_on_c, 3, 60, 38
1, 12865, Note_on_c, 9, 42, 43
1, 12865, Note_on_c, 9, 70, 38
1, 12866, Note_off_c, 9, 42, 64
1, 12866, Note_off_c, 9, 70, 64
1, 12866, Note_on_c, 9, 39, 53
1, 12867, Note_off_c, 9, 39, 64
1, 12913, Note_on_c, 9, 70, 36
1, 12914, Note_off_c, 9, 70, 64
1, 12961, Note_on_c, 9, 42, 25
1, 12961, Note_on_c, 9, 70, 34
1, 12962, Note_off_c, 9, 42, 64
1, 12962, Note_off_c, 9, 70, 64
1, 12994, Note_off_c, 3, 60, 64
1, 13003, Note_on_c, 3, 57, 38
1, 13009, Note_on_c, 9, 70, 32
1, 13010, Note_off_c, 9, 70, 64
1, 13048, Note_off_c, 3, 57, 64
1, 13057, Note_on_c, 9, 42, 34
1, 13057, Note_on_c, 9, 70, 30
1, 13058, Note_off_c, 9, 42, 64
1, 13058, Note_off_c, 9, 70, 64
1, 13102, Note_on_c, 3, 64, 31
1, 13105, Note_on_c, 9, 70, 28
1, 13106, Note_off_c, 9, 70, 64
1, 13149, Pitch_bend_c, 2, 7552
1, 13153, Note_on_c, 9, 70, 26
1, 13154, Note_off_c, 9, 70, 64
1, 13154, Pitch_bend_c, 2, 7040
1, 13154, Note_on_c, 9, 42, 19
1, 13155, Note_off_c, 9, 42, 64
1, 13156, Note_on_c, 2, 76, 25
1, 13159, Pitch_bend_c, 2, 6528
1, 13164, Pitch_bend_c, 2, 6016
1, 13169, Pitch_bend_c, 2, 5632
1, 13174, Pitch_bend_c, 2, 5248
1, 13179, Pitch_bend_c, 2, 5120
1, 13184, Pitch_bend_c, 2, 4992
1, 13189, Pitch_bend_c, 2, 4864
1, 13197, Note_off_c, 3, 64, 64
1, 13198, Pitch_bend_c, 2, 5120
1, 13201, Note_on_c, 3, 62, 30
1, 13201, Note_on_c, 9, 70, 24
1, 13202, Note_off_c, 9, 70, 64
1, 13203, Pitch_bend_c, 2, 5376
1, 13208, Pitch_bend_c, 2, 5760
1, 13213, Pitch_bend_c, 2, 6400
1, 13218, Pitch_bend_c, 2, 6784
1, 13223, Pitch_bend_c, 2, 7296
1, 13228, Pitch_bend_c, 2, 7680
1, 13233, Pitch_bend_c, 2, 8192
1, 13249, Note_on_c, 9, 70, 22
1, 13250, Note_off_c, 9, 70, 64
1, 13250, Note_on_c, 9, 42, 25
1, 13250, Note_on_c, 9, 39, 31
1, 13251, Note_off_c, 9, 42, 64
1, 13251, Note_off_c, 9, 39, 64
1, 13272, Pitch_bend_c, 2, 8064
1, 13277, Pitch_bend_c, 2, 7424
1, 13282, Pitch_bend_c, 2, 6912
1, 13287, Note_off_c, 3, 62, 64
1, 13287, Pitch_bend_c, 2, 6400
1, 13292, Pitch_bend_c, 2, 6144
1, 13297, Pitch_bend_c, 2, 6016
1, 13297, Note_on_c, 9, 70, 20
1, 13298, Note_off_c, 9, 70, 64
1, 13298, Note_on_c, 3, 62, 21
1, 13308, Pitch_bend_c, 2, 6144
1, 13313, Pitch_bend_c, 2, 6400
1, 13318, Pitch_bend_c, 2, 6784
1, 13323, Note_off_c, 3, 62, 64
1, 13323, Pitch_bend_c, 2, 7168
1, 13328, Pitch_bend_c, 2, 7680
1, 13333, Pitch_bend_c, 2, 8192
1, 13343, Note_on_c, 3, 62, 19
1, 13345, Note_on_c, 9, 42, 14
1, 13345, Note_on_c, 9, 70, 19
1, 13346, Note_off_c, 9, 42, 64
1, 13346, Note_off_c, 9, 70, 64
1, 13377, Pitch_bend_c, 2, 7552
1, 13382, Pitch_bend_c, 2, 7040
1, 13385, Note_off_c, 3, 62, 64
1, 13387, Pitch_bend_c, 2, 6656
1, 13392, Pitch_bend_c, 2, 6272
1, 13392, Note_on_c, 9, 70, 17
1, 13393, Note_off_c, 9, 70, 64
1, 13397, Pitch_bend_c, 2, 6144
1, 13402, Pitch_bend_c, 2, 6016
1, 13411, Pitch_bend_c, 2, 6400
1, 13416, Pitch_bend_c, 2, 6656
1, 13421, Pitch_bend_c, 2, 7040
1, 13426, Pitch_bend_c, 2, 7424
1, 13431, Pitch_bend_c, 2, 8064
1, 13436, Pitch_bend_c, 2, 8192
1, 13438, Note_on_c, 3, 64, 17
1, 13441, Note_on_c, 9, 42, 17
1, 13441, Note_on_c, 9, 70, 15
1, 13442, Note_off_c, 9, 42, 64
1, 13442, Note_off_c, 9, 70, 64
1, 13480, Pitch_bend_c, 2, 7552
1, 13485, Pitch_bend_c, 2, 7168
1, 13489, Note_on_c, 9, 36, 22
1, 13490, Note_off_c, 9, 36, 64
1, 13490, Pitch_bend_c, 2, 6912
1, 13490, Note_on_c, 9, 70, 13
1, 13491, Note_off_c, 9, 70, 64
1, 13495, Pitch_bend_c, 2, 6656
1, 13505, Pitch_bend_c, 2, 6528
1, 13510, Pitch_bend_c, 2, 6656
1, 13515, Pitch_bend_c, 2, 7040
1, 13520, Pitch_bend_c, 2, 7296
1, 13524, Pitch_bend_c, 2, 7552
1, 13529, Pitch_bend_c, 2, 7936
1, 13534, Pitch_bend_c, 2, 8192
1, 13535, Note_off_c, 3, 64, 64
1, 13537, Note_on_c, 3, 60, 12
1, 13537, Note_on_c, 9, 36, 18
1, 13537, Note_on_c, 9, 70, 11
1, 13538, Note_off_c, 9, 36, 64
1, 13538, Note_off_c, 9, 70, 64
1, 13538, Note_on_c, 0, 31, 19
1, 13538, Note_on_c, 9, 42, 8
1, 13539, Note_off_c, 9, 42, 64
1, 13561, Note_off_c, 3, 60, 64
1, 13564, Pitch_bend_c, 2, 7936
1, 13569, Pitch_bend_c, 2, 7680
1, 13574, Pitch_bend_c, 2, 7424
1, 13579, Pitch_bend_c, 2, 7040
1, 13584, Pitch_bend_c, 2, 6784
1, 13585, Note_on_c, 9, 70, 9
1, 13586, Note_off_c, 0, 31, 64
1, 13586, Note_off_c, 9, 70, 64
1, 13589, Pitch_bend_c, 2, 6656
1, 13598, Pitch_bend_c, 2, 6784
1, 13603, Pitch_bend_c, 2, 7168
1, 13608, Pitch_bend_c, 2, 7808
1, 13613, Pitch_bend_c, 2, 8192
1, 13631, Note_on_c, 3, 60, 9
1, 13633, Note_on_c, 9, 70, 7
1, 13633, Note_on_c, 9, 48, 9
1, 13634, Note_off_c, 9, 70, 64
1, 13634, Note_off_c, 9, 48, 64
1, 13634, Note_on_c, 9, 42, 8
1, 13634, Note_on_c, 9, 39, 10
1, 13635, Note_off_c, 9, 42, 64
1, 13635, Note_off_c, 9, 39, 64
1, 13638, Note_on_c, 0, 38, 13
1, 13681, Note_on_c, 9, 36, 9
1, 13682, Note_off_c, 9, 36, 64
1, 13682, Note_on_c, 9, 70, 5
1, 13683, Note_off_c, 9, 70, 64
1, 13686, Note_off_c, 2, 76, 64
1, 13728, Note_off_c, 0, 38, 64
1, 13729, Note_on_c, 9, 42, 2
1, 13729, Note_on_c, 9, 70, 3
1, 13730, Note_off_c, 1, 53, 64
1, 13730, Note_off_c, 9, 42, 64
1, 13730, Note_off_c, 9, 70, 64
1, 13732, Note_on_c, 0, 40, 4
1, 13735, Note_off_c, 1, 60, 64
1, 13735, Note_off_c, 1, 64, 64
1, 13735, Note_off_c, 1, 57, 64
1, 13777, Note_on_c, 9, 70, 1
1, 13778, Note_off_c, 9, 70, 64
1, 13823, Note_off_c, 6, 64, 64
1, 13823, Note_off_c, 3, 60, 64
1, 13823, Note_off_c, 0, 40, 64
1, 13823, End_track
0, 0, End_of_file
