0, 0, Header, 1, 11, 192
1, 0, Start_track
1, 0, Time_signature, 4, 2, 24, 8
1, 0, Tempo, 937500
1, 0, Key_signature, 0, "major"
1, 0, End_track
2, 0, Start_track
2, 0, MIDI_port, 0
2, 0, Title_t, "Vocal               "
2, 0, Program_c, 8, 11
2, 0, Control_c, 8, 10, 64
2, 0, Control_c, 8, 1, 0
2, 0, Pitch_bend_c, 8, 8192
2, 0, Control_c, 8, 64, 127
2, 24, Control_c, 8, 1, 3
2, 48, Control_c, 8, 1, 7
2, 72, Control_c, 8, 1, 10
2, 96, Control_c, 8, 1, 14
2, 120, Control_c, 8, 1, 17
2, 144, Control_c, 8, 1, 21
2, 168, Control_c, 8, 1, 24
2, 192, Control_c, 8, 1, 28
2, 192, Control_c, 8, 7, 111
2, 2304, Note_on_c, 8, 71, 127
2, 2352, Note_off_c, 8, 71, 64
2, 2352, Note_on_c, 8, 69, 127
2, 2400, Note_off_c, 8, 69, 64
2, 2400, Note_on_c, 8, 67, 127
2, 2688, Note_off_c, 8, 67, 64
2, 2688, Note_on_c, 8, 66, 127
2, 2784, Note_off_c, 8, 66, 64
2, 2784, Note_on_c, 8, 69, 127
2, 2880, Note_off_c, 8, 69, 64
2, 2880, Note_on_c, 8, 67, 127
2, 2976, Note_off_c, 8, 67, 64
2, 2976, Note_on_c, 8, 64, 127
2, 3072, Note_off_c, 8, 64, 64
2, 3072, Note_on_c, 8, 72, 127
2, 3360, Note_off_c, 8, 72, 64
2, 3456, Note_on_c, 8, 71, 127
2, 3552, Note_off_c, 8, 71, 64
2, 3552, Note_on_c, 8, 74, 127
2, 3648, Note_off_c, 8, 74, 64
2, 3648, Note_on_c, 8, 72, 127
2, 3744, Note_off_c, 8, 72, 64
2, 3744, Note_on_c, 8, 69, 127
2, 3840, Note_off_c, 8, 69, 64
2, 3840, Note_on_c, 8, 79, 127
2, 4128, Note_off_c, 8, 79, 64
2, 4224, Note_on_c, 8, 83, 127
2, 4512, Note_off_c, 8, 83, 64
2, 4512, Note_on_c, 8, 81, 127
2, 4608, Note_off_c, 8, 81, 64
2, 4608, Note_on_c, 8, 83, 127
2, 4656, Note_off_c, 8, 83, 64
2, 4656, Note_on_c, 8, 81, 127
2, 4704, Note_off_c, 8, 81, 64
2, 4704, Note_on_c, 8, 79, 127
2, 4992, Note_off_c, 8, 79, 64
2, 4992, Note_on_c, 8, 81, 127
2, 5088, Note_off_c, 8, 81, 64
2, 5088, Note_on_c, 8, 79, 127
2, 5184, Note_off_c, 8, 79, 64
2, 5184, Note_on_c, 8, 75, 127
2, 5280, Note_off_c, 8, 75, 64
2, 5280, Note_on_c, 8, 76, 127
2, 5376, Note_off_c, 8, 76, 64
2, 5376, Note_on_c, 8, 78, 127
2, 5664, Note_off_c, 8, 78, 64
2, 5760, Note_on_c, 8, 76, 127
2, 5856, Note_off_c, 8, 76, 64
2, 5856, Note_on_c, 8, 74, 127
2, 5952, Note_off_c, 8, 74, 64
2, 5952, Note_on_c, 8, 64, 127
2, 6048, Note_off_c, 8, 64, 64
2, 6048, Note_on_c, 8, 67, 127
2, 6144, Note_off_c, 8, 67, 64
2, 6144, Note_on_c, 8, 74, 127
2, 6432, Note_off_c, 8, 74, 64
2, 6528, Note_on_c, 8, 76, 127
2, 6624, Note_off_c, 8, 76, 64
2, 6624, Note_on_c, 8, 74, 127
2, 6720, Note_off_c, 8, 74, 64
2, 6720, Note_on_c, 8, 76, 127
2, 6816, Note_off_c, 8, 76, 64
2, 6816, Note_on_c, 8, 74, 127
2, 6912, Note_off_c, 8, 74, 64
2, 6912, Note_on_c, 8, 76, 127
2, 6960, Note_off_c, 8, 76, 64
2, 6960, Note_on_c, 8, 74, 127
2, 7008, Note_off_c, 8, 74, 64
2, 7008, Note_on_c, 8, 71, 127
2, 7296, Note_off_c, 8, 71, 64
2, 8448, Note_on_c, 8, 71, 127
2, 8496, Note_off_c, 8, 71, 64
2, 8496, Note_on_c, 8, 69, 127
2, 8544, Note_off_c, 8, 69, 64
2, 8544, Note_on_c, 8, 67, 127
2, 8832, Note_off_c, 8, 67, 64
2, 8832, Note_on_c, 8, 66, 127
2, 8928, Note_off_c, 8, 66, 64
2, 8928, Note_on_c, 8, 69, 127
2, 9024, Note_off_c, 8, 69, 64
2, 9024, Note_on_c, 8, 67, 127
2, 9120, Note_off_c, 8, 67, 64
2, 9120, Note_on_c, 8, 64, 127
2, 9216, Note_off_c, 8, 64, 64
2, 9216, Note_on_c, 8, 72, 127
2, 9504, Note_off_c, 8, 72, 64
2, 9600, Note_on_c, 8, 71, 127
2, 9696, Note_off_c, 8, 71, 64
2, 9696, Note_on_c, 8, 74, 127
2, 9792, Note_off_c, 8, 74, 64
2, 9792, Note_on_c, 8, 72, 127
2, 9888, Note_off_c, 8, 72, 64
2, 9888, Note_on_c, 8, 69, 127
2, 9984, Note_off_c, 8, 69, 64
2, 9984, Note_on_c, 8, 79, 127
2, 10272, Note_off_c, 8, 79, 64
2, 10368, Note_on_c, 8, 83, 127
2, 10656, Note_off_c, 8, 83, 64
2, 10656, Note_on_c, 8, 81, 127
2, 10752, Note_off_c, 8, 81, 64
2, 10752, Note_on_c, 8, 83, 127
2, 10800, Note_off_c, 8, 83, 64
2, 10800, Note_on_c, 8, 81, 127
2, 10848, Note_off_c, 8, 81, 64
2, 10848, Note_on_c, 8, 79, 127
2, 11136, Note_off_c, 8, 79, 64
2, 11136, Note_on_c, 8, 81, 127
2, 11232, Note_off_c, 8, 81, 64
2, 11232, Note_on_c, 8, 79, 127
2, 11328, Note_off_c, 8, 79, 64
2, 11328, Note_on_c, 8, 75, 127
2, 11424, Note_off_c, 8, 75, 64
2, 11424, Note_on_c, 8, 76, 127
2, 11520, Note_off_c, 8, 76, 64
2, 11520, Note_on_c, 8, 78, 127
2, 11808, Note_off_c, 8, 78, 64
2, 11904, Note_on_c, 8, 76, 127
2, 12000, Note_off_c, 8, 76, 64
2, 12000, Note_on_c, 8, 74, 127
2, 12096, Note_off_c, 8, 74, 64
2, 12096, Note_on_c, 8, 64, 127
2, 12145, Note_on_c, 8, 66, 127
2, 12192, Note_off_c, 8, 64, 64
2, 12209, Note_off_c, 8, 66, 64
2, 12238, Note_on_c, 8, 67, 127
2, 12288, Note_on_c, 8, 74, 127
2, 12302, Note_off_c, 8, 67, 64
2, 12576, Note_off_c, 8, 74, 64
2, 12672, Note_on_c, 8, 76, 127
2, 12768, Note_off_c, 8, 76, 64
2, 12768, Note_on_c, 8, 74, 127
2, 12864, Note_off_c, 8, 74, 64
2, 12864, Note_on_c, 8, 62, 127
2, 12960, Note_off_c, 8, 62, 64
2, 12960, Note_on_c, 8, 64, 127
2, 13056, Note_off_c, 8, 64, 64
2, 13056, Note_on_c, 8, 67, 127
2, 13632, Note_off_c, 8, 67, 64
2, 14592, Note_on_c, 8, 67, 127
2, 14688, Note_off_c, 8, 67, 64
2, 14688, Note_on_c, 8, 70, 127
2, 14784, Note_off_c, 8, 70, 64
2, 14784, Note_on_c, 8, 79, 127
2, 15072, Note_off_c, 8, 79, 64
2, 15072, Note_on_c, 8, 74, 127
2, 15168, Note_off_c, 8, 74, 64
2, 15168, Note_on_c, 8, 77, 127
2, 15264, Note_off_c, 8, 77, 64
2, 15264, Note_on_c, 8, 75, 127
2, 15360, Note_off_c, 8, 75, 64
2, 15360, Note_on_c, 8, 67, 127
2, 15456, Note_off_c, 8, 67, 64
2, 15456, Note_on_c, 8, 70, 127
2, 15552, Note_off_c, 8, 70, 64
2, 15552, Note_on_c, 8, 74, 127
2, 15840, Note_off_c, 8, 74, 64
2, 15840, Note_on_c, 8, 72, 127
2, 15936, Note_off_c, 8, 72, 64
2, 15936, Note_on_c, 8, 70, 127
2, 15985, Note_on_c, 8, 60, 127
2, 16032, Note_off_c, 8, 70, 64
2, 16049, Note_off_c, 8, 60, 64
2, 16078, Note_on_c, 8, 63, 127
2, 16128, Note_on_c, 8, 70, 127
2, 16142, Note_off_c, 8, 63, 64
2, 16512, Note_off_c, 8, 70, 64
2, 16512, Note_on_c, 8, 70, 127
2, 16896, Note_off_c, 8, 70, 64
2, 16896, Note_on_c, 8, 70, 127
2, 17472, Note_off_c, 8, 70, 64
2, 17664, Note_on_c, 8, 67, 127
2, 17760, Note_off_c, 8, 67, 64
2, 17760, Note_on_c, 8, 70, 127
2, 17856, Note_off_c, 8, 70, 64
2, 17856, Note_on_c, 8, 79, 127
2, 18144, Note_off_c, 8, 79, 64
2, 18144, Note_on_c, 8, 74, 127
2, 18240, Note_off_c, 8, 74, 64
2, 18240, Note_on_c, 8, 77, 127
2, 18336, Note_off_c, 8, 77, 64
2, 18336, Note_on_c, 8, 75, 127
2, 18432, Note_off_c, 8, 75, 64
2, 18432, Note_on_c, 8, 67, 127
2, 18528, Note_off_c, 8, 67, 64
2, 18528, Note_on_c, 8, 70, 127
2, 18624, Note_off_c, 8, 70, 64
2, 18624, Note_on_c, 8, 74, 127
2, 18912, Note_off_c, 8, 74, 64
2, 18912, Note_on_c, 8, 72, 127
2, 19008, Note_off_c, 8, 72, 64
2, 19008, Note_on_c, 8, 71, 127
2, 19104, Note_off_c, 8, 71, 64
2, 19104, Note_on_c, 8, 69, 127
2, 19200, Note_off_c, 8, 69, 64
2, 19200, Note_on_c, 8, 71, 127
2, 19584, Note_off_c, 8, 71, 64
2, 19584, Note_on_c, 8, 71, 127
2, 19968, Note_off_c, 8, 71, 64
2, 19968, Note_on_c, 8, 69, 127
2, 20544, Note_off_c, 8, 69, 64
2, 20736, Note_on_c, 8, 71, 127
2, 20784, Note_off_c, 8, 71, 64
2, 20784, Note_on_c, 8, 69, 127
2, 20832, Note_off_c, 8, 69, 64
2, 20832, Note_on_c, 8, 67, 127
2, 21120, Note_off_c, 8, 67, 64
2, 21120, Note_on_c, 8, 66, 127
2, 21216, Note_off_c, 8, 66, 64
2, 21216, Note_on_c, 8, 69, 127
2, 21312, Note_off_c, 8, 69, 64
2, 21312, Note_on_c, 8, 67, 127
2, 21408, Note_off_c, 8, 67, 64
2, 21408, Note_on_c, 8, 64, 127
2, 21504, Note_off_c, 8, 64, 64
2, 21504, Note_on_c, 8, 72, 127
2, 21792, Note_off_c, 8, 72, 64
2, 21888, Note_on_c, 8, 71, 127
2, 21984, Note_off_c, 8, 71, 64
2, 21984, Note_on_c, 8, 74, 127
2, 22080, Note_off_c, 8, 74, 64
2, 22080, Note_on_c, 8, 72, 127
2, 22176, Note_off_c, 8, 72, 64
2, 22176, Note_on_c, 8, 69, 127
2, 22272, Note_off_c, 8, 69, 64
2, 22272, Note_on_c, 8, 79, 127
2, 22560, Note_off_c, 8, 79, 64
2, 22656, Note_on_c, 8, 83, 127
2, 22944, Note_off_c, 8, 83, 64
2, 22944, Note_on_c, 8, 81, 127
2, 23040, Note_off_c, 8, 81, 64
2, 23040, Note_on_c, 8, 83, 127
2, 23088, Note_off_c, 8, 83, 64
2, 23088, Note_on_c, 8, 81, 127
2, 23136, Note_off_c, 8, 81, 64
2, 23136, Note_on_c, 8, 79, 127
2, 23424, Note_off_c, 8, 79, 64
2, 23424, Note_on_c, 8, 81, 127
2, 23520, Note_off_c, 8, 81, 64
2, 23520, Note_on_c, 8, 79, 127
2, 23616, Note_off_c, 8, 79, 64
2, 23616, Note_on_c, 8, 75, 127
2, 23712, Note_off_c, 8, 75, 64
2, 23712, Note_on_c, 8, 76, 127
2, 23808, Note_off_c, 8, 76, 64
2, 23808, Note_on_c, 8, 78, 127
2, 24096, Note_off_c, 8, 78, 64
2, 24192, Note_on_c, 8, 76, 127
2, 24288, Note_off_c, 8, 76, 64
2, 24288, Note_on_c, 8, 74, 127
2, 24384, Note_off_c, 8, 74, 64
2, 24384, Note_on_c, 8, 64, 127
2, 24433, Note_on_c, 8, 66, 127
2, 24480, Note_off_c, 8, 64, 64
2, 24497, Note_off_c, 8, 66, 64
2, 24526, Note_on_c, 8, 67, 127
2, 24576, Note_on_c, 8, 74, 127
2, 24590, Note_off_c, 8, 67, 64
2, 24864, Note_off_c, 8, 74, 64
2, 24960, Note_on_c, 8, 76, 127
2, 25056, Note_off_c, 8, 76, 64
2, 25056, Note_on_c, 8, 74, 127
2, 25152, Note_off_c, 8, 74, 64
2, 25152, Note_on_c, 8, 62, 127
2, 25248, Note_off_c, 8, 62, 64
2, 25248, Note_on_c, 8, 64, 127
2, 25344, Note_off_c, 8, 64, 64
2, 25344, Note_on_c, 8, 67, 127
2, 25920, Note_off_c, 8, 67, 64
2, 26880, Note_on_c, 8, 69, 127
2, 27264, Note_off_c, 8, 69, 64
2, 27264, Note_on_c, 8, 72, 127
2, 27648, Note_off_c, 8, 72, 64
2, 27648, Note_on_c, 8, 76, 127
2, 28032, Note_off_c, 8, 76, 64
2, 28032, Note_on_c, 8, 79, 127
2, 28416, Note_off_c, 8, 79, 64
2, 28416, Note_on_c, 8, 83, 127
2, 28936, Note_off_c, 8, 83, 64
2, 28936, End_track
3, 0, Start_track
3, 0, MIDI_port, 0
3, 0, Title_t, "New Track           "
3, 0, End_track
4, 0, Start_track
4, 0, MIDI_port, 0
4, 0, Title_t, "String              "
4, 0, Program_c, 2, 48
4, 0, Control_c, 2, 10, 27
4, 0, Control_c, 2, 1, 0
4, 0, Control_c, 2, 0, 0
4, 0, Control_c, 2, 93, 14
4, 24, Control_c, 2, 1, 3
4, 48, Control_c, 2, 1, 6
4, 72, Control_c, 2, 1, 10
4, 96, Control_c, 2, 1, 13
4, 120, Control_c, 2, 1, 16
4, 144, Control_c, 2, 1, 20
4, 168, Control_c, 2, 1, 23
4, 192, Control_c, 2, 7, 87
4, 7676, Note_on_c, 2, 72, 65
4, 7776, Note_on_c, 2, 74, 65
4, 7792, Note_off_c, 2, 72, 64
4, 7864, Note_on_c, 2, 76, 65
4, 7868, Note_off_c, 2, 74, 64
4, 7964, Note_on_c, 2, 78, 65
4, 7980, Note_off_c, 2, 76, 64
4, 8056, Note_on_c, 2, 79, 65
4, 8060, Note_off_c, 2, 78, 64
4, 8152, Note_on_c, 2, 81, 65
4, 8164, Note_off_c, 2, 79, 64
4, 8240, Note_on_c, 2, 83, 65
4, 8244, Note_off_c, 2, 81, 64
4, 8340, Note_on_c, 2, 85, 65
4, 8352, Note_off_c, 2, 83, 64
4, 8436, Note_on_c, 2, 86, 65
4, 8444, Note_off_c, 2, 85, 64
4, 9200, Note_on_c, 2, 84, 65
4, 9208, Note_on_c, 2, 81, 65
4, 9228, Note_off_c, 2, 86, 64
4, 9588, Note_on_c, 2, 78, 65
4, 9624, Note_off_c, 2, 84, 64
4, 9980, Note_off_c, 2, 81, 64
4, 9988, Note_on_c, 2, 74, 65
4, 10044, Note_off_c, 2, 78, 64
4, 10348, Note_on_c, 2, 75, 65
4, 10348, Note_on_c, 2, 79, 65
4, 10368, Note_off_c, 2, 74, 64
4, 10740, Note_on_c, 2, 76, 65
4, 10748, Note_off_c, 2, 79, 64
4, 10784, Note_off_c, 2, 75, 64
4, 11132, Note_on_c, 2, 73, 65
4, 11200, Note_off_c, 2, 76, 64
4, 11532, Note_off_c, 2, 73, 64
4, 11540, Note_on_c, 2, 78, 65
4, 11544, Note_on_c, 2, 74, 65
4, 11896, Note_on_c, 2, 76, 65
4, 11924, Note_off_c, 2, 74, 64
4, 11944, Note_off_c, 2, 78, 64
4, 12660, Note_off_c, 2, 76, 64
4, 12664, Note_on_c, 2, 78, 65
4, 12668, Note_on_c, 2, 74, 65
4, 13040, Note_on_c, 2, 79, 65
4, 13048, Note_off_c, 2, 78, 64
4, 13440, Note_off_c, 2, 74, 64
4, 14200, Note_on_c, 2, 77, 65
4, 14228, Note_off_c, 2, 79, 64
4, 14592, Note_off_c, 2, 77, 64
4, 14592, Note_on_c, 2, 75, 65
4, 14592, Note_on_c, 2, 79, 65
4, 16108, Note_on_c, 2, 77, 65
4, 16116, Note_off_c, 2, 75, 64
4, 16148, Note_off_c, 2, 79, 64
4, 16488, Note_on_c, 2, 76, 65
4, 16520, Note_off_c, 2, 77, 64
4, 16888, Note_on_c, 2, 77, 65
4, 16912, Note_off_c, 2, 76, 64
4, 17636, Note_on_c, 2, 75, 65
4, 17640, Note_on_c, 2, 79, 65
4, 17656, Note_off_c, 2, 77, 64
4, 18448, Note_on_c, 2, 72, 65
4, 18468, Note_off_c, 2, 79, 64
4, 18472, Note_off_c, 2, 75, 64
4, 18808, Note_on_c, 2, 74, 65
4, 18812, Note_on_c, 2, 78, 65
4, 18832, Note_off_c, 2, 72, 64
4, 19188, Note_on_c, 2, 79, 65
4, 19196, Note_off_c, 2, 74, 64
4, 19204, Note_off_c, 2, 78, 64
4, 19380, Note_on_c, 2, 78, 65
4, 19440, Note_off_c, 2, 79, 64
4, 19572, Note_on_c, 2, 74, 65
4, 19580, Note_off_c, 2, 78, 64
4, 19956, Note_on_c, 2, 79, 65
4, 20724, Note_on_c, 2, 83, 65
4, 20748, Note_off_c, 2, 79, 64
4, 20756, Note_off_c, 2, 74, 64
4, 21524, Note_on_c, 2, 76, 65
4, 21544, Note_off_c, 2, 83, 64
4, 21880, Note_on_c, 2, 78, 65
4, 21908, Note_off_c, 2, 76, 64
4, 22256, Note_on_c, 2, 79, 65
4, 22260, Note_on_c, 2, 74, 65
4, 22272, Note_off_c, 2, 78, 64
4, 22628, Note_on_c, 2, 75, 65
4, 22676, Note_off_c, 2, 74, 64
4, 23024, Note_on_c, 2, 76, 65
4, 23032, Note_off_c, 2, 75, 64
4, 23800, Note_on_c, 2, 78, 65
4, 23808, Note_off_c, 2, 79, 64
4, 23832, Note_off_c, 2, 76, 64
4, 24188, Note_on_c, 2, 76, 65
4, 24212, Note_off_c, 2, 78, 64
4, 24564, Note_on_c, 2, 81, 65
4, 24952, Note_on_c, 2, 74, 65
4, 24952, Note_on_c, 2, 78, 65
4, 24964, Note_off_c, 2, 76, 64
4, 24996, Note_off_c, 2, 81, 64
4, 25340, Note_off_c, 2, 78, 64
4, 25340, Note_on_c, 2, 79, 65
4, 26252, Note_off_c, 2, 74, 64
4, 26888, Note_on_c, 2, 76, 65
4, 26888, Note_on_c, 2, 81, 65
4, 26908, Note_off_c, 2, 79, 64
4, 27684, Note_on_c, 2, 79, 65
4, 27700, Note_off_c, 2, 76, 64
4, 27708, Note_on_c, 2, 74, 65
4, 27736, Note_off_c, 2, 81, 64
4, 28608, Note_on_c, 2, 83, 65
4, 28780, Note_off_c, 2, 74, 64
4, 28800, Note_off_c, 2, 79, 64
4, 28800, Note_off_c, 2, 83, 64
4, 28800, Note_on_c, 2, 74, 65
4, 28800, Note_on_c, 2, 79, 65
4, 29184, Control_c, 2, 7, 96
4, 29208, Control_c, 2, 7, 90
4, 29232, Control_c, 2, 7, 84
4, 29256, Control_c, 2, 7, 78
4, 29280, Control_c, 2, 7, 72
4, 29304, Control_c, 2, 7, 66
4, 29328, Control_c, 2, 7, 60
4, 29352, Control_c, 2, 7, 54
4, 29376, Control_c, 2, 7, 48
4, 29400, Control_c, 2, 7, 42
4, 29424, Control_c, 2, 7, 36
4, 29448, Control_c, 2, 7, 30
4, 29472, Control_c, 2, 7, 24
4, 29496, Control_c, 2, 7, 18
4, 29520, Control_c, 2, 7, 12
4, 29536, Note_off_c, 2, 74, 64
4, 29540, Note_off_c, 2, 79, 64
4, 29544, Control_c, 2, 7, 6
4, 29568, Control_c, 2, 7, 0
4, 29568, End_track
5, 0, Start_track
5, 0, MIDI_port, 0
5, 0, Title_t, "Bass                "
5, 768, Control_c, 3, 7, 75
5, 768, Pitch_bend_c, 3, 8192
5, 768, Control_c, 3, 1, 0
5, 768, Program_c, 3, 33
5, 768, Control_c, 3, 64, 0
5, 768, Control_c, 3, 10, 64
5, 768, Note_on_c, 3, 31, 127
5, 1072, Note_off_c, 3, 31, 64
5, 1152, Note_on_c, 3, 31, 127
5, 1452, Note_off_c, 3, 31, 64
5, 1536, Note_on_c, 3, 31, 127
5, 1836, Note_off_c, 3, 31, 64
5, 1920, Note_on_c, 3, 31, 127
5, 2220, Note_off_c, 3, 31, 64
5, 2304, Note_on_c, 3, 31, 127
5, 2608, Note_off_c, 3, 31, 64
5, 2688, Note_on_c, 3, 31, 127
5, 2988, Note_off_c, 3, 31, 64
5, 3072, Note_on_c, 3, 33, 127
5, 3372, Note_off_c, 3, 33, 64
5, 3456, Note_on_c, 3, 26, 127
5, 3756, Note_off_c, 3, 26, 64
5, 3840, Note_on_c, 3, 31, 127
5, 4136, Note_off_c, 3, 31, 64
5, 4223, Note_on_c, 3, 35, 127
5, 4531, Note_off_c, 3, 35, 64
5, 4607, Note_on_c, 3, 36, 127
5, 4911, Note_off_c, 3, 36, 64
5, 4992, Note_on_c, 3, 37, 127
5, 5292, Note_off_c, 3, 37, 64
5, 5376, Note_on_c, 3, 26, 127
5, 5676, Note_off_c, 3, 26, 64
5, 5760, Note_on_c, 3, 28, 127
5, 6060, Note_off_c, 3, 28, 64
5, 6144, Note_on_c, 3, 33, 127
5, 6448, Note_off_c, 3, 33, 64
5, 6528, Note_on_c, 3, 26, 127
5, 6832, Note_off_c, 3, 26, 64
5, 6911, Note_on_c, 3, 31, 127
5, 7219, Note_off_c, 3, 31, 64
5, 7296, Note_on_c, 3, 35, 127
5, 7560, Note_off_c, 3, 35, 64
5, 7583, Note_on_c, 3, 35, 127
5, 7663, Note_off_c, 3, 35, 64
5, 7680, Note_on_c, 3, 33, 127
5, 7944, Note_off_c, 3, 33, 64
5, 7968, Note_on_c, 3, 24, 127
5, 8044, Note_off_c, 3, 24, 64
5, 8064, Note_on_c, 3, 26, 127
5, 8368, Note_off_c, 3, 26, 64
5, 8448, Note_on_c, 3, 31, 127
5, 8748, Note_off_c, 3, 31, 64
5, 8832, Note_on_c, 3, 31, 127
5, 9140, Note_off_c, 3, 31, 64
5, 9216, Note_on_c, 3, 33, 127
5, 9520, Note_off_c, 3, 33, 64
5, 9600, Note_on_c, 3, 26, 127
5, 9860, Note_off_c, 3, 26, 64
5, 9887, Note_on_c, 3, 26, 127
5, 9963, Note_off_c, 3, 26, 64
5, 9984, Note_on_c, 3, 31, 127
5, 10284, Note_off_c, 3, 31, 64
5, 10368, Note_on_c, 3, 35, 127
5, 10672, Note_off_c, 3, 35, 64
5, 10752, Note_on_c, 3, 36, 127
5, 11060, Note_off_c, 3, 36, 64
5, 11136, Note_on_c, 3, 37, 127
5, 11444, Note_off_c, 3, 37, 64
5, 11520, Note_on_c, 3, 35, 127
5, 11820, Note_off_c, 3, 35, 64
5, 11904, Note_on_c, 3, 28, 127
5, 12208, Note_off_c, 3, 28, 64
5, 12288, Note_on_c, 3, 33, 127
5, 12592, Note_off_c, 3, 33, 64
5, 12672, Note_on_c, 3, 26, 127
5, 12980, Note_off_c, 3, 26, 64
5, 13056, Note_on_c, 3, 31, 127
5, 13316, Note_off_c, 3, 31, 64
5, 13343, Note_on_c, 3, 31, 127
5, 13419, Note_off_c, 3, 31, 64
5, 13440, Note_on_c, 3, 36, 127
5, 13740, Note_off_c, 3, 36, 64
5, 13823, Note_on_c, 3, 31, 127
5, 14127, Note_off_c, 3, 31, 64
5, 14208, Note_on_c, 3, 34, 127
5, 14512, Note_off_c, 3, 34, 64
5, 14592, Note_on_c, 3, 27, 127
5, 14892, Note_off_c, 3, 27, 64
5, 14976, Note_on_c, 3, 27, 127
5, 15280, Note_off_c, 3, 27, 64
5, 15360, Note_on_c, 3, 27, 127
5, 15664, Note_off_c, 3, 27, 64
5, 15744, Note_on_c, 3, 27, 127
5, 16048, Note_off_c, 3, 27, 64
5, 16128, Note_on_c, 3, 29, 127
5, 16388, Note_off_c, 3, 29, 64
5, 16415, Note_on_c, 3, 29, 127
5, 16491, Note_off_c, 3, 29, 64
5, 16512, Note_on_c, 3, 28, 127
5, 16816, Note_off_c, 3, 28, 64
5, 16896, Note_on_c, 3, 29, 127
5, 17160, Note_off_c, 3, 29, 64
5, 17183, Note_on_c, 3, 29, 127
5, 17259, Note_off_c, 3, 29, 64
5, 17280, Note_on_c, 3, 34, 127
5, 17580, Note_off_c, 3, 34, 64
5, 17664, Note_on_c, 3, 27, 127
5, 17928, Note_off_c, 3, 27, 64
5, 17951, Note_on_c, 3, 27, 127
5, 18027, Note_off_c, 3, 27, 64
5, 18048, Note_on_c, 3, 27, 127
5, 18352, Note_off_c, 3, 27, 64
5, 18432, Note_on_c, 3, 24, 127
5, 18692, Note_off_c, 3, 24, 64
5, 18719, Note_on_c, 3, 24, 127
5, 18795, Note_off_c, 3, 24, 64
5, 18816, Note_on_c, 3, 26, 127
5, 19120, Note_off_c, 3, 26, 64
5, 19200, Note_on_c, 3, 31, 127
5, 19456, Note_off_c, 3, 31, 64
5, 19487, Note_on_c, 3, 31, 127
5, 19563, Note_off_c, 3, 31, 64
5, 19584, Note_on_c, 3, 31, 127
5, 19848, Note_off_c, 3, 31, 64
5, 19871, Note_on_c, 3, 31, 127
5, 19947, Note_off_c, 3, 31, 64
5, 19968, Note_on_c, 3, 26, 127
5, 20228, Note_off_c, 3, 26, 64
5, 20255, Note_on_c, 3, 26, 127
5, 20331, Note_off_c, 3, 26, 64
5, 20352, Note_on_c, 3, 26, 127
5, 20708, Note_off_c, 3, 26, 64
5, 20736, Note_on_c, 3, 31, 127
5, 21040, Note_off_c, 3, 31, 64
5, 21120, Note_on_c, 3, 31, 127
5, 21424, Note_off_c, 3, 31, 64
5, 21504, Note_on_c, 3, 33, 127
5, 21804, Note_off_c, 3, 33, 64
5, 21888, Note_on_c, 3, 26, 127
5, 22192, Note_off_c, 3, 26, 64
5, 22272, Note_on_c, 3, 31, 127
5, 22532, Note_off_c, 3, 31, 64
5, 22559, Note_on_c, 3, 31, 127
5, 22635, Note_off_c, 3, 31, 64
5, 22656, Note_on_c, 3, 35, 127
5, 23016, Note_off_c, 3, 35, 64
5, 23040, Note_on_c, 3, 36, 127
5, 23344, Note_off_c, 3, 36, 64
5, 23424, Note_on_c, 3, 37, 127
5, 23724, Note_off_c, 3, 37, 64
5, 23808, Note_on_c, 3, 35, 127
5, 24068, Note_off_c, 3, 35, 64
5, 24096, Note_on_c, 3, 35, 127
5, 24168, Note_off_c, 3, 35, 64
5, 24192, Note_on_c, 3, 28, 127
5, 24548, Note_off_c, 3, 28, 64
5, 24576, Note_on_c, 3, 33, 127
5, 24836, Note_off_c, 3, 33, 64
5, 24863, Note_on_c, 3, 33, 127
5, 24939, Note_off_c, 3, 33, 64
5, 24960, Note_on_c, 3, 26, 127
5, 25312, Note_off_c, 3, 26, 64
5, 25344, Note_on_c, 3, 31, 127
5, 25648, Note_off_c, 3, 31, 64
5, 25728, Note_on_c, 3, 36, 127
5, 26028, Note_off_c, 3, 36, 64
5, 26112, Note_on_c, 3, 31, 127
5, 26416, Note_off_c, 3, 31, 64
5, 26495, Note_on_c, 3, 36, 127
5, 26799, Note_off_c, 3, 36, 64
5, 26881, Note_on_c, 3, 33, 127
5, 27561, Note_off_c, 3, 33, 64
5, 27648, Note_on_c, 3, 31, 127
5, 28032, Note_off_c, 3, 31, 64
5, 28032, Note_on_c, 3, 31, 127
5, 28416, Note_off_c, 3, 31, 64
5, 28416, Note_on_c, 3, 31, 127
5, 28800, Note_off_c, 3, 31, 64
5, 28800, Note_on_c, 3, 31, 127
5, 29184, Note_off_c, 3, 31, 64
5, 29184, Note_on_c, 3, 31, 127
5, 29568, Note_off_c, 3, 31, 64
5, 29568, End_track
6, 0, Start_track
6, 0, MIDI_port, 0
6, 0, Title_t, "Guitar              "
6, 768, Control_c, 4, 10, 90
6, 768, Control_c, 4, 7, 75
6, 768, Pitch_bend_c, 4, 8192
6, 768, Control_c, 4, 1, 0
6, 768, Program_c, 4, 28
6, 768, Control_c, 4, 64, 0
6, 2496, Note_on_c, 4, 62, 95
6, 2496, Note_on_c, 4, 67, 95
6, 2496, Note_on_c, 4, 71, 95
6, 2520, Note_off_c, 4, 62, 64
6, 2520, Note_off_c, 4, 71, 64
6, 2524, Note_off_c, 4, 67, 64
6, 2880, Note_on_c, 4, 62, 95
6, 2880, Note_on_c, 4, 67, 95
6, 2880, Note_on_c, 4, 71, 95
6, 2904, Note_off_c, 4, 67, 64
6, 2908, Note_off_c, 4, 62, 64
6, 2908, Note_off_c, 4, 71, 64
6, 3264, Note_on_c, 4, 64, 95
6, 3264, Note_on_c, 4, 69, 95
6, 3264, Note_on_c, 4, 72, 95
6, 3292, Note_off_c, 4, 64, 64
6, 3292, Note_off_c, 4, 69, 64
6, 3292, Note_off_c, 4, 72, 64
6, 3648, Note_on_c, 4, 62, 95
6, 3648, Note_on_c, 4, 66, 95
6, 3648, Note_on_c, 4, 69, 95
6, 3672, Note_off_c, 4, 62, 64
6, 3672, Note_off_c, 4, 69, 64
6, 3676, Note_off_c, 4, 66, 64
6, 4032, Note_on_c, 4, 62, 95
6, 4032, Note_on_c, 4, 67, 95
6, 4032, Note_on_c, 4, 71, 95
6, 4056, Note_off_c, 4, 62, 64
6, 4056, Note_off_c, 4, 71, 64
6, 4060, Note_off_c, 4, 67, 64
6, 4416, Note_on_c, 4, 63, 95
6, 4416, Note_on_c, 4, 67, 95
6, 4416, Note_on_c, 4, 71, 95
6, 4444, Note_off_c, 4, 63, 64
6, 4444, Note_off_c, 4, 67, 64
6, 4444, Note_off_c, 4, 71, 64
6, 4800, Note_on_c, 4, 60, 95
6, 4800, Note_on_c, 4, 64, 95
6, 4800, Note_on_c, 4, 67, 95
6, 4824, Note_off_c, 4, 60, 64
6, 4824, Note_off_c, 4, 67, 64
6, 4828, Note_off_c, 4, 64, 64
6, 5184, Note_on_c, 4, 61, 95
6, 5184, Note_on_c, 4, 64, 95
6, 5184, Note_on_c, 4, 67, 95
6, 5212, Note_off_c, 4, 61, 64
6, 5212, Note_off_c, 4, 64, 64
6, 5212, Note_off_c, 4, 67, 64
6, 5568, Note_on_c, 4, 62, 95
6, 5568, Note_on_c, 4, 66, 95
6, 5568, Note_on_c, 4, 69, 95
6, 5592, Note_off_c, 4, 62, 64
6, 5592, Note_off_c, 4, 69, 64
6, 5596, Note_off_c, 4, 66, 64
6, 5952, Note_on_c, 4, 64, 95
6, 5952, Note_on_c, 4, 67, 95
6, 5952, Note_on_c, 4, 71, 95
6, 5976, Note_off_c, 4, 64, 64
6, 5976, Note_off_c, 4, 71, 64
6, 5980, Note_off_c, 4, 67, 64
6, 6335, Note_on_c, 4, 64, 95
6, 6336, Note_on_c, 4, 69, 95
6, 6336, Note_on_c, 4, 72, 95
6, 6363, Note_off_c, 4, 64, 64
6, 6364, Note_off_c, 4, 69, 64
6, 6364, Note_off_c, 4, 72, 64
6, 6719, Note_on_c, 4, 62, 95
6, 6720, Note_on_c, 4, 66, 95
6, 6720, Note_on_c, 4, 69, 95
6, 6747, Note_off_c, 4, 62, 64
6, 6748, Note_off_c, 4, 66, 64
6, 6748, Note_off_c, 4, 69, 64
6, 7104, Note_on_c, 4, 62, 95
6, 7104, Note_on_c, 4, 67, 95
6, 7104, Note_on_c, 4, 71, 95
6, 7128, Note_off_c, 4, 62, 64
6, 7128, Note_off_c, 4, 71, 64
6, 7132, Note_off_c, 4, 67, 64
6, 7488, Note_on_c, 4, 62, 95
6, 7488, Note_on_c, 4, 66, 95
6, 7488, Note_on_c, 4, 71, 95
6, 7512, Note_off_c, 4, 62, 64
6, 7512, Note_off_c, 4, 71, 64
6, 7516, Note_off_c, 4, 66, 64
6, 7872, Note_on_c, 4, 64, 95
6, 7872, Note_on_c, 4, 69, 95
6, 7872, Note_on_c, 4, 72, 95
6, 7896, Note_off_c, 4, 64, 64
6, 7896, Note_off_c, 4, 72, 64
6, 7900, Note_off_c, 4, 69, 64
6, 8256, Note_on_c, 4, 62, 95
6, 8256, Note_on_c, 4, 66, 95
6, 8256, Note_on_c, 4, 69, 95
6, 8280, Note_off_c, 4, 62, 64
6, 8280, Note_off_c, 4, 66, 64
6, 8280, Note_off_c, 4, 69, 64
6, 8639, Note_on_c, 4, 62, 95
6, 8640, Note_on_c, 4, 67, 95
6, 8640, Note_on_c, 4, 71, 95
6, 8667, Note_off_c, 4, 62, 64
6, 8668, Note_off_c, 4, 67, 64
6, 8668, Note_off_c, 4, 71, 64
6, 9023, Note_on_c, 4, 62, 95
6, 9024, Note_on_c, 4, 67, 95
6, 9024, Note_on_c, 4, 71, 95
6, 9052, Note_off_c, 4, 67, 64
6, 9055, Note_off_c, 4, 62, 64
6, 9056, Note_off_c, 4, 71, 64
6, 9407, Note_on_c, 4, 64, 95
6, 9408, Note_on_c, 4, 69, 95
6, 9408, Note_on_c, 4, 72, 95
6, 9435, Note_off_c, 4, 64, 64
6, 9436, Note_off_c, 4, 69, 64
6, 9436, Note_off_c, 4, 72, 64
6, 9791, Note_on_c, 4, 62, 95
6, 9792, Note_on_c, 4, 66, 95
6, 9792, Note_on_c, 4, 69, 95
6, 9819, Note_off_c, 4, 62, 64
6, 9820, Note_off_c, 4, 66, 64
6, 9820, Note_off_c, 4, 69, 64
6, 10175, Note_on_c, 4, 62, 95
6, 10176, Note_on_c, 4, 67, 95
6, 10176, Note_on_c, 4, 71, 95
6, 10203, Note_off_c, 4, 62, 64
6, 10204, Note_off_c, 4, 67, 64
6, 10204, Note_off_c, 4, 71, 64
6, 10559, Note_on_c, 4, 63, 95
6, 10560, Note_on_c, 4, 67, 95
6, 10560, Note_on_c, 4, 71, 95
6, 10587, Note_off_c, 4, 63, 64
6, 10588, Note_off_c, 4, 67, 64
6, 10588, Note_off_c, 4, 71, 64
6, 10943, Note_on_c, 4, 60, 95
6, 10944, Note_on_c, 4, 64, 95
6, 10944, Note_on_c, 4, 67, 95
6, 10971, Note_off_c, 4, 60, 64
6, 10972, Note_off_c, 4, 64, 64
6, 10972, Note_off_c, 4, 67, 64
6, 11327, Note_on_c, 4, 61, 95
6, 11328, Note_on_c, 4, 64, 95
6, 11328, Note_on_c, 4, 67, 95
6, 11355, Note_off_c, 4, 61, 64
6, 11356, Note_off_c, 4, 64, 64
6, 11356, Note_off_c, 4, 67, 64
6, 11711, Note_on_c, 4, 62, 95
6, 11712, Note_on_c, 4, 66, 95
6, 11712, Note_on_c, 4, 71, 95
6, 11739, Note_off_c, 4, 62, 64
6, 11740, Note_off_c, 4, 66, 64
6, 11740, Note_off_c, 4, 71, 64
6, 12095, Note_on_c, 4, 64, 95
6, 12095, Note_on_c, 4, 67, 95
6, 12096, Note_on_c, 4, 71, 95
6, 12123, Note_off_c, 4, 64, 64
6, 12124, Note_off_c, 4, 71, 64
6, 12127, Note_off_c, 4, 67, 64
6, 12479, Note_on_c, 4, 64, 95
6, 12480, Note_on_c, 4, 69, 95
6, 12480, Note_on_c, 4, 72, 95
6, 12507, Note_off_c, 4, 64, 64
6, 12508, Note_off_c, 4, 69, 64
6, 12508, Note_off_c, 4, 72, 64
6, 12863, Note_on_c, 4, 62, 95
6, 12864, Note_on_c, 4, 66, 95
6, 12864, Note_on_c, 4, 69, 95
6, 12891, Note_off_c, 4, 62, 64
6, 12892, Note_off_c, 4, 66, 64
6, 12892, Note_off_c, 4, 69, 64
6, 13247, Note_on_c, 4, 62, 95
6, 13248, Note_on_c, 4, 67, 95
6, 13248, Note_on_c, 4, 71, 95
6, 13275, Note_off_c, 4, 62, 64
6, 13276, Note_off_c, 4, 67, 64
6, 13276, Note_off_c, 4, 71, 64
6, 13631, Note_on_c, 4, 64, 95
6, 13632, Note_on_c, 4, 67, 95
6, 13632, Note_on_c, 4, 72, 95
6, 13660, Note_off_c, 4, 67, 64
6, 13663, Note_off_c, 4, 64, 64
6, 13664, Note_off_c, 4, 72, 64
6, 14015, Note_on_c, 4, 62, 95
6, 14016, Note_on_c, 4, 67, 95
6, 14016, Note_on_c, 4, 71, 95
6, 14043, Note_off_c, 4, 62, 64
6, 14044, Note_off_c, 4, 67, 64
6, 14044, Note_off_c, 4, 71, 64
6, 14400, Note_on_c, 4, 62, 95
6, 14400, Note_on_c, 4, 65, 95
6, 14400, Note_on_c, 4, 70, 95
6, 14424, Note_off_c, 4, 62, 64
6, 14424, Note_off_c, 4, 70, 64
6, 14428, Note_off_c, 4, 65, 64
6, 14783, Note_on_c, 4, 63, 95
6, 14783, Note_on_c, 4, 67, 95
6, 14784, Note_on_c, 4, 70, 95
6, 14811, Note_off_c, 4, 63, 64
6, 14812, Note_off_c, 4, 70, 64
6, 14815, Note_off_c, 4, 67, 64
6, 15167, Note_on_c, 4, 63, 95
6, 15168, Note_on_c, 4, 67, 95
6, 15168, Note_on_c, 4, 70, 95
6, 15196, Note_off_c, 4, 67, 64
6, 15199, Note_off_c, 4, 63, 64
6, 15200, Note_off_c, 4, 70, 64
6, 15551, Note_on_c, 4, 63, 95
6, 15552, Note_on_c, 4, 67, 95
6, 15552, Note_on_c, 4, 70, 95
6, 15579, Note_off_c, 4, 63, 64
6, 15580, Note_off_c, 4, 67, 64
6, 15580, Note_off_c, 4, 70, 64
6, 15935, Note_on_c, 4, 63, 95
6, 15936, Note_on_c, 4, 67, 95
6, 15936, Note_on_c, 4, 70, 95
6, 15964, Note_off_c, 4, 67, 64
6, 15964, Note_off_c, 4, 70, 64
6, 15967, Note_off_c, 4, 63, 64
6, 16319, Note_on_c, 4, 65, 95
6, 16320, Note_on_c, 4, 68, 95
6, 16320, Note_on_c, 4, 72, 95
6, 16348, Note_off_c, 4, 68, 64
6, 16351, Note_off_c, 4, 65, 64
6, 16352, Note_off_c, 4, 72, 64
6, 16703, Note_on_c, 4, 64, 95
6, 16704, Note_on_c, 4, 67, 95
6, 16704, Note_on_c, 4, 70, 95
6, 16732, Note_off_c, 4, 67, 64
6, 16735, Note_off_c, 4, 64, 64
6, 16736, Note_off_c, 4, 70, 64
6, 17087, Note_on_c, 4, 65, 95
6, 17088, Note_on_c, 4, 68, 95
6, 17088, Note_on_c, 4, 72, 95
6, 17115, Note_off_c, 4, 65, 64
6, 17116, Note_off_c, 4, 68, 64
6, 17116, Note_off_c, 4, 72, 64
6, 17471, Note_on_c, 4, 65, 95
6, 17472, Note_on_c, 4, 70, 95
6, 17472, Note_on_c, 4, 74, 95
6, 17499, Note_off_c, 4, 65, 64
6, 17500, Note_off_c, 4, 70, 64
6, 17500, Note_off_c, 4, 74, 64
6, 17855, Note_on_c, 4, 63, 95
6, 17856, Note_on_c, 4, 67, 95
6, 17856, Note_on_c, 4, 70, 95
6, 17883, Note_off_c, 4, 63, 64
6, 17884, Note_off_c, 4, 67, 64
6, 17884, Note_off_c, 4, 70, 64
6, 18239, Note_on_c, 4, 63, 95
6, 18240, Note_on_c, 4, 67, 95
6, 18240, Note_on_c, 4, 70, 95
6, 18267, Note_off_c, 4, 63, 64
6, 18268, Note_off_c, 4, 67, 64
6, 18268, Note_off_c, 4, 70, 64
6, 18623, Note_on_c, 4, 63, 95
6, 18624, Note_on_c, 4, 67, 95
6, 18624, Note_on_c, 4, 72, 95
6, 18651, Note_off_c, 4, 63, 64
6, 18652, Note_off_c, 4, 67, 64
6, 18652, Note_off_c, 4, 72, 64
6, 19007, Note_on_c, 4, 62, 95
6, 19007, Note_on_c, 4, 66, 95
6, 19008, Note_on_c, 4, 69, 95
6, 19035, Note_off_c, 4, 62, 64
6, 19036, Note_off_c, 4, 69, 64
6, 19039, Note_off_c, 4, 66, 64
6, 19391, Note_on_c, 4, 62, 95
6, 19392, Note_on_c, 4, 67, 95
6, 19392, Note_on_c, 4, 71, 95
6, 19419, Note_off_c, 4, 62, 64
6, 19420, Note_off_c, 4, 67, 64
6, 19420, Note_off_c, 4, 71, 64
6, 19775, Note_on_c, 4, 62, 95
6, 19776, Note_on_c, 4, 67, 95
6, 19776, Note_on_c, 4, 71, 95
6, 19803, Note_off_c, 4, 62, 64
6, 19804, Note_off_c, 4, 67, 64
6, 19804, Note_off_c, 4, 71, 64
6, 20159, Note_on_c, 4, 62, 95
6, 20160, Note_on_c, 4, 67, 95
6, 20160, Note_on_c, 4, 74, 95
6, 20187, Note_off_c, 4, 62, 64
6, 20188, Note_off_c, 4, 67, 64
6, 20188, Note_off_c, 4, 74, 64
6, 20543, Note_on_c, 4, 62, 95
6, 20544, Note_on_c, 4, 67, 95
6, 20544, Note_on_c, 4, 74, 95
6, 20571, Note_off_c, 4, 62, 64
6, 20572, Note_off_c, 4, 67, 64
6, 20572, Note_off_c, 4, 74, 64
6, 20927, Note_on_c, 4, 62, 95
6, 20928, Note_on_c, 4, 67, 95
6, 20928, Note_on_c, 4, 71, 95
6, 20955, Note_off_c, 4, 62, 64
6, 20956, Note_off_c, 4, 67, 64
6, 20956, Note_off_c, 4, 71, 64
6, 21311, Note_on_c, 4, 62, 95
6, 21312, Note_on_c, 4, 67, 95
6, 21312, Note_on_c, 4, 71, 95
6, 21339, Note_off_c, 4, 62, 64
6, 21340, Note_off_c, 4, 67, 64
6, 21340, Note_off_c, 4, 71, 64
6, 21695, Note_on_c, 4, 64, 95
6, 21696, Note_on_c, 4, 69, 95
6, 21696, Note_on_c, 4, 72, 95
6, 21723, Note_off_c, 4, 64, 64
6, 21724, Note_off_c, 4, 69, 64
6, 21724, Note_off_c, 4, 72, 64
6, 22079, Note_on_c, 4, 62, 95
6, 22080, Note_on_c, 4, 66, 95
6, 22080, Note_on_c, 4, 69, 95
6, 22108, Note_off_c, 4, 66, 64
6, 22111, Note_off_c, 4, 62, 64
6, 22112, Note_off_c, 4, 69, 64
6, 22463, Note_on_c, 4, 62, 95
6, 22464, Note_on_c, 4, 67, 95
6, 22464, Note_on_c, 4, 71, 95
6, 22491, Note_off_c, 4, 62, 64
6, 22492, Note_off_c, 4, 67, 64
6, 22492, Note_off_c, 4, 71, 64
6, 22847, Note_on_c, 4, 63, 95
6, 22848, Note_on_c, 4, 67, 95
6, 22848, Note_on_c, 4, 71, 95
6, 22875, Note_off_c, 4, 63, 64
6, 22876, Note_off_c, 4, 67, 64
6, 22876, Note_off_c, 4, 71, 64
6, 23231, Note_on_c, 4, 60, 95
6, 23232, Note_on_c, 4, 64, 95
6, 23232, Note_on_c, 4, 67, 95
6, 23259, Note_off_c, 4, 60, 64
6, 23260, Note_off_c, 4, 64, 64
6, 23260, Note_off_c, 4, 67, 64
6, 23615, Note_on_c, 4, 61, 95
6, 23616, Note_on_c, 4, 64, 95
6, 23643, Note_off_c, 4, 61, 64
6, 23644, Note_off_c, 4, 64, 64
6, 23999, Note_on_c, 4, 62, 95
6, 24000, Note_on_c, 4, 66, 95
6, 24000, Note_on_c, 4, 71, 95
6, 24027, Note_off_c, 4, 62, 64
6, 24028, Note_off_c, 4, 66, 64
6, 24028, Note_off_c, 4, 71, 64
6, 24383, Note_on_c, 4, 64, 95
6, 24384, Note_on_c, 4, 67, 95
6, 24384, Note_on_c, 4, 71, 95
6, 24411, Note_off_c, 4, 64, 64
6, 24412, Note_off_c, 4, 67, 64
6, 24412, Note_off_c, 4, 71, 64
6, 24767, Note_on_c, 4, 64, 95
6, 24768, Note_on_c, 4, 69, 95
6, 24768, Note_on_c, 4, 72, 95
6, 24796, Note_off_c, 4, 69, 64
6, 24799, Note_off_c, 4, 64, 64
6, 24800, Note_off_c, 4, 72, 64
6, 25151, Note_on_c, 4, 62, 95
6, 25152, Note_on_c, 4, 66, 95
6, 25152, Note_on_c, 4, 69, 95
6, 25179, Note_off_c, 4, 62, 64
6, 25180, Note_off_c, 4, 66, 64
6, 25180, Note_off_c, 4, 69, 64
6, 25536, Note_on_c, 4, 62, 95
6, 25536, Note_on_c, 4, 67, 95
6, 25536, Note_on_c, 4, 71, 95
6, 25564, Note_off_c, 4, 62, 64
6, 25564, Note_off_c, 4, 67, 64
6, 25564, Note_off_c, 4, 71, 64
6, 25920, Note_on_c, 4, 60, 95
6, 25920, Note_on_c, 4, 63, 95
6, 25920, Note_on_c, 4, 69, 95
6, 25944, Note_off_c, 4, 60, 64
6, 25944, Note_off_c, 4, 69, 64
6, 25948, Note_off_c, 4, 63, 64
6, 26304, Note_on_c, 4, 62, 95
6, 26304, Note_on_c, 4, 67, 95
6, 26304, Note_on_c, 4, 71, 95
6, 26332, Note_off_c, 4, 62, 64
6, 26332, Note_off_c, 4, 67, 64
6, 26332, Note_off_c, 4, 71, 64
6, 26687, Note_on_c, 4, 60, 95
6, 26688, Note_on_c, 4, 63, 95
6, 26688, Note_on_c, 4, 69, 95
6, 26715, Note_off_c, 4, 60, 64
6, 26716, Note_off_c, 4, 63, 64
6, 26716, Note_off_c, 4, 69, 64
6, 26880, Note_on_c, 4, 60, 95
6, 26880, Note_on_c, 4, 64, 95
6, 26881, Note_on_c, 4, 69, 95
6, 26900, Note_off_c, 4, 60, 64
6, 26901, Note_off_c, 4, 69, 64
6, 26904, Note_off_c, 4, 64, 64
6, 27071, Note_on_c, 4, 60, 95
6, 27072, Note_on_c, 4, 64, 95
6, 27072, Note_on_c, 4, 69, 95
6, 27099, Note_off_c, 4, 60, 64
6, 27100, Note_off_c, 4, 64, 64
6, 27100, Note_off_c, 4, 69, 64
6, 27263, Note_on_c, 4, 60, 95
6, 27264, Note_on_c, 4, 64, 95
6, 27264, Note_on_c, 4, 69, 95
6, 27291, Note_off_c, 4, 60, 64
6, 27292, Note_off_c, 4, 64, 64
6, 27292, Note_off_c, 4, 69, 64
6, 27455, Note_on_c, 4, 60, 95
6, 27456, Note_on_c, 4, 64, 95
6, 27456, Note_on_c, 4, 69, 95
6, 27483, Note_off_c, 4, 60, 64
6, 27484, Note_off_c, 4, 64, 64
6, 27484, Note_off_c, 4, 69, 64
6, 27648, Note_on_c, 4, 62, 95
6, 27648, Note_on_c, 4, 67, 95
6, 27648, Note_on_c, 4, 71, 95
6, 27672, Note_off_c, 4, 71, 64
6, 27676, Note_off_c, 4, 62, 64
6, 27676, Note_off_c, 4, 67, 64
6, 27839, Note_on_c, 4, 62, 95
6, 27840, Note_on_c, 4, 67, 95
6, 27840, Note_on_c, 4, 71, 95
6, 27867, Note_off_c, 4, 62, 64
6, 27868, Note_off_c, 4, 67, 64
6, 27868, Note_off_c, 4, 71, 64
6, 28031, Note_on_c, 4, 62, 95
6, 28031, Note_on_c, 4, 67, 95
6, 28031, Note_on_c, 4, 71, 95
6, 28059, Note_off_c, 4, 62, 64
6, 28063, Note_off_c, 4, 67, 64
6, 28063, Note_off_c, 4, 71, 64
6, 28223, Note_on_c, 4, 62, 95
6, 28223, Note_on_c, 4, 67, 95
6, 28223, Note_on_c, 4, 71, 95
6, 28251, Note_off_c, 4, 62, 64
6, 28255, Note_off_c, 4, 67, 64
6, 28255, Note_off_c, 4, 71, 64
6, 28415, Note_on_c, 4, 62, 95
6, 28631, Note_off_c, 4, 62, 64
6, 28631, End_track
7, 0, Start_track
7, 0, MIDI_port, 0
7, 0, Title_t, "String              "
7, 0, Program_c, 7, 49
7, 0, Control_c, 7, 10, 90
7, 0, Control_c, 7, 0, 0
7, 0, Control_c, 7, 1, 0
7, 8, Control_c, 7, 91, 127
7, 8, Control_c, 7, 93, 14
7, 24, Control_c, 7, 7, 1
7, 48, Control_c, 7, 7, 2
7, 72, Control_c, 7, 7, 3
7, 96, Control_c, 7, 7, 5
7, 120, Control_c, 7, 7, 6
7, 144, Control_c, 7, 7, 7
7, 168, Control_c, 7, 7, 9
7, 192, Control_c, 7, 7, 10
7, 216, Control_c, 7, 7, 11
7, 240, Control_c, 7, 7, 12
7, 264, Control_c, 7, 7, 14
7, 288, Control_c, 7, 7, 15
7, 312, Control_c, 7, 7, 16
7, 336, Control_c, 7, 7, 18
7, 360, Control_c, 7, 7, 19
7, 384, Control_c, 7, 7, 20
7, 408, Control_c, 7, 7, 21
7, 432, Control_c, 7, 7, 23
7, 456, Control_c, 7, 7, 24
7, 480, Control_c, 7, 7, 25
7, 504, Control_c, 7, 7, 27
7, 528, Control_c, 7, 7, 28
7, 552, Control_c, 7, 7, 29
7, 576, Control_c, 7, 7, 31
7, 600, Control_c, 7, 7, 32
7, 624, Control_c, 7, 7, 33
7, 648, Control_c, 7, 7, 34
7, 672, Control_c, 7, 7, 36
7, 696, Control_c, 7, 7, 37
7, 720, Control_c, 7, 7, 38
7, 744, Control_c, 7, 7, 40
7, 768, Control_c, 7, 7, 41
7, 768, Note_on_c, 7, 59, 79
7, 768, Note_on_c, 7, 50, 79
7, 768, Note_on_c, 7, 67, 79
7, 792, Control_c, 7, 7, 42
7, 816, Control_c, 7, 7, 43
7, 840, Control_c, 7, 7, 45
7, 864, Control_c, 7, 7, 46
7, 888, Control_c, 7, 7, 47
7, 912, Control_c, 7, 7, 49
7, 936, Control_c, 7, 7, 50
7, 960, Control_c, 7, 7, 51
7, 984, Control_c, 7, 7, 52
7, 1008, Control_c, 7, 7, 54
7, 1032, Control_c, 7, 7, 55
7, 1056, Control_c, 7, 7, 56
7, 1080, Control_c, 7, 7, 58
7, 1104, Control_c, 7, 7, 59
7, 1128, Control_c, 7, 7, 60
7, 1152, Control_c, 7, 7, 62
7, 1176, Control_c, 7, 7, 63
7, 1200, Control_c, 7, 7, 64
7, 1224, Control_c, 7, 7, 65
7, 1248, Control_c, 7, 7, 67
7, 1272, Control_c, 7, 7, 68
7, 1296, Control_c, 7, 7, 69
7, 1320, Control_c, 7, 7, 71
7, 1344, Control_c, 7, 7, 72
7, 1368, Control_c, 7, 7, 73
7, 1392, Control_c, 7, 7, 74
7, 1416, Control_c, 7, 7, 76
7, 1440, Control_c, 7, 7, 77
7, 1464, Control_c, 7, 7, 78
7, 1488, Control_c, 7, 7, 80
7, 1512, Control_c, 7, 7, 81
7, 1536, Control_c, 7, 7, 82
7, 1560, Control_c, 7, 7, 83
7, 1584, Control_c, 7, 7, 85
7, 1608, Control_c, 7, 7, 86
7, 1632, Control_c, 7, 7, 87
7, 1656, Control_c, 7, 7, 89
7, 1680, Control_c, 7, 7, 90
7, 1704, Control_c, 7, 7, 91
7, 1728, Control_c, 7, 7, 93
7, 3072, Note_off_c, 7, 59, 64
7, 3072, Note_off_c, 7, 50, 64
7, 3072, Note_off_c, 7, 67, 64
7, 8440, Note_on_c, 7, 50, 81
7, 8440, Note_on_c, 7, 67, 81
7, 8444, Note_on_c, 7, 71, 81
7, 8448, Note_on_c, 7, 62, 81
7, 8616, Note_on_c, 7, 55, 81
7, 8780, Note_on_c, 7, 59, 81
7, 9088, Note_off_c, 7, 62, 64
7, 9120, Note_off_c, 7, 55, 64
7, 9184, Note_on_c, 7, 69, 81
7, 9192, Note_off_c, 7, 59, 64
7, 9192, Note_on_c, 7, 52, 81
7, 9196, Note_on_c, 7, 64, 81
7, 9212, Note_on_c, 7, 57, 81
7, 9216, Note_off_c, 7, 67, 64
7, 9216, Note_off_c, 7, 71, 64
7, 9220, Note_off_c, 7, 50, 64
7, 9236, Note_on_c, 7, 72, 81
7, 9260, Note_on_c, 7, 60, 81
7, 9512, Note_on_c, 7, 50, 81
7, 9532, Note_off_c, 7, 52, 64
7, 9548, Note_off_c, 7, 60, 64
7, 9552, Note_on_c, 7, 66, 81
7, 9568, Note_off_c, 7, 57, 64
7, 9572, Note_on_c, 7, 54, 81
7, 9576, Note_off_c, 7, 64, 64
7, 9592, Note_off_c, 7, 72, 64
7, 9616, Note_on_c, 7, 62, 81
7, 9628, Note_on_c, 7, 57, 81
7, 9948, Note_off_c, 7, 57, 64
7, 9960, Note_off_c, 7, 66, 64
7, 9964, Note_on_c, 7, 55, 81
7, 9968, Note_off_c, 7, 54, 64
7, 9972, Note_on_c, 7, 67, 81
7, 9972, Note_on_c, 7, 71, 81
7, 9980, Note_on_c, 7, 59, 81
7, 10004, Note_off_c, 7, 69, 64
7, 10196, Note_off_c, 7, 62, 64
7, 10332, Note_on_c, 7, 63, 81
7, 10344, Note_off_c, 7, 50, 64
7, 10344, Note_on_c, 7, 51, 81
7, 10720, Note_off_c, 7, 63, 64
7, 10748, Note_on_c, 7, 48, 81
7, 10752, Note_off_c, 7, 67, 64
7, 10768, Note_on_c, 7, 64, 81
7, 10772, Note_on_c, 7, 60, 81
7, 10776, Note_off_c, 7, 71, 64
7, 10776, Note_off_c, 7, 51, 64
7, 10780, Note_off_c, 7, 59, 64
7, 10796, Note_off_c, 7, 55, 64
7, 11068, Note_off_c, 7, 60, 64
7, 11112, Note_on_c, 7, 49, 81
7, 11116, Note_on_c, 7, 61, 81
7, 11160, Note_off_c, 7, 48, 64
7, 11180, Note_off_c, 7, 64, 64
7, 11404, Note_on_c, 7, 66, 81
7, 11452, Note_off_c, 7, 61, 64
7, 11460, Note_on_c, 7, 54, 81
7, 11480, Note_on_c, 7, 62, 81
7, 11500, Note_on_c, 7, 59, 81
7, 11504, Note_off_c, 7, 49, 64
7, 11508, Note_on_c, 7, 71, 81
7, 11540, Note_on_c, 7, 50, 81
7, 11824, Note_off_c, 7, 62, 64
7, 11844, Note_on_c, 7, 64, 81
7, 11848, Note_on_c, 7, 67, 81
7, 11868, Note_off_c, 7, 66, 64
7, 11896, Note_off_c, 7, 54, 64
7, 11916, Note_on_c, 7, 55, 81
7, 11924, Note_on_c, 7, 52, 81
7, 11928, Note_off_c, 7, 50, 64
7, 12192, Note_on_c, 7, 69, 81
7, 12200, Note_on_c, 7, 72, 81
7, 12236, Note_off_c, 7, 55, 64
7, 12252, Note_off_c, 7, 71, 64
7, 12256, Note_off_c, 7, 59, 64
7, 12268, Note_off_c, 7, 67, 64
7, 12300, Note_on_c, 7, 57, 81
7, 12304, Note_on_c, 7, 60, 81
7, 12588, Note_on_c, 7, 50, 81
7, 12592, Note_off_c, 7, 52, 64
7, 12608, Note_on_c, 7, 66, 81
7, 12632, Note_off_c, 7, 60, 64
7, 12636, Note_on_c, 7, 54, 81
7, 12640, Note_off_c, 7, 57, 64
7, 12660, Note_off_c, 7, 64, 64
7, 12660, Note_off_c, 7, 72, 64
7, 12664, Note_on_c, 7, 62, 81
7, 12684, Note_on_c, 7, 57, 81
7, 12984, Note_off_c, 7, 57, 64
7, 13008, Note_off_c, 7, 66, 64
7, 13012, Note_on_c, 7, 55, 81
7, 13020, Note_on_c, 7, 71, 81
7, 13028, Note_on_c, 7, 67, 81
7, 13032, Note_on_c, 7, 59, 81
7, 13048, Note_off_c, 7, 54, 64
7, 13056, Note_off_c, 7, 69, 64
7, 13260, Note_off_c, 7, 62, 64
7, 13336, Note_on_c, 7, 64, 81
7, 13340, Note_off_c, 7, 59, 64
7, 13396, Note_on_c, 7, 52, 81
7, 13404, Note_on_c, 7, 72, 81
7, 13408, Note_on_c, 7, 60, 81
7, 13456, Note_off_c, 7, 50, 64
7, 13460, Note_off_c, 7, 71, 64
7, 13708, Note_on_c, 7, 71, 81
7, 13728, Note_off_c, 7, 72, 64
7, 13732, Note_off_c, 7, 60, 64
7, 13752, Note_off_c, 7, 64, 64
7, 13772, Note_off_c, 7, 52, 64
7, 13780, Note_on_c, 7, 50, 81
7, 13788, Note_on_c, 7, 59, 81
7, 13788, Note_on_c, 7, 62, 81
7, 14120, Note_on_c, 7, 70, 81
7, 14124, Note_off_c, 7, 67, 64
7, 14160, Note_on_c, 7, 65, 81
7, 14200, Note_off_c, 7, 71, 64
7, 14204, Note_off_c, 7, 55, 64
7, 14216, Note_on_c, 7, 53, 81
7, 14256, Note_off_c, 7, 59, 64
7, 14480, Note_off_c, 7, 50, 64
7, 14544, Note_off_c, 7, 53, 64
7, 14560, Note_off_c, 7, 65, 64
7, 14580, Note_on_c, 7, 55, 81
7, 14584, Note_on_c, 7, 51, 81
7, 14592, Note_off_c, 7, 62, 64
7, 14600, Note_on_c, 7, 67, 81
7, 14676, Note_on_c, 7, 58, 81
7, 14836, Note_on_c, 7, 63, 81
7, 16032, Note_off_c, 7, 51, 64
7, 16060, Note_off_c, 7, 67, 64
7, 16064, Note_off_c, 7, 55, 64
7, 16080, Note_on_c, 7, 68, 81
7, 16096, Note_off_c, 7, 63, 64
7, 16104, Note_on_c, 7, 53, 81
7, 16108, Note_off_c, 7, 58, 64
7, 16116, Note_on_c, 7, 72, 81
7, 16124, Note_on_c, 7, 65, 81
7, 16144, Note_on_c, 7, 60, 81
7, 16148, Note_on_c, 7, 56, 81
7, 16152, Note_off_c, 7, 70, 64
7, 16412, Note_off_c, 7, 68, 64
7, 16428, Note_on_c, 7, 70, 81
7, 16432, Note_off_c, 7, 53, 64
7, 16448, Note_on_c, 7, 67, 81
7, 16460, Note_off_c, 7, 65, 64
7, 16460, Note_off_c, 7, 56, 64
7, 16468, Note_on_c, 7, 55, 81
7, 16472, Note_off_c, 7, 60, 64
7, 16476, Note_on_c, 7, 52, 81
7, 16496, Note_on_c, 7, 62, 81
7, 16500, Note_on_c, 7, 64, 81
7, 16516, Note_off_c, 7, 72, 64
7, 16544, Note_off_c, 7, 62, 64
7, 16804, Note_off_c, 7, 64, 64
7, 16808, Note_on_c, 7, 60, 81
7, 16844, Note_off_c, 7, 55, 64
7, 16848, Note_off_c, 7, 67, 64
7, 16848, Note_on_c, 7, 65, 81
7, 16852, Note_on_c, 7, 72, 81
7, 16860, Note_off_c, 7, 52, 64
7, 16876, Note_on_c, 7, 53, 81
7, 16884, Note_on_c, 7, 68, 81
7, 16896, Note_on_c, 7, 56, 81
7, 16948, Note_off_c, 7, 70, 64
7, 17200, Note_on_c, 7, 70, 81
7, 17208, Note_off_c, 7, 56, 64
7, 17220, Note_on_c, 7, 74, 81
7, 17228, Note_off_c, 7, 72, 64
7, 17268, Note_off_c, 7, 60, 64
7, 17300, Note_off_c, 7, 68, 64
7, 17328, Note_on_c, 7, 58, 81
7, 17424, Note_on_c, 7, 62, 81
7, 17496, Note_off_c, 7, 53, 64
7, 17636, Note_on_c, 7, 51, 81
7, 17648, Note_off_c, 7, 58, 64
7, 17652, Note_off_c, 7, 74, 64
7, 17652, Note_off_c, 7, 62, 64
7, 17660, Note_off_c, 7, 65, 64
7, 17676, Note_on_c, 7, 67, 81
7, 17728, Note_on_c, 7, 55, 81
7, 18372, Note_off_c, 7, 70, 64
7, 18384, Note_on_c, 7, 72, 81
7, 18396, Note_on_c, 7, 60, 81
7, 18608, Note_on_c, 7, 63, 81
7, 18776, Note_off_c, 7, 55, 64
7, 18780, Note_off_c, 7, 67, 64
7, 18796, Note_on_c, 7, 50, 81
7, 18800, Note_on_c, 7, 66, 81
7, 18816, Note_off_c, 7, 51, 64
7, 18828, Note_off_c, 7, 72, 64
7, 18832, Note_off_c, 7, 63, 64
7, 18844, Note_off_c, 7, 60, 64
7, 18904, Note_on_c, 7, 54, 81
7, 19180, Note_off_c, 7, 54, 64
7, 19192, Note_on_c, 7, 59, 81
7, 19192, Note_on_c, 7, 55, 81
7, 19200, Note_on_c, 7, 67, 81
7, 19256, Note_off_c, 7, 66, 64
7, 19936, Note_off_c, 7, 55, 64
7, 19956, Note_off_c, 7, 59, 64
7, 19964, Note_on_c, 7, 54, 81
7, 20688, Note_off_c, 7, 67, 64
7, 20704, Note_off_c, 7, 54, 64
7, 20728, Note_on_c, 7, 67, 81
7, 20728, Note_on_c, 7, 62, 81
7, 20732, Note_on_c, 7, 55, 81
7, 20732, Note_on_c, 7, 59, 81
7, 21420, Note_off_c, 7, 55, 64
7, 21436, Note_on_c, 7, 52, 81
7, 21448, Note_off_c, 7, 59, 64
7, 21456, Note_off_c, 7, 62, 64
7, 21484, Note_off_c, 7, 50, 64
7, 21484, Note_on_c, 7, 71, 81
7, 21488, Note_on_c, 7, 64, 81
7, 21492, Note_on_c, 7, 69, 81
7, 21504, Note_off_c, 7, 67, 64
7, 21504, Note_on_c, 7, 60, 81
7, 21504, Note_on_c, 7, 57, 81
7, 21636, Note_off_c, 7, 69, 64
7, 21636, Note_on_c, 7, 69, 81
7, 21660, Note_off_c, 7, 71, 64
7, 21900, Note_on_c, 7, 66, 81
7, 21924, Note_off_c, 7, 69, 64
7, 21936, Note_on_c, 7, 54, 81
7, 21944, Note_off_c, 7, 60, 64
7, 21948, Note_off_c, 7, 64, 64
7, 21948, Note_off_c, 7, 57, 64
7, 21948, Note_on_c, 7, 50, 81
7, 21952, Note_off_c, 7, 52, 64
7, 22104, Note_on_c, 7, 62, 81
7, 22152, Note_off_c, 7, 66, 64
7, 22264, Note_off_c, 7, 54, 64
7, 22272, Note_on_c, 7, 59, 81
7, 22280, Note_on_c, 7, 67, 81
7, 22288, Note_off_c, 7, 62, 64
7, 22288, Note_on_c, 7, 55, 81
7, 22352, Note_off_c, 7, 50, 64
7, 22620, Note_on_c, 7, 51, 81
7, 22632, Note_on_c, 7, 63, 81
7, 22644, Note_off_c, 7, 67, 64
7, 23012, Note_off_c, 7, 51, 64
7, 23016, Note_on_c, 7, 48, 81
7, 23016, Note_on_c, 7, 64, 81
7, 23020, Note_off_c, 7, 63, 64
7, 23020, Note_on_c, 7, 60, 81
7, 23028, Note_off_c, 7, 59, 64
7, 23032, Note_off_c, 7, 55, 64
7, 23392, Note_on_c, 7, 49, 81
7, 23392, Note_on_c, 7, 61, 81
7, 23412, Note_off_c, 7, 64, 64
7, 23468, Note_off_c, 7, 60, 64
7, 23784, Note_off_c, 7, 49, 64
7, 23784, Note_on_c, 7, 62, 81
7, 23804, Note_off_c, 7, 61, 64
7, 23824, Note_on_c, 7, 50, 81
7, 23832, Note_off_c, 7, 48, 64
7, 24180, Note_off_c, 7, 50, 64
7, 24204, Note_on_c, 7, 64, 81
7, 24208, Note_on_c, 7, 52, 81
7, 24232, Note_off_c, 7, 62, 64
7, 24560, Note_on_c, 7, 57, 81
7, 24560, Note_on_c, 7, 69, 81
7, 24624, Note_off_c, 7, 64, 64
7, 24916, Note_off_c, 7, 52, 64
7, 24936, Note_on_c, 7, 50, 81
7, 24948, Note_on_c, 7, 62, 81
7, 24948, Note_on_c, 7, 66, 81
7, 24960, Note_on_c, 7, 54, 81
7, 24980, Note_off_c, 7, 57, 64
7, 24988, Note_off_c, 7, 69, 64
7, 25312, Note_off_c, 7, 54, 64
7, 25316, Note_on_c, 7, 55, 81
7, 25316, Note_on_c, 7, 67, 81
7, 25320, Note_on_c, 7, 59, 81
7, 25336, Note_off_c, 7, 62, 64
7, 25336, Note_off_c, 7, 66, 64
7, 25604, Note_off_c, 7, 50, 64
7, 25704, Note_on_c, 7, 63, 81
7, 25708, Note_off_c, 7, 55, 64
7, 25708, Note_off_c, 7, 67, 64
7, 25708, Note_on_c, 7, 48, 81
7, 25712, Note_off_c, 7, 59, 64
7, 25712, Note_on_c, 7, 60, 81
7, 25716, Note_on_c, 7, 69, 81
7, 26080, Note_off_c, 7, 63, 64
7, 26088, Note_on_c, 7, 67, 81
7, 26104, Note_off_c, 7, 69, 64
7, 26104, Note_on_c, 7, 62, 81
7, 26108, Note_off_c, 7, 60, 64
7, 26112, Note_off_c, 7, 48, 64
7, 26124, Note_on_c, 7, 52, 81
7, 26420, Note_off_c, 7, 62, 64
7, 26468, Note_on_c, 7, 48, 81
7, 26468, Note_on_c, 7, 60, 81
7, 26472, Note_off_c, 7, 52, 64
7, 26472, Note_on_c, 7, 63, 81
7, 26484, Note_on_c, 7, 69, 81
7, 26540, Note_off_c, 7, 67, 64
7, 26844, Note_on_c, 7, 64, 81
7, 26852, Note_off_c, 7, 63, 64
7, 26948, Note_on_c, 7, 52, 81
7, 27072, Note_on_c, 7, 57, 81
7, 27452, Note_off_c, 7, 52, 64
7, 27472, Note_off_c, 7, 48, 64
7, 27512, Note_off_c, 7, 57, 64
7, 27568, Note_off_c, 7, 60, 64
7, 27640, Note_off_c, 7, 69, 64
7, 27660, Note_off_c, 7, 64, 64
7, 27688, Note_on_c, 7, 67, 81
7, 27688, Note_on_c, 7, 71, 81
7, 27692, Note_on_c, 7, 59, 81
7, 27692, Note_on_c, 7, 62, 81
7, 27700, Note_on_c, 7, 50, 81
7, 28608, Note_off_c, 7, 59, 64
7, 28608, Note_off_c, 7, 62, 64
7, 28608, Note_on_c, 7, 59, 81
7, 28608, Note_on_c, 7, 62, 81
7, 29376, Note_off_c, 7, 67, 64
7, 29376, Note_off_c, 7, 71, 64
7, 29376, Note_off_c, 7, 50, 64
7, 29376, Note_off_c, 7, 59, 65
7, 29376, Note_off_c, 7, 62, 65
7, 29376, End_track
8, 0, Start_track
8, 0, MIDI_port, 0
8, 0, Title_t, "Piano               "
8, 0, Program_c, 6, 0
8, 0, Control_c, 6, 10, 27
8, 0, Control_c, 6, 1, 0
8, 0, Control_c, 6, 0, 0
8, 0, Control_c, 6, 64, 127
8, 0, Control_c, 6, 91, 110
8, 24, Control_c, 6, 1, 1
8, 48, Control_c, 6, 1, 2
8, 72, Control_c, 6, 1, 3
8, 96, Control_c, 6, 1, 5
8, 120, Control_c, 6, 1, 6
8, 144, Control_c, 6, 1, 7
8, 168, Control_c, 6, 1, 8
8, 192, Control_c, 6, 1, 10
8, 768, Note_on_c, 6, 71, 95
8, 844, Note_off_c, 6, 71, 64
8, 864, Note_on_c, 6, 74, 95
8, 940, Note_off_c, 6, 74, 64
8, 960, Note_on_c, 6, 79, 95
8, 1036, Note_off_c, 6, 79, 64
8, 1056, Note_on_c, 6, 74, 95
8, 1132, Note_off_c, 6, 74, 64
8, 1152, Note_on_c, 6, 71, 95
8, 1228, Note_off_c, 6, 71, 64
8, 1248, Note_on_c, 6, 74, 95
8, 1324, Note_off_c, 6, 74, 64
8, 1344, Note_on_c, 6, 79, 95
8, 1420, Note_off_c, 6, 79, 64
8, 1440, Note_on_c, 6, 74, 95
8, 1516, Note_off_c, 6, 74, 64
8, 1536, Note_on_c, 6, 71, 95
8, 1612, Note_off_c, 6, 71, 64
8, 1632, Note_on_c, 6, 74, 95
8, 1708, Note_off_c, 6, 74, 64
8, 1728, Note_on_c, 6, 79, 95
8, 1804, Note_off_c, 6, 79, 64
8, 1824, Note_on_c, 6, 74, 95
8, 1900, Note_off_c, 6, 74, 64
8, 1920, Note_on_c, 6, 71, 95
8, 1996, Note_off_c, 6, 71, 64
8, 2016, Note_on_c, 6, 74, 95
8, 2092, Note_off_c, 6, 74, 64
8, 2112, Note_on_c, 6, 79, 95
8, 2188, Note_off_c, 6, 79, 64
8, 2208, Note_on_c, 6, 74, 95
8, 2284, Note_off_c, 6, 74, 64
8, 2304, Note_on_c, 6, 71, 95
8, 2380, Note_off_c, 6, 71, 64
8, 2400, Note_on_c, 6, 74, 95
8, 2476, Note_off_c, 6, 74, 64
8, 2496, Note_on_c, 6, 79, 95
8, 2572, Note_off_c, 6, 79, 64
8, 2592, Note_on_c, 6, 74, 95
8, 2668, Note_off_c, 6, 74, 64
8, 2688, Note_on_c, 6, 71, 95
8, 2764, Note_off_c, 6, 71, 64
8, 2784, Note_on_c, 6, 74, 95
8, 2860, Note_off_c, 6, 74, 64
8, 2880, Note_on_c, 6, 79, 95
8, 2952, Note_off_c, 6, 79, 64
8, 2976, Note_on_c, 6, 74, 95
8, 3052, Note_off_c, 6, 74, 64
8, 3072, Note_on_c, 6, 72, 95
8, 3148, Note_off_c, 6, 72, 64
8, 3168, Note_on_c, 6, 74, 95
8, 3244, Note_off_c, 6, 74, 64
8, 3264, Note_on_c, 6, 79, 95
8, 3340, Note_off_c, 6, 79, 64
8, 3360, Note_on_c, 6, 74, 95
8, 3436, Note_off_c, 6, 74, 64
8, 3456, Note_on_c, 6, 72, 95
8, 3532, Note_off_c, 6, 72, 64
8, 3552, Note_on_c, 6, 74, 95
8, 3628, Note_off_c, 6, 74, 64
8, 3648, Note_on_c, 6, 78, 95
8, 3724, Note_off_c, 6, 78, 64
8, 3744, Note_on_c, 6, 74, 95
8, 3820, Note_off_c, 6, 74, 64
8, 3840, Note_on_c, 6, 79, 95
8, 3916, Note_off_c, 6, 79, 64
8, 3936, Note_on_c, 6, 74, 95
8, 4012, Note_off_c, 6, 74, 64
8, 4032, Note_on_c, 6, 83, 95
8, 4108, Note_off_c, 6, 83, 64
8, 4128, Note_on_c, 6, 74, 95
8, 4204, Note_off_c, 6, 74, 64
8, 4224, Note_on_c, 6, 75, 95
8, 4300, Note_off_c, 6, 75, 64
8, 4320, Note_on_c, 6, 75, 95
8, 4396, Note_off_c, 6, 75, 64
8, 4416, Note_on_c, 6, 83, 95
8, 4492, Note_off_c, 6, 83, 64
8, 4512, Note_on_c, 6, 74, 95
8, 4588, Note_off_c, 6, 74, 64
8, 4608, Note_on_c, 6, 76, 95
8, 4684, Note_off_c, 6, 76, 64
8, 4704, Note_on_c, 6, 76, 95
8, 4780, Note_off_c, 6, 76, 64
8, 4800, Note_on_c, 6, 79, 95
8, 4876, Note_off_c, 6, 79, 64
8, 4896, Note_on_c, 6, 76, 95
8, 4972, Note_off_c, 6, 76, 64
8, 4992, Note_on_c, 6, 73, 95
8, 5068, Note_off_c, 6, 73, 64
8, 5088, Note_on_c, 6, 76, 95
8, 5164, Note_off_c, 6, 76, 64
8, 5184, Note_on_c, 6, 79, 95
8, 5260, Note_off_c, 6, 79, 64
8, 5280, Note_on_c, 6, 76, 95
8, 5356, Note_off_c, 6, 76, 64
8, 5376, Note_on_c, 6, 78, 95
8, 5452, Note_off_c, 6, 78, 64
8, 5472, Note_on_c, 6, 74, 95
8, 5548, Note_off_c, 6, 74, 64
8, 5568, Note_on_c, 6, 78, 95
8, 5644, Note_off_c, 6, 78, 64
8, 5664, Note_on_c, 6, 74, 95
8, 5740, Note_off_c, 6, 74, 64
8, 5760, Note_on_c, 6, 76, 95
8, 5836, Note_off_c, 6, 76, 64
8, 5856, Note_on_c, 6, 74, 95
8, 5932, Note_off_c, 6, 74, 64
8, 5952, Note_on_c, 6, 76, 95
8, 6028, Note_off_c, 6, 76, 64
8, 6048, Note_on_c, 6, 74, 95
8, 6124, Note_off_c, 6, 74, 64
8, 6144, Note_on_c, 6, 72, 95
8, 6144, Note_on_c, 6, 76, 95
8, 6144, Note_on_c, 6, 81, 95
8, 6444, Note_off_c, 6, 72, 64
8, 6444, Note_off_c, 6, 81, 64
8, 6448, Note_off_c, 6, 76, 64
8, 6528, Note_on_c, 6, 74, 95
8, 6528, Note_on_c, 6, 78, 95
8, 6528, Note_on_c, 6, 81, 95
8, 6828, Note_off_c, 6, 74, 64
8, 6828, Note_off_c, 6, 81, 64
8, 6832, Note_off_c, 6, 78, 64
8, 7008, Note_on_c, 6, 67, 95
8, 7044, Note_off_c, 6, 67, 64
8, 7056, Note_on_c, 6, 62, 95
8, 7092, Note_off_c, 6, 62, 64
8, 7104, Note_on_c, 6, 71, 95
8, 7140, Note_off_c, 6, 71, 64
8, 7152, Note_on_c, 6, 69, 95
8, 7192, Note_off_c, 6, 69, 64
8, 7200, Note_on_c, 6, 67, 95
8, 7288, Note_off_c, 6, 67, 64
8, 7296, Note_on_c, 6, 66, 95
8, 7448, Note_off_c, 6, 66, 64
8, 7488, Note_on_c, 6, 64, 95
8, 7640, Note_off_c, 6, 64, 64
8, 7680, Note_on_c, 6, 60, 95
8, 7680, Note_on_c, 6, 64, 95
8, 7752, Note_off_c, 6, 60, 64
8, 7752, Note_off_c, 6, 64, 64
8, 7776, Note_on_c, 6, 62, 95
8, 7776, Note_on_c, 6, 66, 95
8, 7848, Note_off_c, 6, 66, 64
8, 7852, Note_off_c, 6, 62, 64
8, 7872, Note_on_c, 6, 64, 95
8, 7872, Note_on_c, 6, 67, 95
8, 7948, Note_off_c, 6, 64, 64
8, 7948, Note_off_c, 6, 67, 64
8, 7968, Note_on_c, 6, 66, 95
8, 7968, Note_on_c, 6, 69, 95
8, 8040, Note_off_c, 6, 69, 64
8, 8044, Note_off_c, 6, 66, 64
8, 8064, Note_on_c, 6, 67, 95
8, 8064, Note_on_c, 6, 71, 95
8, 8136, Note_off_c, 6, 71, 64
8, 8140, Note_off_c, 6, 67, 64
8, 8160, Note_on_c, 6, 69, 95
8, 8160, Note_on_c, 6, 72, 95
8, 8232, Note_off_c, 6, 72, 64
8, 8236, Note_off_c, 6, 69, 64
8, 8256, Note_on_c, 6, 71, 95
8, 8256, Note_on_c, 6, 74, 95
8, 8328, Note_off_c, 6, 74, 64
8, 8332, Note_off_c, 6, 71, 64
8, 8352, Note_on_c, 6, 73, 95
8, 8352, Note_on_c, 6, 76, 95
8, 8424, Note_off_c, 6, 76, 64
8, 8428, Note_off_c, 6, 73, 64
8, 8448, Note_on_c, 6, 71, 95
8, 8448, Note_on_c, 6, 74, 95
8, 8449, Note_on_c, 6, 79, 95
8, 8744, Note_off_c, 6, 71, 64
8, 8745, Note_off_c, 6, 79, 64
8, 8748, Note_off_c, 6, 74, 64
8, 8832, Note_on_c, 6, 71, 95
8, 8832, Note_on_c, 6, 74, 95
8, 8832, Note_on_c, 6, 79, 95
8, 9136, Note_off_c, 6, 71, 64
8, 9136, Note_off_c, 6, 79, 64
8, 9140, Note_off_c, 6, 74, 64
8, 9216, Note_on_c, 6, 72, 95
8, 9216, Note_on_c, 6, 76, 95
8, 9216, Note_on_c, 6, 81, 95
8, 9516, Note_off_c, 6, 72, 64
8, 9516, Note_off_c, 6, 81, 64
8, 9520, Note_off_c, 6, 76, 64
8, 9600, Note_on_c, 6, 74, 95
8, 9600, Note_on_c, 6, 78, 95
8, 9600, Note_on_c, 6, 81, 95
8, 9904, Note_off_c, 6, 74, 64
8, 9904, Note_off_c, 6, 78, 64
8, 9904, Note_off_c, 6, 81, 64
8, 9984, Note_on_c, 6, 74, 95
8, 9984, Note_on_c, 6, 79, 95
8, 9985, Note_on_c, 6, 83, 95
8, 10280, Note_off_c, 6, 74, 64
8, 10281, Note_off_c, 6, 83, 64
8, 10284, Note_off_c, 6, 79, 64
8, 10368, Note_on_c, 6, 83, 95
8, 10672, Note_off_c, 6, 83, 64
8, 10752, Note_on_c, 6, 72, 95
8, 10752, Note_on_c, 6, 76, 95
8, 10752, Note_on_c, 6, 79, 95
8, 11056, Note_off_c, 6, 72, 64
8, 11056, Note_off_c, 6, 79, 64
8, 11060, Note_off_c, 6, 76, 64
8, 11136, Note_on_c, 6, 73, 95
8, 11136, Note_on_c, 6, 76, 95
8, 11136, Note_on_c, 6, 79, 95
8, 11440, Note_off_c, 6, 73, 64
8, 11440, Note_off_c, 6, 79, 64
8, 11444, Note_off_c, 6, 76, 64
8, 11520, Note_on_c, 6, 74, 95
8, 11520, Note_on_c, 6, 78, 95
8, 11520, Note_on_c, 6, 83, 95
8, 11820, Note_off_c, 6, 74, 64
8, 11820, Note_off_c, 6, 83, 64
8, 11824, Note_off_c, 6, 78, 64
8, 11904, Note_on_c, 6, 76, 95
8, 11904, Note_on_c, 6, 79, 95
8, 11904, Note_on_c, 6, 83, 95
8, 12208, Note_off_c, 6, 76, 64
8, 12208, Note_off_c, 6, 79, 64
8, 12208, Note_off_c, 6, 83, 64
8, 12288, Note_on_c, 6, 76, 95
8, 12288, Note_on_c, 6, 81, 95
8, 12288, Note_on_c, 6, 84, 95
8, 12592, Note_off_c, 6, 81, 64
8, 12596, Note_off_c, 6, 76, 64
8, 12596, Note_off_c, 6, 84, 64
8, 12672, Note_on_c, 6, 74, 95
8, 12672, Note_on_c, 6, 78, 95
8, 12672, Note_on_c, 6, 81, 95
8, 12976, Note_off_c, 6, 74, 64
8, 12976, Note_off_c, 6, 81, 64
8, 12980, Note_off_c, 6, 78, 64
8, 13056, Note_on_c, 6, 71, 95
8, 13056, Note_on_c, 6, 74, 95
8, 13056, Note_on_c, 6, 79, 95
8, 13204, Note_off_c, 6, 74, 64
8, 13204, Note_off_c, 6, 79, 64
8, 13208, Note_off_c, 6, 71, 64
8, 13248, Note_on_c, 6, 69, 95
8, 13288, Note_off_c, 6, 69, 64
8, 13296, Note_on_c, 6, 71, 95
8, 13336, Note_off_c, 6, 71, 64
8, 13344, Note_on_c, 6, 74, 95
8, 13380, Note_off_c, 6, 74, 64
8, 13392, Note_on_c, 6, 79, 95
8, 13428, Note_off_c, 6, 79, 64
8, 13440, Note_on_c, 6, 76, 95
8, 13524, Note_off_c, 6, 76, 64
8, 13536, Note_on_c, 6, 67, 95
8, 13572, Note_off_c, 6, 67, 64
8, 13584, Note_on_c, 6, 72, 95
8, 13624, Note_off_c, 6, 72, 64
8, 13632, Note_on_c, 6, 74, 95
8, 13716, Note_off_c, 6, 74, 64
8, 13728, Note_on_c, 6, 72, 95
8, 13812, Note_off_c, 6, 72, 64
8, 13824, Note_on_c, 6, 79, 95
8, 13996, Note_off_c, 6, 79, 64
8, 14016, Note_on_c, 6, 83, 95
8, 14092, Note_off_c, 6, 83, 64
8, 14112, Note_on_c, 6, 81, 95
8, 14188, Note_off_c, 6, 81, 64
8, 14208, Note_on_c, 6, 77, 95
8, 14284, Note_off_c, 6, 77, 64
8, 14304, Note_on_c, 6, 74, 95
8, 14380, Note_off_c, 6, 74, 64
8, 14400, Note_on_c, 6, 80, 95
8, 14476, Note_off_c, 6, 80, 64
8, 14496, Note_on_c, 6, 82, 95
8, 14572, Note_off_c, 6, 82, 64
8, 14592, Note_on_c, 6, 75, 95
8, 14592, Note_on_c, 6, 79, 95
8, 14592, Note_on_c, 6, 82, 95
8, 14892, Note_off_c, 6, 75, 64
8, 14892, Note_off_c, 6, 82, 64
8, 14896, Note_off_c, 6, 79, 64
8, 14976, Note_on_c, 6, 75, 95
8, 14976, Note_on_c, 6, 79, 95
8, 14976, Note_on_c, 6, 82, 95
8, 15280, Note_off_c, 6, 75, 64
8, 15280, Note_off_c, 6, 79, 64
8, 15280, Note_off_c, 6, 82, 64
8, 15360, Note_on_c, 6, 75, 95
8, 15360, Note_on_c, 6, 79, 95
8, 15360, Note_on_c, 6, 82, 95
8, 15660, Note_off_c, 6, 75, 64
8, 15660, Note_off_c, 6, 82, 64
8, 15664, Note_off_c, 6, 79, 64
8, 15744, Note_on_c, 6, 75, 95
8, 15744, Note_on_c, 6, 79, 95
8, 15744, Note_on_c, 6, 82, 95
8, 16048, Note_off_c, 6, 75, 64
8, 16048, Note_off_c, 6, 79, 64
8, 16048, Note_off_c, 6, 82, 64
8, 16128, Note_on_c, 6, 77, 95
8, 16128, Note_on_c, 6, 80, 95
8, 16128, Note_on_c, 6, 84, 95
8, 16432, Note_off_c, 6, 77, 64
8, 16432, Note_off_c, 6, 80, 64
8, 16432, Note_off_c, 6, 84, 64
8, 16512, Note_on_c, 6, 76, 95
8, 16512, Note_on_c, 6, 79, 95
8, 16512, Note_on_c, 6, 82, 95
8, 16816, Note_off_c, 6, 76, 64
8, 16816, Note_off_c, 6, 79, 64
8, 16816, Note_off_c, 6, 82, 64
8, 16896, Note_on_c, 6, 77, 95
8, 16896, Note_on_c, 6, 80, 95
8, 16896, Note_on_c, 6, 84, 95
8, 17200, Note_off_c, 6, 77, 64
8, 17200, Note_off_c, 6, 84, 64
8, 17204, Note_off_c, 6, 80, 64
8, 17280, Note_on_c, 6, 77, 95
8, 17280, Note_on_c, 6, 82, 95
8, 17280, Note_on_c, 6, 86, 95
8, 17580, Note_off_c, 6, 77, 64
8, 17580, Note_off_c, 6, 82, 64
8, 17580, Note_off_c, 6, 86, 64
8, 17664, Note_on_c, 6, 75, 95
8, 17664, Note_on_c, 6, 79, 95
8, 17664, Note_on_c, 6, 82, 95
8, 17968, Note_off_c, 6, 75, 64
8, 17968, Note_off_c, 6, 82, 64
8, 17972, Note_off_c, 6, 79, 64
8, 18048, Note_on_c, 6, 75, 95
8, 18048, Note_on_c, 6, 79, 95
8, 18048, Note_on_c, 6, 82, 95
8, 18352, Note_off_c, 6, 75, 64
8, 18352, Note_off_c, 6, 79, 64
8, 18352, Note_off_c, 6, 82, 64
8, 18432, Note_on_c, 6, 75, 95
8, 18432, Note_on_c, 6, 79, 95
8, 18432, Note_on_c, 6, 84, 95
8, 18736, Note_off_c, 6, 75, 64
8, 18736, Note_off_c, 6, 79, 64
8, 18736, Note_off_c, 6, 84, 64
8, 18816, Note_on_c, 6, 74, 95
8, 18816, Note_on_c, 6, 78, 95
8, 18816, Note_on_c, 6, 81, 95
8, 19120, Note_off_c, 6, 74, 64
8, 19120, Note_off_c, 6, 78, 64
8, 19120, Note_off_c, 6, 81, 64
8, 19200, Note_on_c, 6, 74, 95
8, 19200, Note_on_c, 6, 79, 95
8, 19200, Note_on_c, 6, 83, 95
8, 19504, Note_off_c, 6, 74, 64
8, 19504, Note_off_c, 6, 79, 64
8, 19504, Note_off_c, 6, 83, 64
8, 19584, Note_on_c, 6, 74, 95
8, 19584, Note_on_c, 6, 79, 95
8, 19584, Note_on_c, 6, 83, 95
8, 19888, Note_off_c, 6, 74, 64
8, 19888, Note_off_c, 6, 83, 64
8, 19892, Note_off_c, 6, 79, 64
8, 19968, Note_on_c, 6, 74, 95
8, 19968, Note_on_c, 6, 78, 95
8, 19968, Note_on_c, 6, 81, 95
8, 20272, Note_off_c, 6, 74, 64
8, 20272, Note_off_c, 6, 78, 64
8, 20272, Note_off_c, 6, 81, 64
8, 20352, Note_on_c, 6, 74, 95
8, 20352, Note_on_c, 6, 78, 95
8, 20352, Note_on_c, 6, 81, 95
8, 20656, Note_off_c, 6, 78, 64
8, 20660, Note_off_c, 6, 74, 64
8, 20660, Note_off_c, 6, 81, 64
8, 20736, Note_on_c, 6, 74, 95
8, 20736, Note_on_c, 6, 79, 95
8, 20736, Note_on_c, 6, 83, 95
8, 21040, Note_off_c, 6, 74, 64
8, 21040, Note_off_c, 6, 79, 64
8, 21040, Note_off_c, 6, 83, 64
8, 21120, Note_on_c, 6, 74, 95
8, 21120, Note_on_c, 6, 79, 95
8, 21120, Note_on_c, 6, 83, 95
8, 21424, Note_off_c, 6, 74, 64
8, 21424, Note_off_c, 6, 79, 64
8, 21424, Note_off_c, 6, 83, 64
8, 21504, Note_on_c, 6, 76, 95
8, 21504, Note_on_c, 6, 81, 95
8, 21504, Note_on_c, 6, 84, 95
8, 21804, Note_off_c, 6, 76, 64
8, 21804, Note_off_c, 6, 81, 64
8, 21804, Note_off_c, 6, 84, 64
8, 21888, Note_on_c, 6, 74, 95
8, 21888, Note_on_c, 6, 78, 95
8, 21888, Note_on_c, 6, 81, 95
8, 22192, Note_off_c, 6, 74, 64
8, 22192, Note_off_c, 6, 78, 64
8, 22192, Note_off_c, 6, 81, 64
8, 22272, Note_on_c, 6, 83, 95
8, 22576, Note_off_c, 6, 83, 64
8, 22656, Note_on_c, 6, 75, 95
8, 22656, Note_on_c, 6, 79, 95
8, 22656, Note_on_c, 6, 83, 95
8, 22960, Note_off_c, 6, 75, 64
8, 22960, Note_off_c, 6, 79, 64
8, 22960, Note_off_c, 6, 83, 64
8, 23040, Note_on_c, 6, 79, 95
8, 23344, Note_off_c, 6, 79, 64
8, 23424, Note_on_c, 6, 73, 95
8, 23424, Note_on_c, 6, 76, 95
8, 23424, Note_on_c, 6, 79, 95
8, 23424, Note_on_c, 6, 81, 95
8, 23728, Note_off_c, 6, 73, 64
8, 23728, Note_off_c, 6, 76, 64
8, 23728, Note_off_c, 6, 79, 64
8, 23728, Note_off_c, 6, 81, 64
8, 23808, Note_on_c, 6, 74, 95
8, 23808, Note_on_c, 6, 78, 95
8, 23808, Note_on_c, 6, 83, 95
8, 24112, Note_off_c, 6, 74, 64
8, 24112, Note_off_c, 6, 78, 64
8, 24112, Note_off_c, 6, 83, 64
8, 24192, Note_on_c, 6, 76, 95
8, 24192, Note_on_c, 6, 79, 95
8, 24192, Note_on_c, 6, 83, 95
8, 24496, Note_off_c, 6, 76, 64
8, 24496, Note_off_c, 6, 79, 64
8, 24496, Note_off_c, 6, 83, 64
8, 24576, Note_on_c, 6, 76, 95
8, 24576, Note_on_c, 6, 81, 95
8, 24576, Note_on_c, 6, 84, 95
8, 24880, Note_off_c, 6, 76, 64
8, 24880, Note_off_c, 6, 81, 64
8, 24880, Note_off_c, 6, 84, 64
8, 24960, Note_on_c, 6, 74, 95
8, 24960, Note_on_c, 6, 78, 95
8, 24960, Note_on_c, 6, 81, 95
8, 25260, Note_off_c, 6, 74, 64
8, 25260, Note_off_c, 6, 78, 64
8, 25260, Note_off_c, 6, 81, 64
8, 25344, Note_on_c, 6, 62, 95
8, 25384, Note_off_c, 6, 62, 64
8, 25392, Note_on_c, 6, 59, 95
8, 25428, Note_off_c, 6, 59, 64
8, 25440, Note_on_c, 6, 67, 95
8, 25476, Note_off_c, 6, 67, 64
8, 25488, Note_on_c, 6, 62, 95
8, 25524, Note_off_c, 6, 62, 64
8, 25536, Note_on_c, 6, 74, 95
8, 25576, Note_off_c, 6, 74, 64
8, 25584, Note_on_c, 6, 67, 95
8, 25620, Note_off_c, 6, 67, 64
8, 25632, Note_on_c, 6, 71, 95
8, 25668, Note_off_c, 6, 71, 64
8, 25680, Note_on_c, 6, 67, 95
8, 25724, Note_off_c, 6, 67, 64
8, 25728, Note_on_c, 6, 69, 95
8, 25764, Note_off_c, 6, 69, 64
8, 25776, Note_on_c, 6, 67, 95
8, 25812, Note_off_c, 6, 67, 64
8, 25824, Note_on_c, 6, 64, 95
8, 25860, Note_off_c, 6, 64, 64
8, 25872, Note_on_c, 6, 67, 95
8, 25908, Note_off_c, 6, 67, 64
8, 25920, Note_on_c, 6, 74, 95
8, 25956, Note_off_c, 6, 74, 64
8, 25968, Note_on_c, 6, 67, 95
8, 26004, Note_off_c, 6, 67, 64
8, 26016, Note_on_c, 6, 72, 95
8, 26052, Note_off_c, 6, 72, 64
8, 26064, Note_on_c, 6, 67, 95
8, 26100, Note_off_c, 6, 67, 64
8, 26112, Note_on_c, 6, 62, 95
8, 26148, Note_off_c, 6, 62, 64
8, 26160, Note_on_c, 6, 59, 95
8, 26196, Note_off_c, 6, 59, 64
8, 26208, Note_on_c, 6, 67, 95
8, 26244, Note_off_c, 6, 67, 64
8, 26256, Note_on_c, 6, 62, 95
8, 26292, Note_off_c, 6, 62, 64
8, 26304, Note_on_c, 6, 74, 95
8, 26344, Note_off_c, 6, 74, 64
8, 26352, Note_on_c, 6, 67, 95
8, 26388, Note_off_c, 6, 67, 64
8, 26400, Note_on_c, 6, 71, 95
8, 26436, Note_off_c, 6, 71, 64
8, 26448, Note_on_c, 6, 67, 95
8, 26484, Note_off_c, 6, 67, 64
8, 26496, Note_on_c, 6, 69, 95
8, 26532, Note_off_c, 6, 69, 64
8, 26544, Note_on_c, 6, 67, 95
8, 26580, Note_off_c, 6, 67, 64
8, 26592, Note_on_c, 6, 64, 95
8, 26628, Note_off_c, 6, 64, 64
8, 26640, Note_on_c, 6, 67, 95
8, 26676, Note_off_c, 6, 67, 64
8, 26688, Note_on_c, 6, 74, 95
8, 26728, Note_off_c, 6, 74, 64
8, 26736, Note_on_c, 6, 67, 95
8, 26772, Note_off_c, 6, 67, 64
8, 26784, Note_on_c, 6, 72, 95
8, 26824, Note_off_c, 6, 72, 64
8, 26832, Note_on_c, 6, 67, 95
8, 26868, Note_off_c, 6, 67, 64
8, 26880, Note_on_c, 6, 64, 95
8, 26880, Note_on_c, 6, 69, 95
8, 26880, Note_on_c, 6, 72, 95
8, 27568, Note_off_c, 6, 69, 64
8, 27572, Note_off_c, 6, 64, 64
8, 27572, Note_off_c, 6, 72, 64
8, 27648, Note_on_c, 6, 67, 95
8, 27724, Note_off_c, 6, 67, 64
8, 27744, Note_on_c, 6, 62, 95
8, 27820, Note_off_c, 6, 62, 64
8, 27840, Note_on_c, 6, 67, 95
8, 27916, Note_off_c, 6, 67, 64
8, 27936, Note_on_c, 6, 69, 95
8, 28012, Note_off_c, 6, 69, 64
8, 28032, Note_on_c, 6, 71, 95
8, 28108, Note_off_c, 6, 71, 64
8, 28128, Note_on_c, 6, 62, 95
8, 28128, Note_on_c, 6, 66, 95
8, 28204, Note_off_c, 6, 62, 64
8, 28204, Note_off_c, 6, 66, 64
8, 28224, Note_on_c, 6, 67, 95
8, 28224, Note_on_c, 6, 71, 95
8, 28300, Note_off_c, 6, 67, 64
8, 28300, Note_off_c, 6, 71, 64
8, 28320, Note_on_c, 6, 69, 95
8, 28320, Note_on_c, 6, 72, 95
8, 28396, Note_off_c, 6, 69, 64
8, 28396, Note_off_c, 6, 72, 64
8, 28416, Note_on_c, 6, 59, 95
8, 28416, Note_on_c, 6, 50, 95
8, 28416, Note_on_c, 6, 43, 95
8, 28416, Note_on_c, 6, 62, 95
8, 28416, Note_on_c, 6, 67, 95
8, 28464, Control_c, 6, 7, 96
8, 28488, Control_c, 6, 7, 95
8, 28512, Control_c, 6, 7, 94
8, 28536, Control_c, 6, 7, 93
8, 28560, Control_c, 6, 7, 92
8, 28584, Control_c, 6, 7, 90
8, 28608, Control_c, 6, 7, 89
8, 28632, Control_c, 6, 7, 88
8, 28656, Control_c, 6, 7, 87
8, 28680, Control_c, 6, 7, 86
8, 28704, Control_c, 6, 7, 84
8, 28728, Control_c, 6, 7, 83
8, 28752, Control_c, 6, 7, 82
8, 28776, Control_c, 6, 7, 81
8, 28800, Control_c, 6, 7, 80
8, 28824, Control_c, 6, 7, 78
8, 28848, Control_c, 6, 7, 77
8, 28872, Control_c, 6, 7, 76
8, 28896, Control_c, 6, 7, 75
8, 28920, Control_c, 6, 7, 74
8, 28944, Control_c, 6, 7, 72
8, 28968, Control_c, 6, 7, 71
8, 28992, Control_c, 6, 7, 70
8, 29016, Control_c, 6, 7, 69
8, 29040, Control_c, 6, 7, 68
8, 29040, Note_on_c, 6, 66, 127
8, 29040, Note_on_c, 6, 78, 127
8, 29040, Note_on_c, 6, 90, 127
8, 29064, Control_c, 6, 7, 66
8, 29088, Note_off_c, 6, 66, 64
8, 29088, Note_off_c, 6, 78, 64
8, 29088, Note_off_c, 6, 90, 64
8, 29088, Control_c, 6, 7, 65
8, 29088, Note_on_c, 6, 69, 127
8, 29088, Note_on_c, 6, 81, 127
8, 29088, Note_on_c, 6, 93, 127
8, 29112, Control_c, 6, 7, 64
8, 29136, Note_off_c, 6, 67, 64
8, 29136, Note_off_c, 6, 69, 64
8, 29136, Note_off_c, 6, 81, 64
8, 29136, Note_off_c, 6, 93, 64
8, 29136, Control_c, 6, 7, 63
8, 29136, Note_on_c, 6, 67, 127
8, 29136, Note_on_c, 6, 79, 127
8, 29136, Note_on_c, 6, 91, 127
8, 29160, Control_c, 6, 7, 62
8, 29183, Note_on_c, 6, 78, 127
8, 29184, Note_off_c, 6, 59, 64
8, 29184, Note_off_c, 6, 50, 64
8, 29184, Note_off_c, 6, 43, 64
8, 29184, Note_off_c, 6, 62, 64
8, 29184, Note_off_c, 6, 79, 64
8, 29184, Note_off_c, 6, 91, 64
8, 29184, Control_c, 6, 7, 60
8, 29184, Note_on_c, 6, 66, 127
8, 29185, Note_off_c, 6, 67, 64
8, 29208, Control_c, 6, 7, 59
8, 29232, Control_c, 6, 7, 58
8, 29256, Control_c, 6, 7, 57
8, 29279, Note_off_c, 6, 78, 64
8, 29279, Note_on_c, 6, 74, 127
8, 29280, Note_off_c, 6, 66, 64
8, 29280, Control_c, 6, 7, 55
8, 29280, Note_on_c, 6, 62, 127
8, 29327, Note_off_c, 6, 74, 64
8, 29327, Note_on_c, 6, 71, 127
8, 29328, Note_off_c, 6, 62, 64
8, 29328, Note_on_c, 6, 59, 127
8, 29372, Note_off_c, 6, 59, 64
8, 29374, Note_on_c, 6, 43, 127
8, 29375, Note_off_c, 6, 71, 64
8, 29375, Note_on_c, 6, 50, 127
8, 29375, Note_on_c, 6, 59, 127
8, 29375, Note_on_c, 6, 86, 127
8, 29950, Note_off_c, 6, 43, 64
8, 29951, Note_off_c, 6, 50, 64
8, 29951, Note_off_c, 6, 59, 65
8, 29951, Note_off_c, 6, 86, 64
8, 29951, End_track
9, 0, Start_track
9, 0, MIDI_port, 0
9, 0, Title_t, "New Track           "
9, 0, End_track
10, 0, Start_track
10, 0, MIDI_port, 0
10, 0, Title_t, "New Track           "
10, 0, End_track
11, 0, Start_track
11, 0, MIDI_port, 0
11, 0, Title_t, "drum                "
11, 0, Program_c, 9, 1
11, 0, Control_c, 9, 0, 0
11, 0, Control_c, 9, 1, 0
11, 0, Control_c, 9, 91, 100
11, 0, Control_c, 9, 93, 0
11, 0, Control_c, 9, 7, 82
11, 0, Note_on_c, 9, 70, 96
11, 0, Note_on_c, 9, 42, 96
11, 172, Note_off_c, 9, 70, 64
11, 172, Note_off_c, 9, 42, 64
11, 192, Note_on_c, 9, 70, 96
11, 192, Note_on_c, 9, 42, 96
11, 364, Note_off_c, 9, 70, 64
11, 364, Note_off_c, 9, 42, 64
11, 384, Note_on_c, 9, 70, 96
11, 384, Note_on_c, 9, 42, 96
11, 556, Note_off_c, 9, 70, 64
11, 556, Note_off_c, 9, 42, 64
11, 576, Note_on_c, 9, 70, 96
11, 576, Note_on_c, 9, 42, 96
11, 748, Note_off_c, 9, 70, 64
11, 748, Note_off_c, 9, 42, 64
11, 768, Note_on_c, 9, 59, 68
11, 768, Note_on_c, 9, 35, 126
11, 768, Note_on_c, 9, 70, 96
11, 768, Note_on_c, 9, 42, 96
11, 808, Note_off_c, 9, 70, 64
11, 808, Note_off_c, 9, 42, 64
11, 912, Note_off_c, 9, 35, 64
11, 916, Note_off_c, 9, 59, 64
11, 960, Note_on_c, 9, 44, 68
11, 960, Note_on_c, 9, 37, 98
11, 1102, Note_on_c, 9, 70, 96
11, 1102, Note_on_c, 9, 42, 96
11, 1108, Note_off_c, 9, 37, 64
11, 1112, Note_off_c, 9, 44, 64
11, 1152, Note_off_c, 9, 70, 64
11, 1152, Note_off_c, 9, 42, 64
11, 1152, Note_on_c, 9, 35, 126
11, 1152, Note_on_c, 9, 70, 96
11, 1152, Note_on_c, 9, 42, 96
11, 1196, Note_off_c, 9, 70, 64
11, 1196, Note_off_c, 9, 42, 64
11, 1296, Note_off_c, 9, 35, 64
11, 1344, Note_on_c, 9, 37, 98
11, 1344, Note_on_c, 9, 44, 68
11, 1492, Note_off_c, 9, 37, 64
11, 1492, Note_off_c, 9, 44, 64
11, 1536, Note_on_c, 9, 35, 126
11, 1536, Note_on_c, 9, 70, 96
11, 1536, Note_on_c, 9, 42, 96
11, 1680, Note_off_c, 9, 35, 64
11, 1728, Note_on_c, 9, 37, 98
11, 1728, Note_on_c, 9, 44, 68
11, 1840, Note_off_c, 9, 70, 64
11, 1840, Note_off_c, 9, 42, 64
11, 1870, Note_on_c, 9, 70, 96
11, 1870, Note_on_c, 9, 42, 96
11, 1876, Note_off_c, 9, 37, 64
11, 1876, Note_off_c, 9, 44, 64
11, 1918, Note_off_c, 9, 70, 64
11, 1918, Note_off_c, 9, 42, 64
11, 1920, Note_on_c, 9, 46, 96
11, 1920, Note_on_c, 9, 35, 126
11, 1964, Note_off_c, 9, 46, 64
11, 2016, Note_on_c, 9, 45, 126
11, 2020, Note_off_c, 9, 45, 64
11, 2064, Note_off_c, 9, 35, 64
11, 2112, Note_on_c, 9, 47, 104
11, 2112, Note_on_c, 9, 37, 98
11, 2112, Note_on_c, 9, 44, 68
11, 2116, Note_off_c, 9, 47, 64
11, 2208, Note_on_c, 9, 48, 126
11, 2212, Note_off_c, 9, 48, 64
11, 2256, Note_on_c, 9, 46, 96
11, 2256, Note_on_c, 9, 47, 96
11, 2260, Note_off_c, 9, 37, 64
11, 2260, Note_off_c, 9, 44, 64
11, 2260, Note_off_c, 9, 46, 64
11, 2260, Note_off_c, 9, 47, 64
11, 2304, Note_on_c, 9, 49, 104
11, 2304, Note_on_c, 9, 59, 68
11, 2304, Note_on_c, 9, 35, 126
11, 2304, Note_on_c, 9, 70, 96
11, 2304, Note_on_c, 9, 42, 96
11, 2308, Note_off_c, 9, 49, 64
11, 2348, Note_off_c, 9, 70, 64
11, 2348, Note_off_c, 9, 42, 64
11, 2448, Note_off_c, 9, 35, 64
11, 2452, Note_off_c, 9, 59, 64
11, 2496, Note_on_c, 9, 44, 68
11, 2497, Note_on_c, 9, 37, 98
11, 2637, Note_off_c, 9, 37, 64
11, 2638, Note_on_c, 9, 70, 96
11, 2638, Note_on_c, 9, 42, 96
11, 2640, Note_off_c, 9, 44, 64
11, 2686, Note_off_c, 9, 70, 64
11, 2686, Note_off_c, 9, 42, 64
11, 2688, Note_on_c, 9, 35, 126
11, 2688, Note_on_c, 9, 70, 96
11, 2688, Note_on_c, 9, 42, 96
11, 2732, Note_off_c, 9, 70, 64
11, 2732, Note_off_c, 9, 42, 64
11, 2832, Note_off_c, 9, 35, 64
11, 2881, Note_on_c, 9, 37, 98
11, 2881, Note_on_c, 9, 44, 68
11, 3021, Note_off_c, 9, 37, 64
11, 3021, Note_off_c, 9, 44, 64
11, 3072, Note_on_c, 9, 35, 126
11, 3072, Note_on_c, 9, 70, 96
11, 3072, Note_on_c, 9, 42, 96
11, 3216, Note_off_c, 9, 35, 64
11, 3264, Note_on_c, 9, 44, 68
11, 3265, Note_on_c, 9, 37, 98
11, 3372, Note_off_c, 9, 70, 64
11, 3372, Note_off_c, 9, 42, 64
11, 3405, Note_off_c, 9, 37, 64
11, 3406, Note_on_c, 9, 70, 96
11, 3406, Note_on_c, 9, 42, 96
11, 3408, Note_off_c, 9, 44, 64
11, 3454, Note_off_c, 9, 70, 64
11, 3454, Note_off_c, 9, 42, 64
11, 3456, Note_on_c, 9, 46, 96
11, 3456, Note_on_c, 9, 35, 126
11, 3500, Note_off_c, 9, 46, 64
11, 3600, Note_off_c, 9, 35, 64
11, 3648, Note_on_c, 9, 44, 68
11, 3649, Note_on_c, 9, 37, 98
11, 3789, Note_off_c, 9, 37, 64
11, 3790, Note_on_c, 9, 38, 68
11, 3792, Note_off_c, 9, 44, 64
11, 3838, Note_off_c, 9, 38, 64
11, 3840, Note_on_c, 9, 70, 96
11, 3840, Note_on_c, 9, 42, 96
11, 3841, Note_on_c, 9, 35, 126
11, 3880, Note_off_c, 9, 70, 64
11, 3880, Note_off_c, 9, 42, 64
11, 3981, Note_off_c, 9, 35, 64
11, 4032, Note_on_c, 9, 44, 68
11, 4033, Note_on_c, 9, 37, 98
11, 4173, Note_off_c, 9, 37, 64
11, 4174, Note_on_c, 9, 70, 96
11, 4174, Note_on_c, 9, 42, 96
11, 4176, Note_off_c, 9, 44, 64
11, 4224, Note_off_c, 9, 70, 64
11, 4224, Note_off_c, 9, 42, 64
11, 4224, Note_on_c, 9, 35, 126
11, 4224, Note_on_c, 9, 70, 96
11, 4224, Note_on_c, 9, 42, 96
11, 4268, Note_off_c, 9, 70, 64
11, 4268, Note_off_c, 9, 42, 64
11, 4372, Note_off_c, 9, 35, 64
11, 4416, Note_on_c, 9, 44, 68
11, 4417, Note_on_c, 9, 37, 98
11, 4557, Note_off_c, 9, 37, 64
11, 4558, Note_on_c, 9, 70, 96
11, 4558, Note_on_c, 9, 42, 96
11, 4560, Note_off_c, 9, 44, 64
11, 4606, Note_off_c, 9, 70, 64
11, 4606, Note_off_c, 9, 42, 64
11, 4608, Note_on_c, 9, 35, 126
11, 4608, Note_on_c, 9, 70, 96
11, 4608, Note_on_c, 9, 42, 96
11, 4756, Note_off_c, 9, 35, 64
11, 4800, Note_on_c, 9, 44, 68
11, 4801, Note_on_c, 9, 37, 98
11, 4912, Note_off_c, 9, 70, 64
11, 4912, Note_off_c, 9, 42, 64
11, 4941, Note_off_c, 9, 37, 64
11, 4942, Note_on_c, 9, 70, 96
11, 4942, Note_on_c, 9, 42, 96
11, 4944, Note_off_c, 9, 44, 64
11, 4990, Note_off_c, 9, 70, 64
11, 4990, Note_off_c, 9, 42, 64
11, 4992, Note_on_c, 9, 46, 96
11, 4992, Note_on_c, 9, 35, 126
11, 5036, Note_off_c, 9, 46, 64
11, 5136, Note_off_c, 9, 35, 64
11, 5184, Note_on_c, 9, 44, 68
11, 5185, Note_on_c, 9, 37, 98
11, 5325, Note_off_c, 9, 37, 64
11, 5326, Note_on_c, 9, 38, 68
11, 5328, Note_off_c, 9, 44, 64
11, 5374, Note_off_c, 9, 38, 64
11, 5376, Note_on_c, 9, 59, 68
11, 5376, Note_on_c, 9, 35, 126
11, 5376, Note_on_c, 9, 70, 96
11, 5376, Note_on_c, 9, 42, 96
11, 5416, Note_off_c, 9, 70, 64
11, 5416, Note_off_c, 9, 42, 64
11, 5520, Note_off_c, 9, 35, 64
11, 5524, Note_off_c, 9, 59, 64
11, 5569, Note_on_c, 9, 37, 98
11, 5569, Note_on_c, 9, 44, 68
11, 5709, Note_off_c, 9, 37, 64
11, 5709, Note_off_c, 9, 44, 64
11, 5710, Note_on_c, 9, 70, 96
11, 5710, Note_on_c, 9, 42, 96
11, 5758, Note_off_c, 9, 70, 64
11, 5758, Note_off_c, 9, 42, 64
11, 5760, Note_on_c, 9, 35, 126
11, 5760, Note_on_c, 9, 70, 96
11, 5760, Note_on_c, 9, 42, 96
11, 5804, Note_off_c, 9, 70, 64
11, 5804, Note_off_c, 9, 42, 64
11, 5904, Note_off_c, 9, 35, 64
11, 5952, Note_on_c, 9, 44, 68
11, 5953, Note_on_c, 9, 37, 98
11, 6093, Note_off_c, 9, 37, 64
11, 6096, Note_off_c, 9, 44, 64
11, 6145, Note_on_c, 9, 35, 126
11, 6145, Note_on_c, 9, 70, 96
11, 6145, Note_on_c, 9, 42, 96
11, 6285, Note_off_c, 9, 35, 64
11, 6336, Note_on_c, 9, 37, 98
11, 6336, Note_on_c, 9, 44, 68
11, 6445, Note_off_c, 9, 70, 64
11, 6445, Note_off_c, 9, 42, 64
11, 6478, Note_on_c, 9, 70, 96
11, 6478, Note_on_c, 9, 42, 96
11, 6480, Note_off_c, 9, 37, 64
11, 6480, Note_off_c, 9, 44, 64
11, 6526, Note_off_c, 9, 70, 64
11, 6526, Note_off_c, 9, 42, 64
11, 6529, Note_on_c, 9, 35, 126
11, 6529, Note_on_c, 9, 46, 96
11, 6565, Note_off_c, 9, 46, 64
11, 6669, Note_off_c, 9, 35, 64
11, 6720, Note_on_c, 9, 37, 98
11, 6720, Note_on_c, 9, 44, 68
11, 6862, Note_on_c, 9, 38, 68
11, 6864, Note_off_c, 9, 37, 64
11, 6864, Note_off_c, 9, 44, 64
11, 6910, Note_off_c, 9, 38, 64
11, 6912, Note_on_c, 9, 35, 126
11, 6912, Note_on_c, 9, 70, 96
11, 6912, Note_on_c, 9, 42, 96
11, 6956, Note_off_c, 9, 70, 64
11, 6956, Note_off_c, 9, 42, 64
11, 7060, Note_off_c, 9, 35, 64
11, 7104, Note_on_c, 9, 44, 68
11, 7105, Note_on_c, 9, 37, 98
11, 7245, Note_off_c, 9, 37, 64
11, 7246, Note_on_c, 9, 70, 96
11, 7246, Note_on_c, 9, 42, 96
11, 7248, Note_off_c, 9, 44, 64
11, 7294, Note_off_c, 9, 70, 64
11, 7294, Note_off_c, 9, 42, 64
11, 7296, Note_on_c, 9, 35, 126
11, 7296, Note_on_c, 9, 70, 96
11, 7296, Note_on_c, 9, 42, 96
11, 7340, Note_off_c, 9, 70, 64
11, 7340, Note_off_c, 9, 42, 64
11, 7440, Note_off_c, 9, 35, 64
11, 7488, Note_on_c, 9, 44, 68
11, 7489, Note_on_c, 9, 37, 98
11, 7629, Note_off_c, 9, 37, 64
11, 7630, Note_on_c, 9, 70, 96
11, 7630, Note_on_c, 9, 42, 96
11, 7632, Note_off_c, 9, 44, 64
11, 7678, Note_off_c, 9, 70, 64
11, 7678, Note_off_c, 9, 42, 64
11, 7680, Note_on_c, 9, 70, 96
11, 7680, Note_on_c, 9, 42, 96
11, 7681, Note_on_c, 9, 35, 126
11, 7720, Note_off_c, 9, 70, 64
11, 7720, Note_off_c, 9, 42, 64
11, 7821, Note_off_c, 9, 35, 64
11, 7872, Note_on_c, 9, 37, 98
11, 8014, Note_on_c, 9, 70, 96
11, 8014, Note_on_c, 9, 42, 96
11, 8016, Note_off_c, 9, 37, 64
11, 8062, Note_off_c, 9, 70, 64
11, 8062, Note_off_c, 9, 42, 64
11, 8064, Note_on_c, 9, 35, 126
11, 8064, Note_on_c, 9, 46, 96
11, 8168, Note_off_c, 9, 46, 64
11, 8208, Note_off_c, 9, 35, 64
11, 8257, Note_on_c, 9, 37, 98
11, 8257, Note_on_c, 9, 70, 96
11, 8257, Note_on_c, 9, 42, 96
11, 8293, Note_off_c, 9, 70, 64
11, 8293, Note_off_c, 9, 42, 64
11, 8305, Note_on_c, 9, 70, 96
11, 8305, Note_on_c, 9, 42, 96
11, 8353, Note_off_c, 9, 70, 64
11, 8353, Note_off_c, 9, 42, 64
11, 8393, Note_off_c, 9, 37, 64
11, 8398, Note_on_c, 9, 70, 96
11, 8398, Note_on_c, 9, 42, 96
11, 8446, Note_off_c, 9, 70, 64
11, 8446, Note_off_c, 9, 42, 64
11, 8448, Note_on_c, 9, 70, 96
11, 8448, Note_on_c, 9, 42, 96
11, 8449, Note_on_c, 9, 59, 68
11, 8450, Note_on_c, 9, 35, 126
11, 8452, Note_off_c, 9, 70, 64
11, 8452, Note_off_c, 9, 42, 64
11, 8582, Note_off_c, 9, 35, 64
11, 8585, Note_off_c, 9, 59, 64
11, 8640, Note_on_c, 9, 44, 68
11, 8641, Note_on_c, 9, 37, 98
11, 8781, Note_off_c, 9, 37, 64
11, 8782, Note_on_c, 9, 70, 96
11, 8782, Note_on_c, 9, 42, 96
11, 8784, Note_off_c, 9, 44, 64
11, 8830, Note_off_c, 9, 70, 64
11, 8830, Note_off_c, 9, 42, 64
11, 8832, Note_on_c, 9, 35, 126
11, 8832, Note_on_c, 9, 70, 96
11, 8832, Note_on_c, 9, 42, 96
11, 8872, Note_off_c, 9, 70, 64
11, 8872, Note_off_c, 9, 42, 64
11, 8976, Note_off_c, 9, 35, 64
11, 9024, Note_on_c, 9, 37, 98
11, 9024, Note_on_c, 9, 44, 68
11, 9168, Note_off_c, 9, 37, 64
11, 9168, Note_off_c, 9, 44, 64
11, 9217, Note_on_c, 9, 35, 126
11, 9217, Note_on_c, 9, 70, 96
11, 9217, Note_on_c, 9, 42, 96
11, 9357, Note_off_c, 9, 35, 64
11, 9408, Note_on_c, 9, 37, 98
11, 9408, Note_on_c, 9, 44, 68
11, 9517, Note_off_c, 9, 70, 64
11, 9517, Note_off_c, 9, 42, 64
11, 9550, Note_on_c, 9, 70, 96
11, 9550, Note_on_c, 9, 42, 96
11, 9552, Note_off_c, 9, 37, 64
11, 9552, Note_off_c, 9, 44, 64
11, 9598, Note_off_c, 9, 70, 64
11, 9598, Note_off_c, 9, 42, 64
11, 9600, Note_on_c, 9, 46, 96
11, 9601, Note_on_c, 9, 35, 126
11, 9644, Note_off_c, 9, 46, 64
11, 9741, Note_off_c, 9, 35, 64
11, 9792, Note_on_c, 9, 37, 98
11, 9792, Note_on_c, 9, 44, 68
11, 9934, Note_on_c, 9, 38, 68
11, 9936, Note_off_c, 9, 37, 64
11, 9936, Note_off_c, 9, 44, 64
11, 9982, Note_off_c, 9, 38, 64
11, 9984, Note_on_c, 9, 35, 126
11, 9984, Note_on_c, 9, 70, 96
11, 9984, Note_on_c, 9, 42, 96
11, 9988, Note_off_c, 9, 35, 64
11, 9988, Note_off_c, 9, 70, 64
11, 9988, Note_off_c, 9, 42, 64
11, 10176, Note_on_c, 9, 37, 98
11, 10176, Note_on_c, 9, 44, 68
11, 10318, Note_on_c, 9, 70, 96
11, 10318, Note_on_c, 9, 42, 96
11, 10320, Note_off_c, 9, 37, 64
11, 10320, Note_off_c, 9, 44, 64
11, 10366, Note_off_c, 9, 70, 64
11, 10366, Note_off_c, 9, 42, 64
11, 10368, Note_on_c, 9, 35, 126
11, 10368, Note_on_c, 9, 70, 96
11, 10368, Note_on_c, 9, 42, 96
11, 10372, Note_off_c, 9, 35, 64
11, 10408, Note_off_c, 9, 70, 64
11, 10408, Note_off_c, 9, 42, 64
11, 10560, Note_on_c, 9, 37, 98
11, 10560, Note_on_c, 9, 44, 68
11, 10702, Note_on_c, 9, 70, 96
11, 10702, Note_on_c, 9, 42, 96
11, 10704, Note_off_c, 9, 37, 64
11, 10704, Note_off_c, 9, 44, 64
11, 10750, Note_off_c, 9, 70, 64
11, 10750, Note_off_c, 9, 42, 64
11, 10752, Note_on_c, 9, 35, 126
11, 10752, Note_on_c, 9, 70, 96
11, 10752, Note_on_c, 9, 42, 96
11, 10896, Note_off_c, 9, 35, 64
11, 10944, Note_on_c, 9, 37, 98
11, 10944, Note_on_c, 9, 44, 68
11, 11056, Note_off_c, 9, 70, 64
11, 11056, Note_off_c, 9, 42, 64
11, 11086, Note_on_c, 9, 70, 96
11, 11086, Note_on_c, 9, 42, 96
11, 11088, Note_off_c, 9, 37, 64
11, 11088, Note_off_c, 9, 44, 64
11, 11134, Note_off_c, 9, 70, 64
11, 11134, Note_off_c, 9, 42, 64
11, 11136, Note_on_c, 9, 35, 126
11, 11136, Note_on_c, 9, 46, 96
11, 11176, Note_off_c, 9, 46, 64
11, 11280, Note_off_c, 9, 35, 64
11, 11328, Note_on_c, 9, 37, 98
11, 11328, Note_on_c, 9, 44, 68
11, 11470, Note_on_c, 9, 38, 68
11, 11472, Note_off_c, 9, 37, 64
11, 11472, Note_off_c, 9, 44, 64
11, 11518, Note_off_c, 9, 38, 64
11, 11520, Note_on_c, 9, 35, 126
11, 11520, Note_on_c, 9, 70, 96
11, 11520, Note_on_c, 9, 42, 96
11, 11521, Note_on_c, 9, 59, 68
11, 11524, Note_off_c, 9, 35, 64
11, 11524, Note_off_c, 9, 70, 64
11, 11524, Note_off_c, 9, 42, 64
11, 11661, Note_off_c, 9, 59, 64
11, 11712, Note_on_c, 9, 37, 98
11, 11712, Note_on_c, 9, 44, 68
11, 11854, Note_on_c, 9, 70, 96
11, 11854, Note_on_c, 9, 42, 96
11, 11856, Note_off_c, 9, 37, 64
11, 11856, Note_off_c, 9, 44, 64
11, 11902, Note_off_c, 9, 70, 64
11, 11902, Note_off_c, 9, 42, 64
11, 11904, Note_on_c, 9, 35, 126
11, 11904, Note_on_c, 9, 70, 96
11, 11904, Note_on_c, 9, 42, 96
11, 11908, Note_off_c, 9, 35, 64
11, 11948, Note_off_c, 9, 70, 64
11, 11948, Note_off_c, 9, 42, 64
11, 12096, Note_on_c, 9, 37, 98
11, 12096, Note_on_c, 9, 44, 68
11, 12240, Note_off_c, 9, 37, 64
11, 12240, Note_off_c, 9, 44, 64
11, 12288, Note_on_c, 9, 70, 96
11, 12288, Note_on_c, 9, 42, 96
11, 12289, Note_on_c, 9, 35, 126
11, 12429, Note_off_c, 9, 35, 64
11, 12480, Note_on_c, 9, 37, 98
11, 12480, Note_on_c, 9, 44, 68
11, 12596, Note_off_c, 9, 70, 64
11, 12596, Note_off_c, 9, 42, 64
11, 12622, Note_on_c, 9, 70, 96
11, 12622, Note_on_c, 9, 42, 96
11, 12624, Note_off_c, 9, 44, 64
11, 12628, Note_off_c, 9, 37, 64
11, 12666, Note_off_c, 9, 70, 64
11, 12666, Note_off_c, 9, 42, 64
11, 12672, Note_on_c, 9, 35, 126
11, 12672, Note_on_c, 9, 46, 96
11, 12712, Note_off_c, 9, 46, 64
11, 12816, Note_off_c, 9, 35, 64
11, 12864, Note_on_c, 9, 37, 98
11, 12864, Note_on_c, 9, 44, 68
11, 13006, Note_on_c, 9, 38, 68
11, 13008, Note_off_c, 9, 37, 64
11, 13008, Note_off_c, 9, 44, 64
11, 13056, Note_on_c, 9, 70, 96
11, 13056, Note_on_c, 9, 42, 96
11, 13057, Note_on_c, 9, 35, 126
11, 13058, Note_off_c, 9, 38, 64
11, 13096, Note_off_c, 9, 70, 64
11, 13096, Note_off_c, 9, 42, 64
11, 13201, Note_off_c, 9, 35, 64
11, 13248, Note_on_c, 9, 37, 98
11, 13248, Note_on_c, 9, 44, 68
11, 13390, Note_on_c, 9, 70, 96
11, 13390, Note_on_c, 9, 42, 96
11, 13392, Note_off_c, 9, 37, 64
11, 13392, Note_off_c, 9, 44, 64
11, 13438, Note_off_c, 9, 70, 64
11, 13438, Note_off_c, 9, 42, 64
11, 13440, Note_on_c, 9, 35, 126
11, 13440, Note_on_c, 9, 70, 96
11, 13440, Note_on_c, 9, 42, 96
11, 13484, Note_off_c, 9, 70, 64
11, 13484, Note_off_c, 9, 42, 64
11, 13584, Note_off_c, 9, 35, 64
11, 13632, Note_on_c, 9, 37, 98
11, 13632, Note_on_c, 9, 44, 68
11, 13774, Note_on_c, 9, 70, 96
11, 13774, Note_on_c, 9, 42, 96
11, 13776, Note_off_c, 9, 37, 64
11, 13776, Note_off_c, 9, 44, 64
11, 13822, Note_off_c, 9, 70, 64
11, 13822, Note_off_c, 9, 42, 64
11, 13824, Note_on_c, 9, 38, 68
11, 13824, Note_on_c, 9, 35, 126
11, 13824, Note_on_c, 9, 70, 96
11, 13824, Note_on_c, 9, 42, 96
11, 13868, Note_off_c, 9, 70, 64
11, 13868, Note_off_c, 9, 42, 64
11, 13872, Note_off_c, 9, 38, 64
11, 13968, Note_off_c, 9, 35, 64
11, 14017, Note_on_c, 9, 37, 98
11, 14157, Note_off_c, 9, 37, 64
11, 14158, Note_on_c, 9, 70, 96
11, 14158, Note_on_c, 9, 42, 96
11, 14208, Note_off_c, 9, 70, 64
11, 14208, Note_off_c, 9, 42, 64
11, 14208, Note_on_c, 9, 35, 126
11, 14208, Note_on_c, 9, 70, 96
11, 14208, Note_on_c, 9, 42, 96
11, 14252, Note_off_c, 9, 70, 64
11, 14252, Note_off_c, 9, 42, 64
11, 14257, Note_on_c, 9, 70, 96
11, 14257, Note_on_c, 9, 42, 96
11, 14305, Note_off_c, 9, 70, 64
11, 14305, Note_off_c, 9, 42, 64
11, 14352, Note_off_c, 9, 35, 64
11, 14401, Note_on_c, 9, 37, 98
11, 14449, Note_on_c, 9, 38, 68
11, 14497, Note_off_c, 9, 38, 64
11, 14541, Note_off_c, 9, 37, 64
11, 14542, Note_on_c, 9, 38, 68
11, 14590, Note_off_c, 9, 38, 64
11, 14592, Note_on_c, 9, 35, 126
11, 14592, Note_on_c, 9, 70, 96
11, 14592, Note_on_c, 9, 42, 96
11, 14593, Note_on_c, 9, 59, 68
11, 14596, Note_off_c, 9, 35, 64
11, 14596, Note_off_c, 9, 70, 64
11, 14596, Note_off_c, 9, 42, 64
11, 14733, Note_off_c, 9, 59, 64
11, 14784, Note_on_c, 9, 44, 68
11, 14784, Note_on_c, 9, 37, 98
11, 14926, Note_on_c, 9, 70, 96
11, 14926, Note_on_c, 9, 42, 96
11, 14928, Note_off_c, 9, 37, 64
11, 14932, Note_off_c, 9, 44, 64
11, 14974, Note_off_c, 9, 70, 64
11, 14974, Note_off_c, 9, 42, 64
11, 14976, Note_on_c, 9, 35, 126
11, 14977, Note_on_c, 9, 70, 96
11, 14977, Note_on_c, 9, 42, 96
11, 14980, Note_off_c, 9, 35, 64
11, 15013, Note_off_c, 9, 70, 64
11, 15013, Note_off_c, 9, 42, 64
11, 15168, Note_on_c, 9, 44, 68
11, 15169, Note_on_c, 9, 37, 98
11, 15309, Note_off_c, 9, 37, 64
11, 15312, Note_off_c, 9, 44, 64
11, 15361, Note_on_c, 9, 35, 126
11, 15361, Note_on_c, 9, 70, 96
11, 15361, Note_on_c, 9, 42, 96
11, 15501, Note_off_c, 9, 35, 64
11, 15552, Note_on_c, 9, 37, 98
11, 15552, Note_on_c, 9, 44, 68
11, 15661, Note_off_c, 9, 70, 64
11, 15661, Note_off_c, 9, 42, 64
11, 15694, Note_on_c, 9, 70, 96
11, 15694, Note_on_c, 9, 42, 96
11, 15696, Note_off_c, 9, 37, 64
11, 15696, Note_off_c, 9, 44, 64
11, 15742, Note_off_c, 9, 70, 64
11, 15742, Note_off_c, 9, 42, 64
11, 15744, Note_on_c, 9, 46, 96
11, 15745, Note_on_c, 9, 35, 126
11, 15784, Note_off_c, 9, 46, 64
11, 15885, Note_off_c, 9, 35, 64
11, 15936, Note_on_c, 9, 37, 98
11, 15936, Note_on_c, 9, 44, 68
11, 16078, Note_on_c, 9, 38, 68
11, 16080, Note_off_c, 9, 37, 64
11, 16080, Note_off_c, 9, 44, 64
11, 16126, Note_off_c, 9, 38, 64
11, 16129, Note_on_c, 9, 35, 126
11, 16129, Note_on_c, 9, 70, 96
11, 16129, Note_on_c, 9, 42, 96
11, 16165, Note_off_c, 9, 70, 64
11, 16165, Note_off_c, 9, 42, 64
11, 16269, Note_off_c, 9, 35, 64
11, 16320, Note_on_c, 9, 37, 98
11, 16320, Note_on_c, 9, 44, 68
11, 16462, Note_on_c, 9, 70, 96
11, 16462, Note_on_c, 9, 42, 96
11, 16464, Note_off_c, 9, 44, 64
11, 16468, Note_off_c, 9, 37, 64
11, 16510, Note_off_c, 9, 70, 64
11, 16510, Note_off_c, 9, 42, 64
11, 16512, Note_on_c, 9, 70, 96
11, 16512, Note_on_c, 9, 42, 96
11, 16513, Note_on_c, 9, 35, 126
11, 16552, Note_off_c, 9, 70, 64
11, 16552, Note_off_c, 9, 42, 64
11, 16653, Note_off_c, 9, 35, 64
11, 16704, Note_on_c, 9, 37, 98
11, 16704, Note_on_c, 9, 44, 68
11, 16846, Note_on_c, 9, 70, 96
11, 16846, Note_on_c, 9, 42, 96
11, 16848, Note_off_c, 9, 37, 64
11, 16848, Note_off_c, 9, 44, 64
11, 16894, Note_off_c, 9, 70, 64
11, 16894, Note_off_c, 9, 42, 64
11, 16896, Note_on_c, 9, 35, 126
11, 16896, Note_on_c, 9, 70, 96
11, 16896, Note_on_c, 9, 42, 96
11, 17040, Note_off_c, 9, 35, 64
11, 17088, Note_on_c, 9, 37, 98
11, 17088, Note_on_c, 9, 44, 68
11, 17200, Note_off_c, 9, 70, 64
11, 17200, Note_off_c, 9, 42, 64
11, 17230, Note_on_c, 9, 70, 96
11, 17230, Note_on_c, 9, 42, 96
11, 17232, Note_off_c, 9, 37, 64
11, 17232, Note_off_c, 9, 44, 64
11, 17278, Note_off_c, 9, 70, 64
11, 17278, Note_off_c, 9, 42, 64
11, 17281, Note_on_c, 9, 46, 96
11, 17281, Note_on_c, 9, 35, 126
11, 17317, Note_off_c, 9, 46, 64
11, 17417, Note_off_c, 9, 35, 64
11, 17472, Note_on_c, 9, 37, 98
11, 17472, Note_on_c, 9, 44, 68
11, 17614, Note_on_c, 9, 38, 68
11, 17616, Note_off_c, 9, 37, 64
11, 17616, Note_off_c, 9, 44, 64
11, 17662, Note_off_c, 9, 38, 64
11, 17664, Note_on_c, 9, 59, 68
11, 17664, Note_on_c, 9, 70, 96
11, 17664, Note_on_c, 9, 42, 96
11, 17665, Note_on_c, 9, 35, 126
11, 17704, Note_off_c, 9, 70, 64
11, 17704, Note_off_c, 9, 42, 64
11, 17805, Note_off_c, 9, 35, 64
11, 17808, Note_off_c, 9, 59, 64
11, 17856, Note_on_c, 9, 44, 68
11, 17857, Note_on_c, 9, 37, 98
11, 17997, Note_off_c, 9, 37, 64
11, 17998, Note_on_c, 9, 70, 96
11, 17998, Note_on_c, 9, 42, 96
11, 18000, Note_off_c, 9, 44, 64
11, 18046, Note_off_c, 9, 70, 64
11, 18046, Note_off_c, 9, 42, 64
11, 18048, Note_on_c, 9, 70, 96
11, 18048, Note_on_c, 9, 42, 96
11, 18049, Note_on_c, 9, 35, 126
11, 18088, Note_off_c, 9, 70, 64
11, 18088, Note_off_c, 9, 42, 64
11, 18189, Note_off_c, 9, 35, 64
11, 18240, Note_on_c, 9, 37, 98
11, 18240, Note_on_c, 9, 44, 68
11, 18384, Note_off_c, 9, 37, 64
11, 18384, Note_off_c, 9, 44, 64
11, 18432, Note_on_c, 9, 70, 96
11, 18432, Note_on_c, 9, 42, 96
11, 18433, Note_on_c, 9, 35, 126
11, 18573, Note_off_c, 9, 35, 64
11, 18624, Note_on_c, 9, 37, 98
11, 18624, Note_on_c, 9, 44, 68
11, 18736, Note_off_c, 9, 70, 64
11, 18736, Note_off_c, 9, 42, 64
11, 18766, Note_on_c, 9, 70, 96
11, 18766, Note_on_c, 9, 42, 96
11, 18768, Note_off_c, 9, 37, 64
11, 18768, Note_off_c, 9, 44, 64
11, 18816, Note_on_c, 9, 46, 96
11, 18817, Note_on_c, 9, 35, 126
11, 18818, Note_off_c, 9, 70, 64
11, 18818, Note_off_c, 9, 42, 64
11, 18856, Note_off_c, 9, 46, 64
11, 18957, Note_off_c, 9, 35, 64
11, 19008, Note_on_c, 9, 44, 68
11, 19008, Note_on_c, 9, 37, 98
11, 19150, Note_on_c, 9, 38, 68
11, 19152, Note_off_c, 9, 37, 64
11, 19156, Note_off_c, 9, 44, 64
11, 19198, Note_off_c, 9, 38, 64
11, 19200, Note_on_c, 9, 35, 126
11, 19201, Note_on_c, 9, 70, 96
11, 19201, Note_on_c, 9, 42, 96
11, 19204, Note_off_c, 9, 35, 64
11, 19241, Note_off_c, 9, 70, 64
11, 19241, Note_off_c, 9, 42, 64
11, 19392, Note_on_c, 9, 37, 98
11, 19392, Note_on_c, 9, 44, 68
11, 19534, Note_on_c, 9, 70, 96
11, 19534, Note_on_c, 9, 42, 96
11, 19536, Note_off_c, 9, 37, 64
11, 19536, Note_off_c, 9, 44, 64
11, 19582, Note_off_c, 9, 70, 64
11, 19582, Note_off_c, 9, 42, 64
11, 19584, Note_on_c, 9, 35, 126
11, 19584, Note_on_c, 9, 70, 96
11, 19584, Note_on_c, 9, 42, 96
11, 19588, Note_off_c, 9, 35, 64
11, 19624, Note_off_c, 9, 70, 64
11, 19624, Note_off_c, 9, 42, 64
11, 19776, Note_on_c, 9, 37, 98
11, 19776, Note_on_c, 9, 44, 68
11, 19918, Note_on_c, 9, 70, 96
11, 19918, Note_on_c, 9, 42, 96
11, 19920, Note_off_c, 9, 37, 64
11, 19920, Note_off_c, 9, 44, 64
11, 19966, Note_off_c, 9, 70, 64
11, 19966, Note_off_c, 9, 42, 64
11, 19968, Note_on_c, 9, 70, 96
11, 19968, Note_on_c, 9, 42, 96
11, 19969, Note_on_c, 9, 35, 126
11, 19969, Note_on_c, 9, 38, 68
11, 20008, Note_off_c, 9, 70, 64
11, 20008, Note_off_c, 9, 42, 64
11, 20009, Note_off_c, 9, 38, 64
11, 20109, Note_off_c, 9, 35, 64
11, 20160, Note_on_c, 9, 37, 98
11, 20302, Note_on_c, 9, 70, 96
11, 20302, Note_on_c, 9, 42, 96
11, 20304, Note_off_c, 9, 37, 64
11, 20352, Note_off_c, 9, 70, 64
11, 20352, Note_off_c, 9, 42, 64
11, 20352, Note_on_c, 9, 70, 96
11, 20352, Note_on_c, 9, 42, 96
11, 20353, Note_on_c, 9, 35, 126
11, 20392, Note_off_c, 9, 70, 64
11, 20392, Note_off_c, 9, 42, 64
11, 20401, Note_on_c, 9, 70, 96
11, 20401, Note_on_c, 9, 42, 96
11, 20453, Note_off_c, 9, 70, 64
11, 20453, Note_off_c, 9, 42, 64
11, 20493, Note_off_c, 9, 35, 64
11, 20544, Note_on_c, 9, 37, 98
11, 20593, Note_on_c, 9, 38, 68
11, 20641, Note_off_c, 9, 38, 64
11, 20686, Note_on_c, 9, 38, 68
11, 20688, Note_off_c, 9, 37, 64
11, 20734, Note_off_c, 9, 38, 64
11, 20736, Note_on_c, 9, 59, 68
11, 20737, Note_on_c, 9, 35, 126
11, 20737, Note_on_c, 9, 70, 96
11, 20737, Note_on_c, 9, 42, 96
11, 20773, Note_off_c, 9, 70, 64
11, 20773, Note_off_c, 9, 42, 64
11, 20877, Note_off_c, 9, 35, 64
11, 20880, Note_off_c, 9, 59, 64
11, 20928, Note_on_c, 9, 37, 98
11, 20928, Note_on_c, 9, 44, 68
11, 21070, Note_on_c, 9, 70, 96
11, 21070, Note_on_c, 9, 42, 96
11, 21072, Note_off_c, 9, 37, 64
11, 21072, Note_off_c, 9, 44, 64
11, 21118, Note_off_c, 9, 70, 64
11, 21118, Note_off_c, 9, 42, 64
11, 21120, Note_on_c, 9, 70, 96
11, 21120, Note_on_c, 9, 42, 96
11, 21121, Note_on_c, 9, 35, 126
11, 21160, Note_off_c, 9, 70, 64
11, 21160, Note_off_c, 9, 42, 64
11, 21261, Note_off_c, 9, 35, 64
11, 21313, Note_on_c, 9, 37, 98
11, 21313, Note_on_c, 9, 44, 68
11, 21453, Note_off_c, 9, 37, 64
11, 21453, Note_off_c, 9, 44, 64
11, 21504, Note_on_c, 9, 35, 126
11, 21505, Note_on_c, 9, 70, 96
11, 21505, Note_on_c, 9, 42, 96
11, 21508, Note_off_c, 9, 35, 64
11, 21696, Note_on_c, 9, 37, 98
11, 21696, Note_on_c, 9, 44, 68
11, 21805, Note_off_c, 9, 70, 64
11, 21805, Note_off_c, 9, 42, 64
11, 21838, Note_on_c, 9, 70, 96
11, 21838, Note_on_c, 9, 42, 96
11, 21840, Note_off_c, 9, 37, 64
11, 21840, Note_off_c, 9, 44, 64
11, 21886, Note_off_c, 9, 70, 64
11, 21886, Note_off_c, 9, 42, 64
11, 21888, Note_on_c, 9, 46, 96
11, 21889, Note_on_c, 9, 35, 126
11, 21932, Note_off_c, 9, 46, 64
11, 22029, Note_off_c, 9, 35, 64
11, 22080, Note_on_c, 9, 37, 98
11, 22080, Note_on_c, 9, 44, 68
11, 22222, Note_on_c, 9, 38, 68
11, 22224, Note_off_c, 9, 37, 64
11, 22224, Note_off_c, 9, 44, 64
11, 22270, Note_off_c, 9, 38, 64
11, 22273, Note_on_c, 9, 35, 126
11, 22273, Note_on_c, 9, 70, 96
11, 22273, Note_on_c, 9, 42, 96
11, 22309, Note_off_c, 9, 70, 64
11, 22309, Note_off_c, 9, 42, 64
11, 22413, Note_off_c, 9, 35, 64
11, 22464, Note_on_c, 9, 37, 98
11, 22464, Note_on_c, 9, 44, 68
11, 22606, Note_on_c, 9, 70, 96
11, 22606, Note_on_c, 9, 42, 96
11, 22608, Note_off_c, 9, 37, 64
11, 22608, Note_off_c, 9, 44, 64
11, 22654, Note_off_c, 9, 70, 64
11, 22654, Note_off_c, 9, 42, 64
11, 22656, Note_on_c, 9, 70, 96
11, 22656, Note_on_c, 9, 42, 96
11, 22657, Note_on_c, 9, 35, 126
11, 22700, Note_off_c, 9, 70, 64
11, 22700, Note_off_c, 9, 42, 64
11, 22797, Note_off_c, 9, 35, 64
11, 22848, Note_on_c, 9, 37, 98
11, 22848, Note_on_c, 9, 44, 68
11, 22990, Note_on_c, 9, 70, 96
11, 22990, Note_on_c, 9, 42, 96
11, 22992, Note_off_c, 9, 37, 64
11, 22992, Note_off_c, 9, 44, 64
11, 23040, Note_off_c, 9, 70, 64
11, 23040, Note_off_c, 9, 42, 64
11, 23040, Note_on_c, 9, 35, 126
11, 23040, Note_on_c, 9, 70, 96
11, 23040, Note_on_c, 9, 42, 96
11, 23044, Note_off_c, 9, 35, 64
11, 23232, Note_on_c, 9, 37, 98
11, 23232, Note_on_c, 9, 44, 68
11, 23344, Note_off_c, 9, 70, 64
11, 23344, Note_off_c, 9, 42, 64
11, 23374, Note_on_c, 9, 70, 96
11, 23374, Note_on_c, 9, 42, 96
11, 23376, Note_off_c, 9, 37, 64
11, 23376, Note_off_c, 9, 44, 64
11, 23422, Note_off_c, 9, 70, 64
11, 23422, Note_off_c, 9, 42, 64
11, 23424, Note_on_c, 9, 35, 126
11, 23425, Note_on_c, 9, 46, 96
11, 23428, Note_off_c, 9, 35, 64
11, 23465, Note_off_c, 9, 46, 64
11, 23616, Note_on_c, 9, 44, 68
11, 23616, Note_on_c, 9, 37, 98
11, 23758, Note_on_c, 9, 38, 68
11, 23760, Note_off_c, 9, 37, 64
11, 23764, Note_off_c, 9, 44, 64
11, 23806, Note_off_c, 9, 38, 64
11, 23808, Note_on_c, 9, 35, 126
11, 23808, Note_on_c, 9, 59, 68
11, 23809, Note_on_c, 9, 70, 96
11, 23809, Note_on_c, 9, 42, 96
11, 23812, Note_off_c, 9, 35, 64
11, 23845, Note_off_c, 9, 70, 64
11, 23845, Note_off_c, 9, 42, 64
11, 23952, Note_off_c, 9, 59, 64
11, 24000, Note_on_c, 9, 37, 98
11, 24000, Note_on_c, 9, 44, 68
11, 24142, Note_on_c, 9, 70, 96
11, 24142, Note_on_c, 9, 42, 96
11, 24144, Note_off_c, 9, 37, 64
11, 24144, Note_off_c, 9, 44, 64
11, 24190, Note_off_c, 9, 70, 64
11, 24190, Note_off_c, 9, 42, 64
11, 24192, Note_on_c, 9, 35, 126
11, 24192, Note_on_c, 9, 70, 96
11, 24192, Note_on_c, 9, 42, 96
11, 24196, Note_off_c, 9, 35, 64
11, 24232, Note_off_c, 9, 70, 64
11, 24232, Note_off_c, 9, 42, 64
11, 24384, Note_on_c, 9, 37, 98
11, 24384, Note_on_c, 9, 44, 68
11, 24528, Note_off_c, 9, 37, 64
11, 24528, Note_off_c, 9, 44, 64
11, 24576, Note_on_c, 9, 35, 126
11, 24576, Note_on_c, 9, 70, 96
11, 24576, Note_on_c, 9, 42, 96
11, 24580, Note_off_c, 9, 35, 64
11, 24768, Note_on_c, 9, 37, 98
11, 24768, Note_on_c, 9, 44, 68
11, 24880, Note_off_c, 9, 70, 64
11, 24880, Note_off_c, 9, 42, 64
11, 24910, Note_on_c, 9, 70, 96
11, 24910, Note_on_c, 9, 42, 96
11, 24912, Note_off_c, 9, 37, 64
11, 24912, Note_off_c, 9, 44, 64
11, 24958, Note_off_c, 9, 70, 64
11, 24958, Note_off_c, 9, 42, 64
11, 24960, Note_on_c, 9, 35, 126
11, 24961, Note_on_c, 9, 46, 96
11, 24964, Note_off_c, 9, 35, 64
11, 24997, Note_off_c, 9, 46, 64
11, 25152, Note_on_c, 9, 37, 98
11, 25152, Note_on_c, 9, 44, 68
11, 25294, Note_on_c, 9, 38, 68
11, 25296, Note_off_c, 9, 37, 64
11, 25296, Note_off_c, 9, 44, 64
11, 25344, Note_on_c, 9, 35, 126
11, 25344, Note_on_c, 9, 70, 96
11, 25344, Note_on_c, 9, 42, 96
11, 25346, Note_off_c, 9, 38, 64
11, 25384, Note_off_c, 9, 70, 64
11, 25384, Note_off_c, 9, 42, 64
11, 25488, Note_off_c, 9, 35, 64
11, 25536, Note_on_c, 9, 44, 68
11, 25537, Note_on_c, 9, 37, 98
11, 25677, Note_off_c, 9, 37, 64
11, 25678, Note_on_c, 9, 70, 96
11, 25678, Note_on_c, 9, 42, 96
11, 25680, Note_off_c, 9, 44, 64
11, 25728, Note_off_c, 9, 70, 64
11, 25728, Note_off_c, 9, 42, 64
11, 25728, Note_on_c, 9, 35, 126
11, 25728, Note_on_c, 9, 70, 96
11, 25728, Note_on_c, 9, 42, 96
11, 25772, Note_off_c, 9, 70, 64
11, 25772, Note_off_c, 9, 42, 64
11, 25872, Note_off_c, 9, 35, 64
11, 25920, Note_on_c, 9, 44, 68
11, 25921, Note_on_c, 9, 37, 98
11, 26061, Note_off_c, 9, 37, 64
11, 26062, Note_on_c, 9, 70, 96
11, 26062, Note_on_c, 9, 42, 96
11, 26064, Note_off_c, 9, 44, 64
11, 26112, Note_off_c, 9, 70, 64
11, 26112, Note_off_c, 9, 42, 64
11, 26112, Note_on_c, 9, 35, 126
11, 26112, Note_on_c, 9, 70, 96
11, 26112, Note_on_c, 9, 42, 96
11, 26160, Note_off_c, 9, 70, 64
11, 26160, Note_off_c, 9, 42, 64
11, 26256, Note_off_c, 9, 35, 64
11, 26304, Note_on_c, 9, 37, 98
11, 26446, Note_on_c, 9, 70, 96
11, 26446, Note_on_c, 9, 42, 96
11, 26448, Note_off_c, 9, 37, 64
11, 26494, Note_off_c, 9, 70, 64
11, 26494, Note_off_c, 9, 42, 64
11, 26496, Note_on_c, 9, 35, 126
11, 26496, Note_on_c, 9, 70, 96
11, 26496, Note_on_c, 9, 42, 96
11, 26544, Note_off_c, 9, 70, 64
11, 26544, Note_off_c, 9, 42, 64
11, 26644, Note_off_c, 9, 35, 64
11, 26688, Note_on_c, 9, 37, 98
11, 26688, Note_on_c, 9, 38, 68
11, 26704, Note_off_c, 9, 38, 64
11, 26734, Note_on_c, 9, 38, 68
11, 26737, Note_off_c, 9, 38, 64
11, 26737, Note_on_c, 9, 38, 68
11, 26761, Note_off_c, 9, 38, 64
11, 26784, Note_on_c, 9, 38, 68
11, 26804, Note_off_c, 9, 38, 64
11, 26830, Note_on_c, 9, 38, 68
11, 26832, Note_off_c, 9, 37, 64
11, 26833, Note_off_c, 9, 38, 64
11, 26833, Note_on_c, 9, 38, 68
11, 26857, Note_off_c, 9, 38, 64
11, 26880, Control_c, 9, 7, 0
11, 26880, Note_on_c, 9, 35, 126
11, 26882, Note_on_c, 9, 57, 104
11, 26884, Note_off_c, 9, 35, 64
11, 26890, Note_off_c, 9, 57, 64
11, 26904, Control_c, 9, 7, 3
11, 26926, Note_on_c, 9, 57, 104
11, 26927, Note_off_c, 9, 57, 64
11, 26927, Note_on_c, 9, 57, 104
11, 26928, Control_c, 9, 7, 6
11, 26947, Note_off_c, 9, 57, 64
11, 26952, Control_c, 9, 7, 9
11, 26973, Note_on_c, 9, 57, 104
11, 26976, Note_off_c, 9, 57, 64
11, 26976, Control_c, 9, 7, 12
11, 26976, Note_on_c, 9, 57, 104
11, 26992, Note_off_c, 9, 57, 64
11, 27000, Control_c, 9, 7, 15
11, 27021, Note_on_c, 9, 57, 104
11, 27024, Note_off_c, 9, 57, 64
11, 27024, Control_c, 9, 7, 18
11, 27024, Note_on_c, 9, 57, 104
11, 27040, Note_off_c, 9, 57, 64
11, 27048, Control_c, 9, 7, 21
11, 27069, Note_on_c, 9, 57, 104
11, 27072, Note_off_c, 9, 57, 64
11, 27072, Control_c, 9, 7, 24
11, 27072, Note_on_c, 9, 57, 104
11, 27080, Note_off_c, 9, 57, 64
11, 27096, Control_c, 9, 7, 27
11, 27117, Note_on_c, 9, 57, 104
11, 27120, Note_off_c, 9, 57, 64
11, 27120, Control_c, 9, 7, 30
11, 27120, Note_on_c, 9, 57, 104
11, 27136, Note_off_c, 9, 57, 64
11, 27144, Control_c, 9, 7, 33
11, 27165, Note_on_c, 9, 57, 104
11, 27168, Note_off_c, 9, 57, 64
11, 27168, Control_c, 9, 7, 36
11, 27168, Note_on_c, 9, 57, 104
11, 27184, Note_off_c, 9, 57, 64
11, 27192, Control_c, 9, 7, 39
11, 27213, Note_on_c, 9, 57, 104
11, 27216, Note_off_c, 9, 57, 64
11, 27216, Control_c, 9, 7, 42
11, 27216, Note_on_c, 9, 57, 104
11, 27232, Note_off_c, 9, 57, 64
11, 27240, Control_c, 9, 7, 45
11, 27261, Note_on_c, 9, 57, 104
11, 27264, Note_off_c, 9, 57, 64
11, 27264, Control_c, 9, 7, 48
11, 27264, Note_on_c, 9, 57, 104
11, 27272, Note_off_c, 9, 57, 64
11, 27288, Control_c, 9, 7, 51
11, 27309, Note_on_c, 9, 57, 104
11, 27312, Note_off_c, 9, 57, 64
11, 27312, Control_c, 9, 7, 54
11, 27312, Note_on_c, 9, 57, 104
11, 27328, Note_off_c, 9, 57, 64
11, 27336, Control_c, 9, 7, 57
11, 27357, Note_on_c, 9, 57, 104
11, 27360, Note_off_c, 9, 57, 64
11, 27360, Control_c, 9, 7, 60
11, 27360, Note_on_c, 9, 57, 104
11, 27376, Note_off_c, 9, 57, 64
11, 27384, Control_c, 9, 7, 63
11, 27405, Note_on_c, 9, 57, 104
11, 27408, Note_off_c, 9, 57, 64
11, 27408, Control_c, 9, 7, 66
11, 27408, Note_on_c, 9, 57, 104
11, 27424, Note_off_c, 9, 57, 64
11, 27432, Control_c, 9, 7, 69
11, 27453, Note_on_c, 9, 57, 104
11, 27456, Note_off_c, 9, 57, 64
11, 27456, Control_c, 9, 7, 72
11, 27456, Note_on_c, 9, 57, 104
11, 27464, Note_off_c, 9, 57, 64
11, 27480, Control_c, 9, 7, 75
11, 27501, Note_on_c, 9, 57, 104
11, 27504, Note_off_c, 9, 57, 64
11, 27504, Control_c, 9, 7, 78
11, 27504, Note_on_c, 9, 57, 104
11, 27524, Note_off_c, 9, 57, 64
11, 27528, Control_c, 9, 7, 81
11, 27549, Note_on_c, 9, 57, 104
11, 27552, Note_off_c, 9, 57, 64
11, 27552, Control_c, 9, 7, 84
11, 27552, Note_on_c, 9, 57, 104
11, 27568, Note_off_c, 9, 57, 64
11, 27576, Control_c, 9, 7, 87
11, 27598, Note_on_c, 9, 57, 104
11, 27600, Control_c, 9, 7, 90
11, 27610, Note_off_c, 9, 57, 64
11, 27624, Control_c, 9, 7, 93
11, 27648, Control_c, 9, 7, 96
11, 27648, Note_on_c, 9, 57, 96
11, 27648, Note_on_c, 9, 70, 96
11, 27648, Note_on_c, 9, 42, 96
11, 27649, Note_on_c, 9, 35, 126
11, 27649, Note_on_c, 9, 53, 68
11, 27652, Note_off_c, 9, 57, 64
11, 27652, Note_off_c, 9, 70, 64
11, 27652, Note_off_c, 9, 42, 64
11, 27789, Note_off_c, 9, 53, 64
11, 27840, Note_on_c, 9, 53, 68
11, 27941, Note_off_c, 9, 35, 64
11, 27984, Note_off_c, 9, 53, 64
11, 28032, Note_on_c, 9, 53, 68
11, 28032, Note_on_c, 9, 35, 126
11, 28032, Note_on_c, 9, 70, 96
11, 28032, Note_on_c, 9, 42, 96
11, 28036, Note_off_c, 9, 70, 64
11, 28036, Note_off_c, 9, 42, 64
11, 28184, Note_off_c, 9, 53, 64
11, 28224, Note_on_c, 9, 53, 68
11, 28332, Note_off_c, 9, 35, 64
11, 28376, Note_off_c, 9, 53, 64
11, 28416, Note_on_c, 9, 70, 96
11, 28416, Note_on_c, 9, 42, 96
11, 28420, Note_off_c, 9, 70, 64
11, 28420, Note_off_c, 9, 42, 64
11, 28800, Note_on_c, 9, 70, 96
11, 28800, Note_on_c, 9, 42, 96
11, 28804, Note_off_c, 9, 70, 64
11, 28804, Note_off_c, 9, 42, 64
11, 29184, Note_on_c, 9, 70, 96
11, 29184, Note_on_c, 9, 42, 96
11, 29188, Note_off_c, 9, 70, 64
11, 29188, Note_off_c, 9, 42, 64
11, 29188, End_track
0, 0, End_of_file
