0, 0, Header, 1, 12, 384
1, 0, Start_track
1, 0, Time_signature, 4, 2, 96, 8
1, 0, Sequencer_specific, 3, 0, 0, 65
1, 0, Tempo, 666666
1, 0, End_track
2, 0, Start_track
2, 0, Title_t, "Unnamed Track"
2, 0, Control_c, 0, 0, 0
2, 0, Program_c, 0, 0
2, 0, Key_signature, -2, "minor"
2, 0, Note_on_c, 0, 62, 100
2, 0, Note_on_c, 0, 65, 100
2, 0, Note_on_c, 0, 58, 100
2, 1536, Note_off_c, 0, 62, 0
2, 1536, Note_off_c, 0, 65, 0
2, 1536, Note_off_c, 0, 58, 0
2, 1536, Note_on_c, 0, 63, 100
2, 1536, Note_on_c, 0, 67, 100
2, 1536, Note_on_c, 0, 65, 100
2, 1536, Note_on_c, 0, 58, 100
2, 3072, Note_off_c, 0, 63, 0
2, 3072, Note_off_c, 0, 67, 0
2, 3072, Note_off_c, 0, 65, 0
2, 3072, Note_off_c, 0, 58, 0
2, 3072, Note_on_c, 0, 62, 100
2, 3072, Note_on_c, 0, 58, 100
2, 3072, Note_on_c, 0, 65, 100
2, 4608, Note_off_c, 0, 62, 0
2, 4608, Note_off_c, 0, 58, 0
2, 4608, Note_off_c, 0, 65, 0
2, 4608, Note_on_c, 0, 63, 100
2, 4608, Note_on_c, 0, 65, 100
2, 4608, Note_on_c, 0, 58, 100
2, 4608, Note_on_c, 0, 67, 100
2, 6144, Note_off_c, 0, 63, 0
2, 6144, Note_off_c, 0, 65, 0
2, 6144, Note_off_c, 0, 58, 0
2, 6144, Note_off_c, 0, 67, 0
2, 6144, Note_on_c, 0, 70, 100
2, 6144, Note_on_c, 0, 62, 100
2, 6144, Note_on_c, 0, 65, 100
2, 6336, Note_off_c, 0, 70, 0
2, 6336, Note_on_c, 0, 70, 100
2, 6432, Note_off_c, 0, 70, 0
2, 6432, Note_on_c, 0, 70, 100
2, 6528, Note_off_c, 0, 70, 0
2, 6528, Note_on_c, 0, 72, 100
2, 6720, Note_off_c, 0, 72, 0
2, 6720, Note_on_c, 0, 74, 100
2, 6912, Note_off_c, 0, 74, 0
2, 7488, Note_on_c, 0, 72, 100
2, 7580, Note_off_c, 0, 72, 0
2, 7584, Note_on_c, 0, 70, 100
2, 7676, Note_off_c, 0, 70, 0
2, 7680, Note_off_c, 0, 62, 0
2, 7680, Note_off_c, 0, 65, 0
2, 7680, Note_on_c, 0, 67, 100
2, 7680, Note_on_c, 0, 65, 100
2, 7680, Note_on_c, 0, 72, 100
2, 7964, Note_off_c, 0, 72, 0
2, 7968, Note_on_c, 0, 74, 100
2, 8252, Note_off_c, 0, 74, 0
2, 8256, Note_on_c, 0, 70, 100
2, 9020, Note_off_c, 0, 70, 0
2, 9212, Note_off_c, 0, 67, 0
2, 9212, Note_off_c, 0, 65, 0
2, 9216, Note_on_c, 0, 70, 100
2, 9216, Note_on_c, 0, 62, 100
2, 9216, Note_on_c, 0, 65, 100
2, 9408, Note_off_c, 0, 70, 0
2, 9408, Note_on_c, 0, 70, 100
2, 9504, Note_off_c, 0, 70, 0
2, 9504, Note_on_c, 0, 70, 100
2, 9600, Note_off_c, 0, 70, 0
2, 9600, Note_on_c, 0, 72, 100
2, 9792, Note_off_c, 0, 72, 0
2, 9792, Note_on_c, 0, 74, 100
2, 9984, Note_off_c, 0, 74, 0
2, 10272, Note_on_c, 0, 70, 100
2, 10364, Note_off_c, 0, 70, 0
2, 10368, Note_on_c, 0, 70, 100
2, 10460, Note_off_c, 0, 70, 0
2, 10464, Note_on_c, 0, 77, 100
2, 10748, Note_off_c, 0, 77, 0
2, 10752, Note_off_c, 0, 62, 0
2, 10752, Note_off_c, 0, 65, 0
2, 10752, Note_on_c, 0, 77, 100
2, 10752, Note_on_c, 0, 70, 100
2, 10752, Note_on_c, 0, 67, 100
2, 11232, Note_off_c, 0, 77, 0
2, 11232, Note_on_c, 0, 75, 100
2, 11328, Note_off_c, 0, 75, 0
2, 11328, Note_on_c, 0, 74, 100
2, 11424, Note_off_c, 0, 74, 0
2, 11424, Note_on_c, 0, 72, 100
2, 12284, Note_off_c, 0, 70, 0
2, 12284, Note_off_c, 0, 67, 0
2, 12288, Note_off_c, 0, 72, 0
2, 12288, Note_on_c, 0, 70, 100
2, 12288, Note_on_c, 0, 62, 100
2, 12288, Note_on_c, 0, 65, 100
2, 12480, Note_off_c, 0, 70, 0
2, 12480, Note_on_c, 0, 70, 100
2, 12576, Note_off_c, 0, 70, 0
2, 12576, Note_on_c, 0, 70, 100
2, 12672, Note_off_c, 0, 70, 0
2, 12672, Note_on_c, 0, 72, 100
2, 12864, Note_off_c, 0, 72, 0
2, 12864, Note_on_c, 0, 74, 100
2, 13056, Note_off_c, 0, 74, 0
2, 13344, Note_on_c, 0, 72, 100
2, 13628, Note_off_c, 0, 72, 0
2, 13632, Note_on_c, 0, 70, 100
2, 13820, Note_off_c, 0, 70, 0
2, 13824, Note_off_c, 0, 62, 0
2, 13824, Note_off_c, 0, 65, 0
2, 13824, Note_on_c, 0, 65, 100
2, 13824, Note_on_c, 0, 67, 100
2, 13824, Note_on_c, 0, 72, 100
2, 14108, Note_off_c, 0, 72, 0
2, 14112, Note_on_c, 0, 74, 100
2, 14396, Note_off_c, 0, 65, 0
2, 14396, Note_off_c, 0, 67, 0
2, 14396, Note_off_c, 0, 74, 0
2, 14400, Note_on_c, 0, 70, 100
2, 14492, Note_off_c, 0, 70, 0
2, 14496, Note_on_c, 0, 65, 100
2, 14588, Note_off_c, 0, 65, 0
2, 14592, Note_on_c, 0, 67, 100
2, 14592, Note_on_c, 0, 65, 100
2, 14592, Note_on_c, 0, 58, 100
2, 15164, Note_off_c, 0, 67, 0
2, 15164, Note_off_c, 0, 65, 0
2, 15164, Note_off_c, 0, 58, 0
2, 15168, Note_on_c, 0, 75, 100
2, 15260, Note_off_c, 0, 75, 0
2, 15264, Note_on_c, 0, 70, 100
2, 15356, Note_off_c, 0, 70, 0
2, 15360, Note_on_c, 0, 70, 100
2, 15360, Note_on_c, 0, 67, 100
2, 15744, Note_on_c, 0, 77, 100
2, 15932, Note_off_c, 0, 77, 0
2, 15936, Note_on_c, 0, 75, 100
2, 16316, Note_off_c, 0, 75, 0
2, 16320, Note_on_c, 0, 74, 100
2, 16508, Note_off_c, 0, 74, 0
2, 16512, Note_on_c, 0, 72, 100
2, 16604, Note_off_c, 0, 72, 0
2, 16608, Note_on_c, 0, 70, 100
2, 16700, Note_off_c, 0, 70, 64
2, 16704, Note_on_c, 0, 70, 100
2, 16892, Note_off_c, 0, 67, 0
2, 16892, Note_off_c, 0, 70, 0
2, 16892, Note_off_c, 0, 70, 64
2, 16896, Note_on_c, 0, 74, 100
2, 16896, Note_on_c, 0, 70, 100
2, 16896, Note_on_c, 0, 65, 100
2, 16896, Note_on_c, 0, 74, 100
2, 17276, Note_off_c, 0, 74, 64
2, 17472, Note_on_c, 0, 72, 100
2, 17660, Note_off_c, 0, 70, 0
2, 17660, Note_off_c, 0, 65, 0
2, 17660, Note_off_c, 0, 74, 0
2, 17660, Note_off_c, 0, 72, 0
2, 17664, Note_on_c, 0, 69, 100
2, 17664, Note_on_c, 0, 65, 100
2, 17664, Note_on_c, 0, 74, 100
2, 17756, Note_off_c, 0, 74, 0
2, 17760, Note_on_c, 0, 72, 100
2, 18332, Note_off_c, 0, 72, 0
2, 18428, Note_off_c, 0, 69, 0
2, 18428, Note_off_c, 0, 65, 0
2, 18432, Note_on_c, 0, 70, 100
2, 18432, Note_on_c, 0, 67, 100
2, 18816, Note_on_c, 0, 77, 100
2, 19004, Note_off_c, 0, 77, 0
2, 19008, Note_on_c, 0, 75, 100
2, 19388, Note_off_c, 0, 75, 0
2, 19392, Note_on_c, 0, 74, 100
2, 19580, Note_off_c, 0, 74, 0
2, 19584, Note_on_c, 0, 72, 100
2, 19772, Note_off_c, 0, 72, 0
2, 19964, Note_off_c, 0, 70, 0
2, 19964, Note_off_c, 0, 67, 0
2, 19968, Note_on_c, 0, 70, 100
2, 19968, Note_on_c, 0, 74, 100
2, 19968, Note_on_c, 0, 79, 100
2, 20156, Note_off_c, 0, 79, 0
2, 20160, Note_on_c, 0, 79, 100
2, 20252, Note_off_c, 0, 79, 0
2, 20256, Note_on_c, 0, 79, 100
2, 20540, Note_off_c, 0, 79, 0
2, 20544, Note_on_c, 0, 77, 100
2, 20636, Note_off_c, 0, 77, 0
2, 20640, Note_on_c, 0, 77, 100
2, 20732, Note_off_c, 0, 70, 0
2, 20732, Note_off_c, 0, 74, 0
2, 20736, Note_on_c, 0, 72, 100
2, 20736, Note_on_c, 0, 69, 100
2, 21404, Note_off_c, 0, 77, 0
2, 21500, Note_off_c, 0, 72, 0
2, 21500, Note_off_c, 0, 69, 0
2, 21504, Note_on_c, 0, 63, 100
2, 21504, Note_on_c, 0, 58, 100
2, 21696, Note_on_c, 0, 67, 100
2, 21788, Note_off_c, 0, 67, 0
2, 21792, Note_on_c, 0, 70, 100
2, 21884, Note_off_c, 0, 70, 0
2, 21888, Note_on_c, 0, 70, 100
2, 22076, Note_off_c, 0, 70, 0
2, 22080, Note_on_c, 0, 70, 100
2, 22172, Note_off_c, 0, 70, 0
2, 22176, Note_on_c, 0, 72, 100
2, 22268, Note_off_c, 0, 63, 0
2, 22268, Note_off_c, 0, 58, 0
2, 22272, Note_on_c, 0, 65, 100
2, 22272, Note_on_c, 0, 60, 100
2, 22460, Note_off_c, 0, 72, 0
2, 22464, Note_on_c, 0, 69, 100
2, 22556, Note_off_c, 0, 69, 0
2, 22560, Note_on_c, 0, 67, 100
2, 22652, Note_off_c, 0, 67, 0
2, 23036, Note_off_c, 0, 65, 0
2, 23036, Note_off_c, 0, 60, 0
2, 23040, Note_on_c, 0, 62, 100
2, 23228, Note_off_c, 0, 62, 0
2, 23232, Note_on_c, 0, 65, 100
2, 23420, Note_off_c, 0, 65, 0
2, 23424, Note_on_c, 0, 62, 100
2, 23612, Note_off_c, 0, 62, 0
2, 23616, Note_on_c, 0, 70, 100
2, 23616, Note_on_c, 0, 62, 100
2, 23996, Note_off_c, 0, 70, 0
2, 24000, Note_on_c, 0, 72, 100
2, 24380, Note_off_c, 0, 62, 0
2, 24380, Note_off_c, 0, 72, 0
2, 24384, Note_on_c, 0, 69, 100
2, 24476, Note_off_c, 0, 69, 0
2, 24480, Note_on_c, 0, 67, 100
2, 24572, Note_off_c, 0, 67, 0
2, 24576, Note_on_c, 0, 65, 100
2, 24576, Note_on_c, 0, 62, 100
2, 24576, Note_on_c, 0, 58, 100
2, 25340, Note_off_c, 0, 65, 0
2, 25340, Note_off_c, 0, 62, 0
2, 25340, Note_off_c, 0, 58, 0
2, 25344, Note_on_c, 0, 65, 100
2, 25344, Note_on_c, 0, 62, 100
2, 25344, Note_on_c, 0, 70, 100
2, 25532, Note_off_c, 0, 70, 0
2, 25536, Note_on_c, 0, 72, 100
2, 25724, Note_off_c, 0, 72, 0
2, 25728, Note_on_c, 0, 70, 100
2, 25916, Note_off_c, 0, 70, 0
2, 25920, Note_on_c, 0, 74, 100
2, 26108, Note_off_c, 0, 65, 0
2, 26108, Note_off_c, 0, 62, 0
2, 26112, Note_on_c, 0, 67, 100
2, 26112, Note_on_c, 0, 63, 100
2, 26204, Note_off_c, 0, 74, 0
2, 26208, Note_on_c, 0, 72, 100
2, 26300, Note_off_c, 0, 72, 0
2, 26304, Note_on_c, 0, 70, 100
2, 27068, Note_off_c, 0, 70, 0
2, 27456, Note_on_c, 0, 70, 100
2, 27548, Note_off_c, 0, 70, 0
2, 27552, Note_on_c, 0, 72, 100
2, 27644, Note_off_c, 0, 67, 0
2, 27644, Note_off_c, 0, 63, 0
2, 27644, Note_off_c, 0, 72, 0
2, 27648, Note_on_c, 0, 74, 100
2, 27740, Note_off_c, 0, 74, 0
2, 27744, Note_on_c, 0, 74, 100
2, 27932, Note_off_c, 0, 74, 0
2, 27936, Note_on_c, 0, 74, 100
2, 28124, Note_off_c, 0, 74, 0
2, 28128, Note_on_c, 0, 72, 100
2, 28220, Note_off_c, 0, 72, 0
2, 28224, Note_on_c, 0, 72, 100
2, 28416, Note_on_c, 0, 69, 100
2, 28416, Note_on_c, 0, 65, 100
2, 28988, Note_off_c, 0, 72, 0
2, 29180, Note_off_c, 0, 69, 0
2, 29180, Note_off_c, 0, 65, 0
2, 29184, Note_on_c, 0, 62, 100
2, 29184, Note_on_c, 0, 58, 100
2, 29372, Note_off_c, 0, 62, 0
2, 29376, Note_on_c, 0, 65, 100
2, 29564, Note_off_c, 0, 65, 0
2, 29568, Note_on_c, 0, 62, 100
2, 29756, Note_off_c, 0, 58, 0
2, 29756, Note_off_c, 0, 62, 0
2, 29760, Note_on_c, 0, 70, 100
2, 29760, Note_on_c, 0, 62, 100
2, 30140, Note_off_c, 0, 70, 0
2, 30144, Note_on_c, 0, 72, 100
2, 30524, Note_off_c, 0, 62, 0
2, 30524, Note_off_c, 0, 72, 0
2, 30528, Note_on_c, 0, 69, 100
2, 30620, Note_off_c, 0, 69, 0
2, 30624, Note_on_c, 0, 67, 100
2, 30716, Note_off_c, 0, 67, 0
2, 30720, Note_on_c, 0, 62, 100
2, 30720, Note_on_c, 0, 58, 100
2, 30720, Note_on_c, 0, 65, 100
2, 31292, Note_off_c, 0, 65, 0
2, 31392, Note_on_c, 0, 65, 100
2, 31484, Note_off_c, 0, 62, 0
2, 31484, Note_off_c, 0, 58, 0
2, 31484, Note_off_c, 0, 65, 0
2, 31488, Note_on_c, 0, 65, 100
2, 31488, Note_on_c, 0, 62, 100
2, 31488, Note_on_c, 0, 70, 100
2, 31676, Note_off_c, 0, 70, 0
2, 31680, Note_on_c, 0, 72, 100
2, 31868, Note_off_c, 0, 72, 0
2, 31872, Note_on_c, 0, 70, 100
2, 32060, Note_off_c, 0, 70, 0
2, 32064, Note_on_c, 0, 74, 100
2, 32252, Note_off_c, 0, 65, 0
2, 32252, Note_off_c, 0, 62, 0
2, 32256, Note_on_c, 0, 67, 100
2, 32256, Note_on_c, 0, 63, 100
2, 32348, Note_off_c, 0, 74, 0
2, 32352, Note_on_c, 0, 72, 100
2, 32444, Note_off_c, 0, 72, 0
2, 32448, Note_on_c, 0, 70, 100
2, 33212, Note_off_c, 0, 70, 0
2, 33408, Note_on_c, 0, 70, 100
2, 33500, Note_off_c, 0, 70, 0
2, 33504, Note_on_c, 0, 72, 100
2, 33788, Note_off_c, 0, 67, 0
2, 33788, Note_off_c, 0, 63, 0
2, 33788, Note_off_c, 0, 72, 0
2, 33792, Note_on_c, 0, 65, 100
2, 33792, Note_on_c, 0, 70, 100
2, 33792, Note_on_c, 0, 74, 100
2, 33980, Note_off_c, 0, 74, 0
2, 33984, Note_on_c, 0, 74, 100
2, 34076, Note_off_c, 0, 74, 0
2, 34080, Note_on_c, 0, 74, 100
2, 34268, Note_off_c, 0, 74, 0
2, 34272, Note_on_c, 0, 72, 100
2, 34460, Note_off_c, 0, 72, 0
2, 34464, Note_on_c, 0, 72, 100
2, 34556, Note_off_c, 0, 65, 0
2, 34556, Note_off_c, 0, 70, 0
2, 34560, Note_on_c, 0, 69, 100
2, 34560, Note_on_c, 0, 65, 100
2, 35228, Note_off_c, 0, 72, 0
2, 35324, Note_off_c, 0, 69, 0
2, 35324, Note_off_c, 0, 65, 0
2, 35328, Note_on_c, 0, 65, 100
2, 35328, Note_on_c, 0, 60, 100
2, 35328, Note_on_c, 0, 69, 100
2, 35420, Note_off_c, 0, 69, 0
2, 35424, Note_on_c, 0, 69, 100
2, 35516, Note_off_c, 0, 69, 0
2, 35520, Note_on_c, 0, 69, 100
2, 35612, Note_off_c, 0, 69, 0
2, 35616, Note_on_c, 0, 69, 100
2, 35708, Note_off_c, 0, 69, 0
2, 35712, Note_on_c, 0, 69, 100
2, 35900, Note_off_c, 0, 69, 0
2, 35904, Note_on_c, 0, 70, 100
2, 35996, Note_off_c, 0, 70, 0
2, 36000, Note_on_c, 0, 67, 100
2, 36092, Note_off_c, 0, 65, 0
2, 36092, Note_off_c, 0, 60, 0
2, 36096, Note_on_c, 0, 58, 100
2, 36284, Note_off_c, 0, 67, 0
2, 36288, Note_on_c, 0, 62, 100
2, 36860, Note_off_c, 0, 58, 0
2, 36860, Note_off_c, 0, 62, 0
2, 36864, Note_on_c, 0, 69, 100
2, 36864, Note_on_c, 0, 65, 100
2, 36864, Note_on_c, 0, 60, 100
2, 37148, Note_off_c, 0, 69, 0
2, 37148, Note_off_c, 0, 65, 0
2, 37148, Note_off_c, 0, 60, 0
2, 37152, Note_on_c, 0, 69, 100
2, 37152, Note_on_c, 0, 65, 100
2, 37152, Note_on_c, 0, 60, 100
2, 37436, Note_off_c, 0, 69, 0
2, 37436, Note_off_c, 0, 65, 0
2, 37436, Note_off_c, 0, 60, 0
2, 37440, Note_on_c, 0, 70, 100
2, 37440, Note_on_c, 0, 67, 100
2, 37440, Note_on_c, 0, 62, 100
2, 38204, Note_off_c, 0, 70, 0
2, 38204, Note_off_c, 0, 67, 0
2, 38204, Note_off_c, 0, 62, 0
2, 38400, Note_on_c, 0, 70, 100
2, 38400, Note_on_c, 0, 62, 100
2, 38400, Note_on_c, 0, 65, 100
2, 38592, Note_off_c, 0, 70, 0
2, 38592, Note_on_c, 0, 70, 100
2, 38688, Note_off_c, 0, 70, 0
2, 38688, Note_on_c, 0, 70, 100
2, 38784, Note_off_c, 0, 70, 0
2, 38784, Note_on_c, 0, 72, 100
2, 38976, Note_off_c, 0, 72, 0
2, 38976, Note_on_c, 0, 74, 100
2, 39168, Note_off_c, 0, 74, 0
2, 39744, Note_on_c, 0, 72, 100
2, 39836, Note_off_c, 0, 72, 0
2, 39840, Note_on_c, 0, 70, 100
2, 39932, Note_off_c, 0, 70, 0
2, 39936, Note_off_c, 0, 62, 0
2, 39936, Note_off_c, 0, 65, 0
2, 39936, Note_on_c, 0, 67, 100
2, 39936, Note_on_c, 0, 65, 100
2, 39936, Note_on_c, 0, 72, 100
2, 40220, Note_off_c, 0, 72, 0
2, 40224, Note_on_c, 0, 74, 100
2, 40508, Note_off_c, 0, 74, 0
2, 40512, Note_on_c, 0, 70, 100
2, 41276, Note_off_c, 0, 70, 0
2, 41468, Note_off_c, 0, 67, 0
2, 41468, Note_off_c, 0, 65, 0
2, 41472, Note_on_c, 0, 70, 100
2, 41472, Note_on_c, 0, 62, 100
2, 41472, Note_on_c, 0, 65, 100
2, 41664, Note_off_c, 0, 70, 0
2, 41664, Note_on_c, 0, 70, 100
2, 41760, Note_off_c, 0, 70, 0
2, 41760, Note_on_c, 0, 70, 100
2, 41856, Note_off_c, 0, 70, 0
2, 41856, Note_on_c, 0, 72, 100
2, 42048, Note_off_c, 0, 72, 0
2, 42048, Note_on_c, 0, 74, 100
2, 42240, Note_off_c, 0, 74, 0
2, 42528, Note_on_c, 0, 70, 100
2, 42620, Note_off_c, 0, 70, 0
2, 42624, Note_on_c, 0, 70, 100
2, 42716, Note_off_c, 0, 70, 0
2, 42720, Note_on_c, 0, 77, 100
2, 43004, Note_off_c, 0, 77, 0
2, 43008, Note_off_c, 0, 62, 0
2, 43008, Note_off_c, 0, 65, 0
2, 43008, Note_on_c, 0, 77, 100
2, 43008, Note_on_c, 0, 70, 100
2, 43008, Note_on_c, 0, 67, 100
2, 43488, Note_off_c, 0, 77, 0
2, 43488, Note_on_c, 0, 75, 100
2, 43584, Note_off_c, 0, 75, 0
2, 43584, Note_on_c, 0, 74, 100
2, 43680, Note_off_c, 0, 74, 0
2, 43680, Note_on_c, 0, 72, 100
2, 44540, Note_off_c, 0, 70, 0
2, 44540, Note_off_c, 0, 67, 0
2, 44544, Note_off_c, 0, 72, 0
2, 44544, Note_on_c, 0, 70, 100
2, 44544, Note_on_c, 0, 62, 100
2, 44544, Note_on_c, 0, 65, 100
2, 44736, Note_off_c, 0, 70, 0
2, 44736, Note_on_c, 0, 70, 100
2, 44832, Note_off_c, 0, 70, 0
2, 44832, Note_on_c, 0, 70, 100
2, 44928, Note_off_c, 0, 70, 0
2, 44928, Note_on_c, 0, 72, 100
2, 45120, Note_off_c, 0, 72, 0
2, 45120, Note_on_c, 0, 74, 100
2, 45312, Note_off_c, 0, 74, 0
2, 45600, Note_on_c, 0, 72, 100
2, 45884, Note_off_c, 0, 72, 0
2, 45888, Note_on_c, 0, 70, 100
2, 46076, Note_off_c, 0, 70, 0
2, 46080, Note_off_c, 0, 62, 0
2, 46080, Note_off_c, 0, 65, 0
2, 46080, Note_on_c, 0, 65, 100
2, 46080, Note_on_c, 0, 67, 100
2, 46080, Note_on_c, 0, 72, 100
2, 46364, Note_off_c, 0, 72, 0
2, 46368, Note_on_c, 0, 74, 100
2, 46652, Note_off_c, 0, 65, 0
2, 46652, Note_off_c, 0, 67, 0
2, 46652, Note_off_c, 0, 74, 0
2, 46656, Note_on_c, 0, 70, 100
2, 46748, Note_off_c, 0, 70, 0
2, 46752, Note_on_c, 0, 65, 100
2, 46844, Note_off_c, 0, 65, 0
2, 46848, Note_on_c, 0, 67, 100
2, 46848, Note_on_c, 0, 65, 100
2, 46848, Note_on_c, 0, 58, 100
2, 47420, Note_off_c, 0, 67, 0
2, 47420, Note_off_c, 0, 65, 0
2, 47420, Note_off_c, 0, 58, 0
2, 47424, Note_on_c, 0, 75, 100
2, 47516, Note_off_c, 0, 75, 0
2, 47520, Note_on_c, 0, 70, 100
2, 47612, Note_off_c, 0, 70, 0
2, 47616, Note_on_c, 0, 70, 100
2, 47616, Note_on_c, 0, 67, 100
2, 48000, Note_on_c, 0, 77, 100
2, 48188, Note_off_c, 0, 77, 0
2, 48192, Note_on_c, 0, 75, 100
2, 48572, Note_off_c, 0, 75, 0
2, 48576, Note_on_c, 0, 74, 100
2, 48764, Note_off_c, 0, 74, 0
2, 48768, Note_on_c, 0, 72, 100
2, 48860, Note_off_c, 0, 72, 0
2, 49148, Note_off_c, 0, 70, 0
2, 49148, Note_off_c, 0, 67, 0
2, 49152, Note_on_c, 0, 74, 100
2, 49152, Note_on_c, 0, 70, 100
2, 49152, Note_on_c, 0, 65, 100
2, 49728, Note_on_c, 0, 72, 100
2, 49916, Note_off_c, 0, 74, 0
2, 49916, Note_off_c, 0, 70, 0
2, 49916, Note_off_c, 0, 65, 0
2, 49916, Note_off_c, 0, 72, 0
2, 49920, Note_on_c, 0, 69, 100
2, 49920, Note_on_c, 0, 65, 100
2, 49920, Note_on_c, 0, 74, 100
2, 50012, Note_off_c, 0, 74, 0
2, 50016, Note_on_c, 0, 72, 100
2, 50588, Note_off_c, 0, 72, 0
2, 50684, Note_off_c, 0, 69, 0
2, 50684, Note_off_c, 0, 65, 0
2, 50688, Note_on_c, 0, 70, 100
2, 50688, Note_on_c, 0, 67, 100
2, 51072, Note_on_c, 0, 77, 100
2, 51260, Note_off_c, 0, 77, 0
2, 51264, Note_on_c, 0, 75, 100
2, 51644, Note_off_c, 0, 75, 0
2, 51648, Note_on_c, 0, 74, 100
2, 51836, Note_off_c, 0, 74, 0
2, 51840, Note_on_c, 0, 72, 100
2, 52028, Note_off_c, 0, 72, 0
2, 52220, Note_off_c, 0, 70, 0
2, 52220, Note_off_c, 0, 67, 0
2, 52224, Note_on_c, 0, 70, 100
2, 52224, Note_on_c, 0, 74, 100
2, 52224, Note_on_c, 0, 79, 100
2, 52412, Note_off_c, 0, 79, 0
2, 52416, Note_on_c, 0, 79, 100
2, 52508, Note_off_c, 0, 79, 0
2, 52512, Note_on_c, 0, 79, 100
2, 52796, Note_off_c, 0, 79, 0
2, 52800, Note_on_c, 0, 77, 100
2, 52892, Note_off_c, 0, 77, 0
2, 52896, Note_on_c, 0, 77, 100
2, 52988, Note_off_c, 0, 70, 0
2, 52988, Note_off_c, 0, 74, 0
2, 52992, Note_on_c, 0, 72, 100
2, 52992, Note_on_c, 0, 69, 100
2, 53660, Note_off_c, 0, 77, 0
2, 53756, Note_off_c, 0, 72, 0
2, 53756, Note_off_c, 0, 69, 0
2, 53760, Note_on_c, 0, 63, 100
2, 53760, Note_on_c, 0, 58, 100
2, 53952, Note_on_c, 0, 67, 100
2, 54044, Note_off_c, 0, 67, 0
2, 54048, Note_on_c, 0, 70, 100
2, 54140, Note_off_c, 0, 70, 0
2, 54144, Note_on_c, 0, 70, 100
2, 54332, Note_off_c, 0, 70, 0
2, 54336, Note_on_c, 0, 70, 100
2, 54428, Note_off_c, 0, 70, 0
2, 54432, Note_on_c, 0, 72, 100
2, 54524, Note_off_c, 0, 63, 0
2, 54524, Note_off_c, 0, 58, 0
2, 54528, Note_on_c, 0, 65, 100
2, 54528, Note_on_c, 0, 60, 100
2, 54716, Note_off_c, 0, 72, 0
2, 54720, Note_on_c, 0, 69, 100
2, 54812, Note_off_c, 0, 69, 0
2, 54816, Note_on_c, 0, 67, 100
2, 54908, Note_off_c, 0, 67, 0
2, 55292, Note_off_c, 0, 65, 0
2, 55292, Note_off_c, 0, 60, 0
2, 55296, Note_on_c, 0, 62, 100
2, 55484, Note_off_c, 0, 62, 0
2, 55488, Note_on_c, 0, 65, 100
2, 55676, Note_off_c, 0, 65, 0
2, 55680, Note_on_c, 0, 62, 100
2, 55868, Note_off_c, 0, 62, 0
2, 55872, Note_on_c, 0, 70, 100
2, 55872, Note_on_c, 0, 62, 100
2, 56252, Note_off_c, 0, 70, 0
2, 56256, Note_on_c, 0, 72, 100
2, 56636, Note_off_c, 0, 62, 0
2, 56636, Note_off_c, 0, 72, 0
2, 56640, Note_on_c, 0, 69, 100
2, 56732, Note_off_c, 0, 69, 0
2, 56736, Note_on_c, 0, 67, 100
2, 56828, Note_off_c, 0, 67, 0
2, 56832, Note_on_c, 0, 65, 100
2, 56832, Note_on_c, 0, 62, 100
2, 56832, Note_on_c, 0, 58, 100
2, 57596, Note_off_c, 0, 65, 0
2, 57596, Note_off_c, 0, 62, 0
2, 57596, Note_off_c, 0, 58, 0
2, 57600, Note_on_c, 0, 65, 100
2, 57600, Note_on_c, 0, 62, 100
2, 57600, Note_on_c, 0, 70, 100
2, 57788, Note_off_c, 0, 70, 0
2, 57792, Note_on_c, 0, 72, 100
2, 57980, Note_off_c, 0, 72, 0
2, 57984, Note_on_c, 0, 70, 100
2, 58172, Note_off_c, 0, 70, 0
2, 58176, Note_on_c, 0, 74, 100
2, 58364, Note_off_c, 0, 65, 0
2, 58364, Note_off_c, 0, 62, 0
2, 58368, Note_on_c, 0, 67, 100
2, 58368, Note_on_c, 0, 63, 100
2, 58460, Note_off_c, 0, 74, 0
2, 58464, Note_on_c, 0, 72, 100
2, 58556, Note_off_c, 0, 72, 0
2, 58560, Note_on_c, 0, 70, 100
2, 59324, Note_off_c, 0, 70, 0
2, 59712, Note_on_c, 0, 70, 100
2, 59804, Note_off_c, 0, 70, 0
2, 59808, Note_on_c, 0, 72, 100
2, 59900, Note_off_c, 0, 67, 0
2, 59900, Note_off_c, 0, 63, 0
2, 59900, Note_off_c, 0, 72, 0
2, 59904, Note_on_c, 0, 74, 100
2, 59996, Note_off_c, 0, 74, 0
2, 60000, Note_on_c, 0, 74, 100
2, 60188, Note_off_c, 0, 74, 0
2, 60192, Note_on_c, 0, 74, 100
2, 60380, Note_off_c, 0, 74, 0
2, 60384, Note_on_c, 0, 72, 100
2, 60476, Note_off_c, 0, 72, 0
2, 60480, Note_on_c, 0, 72, 100
2, 60672, Note_on_c, 0, 69, 100
2, 60672, Note_on_c, 0, 65, 100
2, 61244, Note_off_c, 0, 72, 0
2, 61436, Note_off_c, 0, 69, 0
2, 61436, Note_off_c, 0, 65, 0
2, 61440, Note_on_c, 0, 62, 100
2, 61440, Note_on_c, 0, 58, 100
2, 61628, Note_off_c, 0, 62, 0
2, 61632, Note_on_c, 0, 65, 100
2, 61820, Note_off_c, 0, 65, 0
2, 61824, Note_on_c, 0, 62, 100
2, 62012, Note_off_c, 0, 58, 0
2, 62012, Note_off_c, 0, 62, 0
2, 62016, Note_on_c, 0, 70, 100
2, 62016, Note_on_c, 0, 62, 100
2, 62396, Note_off_c, 0, 70, 0
2, 62400, Note_on_c, 0, 72, 100
2, 62780, Note_off_c, 0, 62, 0
2, 62780, Note_off_c, 0, 72, 0
2, 62784, Note_on_c, 0, 69, 100
2, 62876, Note_off_c, 0, 69, 0
2, 62880, Note_on_c, 0, 67, 100
2, 62972, Note_off_c, 0, 67, 0
2, 62976, Note_on_c, 0, 62, 100
2, 62976, Note_on_c, 0, 58, 100
2, 62976, Note_on_c, 0, 65, 100
2, 63548, Note_off_c, 0, 65, 0
2, 63648, Note_on_c, 0, 65, 100
2, 63740, Note_off_c, 0, 62, 0
2, 63740, Note_off_c, 0, 58, 0
2, 63740, Note_off_c, 0, 65, 0
2, 63744, Note_on_c, 0, 65, 100
2, 63744, Note_on_c, 0, 62, 100
2, 63744, Note_on_c, 0, 70, 100
2, 63932, Note_off_c, 0, 70, 0
2, 63936, Note_on_c, 0, 72, 100
2, 64124, Note_off_c, 0, 72, 0
2, 64128, Note_on_c, 0, 70, 100
2, 64316, Note_off_c, 0, 70, 0
2, 64320, Note_on_c, 0, 74, 100
2, 64508, Note_off_c, 0, 65, 0
2, 64508, Note_off_c, 0, 62, 0
2, 64512, Note_on_c, 0, 67, 100
2, 64512, Note_on_c, 0, 63, 100
2, 64604, Note_off_c, 0, 74, 0
2, 64608, Note_on_c, 0, 72, 100
2, 64700, Note_off_c, 0, 72, 0
2, 64704, Note_on_c, 0, 70, 100
2, 65468, Note_off_c, 0, 70, 0
2, 65664, Note_on_c, 0, 70, 100
2, 65756, Note_off_c, 0, 70, 0
2, 65760, Note_on_c, 0, 72, 100
2, 66044, Note_off_c, 0, 67, 0
2, 66044, Note_off_c, 0, 63, 0
2, 66044, Note_off_c, 0, 72, 0
2, 66048, Note_on_c, 0, 65, 100
2, 66048, Note_on_c, 0, 70, 100
2, 66048, Note_on_c, 0, 74, 100
2, 66236, Note_off_c, 0, 74, 0
2, 66240, Note_on_c, 0, 74, 100
2, 66332, Note_off_c, 0, 74, 0
2, 66336, Note_on_c, 0, 74, 100
2, 66524, Note_off_c, 0, 74, 0
2, 66528, Note_on_c, 0, 72, 100
2, 66716, Note_off_c, 0, 72, 0
2, 66720, Note_on_c, 0, 72, 100
2, 66812, Note_off_c, 0, 65, 0
2, 66812, Note_off_c, 0, 70, 0
2, 66816, Note_on_c, 0, 69, 100
2, 66816, Note_on_c, 0, 65, 100
2, 67484, Note_off_c, 0, 72, 0
2, 67580, Note_off_c, 0, 69, 0
2, 67580, Note_off_c, 0, 65, 0
2, 67584, Note_on_c, 0, 65, 100
2, 67584, Note_on_c, 0, 60, 100
2, 67584, Note_on_c, 0, 69, 100
2, 67676, Note_off_c, 0, 69, 0
2, 67680, Note_on_c, 0, 69, 100
2, 67772, Note_off_c, 0, 69, 0
2, 67776, Note_on_c, 0, 69, 100
2, 67868, Note_off_c, 0, 69, 0
2, 67872, Note_on_c, 0, 69, 100
2, 67964, Note_off_c, 0, 69, 0
2, 67968, Note_on_c, 0, 69, 100
2, 68156, Note_off_c, 0, 69, 0
2, 68160, Note_on_c, 0, 70, 100
2, 68252, Note_off_c, 0, 70, 0
2, 68256, Note_on_c, 0, 67, 100
2, 68348, Note_off_c, 0, 65, 0
2, 68348, Note_off_c, 0, 60, 0
2, 68352, Note_on_c, 0, 58, 100
2, 68540, Note_off_c, 0, 67, 0
2, 68544, Note_on_c, 0, 62, 100
2, 69116, Note_off_c, 0, 58, 0
2, 69116, Note_off_c, 0, 62, 0
2, 69120, Note_on_c, 0, 69, 100
2, 69120, Note_on_c, 0, 65, 100
2, 69120, Note_on_c, 0, 60, 100
2, 69404, Note_off_c, 0, 69, 0
2, 69404, Note_off_c, 0, 65, 0
2, 69404, Note_off_c, 0, 60, 0
2, 69408, Note_on_c, 0, 69, 100
2, 69408, Note_on_c, 0, 65, 100
2, 69408, Note_on_c, 0, 60, 100
2, 69692, Note_off_c, 0, 69, 0
2, 69692, Note_off_c, 0, 65, 0
2, 69692, Note_off_c, 0, 60, 0
2, 69696, Note_on_c, 0, 70, 100
2, 69696, Note_on_c, 0, 67, 100
2, 69696, Note_on_c, 0, 62, 100
2, 70460, Note_off_c, 0, 70, 0
2, 70460, Note_off_c, 0, 67, 0
2, 70460, Note_off_c, 0, 62, 0
2, 76800, Note_on_c, 0, 62, 100
2, 76800, Note_on_c, 0, 58, 100
2, 76896, Note_on_c, 0, 62, 100
2, 76988, Note_off_c, 0, 62, 64
2, 76992, Note_on_c, 0, 65, 100
2, 77180, Note_off_c, 0, 65, 64
2, 77184, Note_on_c, 0, 65, 100
2, 77372, Note_off_c, 0, 65, 64
2, 77376, Note_on_c, 0, 62, 100
2, 77468, Note_off_c, 0, 62, 64
2, 77472, Note_on_c, 0, 65, 100
2, 77660, Note_off_c, 0, 65, 64
2, 77664, Note_on_c, 0, 62, 100
2, 77756, Note_off_c, 0, 62, 64
2, 77760, Note_on_c, 0, 65, 100
2, 77852, Note_off_c, 0, 65, 64
2, 77856, Note_on_c, 0, 62, 100
2, 77948, Note_off_c, 0, 62, 64
2, 77952, Note_on_c, 0, 65, 100
2, 78044, Note_off_c, 0, 65, 64
2, 78048, Note_on_c, 0, 67, 100
2, 78332, Note_off_c, 0, 58, 64
2, 78332, Note_off_c, 0, 62, 64
2, 78332, Note_off_c, 0, 67, 64
2, 78336, Note_on_c, 0, 62, 100
2, 78336, Note_on_c, 0, 58, 100
2, 78528, Note_on_c, 0, 70, 100
2, 78716, Note_off_c, 0, 70, 64
2, 78720, Note_on_c, 0, 70, 100
2, 78908, Note_off_c, 0, 70, 64
2, 78912, Note_on_c, 0, 70, 100
2, 79004, Note_off_c, 0, 70, 64
2, 79008, Note_on_c, 0, 69, 100
2, 79100, Note_off_c, 0, 62, 64
2, 79100, Note_off_c, 0, 58, 64
2, 79100, Note_off_c, 0, 69, 64
2, 79104, Note_on_c, 0, 60, 100
2, 79104, Note_on_c, 0, 57, 100
2, 79104, Note_on_c, 0, 67, 100
2, 79196, Note_off_c, 0, 67, 64
2, 79200, Note_on_c, 0, 65, 100
2, 79388, Note_off_c, 0, 65, 64
2, 79392, Note_on_c, 0, 67, 100
2, 79772, Note_off_c, 0, 67, 64
2, 79868, Note_off_c, 0, 60, 64
2, 79868, Note_off_c, 0, 57, 64
2, 79872, Note_on_c, 0, 58, 100
2, 79872, Note_on_c, 0, 55, 100
2, 80064, Note_on_c, 0, 65, 100
2, 80252, Note_off_c, 0, 65, 64
2, 80256, Note_on_c, 0, 65, 100
2, 80444, Note_off_c, 0, 65, 64
2, 80448, Note_on_c, 0, 65, 100
2, 80636, Note_off_c, 0, 65, 64
2, 80640, Note_on_c, 0, 62, 100
2, 80732, Note_off_c, 0, 62, 64
2, 80736, Note_on_c, 0, 65, 100
2, 80924, Note_off_c, 0, 65, 64
2, 80928, Note_on_c, 0, 62, 100
2, 81020, Note_off_c, 0, 62, 64
2, 81024, Note_on_c, 0, 65, 100
2, 81116, Note_off_c, 0, 65, 64
2, 81120, Note_on_c, 0, 62, 100
2, 81212, Note_off_c, 0, 62, 64
2, 81216, Note_on_c, 0, 65, 100
2, 81308, Note_off_c, 0, 65, 64
2, 81312, Note_on_c, 0, 67, 100
2, 81404, Note_off_c, 0, 58, 64
2, 81404, Note_off_c, 0, 55, 64
2, 81408, Note_on_c, 0, 62, 100
2, 81408, Note_on_c, 0, 58, 100
2, 81596, Note_off_c, 0, 67, 64
2, 81600, Note_on_c, 0, 67, 100
2, 81692, Note_off_c, 0, 67, 64
2, 81696, Note_on_c, 0, 70, 100
2, 81788, Note_off_c, 0, 70, 64
2, 81792, Note_on_c, 0, 70, 100
2, 81980, Note_off_c, 0, 70, 64
2, 81984, Note_on_c, 0, 70, 100
2, 82076, Note_off_c, 0, 70, 64
2, 82080, Note_on_c, 0, 70, 100
2, 82172, Note_off_c, 0, 62, 64
2, 82172, Note_off_c, 0, 58, 64
2, 82172, Note_off_c, 0, 70, 64
2, 82176, Note_on_c, 0, 69, 100
2, 82176, Note_on_c, 0, 72, 100
2, 82176, Note_on_c, 0, 65, 100
2, 82940, Note_off_c, 0, 69, 64
2, 82940, Note_off_c, 0, 72, 64
2, 82940, Note_off_c, 0, 65, 64
2, 82944, Note_on_c, 0, 63, 100
2, 82944, Note_on_c, 0, 58, 100
2, 82944, Note_on_c, 0, 55, 100
2, 83516, Note_off_c, 0, 63, 64
2, 83516, Note_off_c, 0, 58, 64
2, 83516, Note_off_c, 0, 55, 64
2, 83520, Note_on_c, 0, 65, 100
2, 83520, Note_on_c, 0, 60, 100
2, 83520, Note_on_c, 0, 57, 100
2, 84284, Note_off_c, 0, 65, 64
2, 84284, Note_off_c, 0, 60, 64
2, 84284, Note_off_c, 0, 57, 64
2, 84480, Note_on_c, 0, 63, 100
2, 84480, Note_on_c, 0, 58, 100
2, 84480, Note_on_c, 0, 55, 100
2, 84764, Note_off_c, 0, 63, 64
2, 84764, Note_off_c, 0, 58, 64
2, 84764, Note_off_c, 0, 55, 64
2, 84768, Note_on_c, 0, 63, 100
2, 84768, Note_on_c, 0, 58, 100
2, 84768, Note_on_c, 0, 55, 100
2, 85052, Note_off_c, 0, 63, 64
2, 85052, Note_off_c, 0, 58, 64
2, 85052, Note_off_c, 0, 55, 64
2, 85152, Note_on_c, 0, 65, 100
2, 85152, Note_on_c, 0, 60, 100
2, 85152, Note_on_c, 0, 57, 100
2, 86684, Note_off_c, 0, 57, 64
2, 86684, Note_off_c, 0, 60, 64
2, 86684, Note_off_c, 0, 65, 64
2, 87552, Note_on_c, 0, 62, 100
2, 87740, Note_off_c, 0, 62, 0
2, 87744, Note_on_c, 0, 65, 100
2, 87932, Note_off_c, 0, 65, 0
2, 87936, Note_on_c, 0, 62, 100
2, 88124, Note_off_c, 0, 62, 0
2, 88128, Note_on_c, 0, 70, 100
2, 88128, Note_on_c, 0, 62, 100
2, 88508, Note_off_c, 0, 70, 0
2, 88512, Note_on_c, 0, 72, 100
2, 88892, Note_off_c, 0, 62, 0
2, 88892, Note_off_c, 0, 72, 0
2, 88896, Note_on_c, 0, 69, 100
2, 88988, Note_off_c, 0, 69, 0
2, 88992, Note_on_c, 0, 67, 100
2, 89084, Note_off_c, 0, 67, 0
2, 89088, Note_on_c, 0, 65, 100
2, 89088, Note_on_c, 0, 62, 100
2, 89088, Note_on_c, 0, 58, 100
2, 89852, Note_off_c, 0, 65, 0
2, 89852, Note_off_c, 0, 62, 0
2, 89852, Note_off_c, 0, 58, 0
2, 89856, Note_on_c, 0, 65, 100
2, 89856, Note_on_c, 0, 62, 100
2, 89856, Note_on_c, 0, 70, 100
2, 90044, Note_off_c, 0, 70, 0
2, 90048, Note_on_c, 0, 72, 100
2, 90236, Note_off_c, 0, 72, 0
2, 90240, Note_on_c, 0, 70, 100
2, 90428, Note_off_c, 0, 70, 0
2, 90432, Note_on_c, 0, 74, 100
2, 90620, Note_off_c, 0, 65, 0
2, 90620, Note_off_c, 0, 62, 0
2, 90624, Note_on_c, 0, 67, 100
2, 90624, Note_on_c, 0, 63, 100
2, 90716, Note_off_c, 0, 74, 64
2, 90720, Note_on_c, 0, 72, 100
2, 90812, Note_off_c, 0, 72, 0
2, 90816, Note_on_c, 0, 70, 100
2, 91580, Note_off_c, 0, 70, 0
2, 91968, Note_on_c, 0, 70, 100
2, 92060, Note_off_c, 0, 70, 0
2, 92064, Note_on_c, 0, 72, 100
2, 92156, Note_off_c, 0, 67, 0
2, 92156, Note_off_c, 0, 63, 0
2, 92156, Note_off_c, 0, 72, 0
2, 92160, Note_on_c, 0, 74, 100
2, 92252, Note_off_c, 0, 74, 0
2, 92256, Note_on_c, 0, 74, 100
2, 92444, Note_off_c, 0, 74, 0
2, 92448, Note_on_c, 0, 74, 100
2, 92636, Note_off_c, 0, 74, 0
2, 92640, Note_on_c, 0, 72, 100
2, 92732, Note_off_c, 0, 72, 0
2, 92736, Note_on_c, 0, 72, 100
2, 92928, Note_on_c, 0, 69, 100
2, 92928, Note_on_c, 0, 65, 100
2, 93500, Note_off_c, 0, 72, 0
2, 93692, Note_off_c, 0, 69, 0
2, 93692, Note_off_c, 0, 65, 0
2, 93696, Note_on_c, 0, 62, 100
2, 93696, Note_on_c, 0, 58, 100
2, 93884, Note_off_c, 0, 62, 0
2, 93888, Note_on_c, 0, 65, 100
2, 94076, Note_off_c, 0, 65, 0
2, 94080, Note_on_c, 0, 62, 100
2, 94268, Note_off_c, 0, 58, 0
2, 94268, Note_off_c, 0, 62, 0
2, 94272, Note_on_c, 0, 70, 100
2, 94272, Note_on_c, 0, 62, 100
2, 94652, Note_off_c, 0, 70, 0
2, 94656, Note_on_c, 0, 72, 100
2, 95036, Note_off_c, 0, 62, 0
2, 95036, Note_off_c, 0, 72, 0
2, 95040, Note_on_c, 0, 69, 100
2, 95132, Note_off_c, 0, 69, 0
2, 95136, Note_on_c, 0, 67, 100
2, 95228, Note_off_c, 0, 67, 0
2, 95232, Note_on_c, 0, 62, 100
2, 95232, Note_on_c, 0, 58, 100
2, 95232, Note_on_c, 0, 65, 100
2, 95804, Note_off_c, 0, 65, 0
2, 95904, Note_on_c, 0, 65, 100
2, 95996, Note_off_c, 0, 62, 0
2, 95996, Note_off_c, 0, 58, 0
2, 95996, Note_off_c, 0, 65, 0
2, 96000, Note_on_c, 0, 65, 100
2, 96000, Note_on_c, 0, 62, 100
2, 96000, Note_on_c, 0, 70, 100
2, 96188, Note_off_c, 0, 70, 0
2, 96192, Note_on_c, 0, 72, 100
2, 96380, Note_off_c, 0, 72, 0
2, 96384, Note_on_c, 0, 70, 100
2, 96572, Note_off_c, 0, 70, 0
2, 96576, Note_on_c, 0, 74, 100
2, 96764, Note_off_c, 0, 65, 0
2, 96764, Note_off_c, 0, 62, 0
2, 96768, Note_on_c, 0, 67, 100
2, 96768, Note_on_c, 0, 63, 100
2, 96860, Note_off_c, 0, 74, 64
2, 96864, Note_on_c, 0, 72, 100
2, 96956, Note_off_c, 0, 72, 0
2, 96960, Note_on_c, 0, 70, 100
2, 97724, Note_off_c, 0, 70, 0
2, 97920, Note_on_c, 0, 70, 100
2, 98012, Note_off_c, 0, 70, 0
2, 98016, Note_on_c, 0, 72, 100
2, 98300, Note_off_c, 0, 67, 0
2, 98300, Note_off_c, 0, 63, 0
2, 98300, Note_off_c, 0, 72, 0
2, 98304, Note_on_c, 0, 65, 100
2, 98304, Note_on_c, 0, 70, 100
2, 98304, Note_on_c, 0, 74, 100
2, 98492, Note_off_c, 0, 74, 0
2, 98496, Note_on_c, 0, 74, 100
2, 98588, Note_off_c, 0, 74, 0
2, 98592, Note_on_c, 0, 74, 100
2, 98780, Note_off_c, 0, 74, 0
2, 98784, Note_on_c, 0, 72, 100
2, 98972, Note_off_c, 0, 72, 0
2, 98976, Note_on_c, 0, 72, 100
2, 99068, Note_off_c, 0, 65, 0
2, 99068, Note_off_c, 0, 70, 0
2, 99072, Note_on_c, 0, 69, 100
2, 99072, Note_on_c, 0, 65, 100
2, 99740, Note_off_c, 0, 72, 0
2, 99836, Note_off_c, 0, 69, 0
2, 99836, Note_off_c, 0, 65, 0
2, 99840, Note_on_c, 0, 65, 100
2, 99840, Note_on_c, 0, 60, 100
2, 99840, Note_on_c, 0, 69, 100
2, 99932, Note_off_c, 0, 69, 0
2, 99936, Note_on_c, 0, 69, 100
2, 100028, Note_off_c, 0, 69, 0
2, 100032, Note_on_c, 0, 69, 100
2, 100124, Note_off_c, 0, 69, 0
2, 100128, Note_on_c, 0, 69, 100
2, 100220, Note_off_c, 0, 69, 0
2, 100224, Note_on_c, 0, 69, 100
2, 100412, Note_off_c, 0, 69, 0
2, 100416, Note_on_c, 0, 70, 100
2, 100508, Note_off_c, 0, 70, 0
2, 100512, Note_on_c, 0, 67, 100
2, 100604, Note_off_c, 0, 65, 0
2, 100604, Note_off_c, 0, 60, 0
2, 100608, Note_on_c, 0, 58, 100
2, 100796, Note_off_c, 0, 67, 0
2, 100800, Note_on_c, 0, 62, 100
2, 101372, Note_off_c, 0, 58, 0
2, 101372, Note_off_c, 0, 62, 0
2, 101376, Note_on_c, 0, 69, 100
2, 101376, Note_on_c, 0, 65, 100
2, 101376, Note_on_c, 0, 60, 100
2, 101660, Note_off_c, 0, 69, 0
2, 101660, Note_off_c, 0, 65, 0
2, 101660, Note_off_c, 0, 60, 0
2, 101664, Note_on_c, 0, 69, 100
2, 101664, Note_on_c, 0, 65, 100
2, 101664, Note_on_c, 0, 60, 100
2, 101948, Note_off_c, 0, 69, 0
2, 101948, Note_off_c, 0, 65, 0
2, 101948, Note_off_c, 0, 60, 0
2, 101952, Note_on_c, 0, 70, 100
2, 101952, Note_on_c, 0, 67, 100
2, 101952, Note_on_c, 0, 62, 100
2, 102716, Note_off_c, 0, 70, 0
2, 102716, Note_off_c, 0, 67, 0
2, 102716, Note_off_c, 0, 62, 0
2, 102716, End_track
3, 0, Start_track
3, 0, Title_t, "Unnamed Track"
3, 0, Control_c, 1, 0, 0
3, 0, Program_c, 1, 0
3, 0, Key_signature, -2, "minor"
3, 0, Note_on_c, 1, 46, 100
3, 1536, Note_off_c, 1, 46, 0
3, 1536, Note_on_c, 1, 39, 100
3, 1536, Note_on_c, 1, 51, 100
3, 3072, Note_off_c, 1, 39, 0
3, 3072, Note_off_c, 1, 51, 0
3, 3072, Note_on_c, 1, 46, 100
3, 4608, Note_off_c, 1, 46, 0
3, 4608, Note_on_c, 1, 39, 100
3, 4608, Note_on_c, 1, 51, 100
3, 5760, Note_off_c, 1, 39, 0
3, 5760, Note_off_c, 1, 51, 0
3, 5760, Note_on_c, 1, 53, 100
3, 6144, Note_off_c, 1, 53, 0
3, 6144, Note_on_c, 1, 46, 100
3, 7676, Note_off_c, 1, 46, 0
3, 7680, Note_on_c, 1, 51, 100
3, 7680, Note_on_c, 1, 39, 100
3, 9212, Note_off_c, 1, 51, 0
3, 9212, Note_off_c, 1, 39, 0
3, 9216, Note_on_c, 1, 46, 100
3, 10752, Note_off_c, 1, 46, 0
3, 10752, Note_on_c, 1, 39, 100
3, 10752, Note_on_c, 1, 51, 100
3, 12288, Note_off_c, 1, 39, 0
3, 12288, Note_off_c, 1, 51, 0
3, 12288, Note_on_c, 1, 46, 100
3, 13824, Note_off_c, 1, 46, 0
3, 13824, Note_on_c, 1, 51, 100
3, 13824, Note_on_c, 1, 39, 100
3, 14972, Note_off_c, 1, 51, 0
3, 14972, Note_off_c, 1, 39, 0
3, 15168, Note_on_c, 1, 51, 100
3, 15260, Note_off_c, 1, 51, 0
3, 15264, Note_on_c, 1, 46, 100
3, 15356, Note_off_c, 1, 46, 0
3, 15360, Note_on_c, 1, 51, 100
3, 15360, Note_on_c, 1, 39, 100
3, 16892, Note_off_c, 1, 51, 0
3, 16892, Note_off_c, 1, 39, 0
3, 16896, Note_on_c, 1, 53, 100
3, 16896, Note_on_c, 1, 41, 100
3, 18428, Note_off_c, 1, 53, 0
3, 18428, Note_off_c, 1, 41, 0
3, 18432, Note_on_c, 1, 51, 100
3, 18432, Note_on_c, 1, 39, 100
3, 19580, Note_off_c, 1, 51, 0
3, 19580, Note_off_c, 1, 39, 0
3, 19584, Note_on_c, 1, 39, 100
3, 19772, Note_off_c, 1, 39, 0
3, 19776, Note_on_c, 1, 46, 100
3, 19868, Note_off_c, 1, 46, 0
3, 19872, Note_on_c, 1, 39, 100
3, 19964, Note_off_c, 1, 39, 0
3, 19968, Note_on_c, 1, 53, 100
3, 19968, Note_on_c, 1, 41, 100
3, 20540, Note_off_c, 1, 53, 0
3, 20540, Note_off_c, 1, 41, 0
3, 20544, Note_on_c, 1, 53, 100
3, 20544, Note_on_c, 1, 41, 100
3, 20732, Note_off_c, 1, 53, 0
3, 20732, Note_off_c, 1, 41, 0
3, 20736, Note_on_c, 1, 53, 100
3, 20736, Note_on_c, 1, 41, 100
3, 21500, Note_off_c, 1, 53, 0
3, 21500, Note_off_c, 1, 41, 0
3, 21504, Note_on_c, 1, 55, 100
3, 21504, Note_on_c, 1, 43, 100
3, 22268, Note_off_c, 1, 55, 0
3, 22268, Note_off_c, 1, 43, 0
3, 22272, Note_on_c, 1, 57, 100
3, 22272, Note_on_c, 1, 45, 100
3, 22848, Note_on_c, 1, 41, 100
3, 23036, Note_off_c, 1, 57, 0
3, 23036, Note_off_c, 1, 45, 0
3, 23036, Note_off_c, 1, 41, 0
3, 23040, Note_on_c, 1, 46, 100
3, 23804, Note_off_c, 1, 46, 0
3, 23808, Note_on_c, 1, 46, 100
3, 24572, Note_off_c, 1, 46, 0
3, 24576, Note_on_c, 1, 43, 100
3, 25340, Note_off_c, 1, 43, 0
3, 25344, Note_on_c, 1, 43, 100
3, 25724, Note_off_c, 1, 43, 0
3, 25728, Note_on_c, 1, 41, 100
3, 26108, Note_off_c, 1, 41, 0
3, 26112, Note_on_c, 1, 39, 100
3, 26876, Note_off_c, 1, 39, 0
3, 26880, Note_on_c, 1, 39, 100
3, 27644, Note_off_c, 1, 39, 0
3, 27648, Note_on_c, 1, 41, 100
3, 28220, Note_off_c, 1, 41, 0
3, 28416, Note_on_c, 1, 41, 100
3, 28988, Note_off_c, 1, 41, 0
3, 28992, Note_on_c, 1, 48, 100
3, 29084, Note_off_c, 1, 48, 0
3, 29088, Note_on_c, 1, 41, 100
3, 29180, Note_off_c, 1, 41, 0
3, 29184, Note_on_c, 1, 46, 100
3, 29948, Note_off_c, 1, 46, 0
3, 29952, Note_on_c, 1, 46, 100
3, 30524, Note_off_c, 1, 46, 0
3, 30528, Note_on_c, 1, 46, 100
3, 30620, Note_off_c, 1, 46, 0
3, 30624, Note_on_c, 1, 45, 100
3, 30716, Note_off_c, 1, 45, 0
3, 30720, Note_on_c, 1, 43, 100
3, 31484, Note_off_c, 1, 43, 0
3, 31488, Note_on_c, 1, 43, 100
3, 31868, Note_off_c, 1, 43, 0
3, 31872, Note_on_c, 1, 41, 100
3, 32252, Note_off_c, 1, 41, 0
3, 32256, Note_on_c, 1, 39, 100
3, 33020, Note_off_c, 1, 39, 0
3, 33024, Note_on_c, 1, 39, 100
3, 33600, Note_on_c, 1, 46, 100
3, 33692, Note_off_c, 1, 46, 0
3, 33788, Note_off_c, 1, 39, 0
3, 33792, Note_on_c, 1, 41, 100
3, 34364, Note_off_c, 1, 41, 0
3, 34368, Note_on_c, 1, 41, 100
3, 34556, Note_off_c, 1, 41, 0
3, 34560, Note_on_c, 1, 41, 100
3, 35132, Note_off_c, 1, 41, 0
3, 35328, Note_on_c, 1, 43, 100
3, 35900, Note_off_c, 1, 43, 0
3, 36000, Note_on_c, 1, 43, 100
3, 36092, Note_off_c, 1, 43, 0
3, 36096, Note_on_c, 1, 43, 100
3, 36668, Note_off_c, 1, 43, 0
3, 36672, Note_on_c, 1, 38, 100
3, 36764, Note_off_c, 1, 38, 0
3, 36768, Note_on_c, 1, 41, 100
3, 36860, Note_off_c, 1, 41, 0
3, 36864, Note_on_c, 1, 43, 100
3, 37436, Note_off_c, 1, 43, 0
3, 37536, Note_on_c, 1, 43, 100
3, 37628, Note_off_c, 1, 43, 0
3, 37632, Note_on_c, 1, 43, 100
3, 38396, Note_off_c, 1, 43, 0
3, 38400, Note_on_c, 1, 46, 100
3, 39932, Note_off_c, 1, 46, 0
3, 39936, Note_on_c, 1, 51, 100
3, 39936, Note_on_c, 1, 39, 100
3, 41468, Note_off_c, 1, 51, 0
3, 41468, Note_off_c, 1, 39, 0
3, 41472, Note_on_c, 1, 46, 100
3, 43008, Note_off_c, 1, 46, 0
3, 43008, Note_on_c, 1, 39, 100
3, 43008, Note_on_c, 1, 51, 100
3, 44544, Note_off_c, 1, 39, 0
3, 44544, Note_off_c, 1, 51, 0
3, 44544, Note_on_c, 1, 46, 100
3, 46080, Note_off_c, 1, 46, 0
3, 46080, Note_on_c, 1, 51, 100
3, 46080, Note_on_c, 1, 39, 100
3, 47228, Note_off_c, 1, 51, 0
3, 47228, Note_off_c, 1, 39, 0
3, 47424, Note_on_c, 1, 51, 100
3, 47516, Note_off_c, 1, 51, 0
3, 47520, Note_on_c, 1, 46, 100
3, 47612, Note_off_c, 1, 46, 0
3, 47616, Note_on_c, 1, 51, 100
3, 47616, Note_on_c, 1, 39, 100
3, 49148, Note_off_c, 1, 51, 0
3, 49148, Note_off_c, 1, 39, 0
3, 49152, Note_on_c, 1, 53, 100
3, 49152, Note_on_c, 1, 41, 100
3, 50684, Note_off_c, 1, 53, 0
3, 50684, Note_off_c, 1, 41, 0
3, 50688, Note_on_c, 1, 51, 100
3, 50688, Note_on_c, 1, 39, 100
3, 51836, Note_off_c, 1, 51, 0
3, 51836, Note_off_c, 1, 39, 0
3, 51840, Note_on_c, 1, 39, 100
3, 52028, Note_off_c, 1, 39, 0
3, 52032, Note_on_c, 1, 46, 100
3, 52124, Note_off_c, 1, 46, 0
3, 52128, Note_on_c, 1, 39, 100
3, 52220, Note_off_c, 1, 39, 0
3, 52224, Note_on_c, 1, 53, 100
3, 52224, Note_on_c, 1, 41, 100
3, 52796, Note_off_c, 1, 53, 0
3, 52796, Note_off_c, 1, 41, 0
3, 52800, Note_on_c, 1, 53, 100
3, 52800, Note_on_c, 1, 41, 100
3, 52988, Note_off_c, 1, 53, 0
3, 52988, Note_off_c, 1, 41, 0
3, 52992, Note_on_c, 1, 53, 100
3, 52992, Note_on_c, 1, 41, 100
3, 53756, Note_off_c, 1, 53, 0
3, 53756, Note_off_c, 1, 41, 0
3, 53760, Note_on_c, 1, 55, 100
3, 53760, Note_on_c, 1, 43, 100
3, 54524, Note_off_c, 1, 55, 0
3, 54524, Note_off_c, 1, 43, 0
3, 54528, Note_on_c, 1, 57, 100
3, 54528, Note_on_c, 1, 45, 100
3, 55104, Note_on_c, 1, 41, 100
3, 55292, Note_off_c, 1, 57, 0
3, 55292, Note_off_c, 1, 45, 0
3, 55292, Note_off_c, 1, 41, 0
3, 55296, Note_on_c, 1, 46, 100
3, 56060, Note_off_c, 1, 46, 0
3, 56064, Note_on_c, 1, 46, 100
3, 56828, Note_off_c, 1, 46, 0
3, 56832, Note_on_c, 1, 43, 100
3, 57596, Note_off_c, 1, 43, 0
3, 57600, Note_on_c, 1, 43, 100
3, 57980, Note_off_c, 1, 43, 0
3, 57984, Note_on_c, 1, 41, 100
3, 58364, Note_off_c, 1, 41, 0
3, 58368, Note_on_c, 1, 39, 100
3, 59132, Note_off_c, 1, 39, 0
3, 59136, Note_on_c, 1, 39, 100
3, 59900, Note_off_c, 1, 39, 0
3, 59904, Note_on_c, 1, 41, 100
3, 60476, Note_off_c, 1, 41, 0
3, 60672, Note_on_c, 1, 41, 100
3, 61244, Note_off_c, 1, 41, 0
3, 61248, Note_on_c, 1, 48, 100
3, 61340, Note_off_c, 1, 48, 0
3, 61344, Note_on_c, 1, 41, 100
3, 61436, Note_off_c, 1, 41, 0
3, 61440, Note_on_c, 1, 46, 100
3, 62204, Note_off_c, 1, 46, 0
3, 62208, Note_on_c, 1, 46, 100
3, 62780, Note_off_c, 1, 46, 0
3, 62784, Note_on_c, 1, 46, 100
3, 62876, Note_off_c, 1, 46, 0
3, 62880, Note_on_c, 1, 45, 100
3, 62972, Note_off_c, 1, 45, 0
3, 62976, Note_on_c, 1, 43, 100
3, 63740, Note_off_c, 1, 43, 0
3, 63744, Note_on_c, 1, 43, 100
3, 64124, Note_off_c, 1, 43, 0
3, 64128, Note_on_c, 1, 41, 100
3, 64508, Note_off_c, 1, 41, 0
3, 64512, Note_on_c, 1, 39, 100
3, 65276, Note_off_c, 1, 39, 0
3, 65280, Note_on_c, 1, 39, 100
3, 65856, Note_on_c, 1, 46, 100
3, 65948, Note_off_c, 1, 46, 0
3, 66044, Note_off_c, 1, 39, 0
3, 66048, Note_on_c, 1, 41, 100
3, 66620, Note_off_c, 1, 41, 0
3, 66624, Note_on_c, 1, 41, 100
3, 66812, Note_off_c, 1, 41, 0
3, 66816, Note_on_c, 1, 41, 100
3, 67388, Note_off_c, 1, 41, 0
3, 67584, Note_on_c, 1, 43, 100
3, 68156, Note_off_c, 1, 43, 0
3, 68256, Note_on_c, 1, 43, 100
3, 68348, Note_off_c, 1, 43, 0
3, 68352, Note_on_c, 1, 43, 100
3, 68924, Note_off_c, 1, 43, 0
3, 68928, Note_on_c, 1, 38, 100
3, 69020, Note_off_c, 1, 38, 0
3, 69024, Note_on_c, 1, 41, 100
3, 69116, Note_off_c, 1, 41, 0
3, 69120, Note_on_c, 1, 43, 100
3, 69692, Note_off_c, 1, 43, 0
3, 69792, Note_on_c, 1, 43, 100
3, 69884, Note_off_c, 1, 43, 0
3, 69888, Note_on_c, 1, 43, 100
3, 70652, Note_off_c, 1, 43, 0
3, 76800, Note_on_c, 1, 41, 100
3, 77564, Note_off_c, 1, 41, 64
3, 77568, Note_on_c, 1, 39, 100
3, 77948, Note_off_c, 1, 39, 64
3, 77952, Note_on_c, 1, 43, 100
3, 78332, Note_off_c, 1, 43, 64
3, 78336, Note_on_c, 1, 41, 100
3, 78908, Note_off_c, 1, 41, 64
3, 79008, Note_on_c, 1, 41, 100
3, 79100, Note_off_c, 1, 41, 64
3, 79104, Note_on_c, 1, 41, 100
3, 79292, Note_off_c, 1, 41, 64
3, 79296, Note_on_c, 1, 53, 100
3, 79388, Note_off_c, 1, 53, 64
3, 79392, Note_on_c, 1, 48, 100
3, 79484, Note_off_c, 1, 48, 64
3, 79488, Note_on_c, 1, 43, 100
3, 79676, Note_off_c, 1, 43, 64
3, 79680, Note_on_c, 1, 41, 100
3, 79868, Note_off_c, 1, 41, 64
3, 79872, Note_on_c, 1, 39, 100
3, 80636, Note_off_c, 1, 39, 64
3, 80832, Note_on_c, 1, 39, 100
3, 81020, Note_off_c, 1, 39, 64
3, 81024, Note_on_c, 1, 43, 100
3, 81212, Note_off_c, 1, 43, 64
3, 81216, Note_on_c, 1, 46, 100
3, 81404, Note_off_c, 1, 46, 64
3, 81408, Note_on_c, 1, 41, 100
3, 82172, Note_off_c, 1, 41, 64
3, 82176, Note_on_c, 1, 41, 100
3, 82940, Note_off_c, 1, 41, 64
3, 82944, Note_on_c, 1, 43, 100
3, 83516, Note_off_c, 1, 43, 64
3, 83520, Note_on_c, 1, 45, 100
3, 84092, Note_off_c, 1, 45, 64
3, 84288, Note_on_c, 1, 43, 100
3, 84380, Note_off_c, 1, 43, 64
3, 84384, Note_on_c, 1, 41, 100
3, 84476, Note_off_c, 1, 41, 64
3, 84480, Note_on_c, 1, 43, 100
3, 84764, Note_off_c, 1, 43, 64
3, 84768, Note_on_c, 1, 43, 100
3, 85052, Note_off_c, 1, 43, 64
3, 85152, Note_on_c, 1, 45, 100
3, 86684, Note_off_c, 1, 45, 64
3, 87552, Note_on_c, 1, 46, 100
3, 88316, Note_off_c, 1, 46, 0
3, 88320, Note_on_c, 1, 46, 100
3, 89084, Note_off_c, 1, 46, 0
3, 89088, Note_on_c, 1, 43, 100
3, 89852, Note_off_c, 1, 43, 0
3, 89856, Note_on_c, 1, 43, 100
3, 90236, Note_off_c, 1, 43, 0
3, 90240, Note_on_c, 1, 41, 100
3, 90620, Note_off_c, 1, 41, 0
3, 90624, Note_on_c, 1, 39, 100
3, 91388, Note_off_c, 1, 39, 0
3, 91392, Note_on_c, 1, 39, 100
3, 92156, Note_off_c, 1, 39, 0
3, 92160, Note_on_c, 1, 41, 100
3, 92732, Note_off_c, 1, 41, 0
3, 92928, Note_on_c, 1, 41, 100
3, 93500, Note_off_c, 1, 41, 0
3, 93504, Note_on_c, 1, 48, 100
3, 93596, Note_off_c, 1, 48, 0
3, 93600, Note_on_c, 1, 41, 100
3, 93692, Note_off_c, 1, 41, 0
3, 93696, Note_on_c, 1, 46, 100
3, 94460, Note_off_c, 1, 46, 0
3, 94464, Note_on_c, 1, 46, 100
3, 95036, Note_off_c, 1, 46, 0
3, 95040, Note_on_c, 1, 46, 100
3, 95132, Note_off_c, 1, 46, 0
3, 95136, Note_on_c, 1, 45, 100
3, 95228, Note_off_c, 1, 45, 0
3, 95232, Note_on_c, 1, 43, 100
3, 95996, Note_off_c, 1, 43, 0
3, 96000, Note_on_c, 1, 43, 100
3, 96380, Note_off_c, 1, 43, 0
3, 96384, Note_on_c, 1, 41, 100
3, 96764, Note_off_c, 1, 41, 0
3, 96768, Note_on_c, 1, 39, 100
3, 97532, Note_off_c, 1, 39, 0
3, 97536, Note_on_c, 1, 39, 100
3, 98112, Note_on_c, 1, 46, 100
3, 98204, Note_off_c, 1, 46, 0
3, 98300, Note_off_c, 1, 39, 0
3, 98304, Note_on_c, 1, 41, 100
3, 98876, Note_off_c, 1, 41, 0
3, 98880, Note_on_c, 1, 41, 100
3, 99068, Note_off_c, 1, 41, 0
3, 99072, Note_on_c, 1, 41, 100
3, 99644, Note_off_c, 1, 41, 0
3, 99840, Note_on_c, 1, 43, 100
3, 100412, Note_off_c, 1, 43, 0
3, 100512, Note_on_c, 1, 43, 100
3, 100604, Note_off_c, 1, 43, 0
3, 100608, Note_on_c, 1, 43, 100
3, 101180, Note_off_c, 1, 43, 0
3, 101184, Note_on_c, 1, 38, 100
3, 101276, Note_off_c, 1, 38, 0
3, 101280, Note_on_c, 1, 41, 100
3, 101372, Note_off_c, 1, 41, 0
3, 101376, Note_on_c, 1, 43, 100
3, 101948, Note_off_c, 1, 43, 0
3, 102048, Note_on_c, 1, 43, 100
3, 102140, Note_off_c, 1, 43, 0
3, 102144, Note_on_c, 1, 43, 100
3, 102908, Note_off_c, 1, 43, 0
3, 102908, End_track
4, 0, Start_track
4, 0, Title_t, "Unnamed Track"
4, 0, Control_c, 2, 0, 0
4, 0, Program_c, 2, 24
4, 0, Key_signature, -2, "minor"
4, 70656, Note_on_c, 2, 53, 127
4, 70656, Note_on_c, 2, 58, 127
4, 70656, Note_on_c, 2, 62, 127
4, 71036, Note_off_c, 2, 62, 0
4, 71040, Note_on_c, 2, 65, 127
4, 71420, Note_off_c, 2, 65, 0
4, 71424, Note_on_c, 2, 63, 127
4, 71708, Note_off_c, 2, 63, 0
4, 71712, Note_on_c, 2, 62, 127
4, 71996, Note_off_c, 2, 62, 0
4, 72000, Note_on_c, 2, 60, 127
4, 72092, Note_off_c, 2, 60, 0
4, 72188, Note_off_c, 2, 53, 0
4, 72188, Note_off_c, 2, 58, 0
4, 72192, Note_on_c, 2, 53, 127
4, 72192, Note_on_c, 2, 58, 127
4, 72192, Note_on_c, 2, 62, 127
4, 72572, Note_off_c, 2, 62, 0
4, 72576, Note_on_c, 2, 65, 127
4, 72956, Note_off_c, 2, 65, 0
4, 72960, Note_on_c, 2, 63, 127
4, 73244, Note_off_c, 2, 63, 0
4, 73248, Note_on_c, 2, 62, 127
4, 73532, Note_off_c, 2, 62, 0
4, 73536, Note_on_c, 2, 60, 127
4, 73628, Note_off_c, 2, 60, 0
4, 73724, Note_off_c, 2, 53, 0
4, 73724, Note_off_c, 2, 58, 0
4, 73728, Note_on_c, 2, 53, 127
4, 73728, Note_on_c, 2, 58, 127
4, 73728, Note_on_c, 2, 62, 127
4, 74108, Note_off_c, 2, 62, 0
4, 74112, Note_on_c, 2, 65, 127
4, 74492, Note_off_c, 2, 65, 0
4, 74496, Note_on_c, 2, 63, 127
4, 74780, Note_off_c, 2, 63, 0
4, 74784, Note_on_c, 2, 62, 127
4, 75068, Note_off_c, 2, 62, 0
4, 75072, Note_on_c, 2, 60, 127
4, 75164, Note_off_c, 2, 60, 0
4, 75260, Note_off_c, 2, 53, 0
4, 75260, Note_off_c, 2, 58, 0
4, 75264, Note_on_c, 2, 62, 127
4, 75264, Note_on_c, 2, 58, 127
4, 76028, Note_off_c, 2, 62, 0
4, 76028, Note_off_c, 2, 58, 0
4, 76032, Note_on_c, 2, 60, 127
4, 76032, Note_on_c, 2, 57, 127
4, 76796, Note_off_c, 2, 60, 0
4, 76796, Note_off_c, 2, 57, 0
4, 102912, Note_on_c, 2, 53, 127
4, 102912, Note_on_c, 2, 58, 127
4, 102912, Note_on_c, 2, 62, 127
4, 103292, Note_off_c, 2, 62, 0
4, 103296, Note_on_c, 2, 65, 127
4, 103676, Note_off_c, 2, 65, 0
4, 103680, Note_on_c, 2, 63, 127
4, 103964, Note_off_c, 2, 63, 0
4, 103968, Note_on_c, 2, 62, 127
4, 104252, Note_off_c, 2, 62, 0
4, 104256, Note_on_c, 2, 60, 127
4, 104348, Note_off_c, 2, 60, 0
4, 104444, Note_off_c, 2, 53, 0
4, 104444, Note_off_c, 2, 58, 0
4, 104448, Note_on_c, 2, 53, 127
4, 104448, Note_on_c, 2, 58, 127
4, 104448, Note_on_c, 2, 62, 127
4, 104828, Note_off_c, 2, 62, 0
4, 104832, Note_on_c, 2, 65, 127
4, 105212, Note_off_c, 2, 65, 0
4, 105216, Note_on_c, 2, 63, 127
4, 105500, Note_off_c, 2, 63, 0
4, 105504, Note_on_c, 2, 62, 127
4, 105788, Note_off_c, 2, 62, 0
4, 105792, Note_on_c, 2, 60, 127
4, 105884, Note_off_c, 2, 60, 0
4, 105980, Note_off_c, 2, 53, 0
4, 105980, Note_off_c, 2, 58, 0
4, 105984, Note_on_c, 2, 53, 127
4, 105984, Note_on_c, 2, 58, 127
4, 105984, Note_on_c, 2, 62, 127
4, 106364, Note_off_c, 2, 62, 0
4, 106368, Note_on_c, 2, 65, 127
4, 106748, Note_off_c, 2, 65, 0
4, 106752, Note_on_c, 2, 63, 127
4, 107036, Note_off_c, 2, 63, 0
4, 107040, Note_on_c, 2, 62, 127
4, 107324, Note_off_c, 2, 62, 0
4, 107328, Note_on_c, 2, 60, 127
4, 107420, Note_off_c, 2, 60, 0
4, 107516, Note_off_c, 2, 53, 0
4, 107516, Note_off_c, 2, 58, 0
4, 107520, Note_on_c, 2, 62, 126
4, 107520, Note_on_c, 2, 58, 126
4, 108284, Note_off_c, 2, 62, 0
4, 108284, Note_off_c, 2, 58, 0
4, 108288, Note_on_c, 2, 60, 114
4, 108288, Note_on_c, 2, 57, 114
4, 109052, Note_off_c, 2, 60, 0
4, 109052, Note_off_c, 2, 57, 0
4, 109056, Note_on_c, 2, 53, 102
4, 109056, Note_on_c, 2, 58, 102
4, 109056, Note_on_c, 2, 62, 102
4, 109436, Note_off_c, 2, 62, 0
4, 109440, Note_on_c, 2, 65, 96
4, 109820, Note_off_c, 2, 65, 0
4, 109824, Note_on_c, 2, 63, 90
4, 110108, Note_off_c, 2, 63, 0
4, 110112, Note_on_c, 2, 62, 84
4, 110396, Note_off_c, 2, 62, 0
4, 110400, Note_on_c, 2, 60, 80
4, 110492, Note_off_c, 2, 60, 0
4, 110588, Note_off_c, 2, 53, 0
4, 110588, Note_off_c, 2, 58, 0
4, 110592, Note_on_c, 2, 53, 78
4, 110592, Note_on_c, 2, 58, 78
4, 110592, Note_on_c, 2, 62, 78
4, 110972, Note_off_c, 2, 62, 0
4, 110976, Note_on_c, 2, 65, 72
4, 111356, Note_off_c, 2, 65, 0
4, 111360, Note_on_c, 2, 63, 64
4, 111644, Note_off_c, 2, 63, 0
4, 111648, Note_on_c, 2, 62, 60
4, 111932, Note_off_c, 2, 62, 0
4, 111936, Note_on_c, 2, 60, 56
4, 112028, Note_off_c, 2, 60, 0
4, 112124, Note_off_c, 2, 53, 0
4, 112124, Note_off_c, 2, 58, 0
4, 112128, Note_on_c, 2, 53, 52
4, 112128, Note_on_c, 2, 58, 52
4, 112128, Note_on_c, 2, 62, 52
4, 112508, Note_off_c, 2, 62, 0
4, 112512, Note_on_c, 2, 65, 46
4, 112892, Note_off_c, 2, 65, 0
4, 112896, Note_on_c, 2, 63, 40
4, 113180, Note_off_c, 2, 63, 0
4, 113184, Note_on_c, 2, 62, 36
4, 113468, Note_off_c, 2, 62, 0
4, 113472, Note_on_c, 2, 60, 30
4, 113564, Note_off_c, 2, 60, 0
4, 113660, Note_off_c, 2, 53, 0
4, 113660, Note_off_c, 2, 58, 0
4, 113664, Note_on_c, 2, 62, 28
4, 113664, Note_on_c, 2, 58, 28
4, 114428, Note_off_c, 2, 62, 0
4, 114428, Note_off_c, 2, 58, 0
4, 114432, Note_on_c, 2, 60, 16
4, 114432, Note_on_c, 2, 57, 16
4, 115196, Note_off_c, 2, 60, 0
4, 115196, Note_off_c, 2, 57, 0
4, 115196, End_track
5, 0, Start_track
5, 0, Title_t, "Unnamed Track"
5, 0, Control_c, 3, 0, 0
5, 0, Program_c, 3, 0
5, 0, Key_signature, -2, "minor"
5, 70656, Note_on_c, 3, 46, 127
5, 71420, Note_off_c, 3, 46, 0
5, 71424, Note_on_c, 3, 46, 127
5, 71996, Note_off_c, 3, 46, 0
5, 72000, Note_on_c, 3, 46, 127
5, 72092, Note_off_c, 3, 46, 0
5, 72096, Note_on_c, 3, 45, 127
5, 72188, Note_off_c, 3, 45, 0
5, 72192, Note_on_c, 3, 43, 127
5, 72764, Note_off_c, 3, 43, 0
5, 72864, Note_on_c, 3, 43, 127
5, 72956, Note_off_c, 3, 43, 0
5, 72960, Note_on_c, 3, 43, 127
5, 73340, Note_off_c, 3, 43, 0
5, 73344, Note_on_c, 3, 41, 127
5, 73724, Note_off_c, 3, 41, 0
5, 73728, Note_on_c, 3, 39, 127
5, 74492, Note_off_c, 3, 39, 0
5, 74496, Note_on_c, 3, 51, 127
5, 74876, Note_off_c, 3, 51, 0
5, 74880, Note_on_c, 3, 41, 127
5, 75068, Note_off_c, 3, 41, 0
5, 75072, Note_on_c, 3, 43, 127
5, 75260, Note_off_c, 3, 43, 0
5, 75264, Note_on_c, 3, 53, 127
5, 75836, Note_off_c, 3, 53, 0
5, 75936, Note_on_c, 3, 53, 127
5, 76028, Note_off_c, 3, 53, 0
5, 76032, Note_on_c, 3, 53, 127
5, 76124, Note_off_c, 3, 53, 0
5, 76128, Note_on_c, 3, 48, 127
5, 76220, Note_off_c, 3, 48, 0
5, 76224, Note_on_c, 3, 41, 127
5, 76604, Note_off_c, 3, 41, 0
5, 76608, Note_on_c, 3, 41, 127
5, 76796, Note_off_c, 3, 41, 0
5, 102912, Note_on_c, 3, 46, 127
5, 103676, Note_off_c, 3, 46, 0
5, 103680, Note_on_c, 3, 46, 127
5, 104252, Note_off_c, 3, 46, 0
5, 104256, Note_on_c, 3, 46, 127
5, 104348, Note_off_c, 3, 46, 0
5, 104352, Note_on_c, 3, 45, 127
5, 104444, Note_off_c, 3, 45, 0
5, 104448, Note_on_c, 3, 43, 127
5, 105020, Note_off_c, 3, 43, 0
5, 105120, Note_on_c, 3, 43, 127
5, 105212, Note_off_c, 3, 43, 0
5, 105216, Note_on_c, 3, 43, 127
5, 105596, Note_off_c, 3, 43, 0
5, 105600, Note_on_c, 3, 41, 127
5, 105980, Note_off_c, 3, 41, 0
5, 105984, Note_on_c, 3, 39, 127
5, 106748, Note_off_c, 3, 39, 0
5, 106752, Note_on_c, 3, 51, 127
5, 107132, Note_off_c, 3, 51, 0
5, 107136, Note_on_c, 3, 41, 127
5, 107324, Note_off_c, 3, 41, 0
5, 107328, Note_on_c, 3, 43, 127
5, 107516, Note_off_c, 3, 43, 0
5, 107520, Note_on_c, 3, 53, 126
5, 108092, Note_off_c, 3, 53, 0
5, 108192, Note_on_c, 3, 53, 116
5, 108284, Note_off_c, 3, 53, 0
5, 108288, Note_on_c, 3, 53, 114
5, 108380, Note_off_c, 3, 53, 0
5, 108384, Note_on_c, 3, 48, 112
5, 108476, Note_off_c, 3, 48, 0
5, 108480, Note_on_c, 3, 41, 112
5, 108860, Note_off_c, 3, 41, 0
5, 108864, Note_on_c, 3, 41, 106
5, 109052, Note_off_c, 3, 41, 0
5, 109056, Note_on_c, 3, 46, 102
5, 109820, Note_off_c, 3, 46, 0
5, 109824, Note_on_c, 3, 46, 90
5, 110396, Note_off_c, 3, 46, 0
5, 110400, Note_on_c, 3, 46, 80
5, 110492, Note_off_c, 3, 46, 0
5, 110496, Note_on_c, 3, 45, 78
5, 110588, Note_off_c, 3, 45, 0
5, 110592, Note_on_c, 3, 43, 78
5, 111164, Note_off_c, 3, 43, 0
5, 111264, Note_on_c, 3, 43, 66
5, 111356, Note_off_c, 3, 43, 0
5, 111360, Note_on_c, 3, 43, 64
5, 111740, Note_off_c, 3, 43, 0
5, 111744, Note_on_c, 3, 41, 58
5, 112124, Note_off_c, 3, 41, 0
5, 112128, Note_on_c, 3, 39, 52
5, 112892, Note_off_c, 3, 39, 0
5, 112896, Note_on_c, 3, 51, 40
5, 113276, Note_off_c, 3, 51, 0
5, 113280, Note_on_c, 3, 41, 34
5, 113468, Note_off_c, 3, 41, 0
5, 113472, Note_on_c, 3, 43, 30
5, 113660, Note_off_c, 3, 43, 0
5, 113664, Note_on_c, 3, 53, 28
5, 114236, Note_off_c, 3, 53, 0
5, 114336, Note_on_c, 3, 53, 16
5, 114428, Note_off_c, 3, 53, 0
5, 114432, Note_on_c, 3, 53, 16
5, 114524, Note_off_c, 3, 53, 0
5, 114528, Note_on_c, 3, 48, 14
5, 114620, Note_off_c, 3, 48, 0
5, 114624, Note_on_c, 3, 41, 12
5, 115004, Note_off_c, 3, 41, 0
5, 115008, Note_on_c, 3, 41, 6
5, 115196, Note_off_c, 3, 41, 0
5, 115196, End_track
6, 0, Start_track
6, 0, Title_t, "Unnamed Track"
6, 0, Control_c, 4, 0, 0
6, 0, Program_c, 4, 51
6, 0, Key_signature, -2, "minor"
6, 0, Control_c, 4, 7, 64
6, 0, Note_on_c, 4, 70, 100
6, 0, Note_on_c, 4, 77, 100
6, 0, Note_on_c, 4, 74, 100
6, 1536, Note_off_c, 4, 70, 0
6, 1536, Note_off_c, 4, 77, 0
6, 1536, Note_off_c, 4, 74, 0
6, 1536, Note_on_c, 4, 70, 100
6, 1536, Note_on_c, 4, 67, 100
6, 1536, Note_on_c, 4, 63, 100
6, 3072, Note_off_c, 4, 70, 0
6, 3072, Note_off_c, 4, 67, 0
6, 3072, Note_off_c, 4, 63, 0
6, 3072, Note_on_c, 4, 77, 100
6, 3072, Note_on_c, 4, 74, 100
6, 3072, Note_on_c, 4, 70, 100
6, 4608, Note_off_c, 4, 77, 0
6, 4608, Note_off_c, 4, 74, 0
6, 4608, Note_off_c, 4, 70, 0
6, 4608, Note_on_c, 4, 70, 100
6, 4608, Note_on_c, 4, 67, 100
6, 4608, Note_on_c, 4, 63, 100
6, 6144, Note_off_c, 4, 70, 0
6, 6144, Note_off_c, 4, 67, 0
6, 6144, Note_off_c, 4, 63, 0
6, 6144, Note_on_c, 4, 77, 100
6, 6144, Note_on_c, 4, 74, 100
6, 6144, Note_on_c, 4, 70, 100
6, 7680, Note_off_c, 4, 77, 0
6, 7680, Note_off_c, 4, 74, 0
6, 7680, Note_off_c, 4, 70, 0
6, 7680, Note_on_c, 4, 70, 100
6, 7680, Note_on_c, 4, 67, 100
6, 7680, Note_on_c, 4, 63, 100
6, 9216, Note_off_c, 4, 70, 0
6, 9216, Note_off_c, 4, 67, 0
6, 9216, Note_off_c, 4, 63, 0
6, 9216, Note_on_c, 4, 77, 100
6, 9216, Note_on_c, 4, 74, 100
6, 9216, Note_on_c, 4, 70, 100
6, 10752, Note_off_c, 4, 77, 0
6, 10752, Note_off_c, 4, 74, 0
6, 10752, Note_off_c, 4, 70, 0
6, 10752, Note_on_c, 4, 70, 100
6, 10752, Note_on_c, 4, 67, 100
6, 10752, Note_on_c, 4, 63, 100
6, 12288, Note_off_c, 4, 70, 0
6, 12288, Note_off_c, 4, 67, 0
6, 12288, Note_off_c, 4, 63, 0
6, 12288, Note_on_c, 4, 77, 100
6, 12288, Note_on_c, 4, 74, 100
6, 12288, Note_on_c, 4, 70, 100
6, 13824, Note_off_c, 4, 77, 0
6, 13824, Note_off_c, 4, 74, 0
6, 13824, Note_off_c, 4, 70, 0
6, 13824, Note_on_c, 4, 70, 100
6, 13824, Note_on_c, 4, 67, 100
6, 13824, Note_on_c, 4, 63, 100
6, 15360, Note_off_c, 4, 70, 0
6, 15360, Note_off_c, 4, 67, 0
6, 15360, Note_off_c, 4, 63, 0
6, 15360, Note_on_c, 4, 63, 100
6, 15360, Note_on_c, 4, 67, 100
6, 15360, Note_on_c, 4, 70, 100
6, 16896, Note_off_c, 4, 63, 0
6, 16896, Note_off_c, 4, 67, 0
6, 16896, Note_off_c, 4, 70, 0
6, 16896, Note_on_c, 4, 74, 100
6, 16896, Note_on_c, 4, 70, 100
6, 16896, Note_on_c, 4, 65, 100
6, 17664, Note_off_c, 4, 74, 0
6, 17664, Note_off_c, 4, 70, 0
6, 17664, Note_off_c, 4, 65, 0
6, 17664, Note_on_c, 4, 65, 100
6, 17664, Note_on_c, 4, 69, 100
6, 17664, Note_on_c, 4, 72, 100
6, 18432, Note_off_c, 4, 65, 0
6, 18432, Note_off_c, 4, 69, 0
6, 18432, Note_off_c, 4, 72, 0
6, 18432, Note_on_c, 4, 70, 100
6, 18432, Note_on_c, 4, 67, 100
6, 18432, Note_on_c, 4, 63, 100
6, 19968, Note_off_c, 4, 70, 0
6, 19968, Note_off_c, 4, 67, 0
6, 19968, Note_off_c, 4, 63, 0
6, 19968, Note_on_c, 4, 70, 100
6, 19968, Note_on_c, 4, 74, 100
6, 19968, Note_on_c, 4, 77, 100
6, 19968, Note_on_c, 4, 65, 100
6, 20736, Note_off_c, 4, 70, 0
6, 20736, Note_off_c, 4, 74, 0
6, 20736, Note_off_c, 4, 77, 0
6, 20736, Note_off_c, 4, 65, 0
6, 20736, Note_on_c, 4, 65, 100
6, 20736, Note_on_c, 4, 69, 100
6, 20736, Note_on_c, 4, 72, 100
6, 21504, Note_off_c, 4, 65, 0
6, 21504, Note_off_c, 4, 69, 0
6, 21504, Note_off_c, 4, 72, 0
6, 21504, Note_on_c, 4, 63, 100
6, 21504, Note_on_c, 4, 67, 100
6, 21504, Note_on_c, 4, 70, 100
6, 21504, Note_on_c, 4, 74, 100
6, 22272, Note_off_c, 4, 63, 0
6, 22272, Note_off_c, 4, 67, 0
6, 22272, Note_off_c, 4, 70, 0
6, 22272, Note_off_c, 4, 74, 0
6, 22272, Note_on_c, 4, 65, 100
6, 22272, Note_on_c, 4, 69, 100
6, 22272, Note_on_c, 4, 72, 100
6, 23040, Note_off_c, 4, 65, 0
6, 23040, Note_off_c, 4, 69, 0
6, 23040, Note_off_c, 4, 72, 0
6, 23040, End_track
7, 0, Start_track
7, 0, Title_t, "Unnamed Track"
7, 0, Key_signature, 0, "major"
7, 2724, Note_on_c, 9, 59, 54
7, 2788, Note_off_c, 9, 59, 0
7, 6144, Note_on_c, 9, 49, 100
7, 6192, Note_off_c, 9, 49, 0
7, 9216, Note_on_c, 9, 49, 100
7, 9264, Note_off_c, 9, 49, 0
7, 12288, Note_on_c, 9, 49, 100
7, 12336, Note_off_c, 9, 49, 0
7, 14784, Note_on_c, 9, 38, 100
7, 14832, Note_off_c, 9, 38, 0
7, 14976, Note_on_c, 9, 38, 100
7, 15024, Note_off_c, 9, 38, 0
7, 15168, Note_on_c, 9, 38, 100
7, 15216, Note_off_c, 9, 38, 0
7, 15360, Note_on_c, 9, 36, 100
7, 15408, Note_off_c, 9, 36, 0
7, 15744, Note_on_c, 9, 40, 100
7, 15792, Note_off_c, 9, 40, 0
7, 15936, Note_on_c, 9, 36, 100
7, 15984, Note_off_c, 9, 36, 0
7, 16128, Note_on_c, 9, 36, 100
7, 16176, Note_off_c, 9, 36, 0
7, 16512, Note_on_c, 9, 40, 100
7, 16560, Note_off_c, 9, 40, 0
7, 16896, Note_on_c, 9, 36, 100
7, 16944, Note_off_c, 9, 36, 0
7, 17280, Note_on_c, 9, 40, 100
7, 17328, Note_off_c, 9, 40, 0
7, 17472, Note_on_c, 9, 36, 100
7, 17520, Note_off_c, 9, 36, 0
7, 17664, Note_on_c, 9, 36, 100
7, 17712, Note_off_c, 9, 36, 0
7, 18048, Note_on_c, 9, 40, 100
7, 18096, Note_off_c, 9, 40, 0
7, 18440, Note_on_c, 9, 36, 111
7, 18824, Note_on_c, 9, 40, 95
7, 18904, Note_off_c, 9, 36, 0
7, 19028, Note_on_c, 9, 36, 107
7, 19100, Note_off_c, 9, 36, 0
7, 19200, Note_on_c, 9, 36, 95
7, 19424, Note_off_c, 9, 40, 0
7, 19580, Note_on_c, 9, 40, 91
7, 19772, Note_off_c, 9, 36, 0
7, 19984, Note_on_c, 9, 36, 107
7, 20160, Note_off_c, 9, 40, 0
7, 20352, Note_on_c, 9, 40, 100
7, 20400, Note_off_c, 9, 40, 0
7, 20440, Note_off_c, 9, 36, 0
7, 20544, Note_on_c, 9, 36, 100
7, 20592, Note_off_c, 9, 36, 0
7, 20748, Note_on_c, 9, 36, 107
7, 21120, Note_on_c, 9, 40, 100
7, 21168, Note_off_c, 9, 40, 0
7, 21248, Note_off_c, 9, 36, 0
7, 21520, Note_on_c, 9, 36, 107
7, 22088, Note_off_c, 9, 36, 0
7, 22264, Note_on_c, 9, 36, 99
7, 22872, Note_off_c, 9, 36, 0
7, 23044, Note_on_c, 9, 36, 103
7, 23424, Note_on_c, 9, 40, 100
7, 23472, Note_off_c, 9, 40, 0
7, 23504, Note_off_c, 9, 36, 0
7, 23616, Note_on_c, 9, 36, 100
7, 23664, Note_off_c, 9, 36, 0
7, 23820, Note_on_c, 9, 36, 99
7, 24208, Note_on_c, 9, 40, 99
7, 24468, Note_off_c, 9, 36, 0
7, 24576, Note_on_c, 9, 36, 100
7, 24624, Note_off_c, 9, 36, 0
7, 24848, Note_off_c, 9, 40, 0
7, 24960, Note_on_c, 9, 40, 100
7, 25008, Note_off_c, 9, 40, 0
7, 25152, Note_on_c, 9, 36, 100
7, 25200, Note_off_c, 9, 36, 0
7, 25344, Note_on_c, 9, 36, 100
7, 25392, Note_off_c, 9, 36, 0
7, 25728, Note_on_c, 9, 40, 100
7, 25776, Note_off_c, 9, 40, 0
7, 26112, Note_on_c, 9, 36, 100
7, 26160, Note_off_c, 9, 36, 0
7, 26516, Note_on_c, 9, 40, 103
7, 26700, Note_on_c, 9, 36, 87
7, 26780, Note_off_c, 9, 36, 0
7, 26880, Note_on_c, 9, 36, 100
7, 26928, Note_off_c, 9, 36, 0
7, 27128, Note_off_c, 9, 40, 0
7, 27284, Note_on_c, 9, 40, 107
7, 27664, Note_on_c, 9, 36, 107
7, 27736, Note_off_c, 9, 40, 0
7, 28048, Note_on_c, 9, 40, 111
7, 28096, Note_off_c, 9, 36, 0
7, 28232, Note_on_c, 9, 36, 95
7, 28316, Note_off_c, 9, 36, 0
7, 28432, Note_on_c, 9, 36, 87
7, 28480, Note_off_c, 9, 40, 0
7, 28632, Note_on_c, 9, 38, 115
7, 28692, Note_off_c, 9, 38, 0
7, 28800, Note_on_c, 9, 38, 99
7, 28800, Note_on_c, 9, 38, 107
7, 28840, Note_off_c, 9, 38, 0
7, 28844, Note_off_c, 9, 38, 0
7, 28896, Note_on_c, 9, 38, 100
7, 28944, Note_off_c, 9, 38, 0
7, 28992, Note_on_c, 9, 38, 119
7, 29056, Note_off_c, 9, 36, 0
7, 29196, Note_on_c, 9, 36, 115
7, 29208, Note_off_c, 9, 38, 0
7, 29568, Note_on_c, 9, 40, 100
7, 29616, Note_off_c, 9, 40, 0
7, 29724, Note_off_c, 9, 36, 0
7, 29760, Note_on_c, 9, 36, 100
7, 29808, Note_off_c, 9, 36, 0
7, 29952, Note_on_c, 9, 36, 100
7, 30000, Note_off_c, 9, 36, 0
7, 30336, Note_on_c, 9, 40, 100
7, 30384, Note_off_c, 9, 40, 0
7, 30720, Note_on_c, 9, 36, 100
7, 30768, Note_off_c, 9, 36, 0
7, 31104, Note_on_c, 9, 40, 100
7, 31152, Note_off_c, 9, 40, 0
7, 31296, Note_on_c, 9, 36, 100
7, 31344, Note_off_c, 9, 36, 0
7, 31488, Note_on_c, 9, 36, 100
7, 31536, Note_off_c, 9, 36, 0
7, 31872, Note_on_c, 9, 40, 100
7, 31920, Note_off_c, 9, 40, 0
7, 32256, Note_on_c, 9, 36, 100
7, 32304, Note_off_c, 9, 36, 0
7, 32640, Note_on_c, 9, 40, 100
7, 32688, Note_off_c, 9, 40, 0
7, 32832, Note_on_c, 9, 36, 100
7, 32880, Note_off_c, 9, 36, 0
7, 33024, Note_on_c, 9, 36, 100
7, 33072, Note_off_c, 9, 36, 0
7, 33408, Note_on_c, 9, 40, 100
7, 33456, Note_off_c, 9, 40, 0
7, 33808, Note_on_c, 9, 36, 87
7, 34176, Note_on_c, 9, 40, 100
7, 34224, Note_off_c, 9, 40, 0
7, 34260, Note_off_c, 9, 36, 0
7, 34368, Note_on_c, 9, 36, 100
7, 34416, Note_off_c, 9, 36, 0
7, 34560, Note_on_c, 9, 36, 100
7, 34608, Note_off_c, 9, 36, 0
7, 34944, Note_on_c, 9, 40, 100
7, 34992, Note_off_c, 9, 40, 0
7, 35136, Note_on_c, 9, 36, 100
7, 35184, Note_off_c, 9, 36, 0
7, 35328, Note_on_c, 9, 36, 100
7, 35376, Note_off_c, 9, 36, 0
7, 36864, Note_on_c, 9, 36, 100
7, 36912, Note_off_c, 9, 36, 0
7, 37832, Note_on_c, 9, 40, 103
7, 37904, Note_off_c, 9, 40, 0
7, 38012, Note_on_c, 9, 40, 93
7, 38016, Note_on_c, 9, 40, 73
7, 38048, Note_off_c, 9, 40, 0
7, 38064, Note_off_c, 9, 40, 0
7, 38112, Note_on_c, 9, 40, 100
7, 38160, Note_off_c, 9, 40, 0
7, 38196, Note_on_c, 9, 40, 103
7, 38408, Note_on_c, 9, 36, 119
7, 38464, Note_off_c, 9, 40, 0
7, 38876, Note_off_c, 9, 36, 0
7, 39168, Note_on_c, 9, 36, 100
7, 39216, Note_off_c, 9, 36, 0
7, 39564, Note_on_c, 9, 40, 89
7, 39960, Note_on_c, 9, 36, 99
7, 40192, Note_off_c, 9, 40, 0
7, 40348, Note_on_c, 9, 40, 99
7, 40404, Note_off_c, 9, 36, 0
7, 40528, Note_on_c, 9, 36, 93
7, 40608, Note_off_c, 9, 36, 0
7, 40716, Note_on_c, 9, 36, 91
7, 40952, Note_off_c, 9, 40, 0
7, 41116, Note_on_c, 9, 40, 99
7, 41296, Note_off_c, 9, 36, 0
7, 41480, Note_on_c, 9, 36, 93
7, 41604, Note_off_c, 9, 40, 0
7, 41868, Note_on_c, 9, 40, 99
7, 41972, Note_off_c, 9, 36, 0
7, 42048, Note_on_c, 9, 36, 100
7, 42096, Note_off_c, 9, 36, 0
7, 42240, Note_on_c, 9, 36, 100
7, 42288, Note_off_c, 9, 36, 0
7, 42440, Note_off_c, 9, 40, 0
7, 42640, Note_on_c, 9, 40, 91
7, 43012, Note_on_c, 9, 36, 99
7, 43256, Note_off_c, 9, 40, 0
7, 43400, Note_on_c, 9, 40, 99
7, 43456, Note_off_c, 9, 36, 0
7, 43588, Note_on_c, 9, 36, 91
7, 43668, Note_off_c, 9, 36, 0
7, 43776, Note_on_c, 9, 36, 100
7, 43824, Note_off_c, 9, 36, 0
7, 44016, Note_off_c, 9, 40, 0
7, 44160, Note_on_c, 9, 40, 100
7, 44208, Note_off_c, 9, 40, 0
7, 44544, Note_on_c, 9, 36, 100
7, 44592, Note_off_c, 9, 36, 0
7, 44956, Note_on_c, 9, 40, 99
7, 45148, Note_on_c, 9, 36, 99
7, 45220, Note_off_c, 9, 36, 0
7, 45332, Note_on_c, 9, 36, 99
7, 45552, Note_off_c, 9, 40, 0
7, 45708, Note_on_c, 9, 40, 99
7, 45916, Note_off_c, 9, 36, 0
7, 46096, Note_on_c, 9, 36, 103
7, 46320, Note_off_c, 9, 40, 0
7, 46480, Note_on_c, 9, 40, 111
7, 46572, Note_off_c, 9, 36, 0
7, 46680, Note_on_c, 9, 36, 93
7, 46768, Note_off_c, 9, 36, 0
7, 46848, Note_on_c, 9, 36, 100
7, 46896, Note_off_c, 9, 36, 0
7, 46932, Note_off_c, 9, 40, 0
7, 47080, Note_on_c, 9, 38, 115
7, 47140, Note_off_c, 9, 38, 0
7, 47252, Note_on_c, 9, 38, 111
7, 47284, Note_off_c, 9, 38, 0
7, 47344, Note_on_c, 9, 38, 95
7, 47380, Note_off_c, 9, 38, 0
7, 47440, Note_on_c, 9, 38, 107
7, 47616, Note_on_c, 9, 36, 100
7, 47664, Note_off_c, 9, 36, 0
7, 47688, Note_off_c, 9, 38, 0
7, 48012, Note_on_c, 9, 40, 123
7, 48212, Note_on_c, 9, 36, 111
7, 48300, Note_off_c, 9, 36, 0
7, 48596, Note_on_c, 9, 36, 107
7, 48692, Note_off_c, 9, 40, 0
7, 48776, Note_on_c, 9, 40, 95
7, 48880, Note_off_c, 9, 36, 0
7, 49160, Note_on_c, 9, 36, 95
7, 49388, Note_off_c, 9, 40, 0
7, 49548, Note_on_c, 9, 40, 99
7, 49624, Note_off_c, 9, 36, 0
7, 49744, Note_on_c, 9, 36, 93
7, 49856, Note_off_c, 9, 36, 0
7, 50116, Note_on_c, 9, 36, 95
7, 50168, Note_off_c, 9, 40, 0
7, 50308, Note_on_c, 9, 40, 99
7, 50408, Note_off_c, 9, 36, 0
7, 50500, Note_on_c, 9, 36, 37
7, 50568, Note_off_c, 9, 36, 0
7, 50700, Note_on_c, 9, 36, 111
7, 50932, Note_off_c, 9, 40, 0
7, 51088, Note_on_c, 9, 40, 103
7, 51184, Note_off_c, 9, 36, 0
7, 51284, Note_on_c, 9, 36, 99
7, 51404, Note_off_c, 9, 36, 0
7, 51652, Note_on_c, 9, 36, 99
7, 51716, Note_off_c, 9, 40, 0
7, 51856, Note_on_c, 9, 40, 107
7, 51912, Note_off_c, 9, 36, 0
7, 52064, Note_on_c, 9, 36, 111
7, 52136, Note_off_c, 9, 36, 0
7, 52224, Note_on_c, 9, 36, 100
7, 52272, Note_off_c, 9, 36, 0
7, 52356, Note_off_c, 9, 40, 0
7, 53564, Note_on_c, 9, 40, 99
7, 53628, Note_off_c, 9, 40, 0
7, 53760, Note_on_c, 9, 49, 100
7, 53760, Note_on_c, 9, 36, 100
7, 53808, Note_off_c, 9, 49, 0
7, 53808, Note_off_c, 9, 36, 0
7, 54540, Note_on_c, 9, 49, 127
7, 54540, Note_on_c, 9, 36, 95
7, 55096, Note_off_c, 9, 36, 0
7, 55312, Note_off_c, 9, 49, 0
7, 55312, Note_on_c, 9, 36, 107
7, 55676, Note_on_c, 9, 40, 99
7, 55940, Note_off_c, 9, 36, 0
7, 56064, Note_on_c, 9, 36, 100
7, 56112, Note_off_c, 9, 36, 0
7, 56256, Note_off_c, 9, 40, 0
7, 56448, Note_on_c, 9, 40, 100
7, 56496, Note_off_c, 9, 40, 0
7, 56640, Note_on_c, 9, 36, 100
7, 56688, Note_off_c, 9, 36, 0
7, 56832, Note_on_c, 9, 36, 100
7, 56880, Note_off_c, 9, 36, 0
7, 57244, Note_on_c, 9, 40, 111
7, 57440, Note_on_c, 9, 36, 103
7, 57504, Note_off_c, 9, 36, 0
7, 57620, Note_on_c, 9, 36, 115
7, 57856, Note_off_c, 9, 40, 0
7, 58000, Note_on_c, 9, 40, 111
7, 58116, Note_off_c, 9, 36, 0
7, 58176, Note_on_c, 9, 36, 100
7, 58224, Note_off_c, 9, 36, 0
7, 58368, Note_on_c, 9, 36, 100
7, 58416, Note_off_c, 9, 36, 0
7, 58632, Note_off_c, 9, 40, 64
7, 58768, Note_on_c, 9, 40, 99
7, 58972, Note_on_c, 9, 36, 99
7, 59040, Note_off_c, 9, 36, 0
7, 59148, Note_on_c, 9, 36, 93
7, 59356, Note_off_c, 9, 40, 0
7, 59520, Note_on_c, 9, 40, 100
7, 59568, Note_off_c, 9, 40, 0
7, 59616, Note_off_c, 9, 36, 0
7, 59728, Note_on_c, 9, 36, 99
7, 59812, Note_off_c, 9, 36, 0
7, 59920, Note_on_c, 9, 36, 103
7, 60300, Note_on_c, 9, 40, 107
7, 60420, Note_off_c, 9, 36, 0
7, 60504, Note_on_c, 9, 36, 99
7, 60600, Note_off_c, 9, 40, 0
7, 60864, Note_on_c, 9, 38, 100
7, 60912, Note_off_c, 9, 38, 0
7, 61004, Note_off_c, 9, 36, 0
7, 61056, Note_on_c, 9, 38, 100
7, 61104, Note_off_c, 9, 38, 0
7, 61152, Note_on_c, 9, 38, 100
7, 61200, Note_off_c, 9, 38, 0
7, 61248, Note_on_c, 9, 38, 100
7, 61296, Note_off_c, 9, 38, 0
7, 61448, Note_on_c, 9, 36, 103
7, 61852, Note_on_c, 9, 49, 127
7, 61924, Note_off_c, 9, 36, 0
7, 61928, Note_off_c, 9, 49, 0
7, 62028, Note_on_c, 9, 36, 81
7, 62108, Note_off_c, 9, 36, 0
7, 62228, Note_on_c, 9, 36, 93
7, 62600, Note_on_c, 9, 40, 107
7, 62676, Note_off_c, 9, 36, 0
7, 62796, Note_on_c, 9, 36, 85
7, 62860, Note_off_c, 9, 36, 0
7, 62996, Note_on_c, 9, 36, 99
7, 63204, Note_off_c, 9, 40, 64
7, 63360, Note_on_c, 9, 40, 100
7, 63408, Note_off_c, 9, 40, 0
7, 63504, Note_off_c, 9, 36, 0
7, 63760, Note_on_c, 9, 36, 99
7, 64136, Note_on_c, 9, 40, 103
7, 64220, Note_off_c, 9, 36, 0
7, 64524, Note_on_c, 9, 36, 103
7, 64640, Note_off_c, 9, 40, 64
7, 64928, Note_on_c, 9, 40, 111
7, 64984, Note_off_c, 9, 36, 0
7, 65116, Note_on_c, 9, 36, 103
7, 65192, Note_off_c, 9, 36, 0
7, 65284, Note_on_c, 9, 36, 99
7, 65512, Note_off_c, 9, 40, 0
7, 65664, Note_on_c, 9, 40, 100
7, 65712, Note_off_c, 9, 40, 0
7, 65900, Note_off_c, 9, 36, 0
7, 66048, Note_on_c, 9, 36, 100
7, 66096, Note_off_c, 9, 36, 0
7, 66456, Note_on_c, 9, 40, 111
7, 66636, Note_on_c, 9, 36, 95
7, 66712, Note_off_c, 9, 36, 0
7, 66816, Note_on_c, 9, 36, 100
7, 66864, Note_off_c, 9, 36, 0
7, 67092, Note_off_c, 9, 40, 0
7, 67200, Note_on_c, 9, 40, 100
7, 67248, Note_off_c, 9, 40, 0
7, 67584, Note_on_c, 9, 36, 100
7, 67632, Note_off_c, 9, 36, 0
7, 69120, Note_on_c, 9, 36, 100
7, 69168, Note_off_c, 9, 36, 0
7, 70092, Note_on_c, 9, 38, 123
7, 70164, Note_off_c, 9, 38, 0
7, 70264, Note_on_c, 9, 38, 115
7, 70312, Note_off_c, 9, 38, 0
7, 70360, Note_on_c, 9, 38, 119
7, 70408, Note_off_c, 9, 38, 0
7, 70468, Note_on_c, 9, 38, 115
7, 70536, Note_off_c, 9, 38, 0
7, 70668, Note_on_c, 9, 36, 123
7, 71040, Note_on_c, 9, 40, 100
7, 71088, Note_off_c, 9, 40, 0
7, 71156, Note_off_c, 9, 36, 0
7, 71644, Note_on_c, 9, 36, 119
7, 71820, Note_on_c, 9, 40, 111
7, 72084, Note_off_c, 9, 36, 0
7, 72216, Note_on_c, 9, 36, 115
7, 72460, Note_off_c, 9, 40, 64
7, 72600, Note_on_c, 9, 40, 119
7, 73044, Note_off_c, 9, 36, 0
7, 73176, Note_on_c, 9, 36, 111
7, 73260, Note_off_c, 9, 40, 0
7, 73344, Note_on_c, 9, 40, 100
7, 73392, Note_off_c, 9, 40, 0
7, 73616, Note_off_c, 9, 36, 0
7, 73728, Note_on_c, 9, 36, 100
7, 73776, Note_off_c, 9, 36, 0
7, 74112, Note_on_c, 9, 40, 100
7, 74160, Note_off_c, 9, 40, 0
7, 74720, Note_on_c, 9, 36, 107
7, 74900, Note_on_c, 9, 40, 103
7, 75112, Note_off_c, 9, 36, 0
7, 75276, Note_on_c, 9, 36, 115
7, 76816, Note_on_c, 9, 36, 107
7, 76924, Note_off_c, 9, 40, 64
7, 76928, Note_off_c, 9, 36, 64
7, 77180, Note_on_c, 9, 40, 99
7, 77444, Note_off_c, 9, 36, 0
7, 77568, Note_on_c, 9, 36, 100
7, 77616, Note_off_c, 9, 36, 0
7, 77760, Note_off_c, 9, 40, 0
7, 77952, Note_on_c, 9, 40, 100
7, 78000, Note_off_c, 9, 40, 0
7, 78144, Note_on_c, 9, 36, 100
7, 78192, Note_off_c, 9, 36, 0
7, 78336, Note_on_c, 9, 36, 100
7, 78384, Note_off_c, 9, 36, 0
7, 78748, Note_on_c, 9, 40, 111
7, 78944, Note_on_c, 9, 36, 103
7, 79008, Note_off_c, 9, 36, 0
7, 79124, Note_on_c, 9, 36, 115
7, 79360, Note_off_c, 9, 40, 0
7, 79504, Note_on_c, 9, 40, 111
7, 79620, Note_off_c, 9, 36, 0
7, 79680, Note_on_c, 9, 36, 100
7, 79728, Note_off_c, 9, 36, 0
7, 79872, Note_on_c, 9, 36, 100
7, 79920, Note_off_c, 9, 36, 0
7, 80136, Note_off_c, 9, 40, 64
7, 80272, Note_on_c, 9, 40, 99
7, 80476, Note_on_c, 9, 36, 99
7, 80544, Note_off_c, 9, 36, 0
7, 80652, Note_on_c, 9, 36, 93
7, 80860, Note_off_c, 9, 40, 0
7, 81024, Note_on_c, 9, 40, 100
7, 81072, Note_off_c, 9, 40, 0
7, 81120, Note_off_c, 9, 36, 0
7, 81232, Note_on_c, 9, 36, 99
7, 81316, Note_off_c, 9, 36, 0
7, 81424, Note_on_c, 9, 36, 103
7, 81804, Note_on_c, 9, 40, 107
7, 81924, Note_off_c, 9, 36, 0
7, 82008, Note_on_c, 9, 36, 99
7, 82104, Note_off_c, 9, 40, 0
7, 82368, Note_on_c, 9, 38, 100
7, 82416, Note_off_c, 9, 38, 0
7, 82508, Note_off_c, 9, 36, 0
7, 82560, Note_on_c, 9, 38, 100
7, 82608, Note_off_c, 9, 38, 0
7, 82656, Note_on_c, 9, 38, 100
7, 82704, Note_off_c, 9, 38, 0
7, 82752, Note_on_c, 9, 38, 100
7, 82800, Note_off_c, 9, 38, 0
7, 82952, Note_on_c, 9, 36, 103
7, 83356, Note_on_c, 9, 49, 127
7, 83428, Note_off_c, 9, 36, 0
7, 83432, Note_off_c, 9, 49, 0
7, 83532, Note_on_c, 9, 36, 81
7, 83612, Note_off_c, 9, 36, 0
7, 83732, Note_on_c, 9, 36, 93
7, 84104, Note_on_c, 9, 40, 107
7, 84180, Note_off_c, 9, 36, 0
7, 84300, Note_on_c, 9, 36, 85
7, 84364, Note_off_c, 9, 36, 0
7, 84500, Note_on_c, 9, 36, 99
7, 84708, Note_off_c, 9, 40, 64
7, 84864, Note_on_c, 9, 40, 100
7, 84912, Note_off_c, 9, 40, 0
7, 85008, Note_off_c, 9, 36, 0
7, 85264, Note_on_c, 9, 36, 99
7, 85640, Note_on_c, 9, 40, 103
7, 85724, Note_off_c, 9, 36, 0
7, 86028, Note_on_c, 9, 36, 103
7, 86144, Note_off_c, 9, 40, 64
7, 86432, Note_on_c, 9, 40, 111
7, 86488, Note_off_c, 9, 36, 0
7, 86620, Note_on_c, 9, 36, 103
7, 86696, Note_off_c, 9, 36, 0
7, 86788, Note_on_c, 9, 36, 99
7, 87016, Note_off_c, 9, 40, 0
7, 87168, Note_on_c, 9, 40, 100
7, 87216, Note_off_c, 9, 40, 0
7, 87404, Note_off_c, 9, 36, 0
7, 87568, Note_on_c, 9, 36, 107
7, 87960, Note_on_c, 9, 40, 111
7, 88140, Note_on_c, 9, 36, 95
7, 88196, Note_off_c, 9, 36, 0
7, 88216, Note_off_c, 9, 36, 0
7, 88320, Note_on_c, 9, 36, 100
7, 88320, Note_on_c, 9, 36, 100
7, 88368, Note_off_c, 9, 36, 0
7, 88368, Note_off_c, 9, 36, 0
7, 88596, Note_off_c, 9, 40, 0
7, 88704, Note_on_c, 9, 40, 100
7, 88704, Note_on_c, 9, 40, 100
7, 88752, Note_off_c, 9, 40, 0
7, 88752, Note_off_c, 9, 40, 0
7, 88896, Note_on_c, 9, 36, 100
7, 88944, Note_off_c, 9, 36, 0
7, 89088, Note_on_c, 9, 36, 100
7, 89088, Note_on_c, 9, 36, 100
7, 89136, Note_off_c, 9, 36, 0
7, 89136, Note_off_c, 9, 36, 0
7, 89500, Note_on_c, 9, 40, 111
7, 89696, Note_on_c, 9, 36, 103
7, 89760, Note_off_c, 9, 36, 0
7, 89876, Note_on_c, 9, 36, 115
7, 90112, Note_off_c, 9, 40, 0
7, 90256, Note_on_c, 9, 40, 111
7, 90372, Note_off_c, 9, 36, 0
7, 90432, Note_on_c, 9, 36, 100
7, 90480, Note_off_c, 9, 36, 0
7, 90624, Note_on_c, 9, 36, 100
7, 90624, Note_on_c, 9, 36, 100
7, 90672, Note_off_c, 9, 36, 0
7, 90672, Note_off_c, 9, 36, 0
7, 90888, Note_off_c, 9, 40, 64
7, 91024, Note_on_c, 9, 40, 99
7, 91228, Note_on_c, 9, 36, 99
7, 91296, Note_off_c, 9, 36, 0
7, 91404, Note_on_c, 9, 36, 93
7, 91612, Note_off_c, 9, 40, 0
7, 91776, Note_on_c, 9, 40, 100
7, 91824, Note_off_c, 9, 40, 0
7, 91872, Note_off_c, 9, 36, 0
7, 91984, Note_on_c, 9, 36, 99
7, 92068, Note_off_c, 9, 36, 0
7, 92172, Note_on_c, 9, 36, 123
7, 92176, Note_on_c, 9, 36, 103
7, 92544, Note_on_c, 9, 40, 100
7, 92556, Note_on_c, 9, 40, 107
7, 92592, Note_off_c, 9, 40, 0
7, 92660, Note_off_c, 9, 36, 0
7, 92676, Note_off_c, 9, 36, 0
7, 92760, Note_on_c, 9, 36, 99
7, 92856, Note_off_c, 9, 40, 0
7, 93120, Note_on_c, 9, 38, 100
7, 93148, Note_on_c, 9, 36, 119
7, 93168, Note_off_c, 9, 38, 0
7, 93260, Note_off_c, 9, 36, 0
7, 93312, Note_on_c, 9, 38, 100
7, 93324, Note_on_c, 9, 40, 111
7, 93360, Note_off_c, 9, 38, 0
7, 93408, Note_on_c, 9, 38, 100
7, 93456, Note_off_c, 9, 38, 0
7, 93504, Note_on_c, 9, 38, 100
7, 93552, Note_off_c, 9, 38, 0
7, 93588, Note_off_c, 9, 36, 0
7, 93704, Note_on_c, 9, 36, 103
7, 93720, Note_on_c, 9, 36, 115
7, 93964, Note_off_c, 9, 40, 64
7, 94104, Note_on_c, 9, 40, 119
7, 94108, Note_on_c, 9, 49, 127
7, 94180, Note_off_c, 9, 36, 0
7, 94184, Note_off_c, 9, 49, 0
7, 94284, Note_on_c, 9, 36, 81
7, 94364, Note_off_c, 9, 36, 0
7, 94484, Note_on_c, 9, 36, 93
7, 94548, Note_off_c, 9, 36, 0
7, 94680, Note_on_c, 9, 36, 111
7, 94764, Note_off_c, 9, 40, 0
7, 94848, Note_on_c, 9, 40, 100
7, 94856, Note_on_c, 9, 40, 107
7, 94896, Note_off_c, 9, 40, 0
7, 94932, Note_off_c, 9, 36, 0
7, 95052, Note_on_c, 9, 36, 85
7, 95116, Note_off_c, 9, 36, 0
7, 95120, Note_off_c, 9, 36, 0
7, 95232, Note_on_c, 9, 36, 100
7, 95252, Note_on_c, 9, 36, 99
7, 95280, Note_off_c, 9, 36, 0
7, 95460, Note_off_c, 9, 40, 64
7, 95616, Note_on_c, 9, 40, 100
7, 95616, Note_on_c, 9, 40, 100
7, 95664, Note_off_c, 9, 40, 0
7, 95664, Note_off_c, 9, 40, 0
7, 95760, Note_off_c, 9, 36, 0
7, 96016, Note_on_c, 9, 36, 99
7, 96224, Note_on_c, 9, 36, 107
7, 96392, Note_on_c, 9, 40, 103
7, 96404, Note_on_c, 9, 40, 103
7, 96476, Note_off_c, 9, 36, 0
7, 96616, Note_off_c, 9, 36, 0
7, 96780, Note_on_c, 9, 36, 103
7, 96780, Note_on_c, 9, 36, 115
7, 96896, Note_off_c, 9, 40, 64
7, 97184, Note_on_c, 9, 40, 111
7, 97240, Note_off_c, 9, 36, 0
7, 97372, Note_on_c, 9, 36, 103
7, 97448, Note_off_c, 9, 36, 0
7, 97540, Note_on_c, 9, 36, 99
7, 97768, Note_off_c, 9, 40, 0
7, 97920, Note_on_c, 9, 40, 100
7, 97968, Note_off_c, 9, 40, 0
7, 98156, Note_off_c, 9, 36, 0
7, 98304, Note_on_c, 9, 36, 100
7, 98352, Note_off_c, 9, 36, 0
7, 98428, Note_off_c, 9, 40, 64
7, 98432, Note_off_c, 9, 36, 64
7, 98712, Note_on_c, 9, 40, 111
7, 98892, Note_on_c, 9, 36, 95
7, 98968, Note_off_c, 9, 36, 0
7, 99072, Note_on_c, 9, 36, 100
7, 99120, Note_off_c, 9, 36, 0
7, 99348, Note_off_c, 9, 40, 0
7, 99456, Note_on_c, 9, 40, 100
7, 99504, Note_off_c, 9, 40, 0
7, 99840, Note_on_c, 9, 36, 100
7, 99888, Note_off_c, 9, 36, 0
7, 101376, Note_on_c, 9, 36, 100
7, 101424, Note_off_c, 9, 36, 0
7, 102348, Note_on_c, 9, 38, 123
7, 102420, Note_off_c, 9, 38, 0
7, 102520, Note_on_c, 9, 38, 115
7, 102568, Note_off_c, 9, 38, 0
7, 102616, Note_on_c, 9, 38, 119
7, 102664, Note_off_c, 9, 38, 0
7, 102724, Note_on_c, 9, 38, 115
7, 102792, Note_off_c, 9, 38, 0
7, 102924, Note_on_c, 9, 36, 100
7, 103296, Note_on_c, 9, 40, 97
7, 103344, Note_off_c, 9, 40, 0
7, 103412, Note_off_c, 9, 36, 0
7, 103900, Note_on_c, 9, 36, 93
7, 104076, Note_on_c, 9, 40, 91
7, 104340, Note_off_c, 9, 36, 0
7, 104472, Note_on_c, 9, 36, 88
7, 104716, Note_off_c, 9, 40, 64
7, 104856, Note_on_c, 9, 40, 85
7, 105300, Note_off_c, 9, 36, 0
7, 105432, Note_on_c, 9, 36, 80
7, 105516, Note_off_c, 9, 40, 0
7, 105600, Note_on_c, 9, 40, 79
7, 105648, Note_off_c, 9, 40, 0
7, 105872, Note_off_c, 9, 36, 0
7, 105984, Note_on_c, 9, 36, 76
7, 106032, Note_off_c, 9, 36, 0
7, 106368, Note_on_c, 9, 40, 73
7, 106416, Note_off_c, 9, 40, 0
7, 106976, Note_on_c, 9, 36, 68
7, 107156, Note_on_c, 9, 40, 66
7, 107368, Note_off_c, 9, 36, 0
7, 107532, Note_on_c, 9, 36, 63
7, 109068, Note_on_c, 9, 36, 51
7, 109180, Note_off_c, 9, 40, 64
7, 109184, Note_off_c, 9, 36, 64
7, 109440, Note_on_c, 9, 40, 48
7, 109488, Note_off_c, 9, 40, 0
7, 109556, Note_off_c, 9, 36, 0
7, 110044, Note_on_c, 9, 36, 43
7, 110220, Note_on_c, 9, 40, 42
7, 110484, Note_off_c, 9, 36, 0
7, 110616, Note_on_c, 9, 36, 38
7, 110860, Note_off_c, 9, 40, 64
7, 111000, Note_on_c, 9, 40, 35
7, 111444, Note_off_c, 9, 36, 0
7, 111576, Note_on_c, 9, 36, 31
7, 111660, Note_off_c, 9, 40, 0
7, 111744, Note_on_c, 9, 40, 29
7, 111792, Note_off_c, 9, 40, 0
7, 112016, Note_off_c, 9, 36, 0
7, 112128, Note_on_c, 9, 36, 26
7, 112176, Note_off_c, 9, 36, 0
7, 112512, Note_on_c, 9, 40, 23
7, 112560, Note_off_c, 9, 40, 0
7, 113120, Note_on_c, 9, 36, 18
7, 113300, Note_on_c, 9, 40, 17
7, 113512, Note_off_c, 9, 36, 0
7, 113676, Note_on_c, 9, 36, 14
7, 115324, Note_off_c, 9, 40, 64
7, 115328, Note_off_c, 9, 36, 64
7, 115328, End_track
8, 0, Start_track
8, 0, Key_signature, 0, "major"
8, 0, End_track
9, 0, Start_track
9, 0, Key_signature, 0, "major"
9, 0, End_track
10, 0, Start_track
10, 0, Key_signature, 0, "major"
10, 0, End_track
11, 0, Start_track
11, 0, Key_signature, 0, "major"
11, 0, End_track
12, 0, Start_track
12, 0, Key_signature, 0, "major"
12, 0, End_track
0, 0, End_of_file
